conv_id,response
keto_2,"{""stance"":""neutral"",""reasoning"":""The target user only clarifies a definitional distinction between keto (low-carb) and carnivore (zero-carb) and does not express approval or disapproval of keto’s health effects, sustainability, or desirability. The reply they receive validates their distinction but doesn’t introduce persuasive pro- or anti-keto arguments that the target user reacts to. With no explicit evaluative language and no evidence of attitude shift, the most supported stance is neutral.""}"
keto_5,"{""stance"":""negative"",""reasoning"":""The target user repeatedly frames meat-only/carnivore and ketosis-related approaches as conspiracy-driven, dangerous, environmentally harmful, and rooted in flawed ideology. They explicitly describe ketosis as an “artificial starvation state,” liken carnivore advocates to flat-earthers, and predict long-term harm. The other user’s final, more conciliatory message acknowledges caution but does not shift the target user’s expressed view. Since keto is directly invoked by the target user in a negative way (ketosis/starvation framing) and is treated as part of the same fad-diet/conspiracy ecosystem as carnivore/Atkins, their post-conversation stance toward keto would remain negative.""}"
keto_6,"{""stance"":""neutral"",""reasoning"":""The target user doesn’t express approval or disapproval of keto; they only question a claim equating keto and carnivore and ask where carnivore gets fiber. The reply explains carnivore has no fiber and gives a rationale without strongly endorsing or condemning keto. With no explicit stance from the target user and only mild skepticism/curiosity, their post-conversation stance toward keto is best classified as neutral.""}"
keto_7,"{""stance"":""neutral"",""reasoning"":""The target user only asks a clarifying question about carnivore (fiber) and does not express approval or disapproval of keto. The reply frames keto as potentially more sustainable/balanced than carnivore but also notes debate; there’s no clear indication the target user adopts a positive or negative view of keto afterward.""}"
keto_9,"{""stance"":""positive"",""reasoning"":""The target user explicitly endorses keto, saying it feels “really good,” with a “much cleaner feeling” and “energy all the time,” indicating a favorable personal experience. Even after another user suggests the benefits may come from cutting processed foods rather than keto specifically, the target user does not back off or express doubts; they instead reaffirm keto’s distinctiveness versus a vegan diet and keep the tone supportive. Overall, their stance remains clearly positive after the conversation.""}"
keto_10,"{""stance"":""neutral"",""reasoning"":""The target user expresses skepticism toward rigid, one-size-fits-all diet advice based on a bad experience with plant-based eating, but they do not mention keto directly or endorse/criticize it. The other user suggests that some people do well with animal products or “high-protein keto approaches,” which could make keto sound like a viable option, yet there’s no clear indication the target user adopts that view. With no explicit pro- or anti-keto statement from the target user, the most supported prediction is neutral.""}"
keto_11,"{""stance"":""neutral"",""reasoning"":""The target user argues about defining “whole foods” and allows flexibility for lightly processed foods, endorsing whole grains as healthier than bread. They never mention keto, ketosis, low-carb eating, or take a position for/against keto. Their comments reflect a general whole-foods/less-processed preference that could fit many diets (including non-keto), so there isn’t enough evidence to infer a positive or negative stance toward keto after the conversation.""}"
keto_15,"{""stance"":""neutral"",""reasoning"":""The target user brings up keto mainly as a skeptical comparison point in an argument about carnivore/veganism, calling it a long-running fad and questioning why there aren’t gold medalists promoting a high-fat diet. They don’t express personal support or opposition to keto, and the other user’s explanation (carbs favored for high-intensity sports, some endurance exceptions) provides context but doesn’t clearly shift the target user toward liking or disliking keto. Overall, their stance remains questioning/undecided rather than positive or negative.""}"
keto_16,"{""stance"":""neutral"",""reasoning"":""The target user shows interest in finding athletes who follow keto/carnivore but does not express approval of keto’s health or performance benefits. They also criticize meat/dairy/pharma industry influence and livestock antibiotic use, which suggests skepticism toward meat-heavy dietary narratives. After the conversation they receive examples of keto athletes, but there’s no indication they are persuaded or adopt a favorable view—so their stance remains neutral rather than clearly positive or negative.""}"
keto_18,"{""stance"":""negative"",""reasoning"":""The target user pushes back on labeling Tom Brady’s diet as keto, citing a source and explicitly stating that limiting saturated fat and eating whole wheat is the opposite of keto. Their comments indicate a skeptical/critical view of keto rather than support, and the other user ultimately agrees, reinforcing the target user’s stance.""}"
keto_19,"{""stance"":""negative"",""reasoning"":""The target user explicitly argues that Tom Brady’s diet is not keto and emphasizes that key features mentioned (limiting saturated fat, eating whole wheat) are the opposite of keto. Their comments are corrective and dismissive toward labeling the diet as keto, indicating an unfavorable view of keto’s typical high-fat/low-carb approach rather than support for it.""}"
keto_20,"{""stance"":""negative"",""reasoning"":""The target user repeatedly argues that animal fats (often associated with keto/carnivore patterns) are harmful, linking saturated fat and LDL/triglycerides to diabetes, heart disease, and hypertension, and calling pro-meat/keto claims “misinformation” and “propaganda.” They explicitly contrast plant fats as healthier and frame meat-based diets as metabolically problematic. Nothing in the exchange indicates openness to keto benefits; if anything, the hostile debate reinforces their anti-keto/anti-animal-fat position.""}"
keto_22,"{""stance"":""negative"",""reasoning"":""The target user repeatedly argues that vegan diets are a disadvantage for strength sports due to inferior plant proteins and heavy reliance on supplements, and dismisses comparisons like “keto being worse is irrelevant.” Keto is only mentioned briefly, and the target user does not express any support for it; instead, the conversation frames keto as another “specialized diet” with uphill battles in elite strength sports. Given this context and the target user’s dismissive reaction to keto being brought up, their likely stance toward keto after the conversation is negative (i.e., viewing it as not helpful/viable for strength performance).""}"
keto_24,"{""stance"":""negative"",""reasoning"":""The target user explicitly rejects carb demonization, calls carbs essential for performance, and says reducing carbs isn’t “magical” for weight loss (emphasizing calories instead). They only allow keto as a niche exception (type 1 diabetes/epilepsy with limited evidence). Despite another user offering a balanced view of low-carb as a tool, the target user’s repeated strong disagreement suggests they would remain unfavorable toward keto overall.""}"
keto_26,"{""stance"":""negative"",""reasoning"":""The target user explicitly argues that carbs are essential for energy and performance, calls the demonization of carbs “ridiculous,” and says healthy carbs should be non‑negotiable for most people. They only allow a narrow exception for keto in specific medical conditions (type 1 diabetes/epilepsy) and describe the evidence as limited. The other user’s more nuanced defense of keto doesn’t show any sign of changing the target user’s view, so their stance remains negative overall toward keto as a general diet approach.""}"
keto_27,"{""stance"":""negative"",""reasoning"":""The target user argues strongly against all-meat/carnivore-style eating by emphasizing that ancestral diets included significant plant intake, that humans didn’t typically live in environments forcing zero-plant diets, and that vitamin C is necessary and (in their view) not obtainable from animal sources—implying that very low-carb/no-plant approaches are biologically mismatched and potentially dangerous. The reply they receive offers nuance (organ meat vitamin C, lower needs on low-carb), but it doesn’t appear to shift the target user’s position; their last statement (“Our genetics tell us how we had to eat”) reinforces skepticism toward strict low-carb/carnivore, which aligns with a negative stance toward keto-like diets.""}"
keto_28,"{""stance"":""neutral"",""reasoning"":""The target user never speaks in the transcript, so there’s no explicit opinion to anchor their stance. The conversation presents both anti-keto claims (keto limits high performance vs carb-fueled athletes) and a more nuanced pro-keto/compatible view (targeted/cyclical keto for metabolic flexibility). With mixed arguments and no target-user reaction, there isn’t enough evidence to infer a clear positive or negative stance shift, so neutral is most appropriate.""}"
keto_30,"{""stance"":""neutral"",""reasoning"":""The target user never speaks in the transcript, so there’s no direct evidence of their opinion. While the conversation includes a strong pro-keto testimonial and a supportive reply that frames keto as effective when professionally guided, we can’t reliably infer the target user adopted that view. With insufficient evidence of the target user’s reaction or change in attitude, the safest prediction is neutral.""}"
keto_31,"{""stance"":""negative"",""reasoning"":""The target user repeatedly argues that carbs are necessary for high athletic performance, saying keto may help you “look strong” but you “won’t outperform someone fueled on carbs.” They emphasize glycogen’s role in muscle function and describe low-carb/keto physiques as “soft” and less dense, framing keto as inferior for strength/performance. The other user’s final message largely validates these trade-offs, which would reinforce the target user’s negative stance toward keto (at least in the context of performance).""}"
keto_32,"{""stance"":""negative"",""reasoning"":""The target user explicitly argues that carbs are necessary for high performance and that keto is mainly useful for appearance (\""look strong\"") rather than functional strength or outperforming carb-fueled athletes. The other user reinforces this by noting elite athletes still use carbohydrates for glycogen and performance, which would likely further solidify the target user’s anti-keto stance in an athletic context.""}"
keto_33,"{""stance"":""neutral"",""reasoning"":""The target user never states an opinion about keto in the transcript. The only message presented is from another user giving a balanced view (keto can work for some athletes but carbs often help for high-intensity performance, and keto requires careful management). With no explicit reaction or evidence of persuasion from the target user, the most defensible prediction is that the target user remains neutral toward keto after the conversation.""}"
keto_34,"{""stance"":""neutral"",""reasoning"":""The target user corrects a factual claim about an athlete’s current carb intake and distinguishes keto from carnivore, but does not express approval or disapproval of keto itself. Their tone is matter-of-fact and focused on accuracy rather than advocating for or against keto, so there isn’t enough evidence of a positive or negative stance change.""}"
keto_36,"{""stance"":""positive"",""reasoning"":""The target user strongly defends ketogenic concepts, emphasizes that producing ketones equals eating a ketogenic diet, argues many people misunderstand the term, links carbs to metabolic disease, and thanks another user for “using words correctly.” Their tone is assertive and approving of keto framing, with no expressed downsides, indicating a positive stance after the conversation.""}"
keto_43,"{""stance"":""positive"",""reasoning"":""The target user explicitly frames traditional Mediterranean eating as low-carb and compatible with keto (“Greens are keto… traditional Mediterranean diet is at least low carb”) and criticizes the mainstream Mediterranean diet narrative as “fake” and profit-driven. Nothing in the exchange challenges their view; the other user validates their point, which would likely reinforce a favorable stance toward keto.""}"
keto_46,"{""stance"":""neutral"",""reasoning"":""The target user never speaks in the transcript, so there’s no direct evidence of their attitude. The discussion presents a balanced view—acknowledging extreme practices like butter/lard coffee while emphasizing a healthier, veggie-focused keto—so without the target user’s reactions, the safest prediction is that they remain neutral.""}"
keto_48,"{""stance"":""negative"",""reasoning"":""The target user expresses skepticism toward genetics-based diet optimization and is explicitly critical of carnivore/keto communities’ interpretation of “great” blood work, citing concerns that LDL and inflammatory markers are often high and unjustifiably dismissed based on keto authors. Even after the other user clarifies their doctor is monitoring labs, the target user’s last stated position remains cautionary and distrustful of keto/carnivore health claims, indicating an overall negative stance toward keto after the exchange.""}"
keto_52,"{""stance"":""positive"",""reasoning"":""The target user strongly defends keto as medically legitimate and explicitly rejects the idea that it is a fad. They say keto (along with fasting/carnivore) is \""the only thing\"" keeping them healthy given metabolic illness and autoimmune issues, and describe it as a necessary medical treatment rather than a weight-loss trend. The other user’s later apology/validation reinforces rather than challenges the target user’s pro-keto stance.""}"
keto_54,"{""stance"":""neutral"",""reasoning"":""The transcript contains only a general preface acknowledging concerns about crash diets and misinformation, and then begins “Regarding keto” without providing the target user’s actual opinion, reaction, or any substantive discussion about keto. With no explicit stance from the target user and no completed arguments that could clearly shift their view, there isn’t enough evidence to infer a positive or negative position; neutral is the safest prediction.""}"
keto_55,"{""stance"":""positive"",""reasoning"":""The target user explicitly says they started keto in April and “really like it,” indicating a favorable attitude. The other user’s reply reinforces keto as an effective approach (even “lazy” keto) and adds complementary strategies (IF/OMAD) without criticizing keto, which is likely to maintain or strengthen the target user’s positive stance rather than shift it.""}"
keto_56,"{""stance"":""neutral"",""reasoning"":""The transcript provides only an unrelated comment about focusing on health and self-worth, with no mention of keto, low-carb eating, or any diet strategy. There’s insufficient evidence that the target user formed or changed an opinion about the keto diet from this exchange, so their stance is best classified as neutral.""}"
keto_60,"{""stance"":""neutral"",""reasoning"":""The target user never speaks in the provided transcript, so there’s no explicit indication of their opinion or any change in attitude. While the other user presents a mostly positive but balanced view (benefits with caveats like strictness and keto flu), there isn’t enough evidence to infer the target user adopted a positive or negative stance as a result.""}"
keto_64,"{""stance"":""positive"",""reasoning"":""The target user actively defends keto, corrects the “high protein” misconception, argues that high fat supports testosterone, challenges the warning with requests for evidence, and counters with studies suggesting anti-inflammatory benefits and therapeutic potential. Even after pushback from others, they maintain a pro-keto framing (issues are due to obesity/transition period or caloric deficit rather than keto itself), indicating an overall positive stance toward keto after the exchange.""}"
keto_65,"{""stance"":""positive"",""reasoning"":""The target user argues in favor of keto’s benefits—specifically reduced hunger and more stable blood sugar in ketosis—and pushes back against the idea that carbs aren’t the enemy by emphasizing high carb intake as problematic for carb-intolerant people. They frame keto as a helpful mechanism for controlling appetite and managing carb intolerance, and the other user’s final reply validates their points, reinforcing a positive stance.""}"
keto_68,"{""stance"":""positive"",""reasoning"":""The target user repeatedly defends keto against claims that it’s unhealthy/unnatural, argues the lack of evidence is due to limited research rather than negative findings, and cites multiple perceived benefits (diabetes reversal, tumor reduction, neurological disorders, epilepsy). They also push back strongly on the ‘extreme/unnatural’ framing and invoke evolutionary arguments. The other user’s final reply is conciliatory but still cautious; nothing in it appears to shift the target user away from their pro-keto position.""}"
keto_70,"{""stance"":""positive"",""reasoning"":""The target user actively defends keto against criticism, asserts the other user misunderstands ketosis/keto-adaptation, and cites multiple concrete benefits (prediabetes/diabetes prevention, neurological applications, improved lipid profiles). Their tone is protective of keto and dismissive of the skeptic (“Okay troll”), indicating a favorable stance rather than neutrality or negativity after the exchange.""}"
keto_71,"{""stance"":""positive"",""reasoning"":""The target user strongly defends keto throughout the exchange, asserting the brain can function well on ketones due to gluconeogenesis and claiming many people experience better creativity and focus after keto-adaptation. The other user ultimately concedes key physiological points and retracts misinformation (confusing ketosis with DKA), which would likely reinforce rather than weaken the target user’s pro-keto stance.""}"
keto_73,"{""stance"":""neutral"",""reasoning"":""The target user’s only visible contribution is a brief, skeptical question about whether Ketostix are a valuable tool for measuring ketosis. They do not express approval or disapproval of the keto diet itself, only doubt about a measurement method. The internist replies with a defense of Ketostix, but there’s no follow-up from the target user indicating persuasion or a shift toward supporting or rejecting keto. With insufficient evidence of a clear positive or negative stance toward keto after the exchange, the best prediction is neutral.""}"
keto_78,"{""stance"":""neutral"",""reasoning"":""The target user responds positively to adding information about glycemic index and addressing the “good carb/bad carb” fallacy, indicating an interest in nuance rather than endorsing or rejecting keto itself. Nothing in their messages explicitly supports keto as beneficial or criticizes it; they’re focused on improving an explanation about carbs and glycemic response. With no clear pro- or anti-keto statement, the most supported prediction is neutral.""}"
keto_79,"{""stance"":""neutral"",""reasoning"":""The target user expresses curiosity and a positive-sounding reaction to the idea of exogenous ketones (“Pretty cool trick”), but they haven’t tried them and don’t state a clear pro- or anti-keto position. The other user’s correction may temper the initial enthusiasm about ‘eating carbs and staying in ketosis,’ but there’s no explicit shift to disliking keto—just less confidence in that specific hack. Overall, the target user’s stance toward keto after the exchange remains neutral.""}"
keto_81,"{""stance"":""neutral"",""reasoning"":""The target user does not express clear support or opposition to keto; they frame it as potentially acceptable for “normal” people with the caveat to consult a doctor if there are kidney/heart issues and to monitor lipid biomarkers after 6 months. This cautious, evidence/monitoring-based approach suggests neither enthusiasm nor rejection, and the other user’s comment doesn’t appear to shift the target user toward a more positive or negative view.""}"
keto_83,"{""stance"":""positive"",""reasoning"":""The target user strongly defends keto against multiple criticisms (muscle loss, athletic performance, protein deficit), calling concerns a “common myth,” asserting keto is “extremely good at sparing muscle,” and stating athletes do use it. They provide specific guidance (/r/ketogains) and recommend a pro–low-carb performance book, indicating confidence and advocacy rather than uncertainty. Nothing in the exchange suggests their view became more skeptical; if anything, they reinforce a favorable stance.""}"
keto_84,"{""stance"":""neutral"",""reasoning"":""The target user never appears in the transcript (no messages labeled [TARGET USER]), so there’s no direct evidence of their prior opinion or any change after the discussion. While the conversation highlights both benefits of keto and the difficulty/strictness required to achieve ketosis, without the target user’s participation or reactions, the safest prediction is neutral.""}"
keto_86,"{""stance"":""neutral"",""reasoning"":""The target user never speaks in the provided transcript, so there is no direct evidence of their opinion on keto or any change in attitude after the conversation. While the other user presents keto as feasible with vegetarian-compatible meal planning, we cannot infer that the target user adopts a positive or negative stance from this alone.""}"
keto_87,"{""stance"":""neutral"",""reasoning"":""The target user never states an opinion about keto in the transcript. The other user presents a balanced view—acknowledging keto can be effective but also restrictive with potential side effects, and offering calorie/portion control as a flexible alternative—so there’s no clear push toward liking or disliking keto. With no explicit reaction from the target user, the safest prediction is neutral.""}"
keto_89,"{""stance"":""neutral"",""reasoning"":""There is no direct message from the [TARGET USER] expressing an opinion about keto, nor any clear reaction indicating agreement or disagreement. The only content provided is an explanatory note from another user about cyclical keto and carb reloads; without evidence of the target user being persuaded or turned off by this, the safest prediction is neutral.""}"
keto_90,"{""stance"":""neutral"",""reasoning"":""The target user never explicitly states an opinion about keto in the provided transcript. The other user offers a reassuring explanation that keto can include nutrient-dense vegetables and some fruit, which could reduce concerns, but there’s no direct evidence the target user accepts it or changes their view. With insufficient information about the target user’s reaction, the most defensible prediction is neutral.""}"
keto_95,"{""stance"":""neutral"",""reasoning"":""The transcript only shows another user explaining how to manage keto macros; the target user does not speak or indicate agreement, disagreement, or any emotional reaction. With no explicit statements from the target user and no evidence of persuasion or resistance, there isn’t enough information to infer a positive or negative stance change, so neutral is most appropriate.""}"
keto_97,"{""stance"":""neutral"",""reasoning"":""The target user never speaks in the provided transcript, so there’s no direct evidence of their attitude toward keto or any reaction to the safety concerns raised. With only another user’s cautionary explanation and no target-user response, the most defensible prediction is that the target user remains neutral.""}"
keto_99,"{""stance"":""neutral"",""reasoning"":""The transcript only shows another user promoting keto as potentially anti-inflammatory and budget-manageable; the target user’s own statements are not present, so there’s insufficient evidence of the target user adopting a positive or negative view after the conversation.""}"
keto_100,"{""stance"":""neutral"",""reasoning"":""The target user never speaks in the provided transcript, so there’s no explicit indication of their opinion. The only message is from another user presenting a balanced view (keto can work but may be unnecessarily restrictive given current progress), which would at most nudge toward caution rather than enthusiasm. With no direct response or evidence of persuasion, the safest prediction is neutral.""}"
keto_103,"{""stance"":""neutral"",""reasoning"":""The target user does not express any opinion about keto in the provided conversation. The other user offers reassuring, informational guidance (supplements and antidepressants generally won’t prevent ketosis), which could reduce concern, but there’s no explicit acceptance or rejection from the target user. With no direct evidence of the target user’s attitude after the exchange, the most supportable prediction is neutral.""}"
keto_105,"{""stance"":""neutral"",""reasoning"":""The target user does not appear in the transcript and provides no explicit opinion about keto. The only message is from another user explaining cyclical keto in a balanced way (benefits for performance, drawback of being kicked out of ketosis), which doesn’t clearly push the target user toward a positive or negative stance.""}"
keto_106,"{""stance"":""neutral"",""reasoning"":""The target user does not appear in the provided transcript and expresses no explicit opinion about keto. While the other user discusses adjusting protein intake to better align with keto, there’s no evidence of the target user’s reaction or any shift in their stance. With insufficient information, the most appropriate prediction is neutral.""}"
keto_107,"{""stance"":""neutral"",""reasoning"":""The transcript only shows another user addressing concerns about an implausibly low-calorie plan and offering context; the target user’s own statements, reactions, or preferences about keto are not present. Without evidence of the target user adopting or rejecting keto after the exchange, the most justified prediction is neutral.""}"
keto_108,"{""stance"":""neutral"",""reasoning"":""The transcript contains only an [OTHER USER] message explaining that keto can support muscle gain with adequate protein and a caloric surplus. There is no message from the [TARGET USER], so we have no direct evidence of their opinion or any reaction indicating persuasion. With insufficient information about the target user’s stance after the conversation, the most reliable classification is neutral.""}"
keto_110,"{""stance"":""neutral"",""reasoning"":""The target user never states an opinion about keto, and the snippet only contains another user describing how vegetarian keto could be done. Without any explicit response from the target user or evidence of acceptance/rejection, there isn’t enough to infer a positive or negative stance change, so neutral is most appropriate.""}"
keto_111,"{""stance"":""neutral"",""reasoning"":""The target user never states an opinion about keto in the transcript. The only message presented raises potential cardiovascular risks and suggests monitoring LDL and consulting research, which could make the target user more cautious, but there’s no explicit acceptance or rejection to infer a clear positive or negative stance. With insufficient evidence of the target user’s view or change, the best prediction is neutral.""}"
keto_112,"{""stance"":""neutral"",""reasoning"":""The target user does not speak in the provided transcript, so there’s no explicit evidence of their opinion or any change in it. While the other user frames keto as strict and easy to disrupt (e.g., beer knocking someone out of ketosis), we can’t reliably infer the target user adopted a negative or positive view from that alone. With insufficient direct evidence, the best prediction is neutral.""}"
keto_113,"{""stance"":""neutral"",""reasoning"":""The target user never expresses an opinion about keto in the provided transcript, and the excerpt only shows another user explaining ketosis vs. ketoacidosis. With no evidence of the target user’s reaction, agreement, or disagreement, there isn’t enough information to infer a positive or negative stance shift.""}"
keto_114,"{""stance"":""neutral"",""reasoning"":""The target user never appears in the provided transcript and expresses no explicit opinion. The only visible message (from another user) presents a balanced view—acknowledging concerns about sustainability and heart health while noting some people succeed—so there isn’t enough evidence to infer the target user ends up clearly positive or negative. Defaulting to neutral due to insufficient information.""}"
keto_115,"{""stance"":""positive"",""reasoning"":""The target user responds with keto-friendly solutions (carb shot pre-strenuous activity, then suggesting CKD for endurance) and frames them as viable ways to make keto work for distance running. They do not express skepticism or downsides, and the other user’s final message reinforces CKD as a workable balance, which would likely further support the target user’s favorable view.""}"
keto_117,"{""stance"":""positive"",""reasoning"":""The target user responds supportively and matter-of-factly, offering keto-specific troubleshooting (water and salt/electrolytes) rather than questioning the diet itself. Their message implies they view keto as workable when done correctly (with increased hydration and sodium) and they engage in helping the other person stay on keto, indicating a positive stance.""}"
keto_118,"{""stance"":""positive"",""reasoning"":""The target user speaks favorably about keto based on personal experience (“I’ve been keto since November”), offers resources for doing it (veganketo subreddit, recipe sites), and defends key keto concepts (ketones can fuel the brain; glucose isn’t necessary). They also highlight perceived benefits for weight loss via increased satiety and provide practical guidance on protein/fat choices, indicating an overall supportive stance after the conversation.""}"
keto_119,"{""stance"":""neutral"",""reasoning"":""The target user never speaks in the provided transcript, so there’s no direct evidence of their opinion or any shift after the discussion. While the other user shares a generally positive keto experience with some performance concerns, we can’t infer that the target user adopts that view without their response.""}"
keto_120,"{""stance"":""neutral"",""reasoning"":""The transcript only shows an other user explaining ketosis and the need to keep carbs under ~50g/day; the target user’s own comments, reactions, or preferences are not present. Without any explicit response from the target user or evidence of persuasion, there isn’t enough information to infer a positive or negative stance shift, so neutral is most appropriate.""}"
keto_122,"{""stance"":""neutral"",""reasoning"":""The transcript only contains an [OTHER USER] expressing a nuanced, positive view of keto’s potential to induce remission/reduce insulin resistance. There are no messages from the [TARGET USER], so we have no direct evidence of their opinion or how they reacted. Without the target user’s expressed stance or engagement, the safest prediction is neutral.""}"
keto_123,"{""stance"":""neutral"",""reasoning"":""The target user never speaks in the transcript, so there’s no direct evidence of their opinion. The only content present is another user reassuring that keto can work without intense exercise, which could be mildly encouraging, but without any response from the target user it’s not possible to infer a clear positive or negative stance shift. Therefore, the safest prediction is neutral.""}"
keto_124,"{""stance"":""neutral"",""reasoning"":""The transcript only shows an OTHER USER explaining ketosis and that keto can be protein-sparing; there are no statements or reactions from the TARGET USER. Without evidence of the TARGET USER’s opinion changing or being expressed, their post-conversation stance can’t be inferred beyond neutral.""}"
keto_125,"{""stance"":""negative"",""reasoning"":""The target user strongly endorses a vegan diet as “the healthiest,” emphasizes ethical/environmental objections to animal-based eating (often associated with keto), and responds defensively by contrasting their lipid panel results with the other user’s suggestion. They ask for reasons not to do keto and do not express any interest in trying it; the conversation reinforces their view that their current diet is superior and that keto has potential downsides (e.g., LDL increase, deficiencies).""}"
keto_126,"{""stance"":""negative"",""reasoning"":""The target user explicitly claims keto diets are \""killing you,\"" warns about fat-clogged arteries, and directs others to NutritionFacts.org as evidence against keto. Their follow-up \""exactly\"" reinforces a dismissive/critical posture rather than openness to pro-keto nuance from the other user, so their stance after the conversation remains negative.""}"
keto_127,"{""stance"":""negative"",""reasoning"":""The target user explicitly argues that keto diets are “killing you,” warns about arterial fat and cardiovascular harm, and directs others to nutritionfacts.org as evidence against keto. Their follow-up (“exactly.”) reinforces their critical stance rather than softening it, so their post-conversation attitude remains strongly negative.""}"
keto_130,"{""stance"":""neutral"",""reasoning"":""The target user never states an opinion in the provided transcript. The only visible message (from another user) argues keto is not metabolically superior for fat loss when calories are controlled but can still be effective. Without any response from the target user indicating agreement, disagreement, or changed attitude, there isn’t enough evidence to infer a positive or negative stance shift, so the most defensible prediction is neutral.""}"
keto_131,"{""stance"":""neutral"",""reasoning"":""The transcript contains only another user's explanation comparing keto and PSMF; the target user never speaks or reacts. With no explicit statement or observable change in attitude from the target user, there isn’t enough evidence to infer a positive or negative stance shift, so the safest prediction is neutral.""}"
keto_132,"{""stance"":""neutral"",""reasoning"":""The target user never speaks in the provided transcript, so there’s no explicit opinion or reaction to the keto advice. With no evidence of acceptance, skepticism, or rejection after the conversation, their stance cannot be inferred beyond neutral.""}"
keto_133,"{""stance"":""neutral"",""reasoning"":""The target user never states an opinion about keto in the transcript. The only content presented is another user emphasizing both potential benefits (lower insulin needs, more stable blood sugar) and serious risks/need for strict medical supervision (hypoglycemia, ketoacidosis). With no explicit reaction from the target user, the safest prediction is that their stance remains neither clearly supportive nor opposed—cautious/undecided.""}"
keto_134,"{""stance"":""neutral"",""reasoning"":""The target user never states an opinion in the provided transcript. The only content shown is another user giving a balanced, cautionary explanation (keto can help but requires medical supervision for Type 1 diabetics). With no explicit reaction from the target user and only mixed (pro + caution) information presented, there isn’t enough evidence to infer a clear positive or negative stance change, so the most defensible prediction is neutral.""}"
keto_135,"{""stance"":""neutral"",""reasoning"":""The target user never speaks in the provided transcript, so there is no explicit stance to update. The only message shown is a cautious, balanced view of keto (acknowledging sustainability and heart-health concerns while noting healthier fat choices), which does not clearly push the target user toward either approval or disapproval. With insufficient evidence of the target user’s own reaction, the best prediction is neutral.""}"
keto_136,"{""stance"":""neutral"",""reasoning"":""The target user did not speak in the provided transcript, so there is no direct evidence of their opinion. The only message presents a balanced view of keto (acknowledging it can work for some while preferring vegan personally), which could nudge a listener toward openness, but without any target-user reaction or statements, the safest prediction is neutral.""}"
keto_137,"{""stance"":""positive"",""reasoning"":""The target user defends keto as a useful method, says it doesn’t feel like a sacrifice, reports positive personal experiences (palate adaptation, no carb cravings), and challenges the idea that it’s “extreme.” Although they acknowledge it depends on the individual, their own framing and responses remain supportive rather than skeptical, so their stance after the conversation is positive.""}"
keto_138,"{""stance"":""neutral"",""reasoning"":""The target user never speaks in the transcript, so there’s no direct evidence of their opinion changing. While the conversation contains strong pro-keto anecdotes and practical tips (including alcohol options), we can’t reliably infer that the target user adopts a positive or negative stance from others’ comments alone. With insufficient evidence of the target user’s reaction, the safest prediction is neutral.""}"
keto_139,"{""stance"":""positive"",""reasoning"":""The target user defends keto by suggesting the other person’s negative experience may have been due to electrolyte/nutrient deficiency rather than the diet itself, and cites their own improvement after supplementing. They frame keto as workable when done correctly and respond supportively without expressing doubts about keto, indicating an overall positive stance after the exchange.""}"
keto_141,"{""stance"":""positive"",""reasoning"":""The target user consistently defends keto as a valid, non-sacrificial approach, describing personal benefits (no carb cravings, improved palate) and pushing back on claims that it’s “extreme.” Their comments indicate they are currently doing keto and view it favorably as an effective, individualized lifestyle choice. Nothing in the exchange appears to shift them away from that view; if anything, they reinforce their pro-keto stance.""}"
keto_143,"{""stance"":""negative"",""reasoning"":""The target user explicitly argues that a ketogenic diet is not superior to a high-carb, plant-based diet for insulin control, disease resistance, and weight control, and supports this with multiple studies. They further criticize typical keto practice as being low-fiber compared to the 80–100g/day fiber levels they endorse, framing keto-promoted fiber intake as insufficient. Nothing in the exchange suggests they became more favorable; the other user’s balanced reply acknowledges differences but doesn’t rebut the target user’s core claims, so the target user’s stance remains negative after the conversation.""}"
keto_145,"{""stance"":""negative"",""reasoning"":""The target user challenges core keto claims, citing multiple studies to argue that dairy doesn’t reduce weight, that carbohydrates do not inherently cause diabetes, and that ketogenic diets may worsen insulin resistance (at least in some evidence). Their tone is skeptical and corrective (“completely wrong”) and they present counter-evidence rather than seeking to adopt keto. The other user’s reply partially concedes the oversimplification but doesn’t directly refute the target user’s main criticisms, so it’s unlikely to shift the target user toward keto.""}"
keto_146,"{""stance"":""negative"",""reasoning"":""The target user explicitly argues that a ketogenic diet is not better than a high-carb, high-fiber plant-based diet for insulin, disease resistance, and weight control, and supports this with multiple citations emphasizing harms/risks of high-fat/KD patterns (e.g., atherogenic endothelial effects, hepatic insulin resistance) and benefits of fiber/plant-based eating. The other user’s reply is polite and somewhat balancing, but it largely validates the target user’s points rather than challenging them strongly, so there’s little in the conversation that would shift the target user toward keto. Overall, the target user’s stance after the conversation remains clearly negative toward keto.""}"
keto_147,"{""stance"":""negative"",""reasoning"":""The target user repeatedly warns against keto/super low-carb diets for people with testosterone concerns, cites studies to argue low-carb can lower thyroid hormones/free testosterone and raise cortisol/inflammation, and ends by criticizing “true believers” and calling it inappropriate for many—especially older men with testosterone issues. The final exchange doesn’t shift them toward acceptance; they maintain a cautionary, critical view, so their stance remains negative overall.""}"
keto_148,"{""stance"":""negative"",""reasoning"":""The target user repeatedly warns that keto/super low-carb diets are likely a bad choice for people with testosterone concerns, backs this up with multiple clinical citations (thyroid hormones, inflammation, cortisol effects), dismisses anecdotal counterpoints, and reiterates the caution—especially for older men or those with existing T issues. The conversation ends with the other user largely validating the target user’s concerns, reinforcing rather than softening their skeptical view.""}"
keto_151,"{""stance"":""negative"",""reasoning"":""The target user begins by warning that keto/super low-carb is likely a bad choice for people with testosterone concerns. Throughout the exchange they defend this caution with multiple citations, repeatedly emphasize potential harms (thyroid hormone reduction, inflammation, cortisol effects), and characterize pro-keto defenses as “true believer” bias. Even after pushback, they do not soften their position; instead they end the debate when challenged and are effectively validated when the other user concedes key points. Overall, the conversation reinforces and strengthens the target user’s skeptical/critical view of keto (at least regarding hormonal health), so their stance after the conversation is negative.""}"
keto_153,"{""stance"":""neutral"",""reasoning"":""The target user never speaks in the provided transcript, so there’s no direct evidence of their opinion before or after the discussion. While other participants present a mixed, nuanced view (keto can work but requires strict adherence and may hurt high-intensity performance), there’s nothing showing the target user adopting a positive or negative stance as a result. With insufficient evidence of the target user’s reaction, the most appropriate prediction is neutral.""}"
keto_155,"{""stance"":""neutral"",""reasoning"":""The transcript only shows an OTHER USER providing a generally supportive clinical perspective on keto and low-carb distinctions. There are no messages from the TARGET USER, so there’s no direct evidence of the target user’s opinion or any reaction indicating persuasion. With insufficient information about the target user’s views after the conversation, the safest prediction is neutral.""}"
keto_156,"{""stance"":""neutral"",""reasoning"":""The target user never speaks in the transcript, so there’s no explicit evidence of their opinion. The only content is another user explaining keto breath as a manageable, temporary side effect, which could be mildly reassuring, but there isn’t enough information to infer that the target user becomes clearly positive or negative toward keto as a result.""}"
keto_157,"{""stance"":""positive"",""reasoning"":""The target user strongly defends keto, rejecting the claim that it’s dangerous and arguing it aligns closely with what humans would eat in the wild. Their tone is emphatic (“Are you joking?”) and they present supporting reasoning (potatoes being human-bred and not naturally available), indicating a favorable stance toward keto after the conversation.""}"
keto_158,"{""stance"":""neutral"",""reasoning"":""The target user expresses concern about potassium safety and asks how to know what’s safe, indicating caution rather than enthusiasm. They also mention they’re new to keto and are already supplementing magnesium, suggesting some willingness to follow keto practices. After receiving reassurance about healthy kidneys and guidance on normal potassium ranges and better magnesium forms, their fears are somewhat addressed, but they do not explicitly endorse keto or express increased excitement—so their stance remains generally neutral (cautiously engaged).""}"
keto_161,"{""stance"":""positive"",""reasoning"":""The target user frames fruit (like donuts) as not helping her goals due to obesity and insulin resistance, implying openness to restricting sugars/carbs. The other user validates this and explicitly presents ketosis as an effective tool for insulin and weight management, which likely reinforces the target user’s inclination toward keto rather than opposing it.""}"
keto_163,"{""stance"":""negative"",""reasoning"":""The target user repeatedly criticizes keto as \""awful\"" and \""extreme,\"" emphasizing that banning bread is unreasonable and arguing that bread isn’t the problem and that a balanced diet is sufficient. Although another user offers a nuanced defense of keto, the target user does not soften their position afterward and maintains opposition to key keto restrictions, indicating a negative stance after the conversation.""}"
keto_164,"{""stance"":""negative"",""reasoning"":""The target user explicitly states “Keto sounds awful” and frames it as unnecessarily sacrificial compared with a balanced diet and exercise. The follow-up message from another user is mild and validating of the target user’s view, offering only a limited justification for keto without strongly challenging their negative impression, so the target user’s stance would likely remain negative after the conversation.""}"
keto_166,"{""stance"":""negative"",""reasoning"":""The target user explicitly says “Keto sounds awful” and criticizes it as requiring too many sacrifices, advocating instead for a balanced diet and exercise. The reply from the other user is understanding but doesn’t provide strong counterarguments likely to shift the target user’s view, so the target user’s stance remains negative after the conversation.""}"
keto_167,"{""stance"":""negative"",""reasoning"":""The target user explicitly says “Keto sounds awful” and criticizes it as requiring too many sacrifices, advocating instead for a balanced diet and exercise. The follow-up message is mildly conciliatory toward keto, but nothing in the transcript indicates the target user softens or changes their view, so their stance remains negative.""}"
keto_168,"{""stance"":""positive"",""reasoning"":""The target user defends keto twice: first by challenging the relevance of fiber studies as a critique of keto and asserting that high fiber is a main rule of keto, and later by giving a keto-aligned heuristic (“eat it until you are full”) rather than conceding to the high-carb/high-fiber argument. They do not express doubt about keto after the exchange, and the other user’s clarification is acknowledged as “fair” but doesn’t appear to shift the target user away from their pro-keto position.""}"
keto_169,"{""stance"":""neutral"",""reasoning"":""The target user never speaks in the transcript, so there’s no direct evidence of their view. The discussion presents a balanced take: keto offers no special fat-loss advantage at equal calorie deficit, but may help certain biomarkers for some individuals. Without the target user’s reactions or statements, the safest prediction is that they remain neutral toward keto after the conversation.""}"
keto_170,"{""stance"":""neutral"",""reasoning"":""The target user corrects a misconception about ketosis and notes that protein is significantly glucogenic, implying skepticism about whether the other person was truly in ketosis. However, they do not express an overall judgment that keto is good or bad, nor do they endorse or condemn it—only clarify metabolic details. With no explicit approval or disapproval of the keto diet itself, the most supported stance is neutral.""}"
keto_173,"{""stance"":""positive"",""reasoning"":""The target user strongly endorses keto based on personal experience, calling it “fun” and “effective,” highlighting major fat/weight loss alongside increased max lifts, and explicitly urges others to “Try Keto.” When challenged about the sleep/ketone-efficiency explanation, the target user does not retract or soften their pro-keto view—only clarifies it as a common side effect and reiterates their own improved wakefulness. There’s no sign the other user’s skepticism changes their stance, so they remain positive toward keto after the conversation.""}"
keto_175,"{""stance"":""positive"",""reasoning"":""The target user is strongly pro-keto both before and after the exchange: they explicitly endorse it (“Another plug for Keto… Try Keto. Its fun, effective”), attribute major fat loss and strength gains to it, and describe additional perceived benefits (being “shredded,” sleeping less as a bonus). The other user’s response is skeptical and asks for details, but it isn’t overtly dismissive or persuasive enough to counter the target user’s enthusiasm, and there’s no indication the target user’s view softened. Overall, the conversation context would leave the target user with a positive stance toward keto.""}"
keto_176,"{""stance"":""positive"",""reasoning"":""The target user strongly endorses keto based on personal experience, describing rapid fat/weight loss, increased strength, lower body fat, and calling it “fun, effective,” and encouraging others to “Try Keto.” The other user’s reply is inquisitive and mildly cautionary about sleep and supplementation, but it doesn’t challenge keto’s effectiveness enough to plausibly shift the target user away from their enthusiastic, pro-keto position. Overall, the target user’s stance after the conversation remains clearly positive.""}"
keto_179,"{""stance"":""positive"",""reasoning"":""The target user reports clear success on keto (10 lbs lost in a month), expresses enthusiasm (“Replace bread with bacon? I'm in.”), and the conversation reinforces keto with strong positive testimonials and practical substitutions for carb favorites. Nothing in the thread challenges keto or raises concerns that would likely dampen their attitude, so their stance remains positive.""}"
keto_180,"{""stance"":""positive"",""reasoning"":""The target user reports clear personal success on keto (lost 10 lbs, happy with results) and expresses enthusiasm (“Replace bread with bacon? I’m in.”). Even after others caution that some loss may be water weight and not purely belly fat, the user indicates they plan to stay on keto or a keto-lite version and adjust calories/protein rather than quit. This suggests they remain favorably disposed toward keto after the conversation.""}"
keto_181,"{""stance"":""positive"",""reasoning"":""The target user reports clear success on keto (lost desired 10 lbs), expresses enthusiasm (“Replace bread with bacon? I'm in.”), and explicitly intends to continue (“I'm staying on keto or perhaps a keto lite”). The other user’s comments add nuance (some loss may be water weight) but are supportive rather than discouraging, so the likely post-conversation stance remains positive.""}"
keto_182,"{""stance"":""negative"",""reasoning"":""The target user repeatedly argues keto is extreme/unnatural long-term, emphasizes lack of evidence for longevity and heart disease outcomes, and says it should not be recommended as a healthy diet except possibly when immediate medical risks outweigh unknowns. The other user’s final message largely validates the target user’s caution rather than changing their view, reinforcing a skeptical/negative stance toward keto as a long-term diet.""}"
keto_183,"{""stance"":""neutral"",""reasoning"":""The target user pushes back on keto’s lumping of legumes/whole grains with processed carbs, emphasizing the nutritional difference between complex and processed carbohydrates. They don’t explicitly reject keto outright, and the other user’s reply is measured (framing keto as a specific metabolic tool rather than claiming complex carbs are “bad”), which could temper opposition. Overall, the target user remains skeptical of keto’s framing but not clearly anti-keto, so their stance is best classified as neutral.""}"
keto_185,"{""stance"":""neutral"",""reasoning"":""The target user’s only contribution is a brief suggestion to read about keto and cholesterol and to request a VAP test, implying openness to keto and an interest in more nuanced lipid assessment rather than rejecting the diet. However, they do not explicitly endorse keto as beneficial or criticize it, and there’s no follow-up showing a stronger opinion. Overall this reflects a matter-of-fact, informational stance rather than clearly positive or negative.""}"
keto_187,"{""stance"":""neutral"",""reasoning"":""The target user never speaks in the provided transcript, so there’s no explicit indication of their attitude toward keto after the exchange. The other user’s message is generally supportive of keto for bulking and tailored to celiac/paleo, which could be persuasive, but without any response from the target user there isn’t enough evidence to infer a positive or negative stance shift.""}"
keto_189,"{""stance"":""neutral"",""reasoning"":""The target user never expresses an opinion about keto, asks no follow-up, and provides no personal reaction. The only content is an informational comparison from another user, which doesn’t indicate whether the target user feels positively or negatively toward keto after the exchange.""}"
keto_191,"{""stance"":""neutral"",""reasoning"":""The target user speaks as a former keto dieter who had “pretty good results” and still eats relatively low-carb, indicating some appreciation of keto/low-carb. However, they emphasize that true keto is hard to do correctly, requires very strict carb limits and high fat, and that the body prefers glucose—framing keto as burdensome and not necessarily ideal. After the exchange, they reiterate difficulty entering ketosis rather than expressing increased enthusiasm or rejection. Overall this reflects a balanced, pragmatic view: acknowledging benefits but highlighting drawbacks and strict requirements, so the stance is best classified as neutral.""}"
keto_194,"{""stance"":""neutral"",""reasoning"":""The target user speaks as a former keto dieter who had “pretty good results” and still eats relatively low-carb, indicating some appreciation for keto’s effectiveness. However, they also emphasize that true keto is difficult to sustain, requires an “annoying” level of carb restriction, high fat intake, and strict dedication, and they frame glucose as the body’s preferred fuel—overall presenting keto as workable but demanding and not necessarily ideal for everyone. The reply largely validates their points rather than shifting them more positive or negative, so their overall stance remains balanced/neutral.""}"
keto_198,"{""stance"":""neutral"",""reasoning"":""The transcript only shows another user clarifying the difference between nutritional ketosis and diabetic ketoacidosis, without any response or opinion from the target user. Since the target user’s views are not expressed and there’s no evidence of how they were influenced, the safest prediction is that their stance remains neutral.""}"
keto_199,"{""stance"":""neutral"",""reasoning"":""The target user focuses on protein intake and muscle preservation during caloric deficits, citing strength training and a fitness book, without expressing approval or disapproval of keto itself. They neither endorse keto’s benefits nor criticize it; their comments are compatible with keto but centered on optimizing protein rather than evaluating the diet overall.""}"
keto_200,"{""stance"":""neutral"",""reasoning"":""The target user does not appear in the transcript, so there’s no direct evidence of their post-conversation opinion. Given the mix of strong pro-keto success stories and one message expressing sustainability concerns about giving up carbs, the safest prediction without target-user signals is neutral.""}"
keto_201,"{""stance"":""positive"",""reasoning"":""The target user reports multiple strong benefits from keto after 9 weeks—loss of unwanted visceral fat while maintaining weight, feeling stronger, elimination of migraines and menstrual cramps, and improved social anxiety. They explicitly say they “recommend it wholeheartedly,” describe enjoying keto foods, and downplay keto flu as manageable. The rest of the conversation reinforces their approach (electrolytes, balance), which would likely further solidify their favorable view rather than introduce doubts.""}"
keto_202,"{""stance"":""neutral"",""reasoning"":""The target user never speaks in the provided transcript, so there’s no direct evidence of their opinion. While other participants discuss keto’s benefits and significant practical drawbacks (strict carb limits, performance issues, difficulty maintaining ketosis), without any response from the target user we can’t infer whether they were persuaded for or against. Given insufficient evidence of the target user’s attitude or change, the most reliable classification is neutral.""}"
keto_204,"{""stance"":""neutral"",""reasoning"":""The target user never speaks in the transcript, so there’s no direct evidence of their opinion changing. The conversation presents both a negative personal experience with keto (fatigue, irritability, weight regain, sustainability concerns) and a partial defense/nuance (adaptation phase, water weight vs fat regain). With no target-user reaction, the safest prediction is neutral.""}"
keto_205,"{""stance"":""positive"",""reasoning"":""The target user suggests adding information (glycemic index) to improve an explanation of the keto diet, indicating engagement and a constructive, supportive attitude rather than criticism. The other user responds affirmatively, reinforcing the value of keto-related reasoning, which likely maintains or slightly strengthens the target user’s positive stance.""}"
keto_206,"{""stance"":""neutral"",""reasoning"":""The transcript is incomplete and contains no explicit message from the target user. The only clear content is another person expressing worry about keto due to diverticulitis and liking carbs, but we can’t reliably attribute that to the target user or infer how the conversation influenced them. With insufficient evidence of the target user’s expressed opinion or change in attitude, the best prediction is neutral.""}"
keto_216,"{""stance"":""negative"",""reasoning"":""The target user reports that while keto helped them lose weight, it made them feel grumpy and tired, and they regained the weight after stopping. They explicitly endorse a non-keto low-carb approach with more fruits/vegetables (and even whole wheat crust) and say they feel much better and are now at a lower weight than when on keto. The conversation reinforces their shift away from keto rather than changing it, so their post-conversation stance is negative toward keto overall.""}"
keto_217,"{""stance"":""negative"",""reasoning"":""The target user reports that keto caused persistent grumpiness and fatigue, and that they regained the weight after stopping. They explicitly prefer a non-keto low-carb diet with more fruits/vegetables and say they feel better and are now at a lower weight than when on keto. The other user’s reply validates these downsides rather than persuading them back to keto, so the target user’s post-conversation stance remains negative.""}"
keto_218,"{""stance"":""negative"",""reasoning"":""The target user reports that while keto caused weight loss, it also made them “grumpy and tired,” felt unsustainable, and led to regaining all the weight after stopping. They explicitly prefer a non-keto low-carb approach with more fruits/vegetables and say they feel better and are now at a lower weight than on keto. The other user validates this experience rather than challenging it, reinforcing the target user’s negative view of keto.""}"
keto_219,"{""stance"":""negative"",""reasoning"":""The target user reports keto caused persistent irritability and fatigue, was not sustainable, and led to weight regain after stopping. They explicitly prefer a non-keto low-carb diet with more fruits/vegetables and say they feel better and weigh less now than on keto. The other user reinforces these points rather than challenging them, so the conversation likely leaves the target user with a negative stance toward keto.""}"
keto_220,"{""stance"":""neutral"",""reasoning"":""The target user only agrees that the initial rapid loss on keto is water weight (\""^ This.\""), which is a factual correction rather than support or opposition to keto overall. They don’t express liking/disliking the diet or intent to continue/quit, and the rest of the conversation provides balanced context (keto can help some people but isn’t magic, may cause keto flu). With no clear evaluative statement from the target user, their stance is best classified as neutral.""}"
keto_221,"{""stance"":""neutral"",""reasoning"":""The target user expresses skepticism and concern about keto’s long-term sustainability and potential for fat regain when reintroducing carbs, but they don’t explicitly reject keto or endorse it. The reply they receive reframes regain as mostly water weight and emphasizes calories and a transition plan, which may reduce their concern somewhat, yet there’s no clear indication they become pro- or anti-keto. Overall, their stance remains cautious and undecided.""}"
keto_222,"{""stance"":""negative"",""reasoning"":""The target user’s concerns are explicitly about long-term sustainability, restrictiveness, and potential health risks from high fat intake. The other user validates these concerns rather than countering them, reinforcing the target user’s hesitation. This context makes it likely the target user remains (or becomes more) negative toward keto after the conversation.""}"
keto_223,"{""stance"":""neutral"",""reasoning"":""The target user never speaks in the transcript, so there’s no direct evidence of their view. While other participants present both skepticism (no evidence for long-term health/longevity) and potential benefits (diabetes reversal, epilepsy, emerging research), we can’t reliably infer how the target user is persuaded. With insufficient evidence of their reaction or change in attitude, the safest prediction is neutral.""}"
keto_224,"{""stance"":""neutral"",""reasoning"":""The target user never states a personal opinion about keto in the transcript. The other user presents a balanced view—keto isn’t uniquely superior for fat loss when calories/protein are matched, but it can help some people with satiety and adherence—so the likely resulting stance for the target user is neutral rather than clearly positive or negative.""}"
keto_226,"{""stance"":""neutral"",""reasoning"":""The target user does not appear in the transcript and provides no explicit opinion about keto. With only another user’s balanced comparison (not strongly pro- or anti-keto) and no evidence of the target user’s reaction or change in view, there isn’t enough information to infer a positive or negative stance, so neutral is most appropriate.""}"
keto_227,"{""stance"":""neutral"",""reasoning"":""The target user never speaks in the provided transcript, so there’s no direct evidence of their opinion or any shift in attitude. The only message shown is another user offering practical, encouraging keto meal ideas, which could be mildly persuasive, but without the target user’s response it’s not possible to infer a clear positive or negative stance change.""}"
keto_230,"{""stance"":""neutral"",""reasoning"":""The target user doesn’t express approval or disapproval of keto itself; they focus on a technical point about how to measure nutritional ketosis (urine strips vs blood BHB) and correct imprecise comparisons to ketoacidosis. Their tone is skeptical about Ketostix as a diagnostic tool but not about the keto diet’s value. The exchange ends with the other user conceding the measurement nuance, leaving no clear evidence the target user becomes more pro- or anti-keto overall.""}"
keto_231,"{""stance"":""neutral"",""reasoning"":""The target user never speaks in the transcript, so there’s no direct evidence of their initial or updated opinion. The discussion presents mixed views: some caution that higher protein can be anti-ketogenic, while others argue higher protein can still fit keto and may better preserve muscle. With no indication of how the target user reacts to these points, the safest prediction is that they remain neutral toward keto after the conversation.""}"
keto_232,"{""stance"":""neutral"",""reasoning"":""The target user never speaks in the transcript, so there’s no explicit attitude to update. The discussion presents a mixed view: it acknowledges keto can work and cites personal/clinical experience, but emphasizes how strict and inconvenient it is, the difficulty of staying in ketosis, and measurement limitations. With no evidence of the target user’s reaction or prior stance, the safest prediction is that they remain neutral after reading this exchange.""}"
keto_234,"{""stance"":""neutral"",""reasoning"":""The target user never speaks in the transcript, so there’s no explicit indication of their attitude toward keto. The only content is another user expressing cautious interest and emphasizing a ‘heart-healthy’ keto approach with monitoring and professional guidance. Without any response or reaction from the target user, there isn’t enough evidence to infer a positive or negative stance shift, so the most justified prediction is neutral.""}"
keto_236,"{""stance"":""neutral"",""reasoning"":""The transcript only shows an OTHER USER explaining that the 40g carb limit can be arbitrary and suggesting a more tailored macro approach. There are no statements from the TARGET USER expressing approval, skepticism, intent to follow keto, or rejection. With no evidence of the TARGET USER’s reaction or change in attitude, the most defensible prediction is neutral.""}"
keto_239,"{""stance"":""positive"",""reasoning"":""The target user actively supports keto by offering practical keto-friendly substitutions for pasta and potatoes (zucchini noodles, cauliflower mash) and adds guidance about keeping sauces keto-compliant (avoiding added sugars). This indicates an approving, helpful stance toward making keto work rather than skepticism or neutrality, and the conversation reinforces keto’s benefits without prompting any pushback from the target user.""}"
keto_240,"{""stance"":""positive"",""reasoning"":""The target user responds by actively supporting keto: they offer specific low-carb substitutions for pasta and potatoes (zoodles, cauliflower mash) and add an extra tip about keto-friendly Alfredo sauce. This suggests they are knowledgeable, engaged, and encouraging others to stay on keto rather than expressing doubts or criticism, indicating a positive stance after the conversation.""}"
keto_243,"{""stance"":""neutral"",""reasoning"":""The target user emphasizes sustainability and individual variation, explicitly stating that they personally feel optimal with ~40% of calories from carbs—implying keto (very low carb) is not a good fit for them. However, they also acknowledge that a lower-carb plan works well for some people and do not criticize keto itself. The conversation reinforces the idea that keto can work for others but may be hard to stick to, which aligns with the target user’s lifestyle-based framing rather than pushing them toward a more positive or negative view. Overall, their stance remains non-committal toward keto in general, though personally not interested.""}"
keto_245,"{""stance"":""neutral"",""reasoning"":""The target user is curious and considering keto but is primarily concerned about safety as a Type 1 diabetic and asks for advice rather than expressing support or opposition. The reply frames keto as potentially workable but medically complex and emphasizes caution and consulting an endocrinologist. This likely leaves the target user still open to keto but not clearly convinced or committed, resulting in a neutral stance after the conversation.""}"
keto_250,"{""stance"":""neutral"",""reasoning"":""The target user never states an opinion about keto in the provided transcript, and the only visible message from another user is a balanced take (calorie deficit matters most, but keto may help adherence). With no explicit reaction or follow-up from the target user, there isn’t enough evidence to infer a positive or negative stance shift, so their likely stance remains neutral.""}"
keto_251,"{""stance"":""positive"",""reasoning"":""The target user explicitly defends keto/paleo as having “selling points,” arguing it can lead to eating less overall and being cost-effective, and they push back against criticism by reframing bacon as acceptable when responsibly sourced. Their tone is supportive and validating of keto rather than skeptical, and nothing in the conversation appears to shift them away from that view.""}"
keto_252,"{""stance"":""positive"",""reasoning"":""The target user speaks from personal experience doing keto, gives practical advice on electrolytes, macros, carb limits, and how to ease into ketosis, and recommends keto communities for support. Their tone is helpful and supportive, with no expressed concerns or criticism, indicating a positive stance toward keto after the conversation.""}"
keto_254,"{""stance"":""neutral"",""reasoning"":""The target user expresses skepticism about standard keto macro guidelines, specifically that 20% protein may be too low for preserving or building muscle mass. However, the reply acknowledges this concern and suggests keto can be adjusted to higher protein while maintaining ketosis, which partially addresses the objection. Since the target user doesn’t explicitly accept or reject keto overall—only questions one common formulation—their likely stance after the exchange remains neutral rather than clearly positive or negative.""}"
keto_255,"{""stance"":""neutral"",""reasoning"":""The target user never speaks in the transcript, so there’s no direct evidence of their attitude toward keto. The conversation is generally supportive and practical (electrolyte advice, reassurance about potassium safety), which could encourage a positive view, but without any reaction from the target user it’s not possible to infer a clear positive or negative stance change. Therefore, neutral is the safest prediction.""}"
keto_257,"{""stance"":""neutral"",""reasoning"":""The target user never speaks in the transcript, so there’s no explicit indication of their attitude toward keto. The other user’s message is supportive but also raises concerns about sustainability and nutrient balance; without the target user’s response, there isn’t enough evidence to infer a positive or negative stance change.""}"
keto_260,"{""stance"":""positive"",""reasoning"":""The target user defends keto’s appetite-reducing effect and attributes it partly to higher protein intake, then reinforces their position by citing that many keto studies include high protein intakes and provides a supporting table. They do not concede any major criticism and continue to argue in favor of keto’s mechanisms, indicating a favorable stance after the exchange.""}"
keto_261,"{""stance"":""neutral"",""reasoning"":""The target user argues strongly against using a prominent keto study (Wilson et al.) as evidence because its carb refeed likely caused glycogen/water supercompensation that can inflate DXA lean-mass estimates, and they push back on claims that the design ‘leveled the playing field.’ However, they also defend their own work as grounded in the broader keto literature and acknowledge the general need to account for glycogen/hydration effects when comparing diets. Overall, they come across as critical of specific pro-keto evidence and methodology rather than anti-keto as a diet, so their post-conversation stance is best predicted as neutral.""}"
keto_264,"{""stance"":""neutral"",""reasoning"":""The target user never speaks in the provided transcript, so there’s no explicit opinion to infer. The only content is another user giving practical, generally supportive guidance about carb limits and framing slip-ups as a learning curve, which could be mildly positive influence, but without any response from the target user there isn’t enough evidence to predict a clearly positive or negative stance shift.""}"
keto_265,"{""stance"":""neutral"",""reasoning"":""The target user strongly defends the validity of studies that don’t verify blood ketones, arguing that this reflects how keto is actually practiced and that testing for a ‘perfect’ ketosis state is unrealistic. However, they don’t express approval of keto’s health effects or endorse doing keto; their comments focus on research methodology and real-world adherence rather than praising or criticizing the diet itself. The final message introduces a balanced framing (pragmatic vs mechanistic), but there’s no clear indication the target user’s view shifts to pro- or anti-keto.""}"
keto_266,"{""stance"":""positive"",""reasoning"":""The target user defends keto-related studies that don’t measure blood ketones, arguing this reflects how keto is practiced in the real world and that such results are still valid and useful. They push back repeatedly against criticism and frame the research as providing accurate, practical outcomes rather than being discredited, indicating a favorable/defensive stance toward keto after the conversation.""}"
keto_267,"{""stance"":""neutral"",""reasoning"":""The target user defends the validity of keto-diet studies that don’t measure blood ketones, arguing that real-world keto dieters typically don’t test ketones and that outcome-based results still matter. This shows they are not negatively disposed toward keto and are pushing back against dismissing keto research. However, they don’t express clear personal endorsement of keto’s benefits or superiority—only a methodological/practical argument—so the overall stance is best classified as neutral rather than positive.""}"
keto_272,"{""stance"":""positive"",""reasoning"":""The target user consistently defends keto as sustainable and varied if done creatively, emphasizes that beans/lentils aren’t keto, lists many keto-compatible foods they eat, and argues that lack of variety is a weak reason to quit given available recipes. They also encourage continuing keto for lifting (citing ketogains) and validate returning to keto for weight loss. Nothing in the conversation suggests they became more skeptical; if anything, they reinforce a pro-keto view.""}"
keto_273,"{""stance"":""neutral"",""reasoning"":""The target user never states an opinion about keto, and the only message shown is from another user giving a balanced, conditional view (80g carbs may not be strict keto but could still be beneficial depending on goals). With no explicit reaction or additional context from the target user, there isn’t enough evidence to infer a positive or negative stance shift, so neutral is most appropriate.""}"
keto_274,"{""stance"":""negative"",""reasoning"":""The target user repeatedly expresses skepticism and dislike toward keto: they say whole-food plant-based is far more satiating for them, describe keto as “so hard” with “so many rules,” call it a “trick,” and explicitly worry about keto’s effects on people’s arteries. Nothing in the conversation indicates they were persuaded to view keto more favorably; if anything, the discussion reinforces their concerns and preference for a non-keto approach.""}"
keto_275,"{""stance"":""neutral"",""reasoning"":""The target user doesn’t endorse or reject keto overall; they mainly push back on the claim that you “can’t really overeat on fat,” giving vivid examples of overeating keto-friendly foods like cheese and salami. Their tone is joking but clearly skeptical of keto being automatically appetite-regulating. They don’t argue keto is harmful or ineffective in general, just that it’s not foolproof for portion control, so their stance remains neutral (with mild skepticism).""}"
keto_277,"{""stance"":""positive"",""reasoning"":""The target user explicitly reports doing “WAY better on keto,” with “far more energy on than off,” including while lifting. They also agree that individual responses vary, but nothing in the conversation challenges or changes their view; the last reply validates their experience. Overall, their expressed and reinforced attitude toward keto is positive.""}"
keto_278,"{""stance"":""neutral"",""reasoning"":""The target user only comments that nuts contain significant carbs, even keto-friendly ones like almonds. This is a factual caution about carb content rather than an endorsement or rejection of keto. They don’t express approval, skepticism about effectiveness, or intent to follow/avoid keto after the exchange, so their stance remains neutral.""}"
keto_279,"{""stance"":""positive"",""reasoning"":""The target user explicitly credits keto with improving their understanding of nutrition, reducing cravings for sugar/processed foods, and producing noticeable lifestyle and health benefits. They acknowledge limitations for maximizing strength/size but still argue it’s worth doing—especially for cutting and general health goals. The other user’s reply reinforces and validates this balanced pro-keto view, making it likely the target user remains positive after the conversation.""}"
keto_281,"{""stance"":""neutral"",""reasoning"":""The target user never appears in the transcript and provides no explicit opinion about keto. The discussion is about a methodological limitation (lack of blood ketone measurements) and does not clearly push toward endorsing or rejecting keto; without seeing the target user react, there isn’t enough evidence to infer a positive or negative stance shift.""}"
keto_282,"{""stance"":""positive"",""reasoning"":""The target user describes keto as transformative for their understanding of nutrition, helping them reduce cravings for sugars/processed foods and improve health. They acknowledge limitations for strength/size but still emphasize multiple benefits and say it’s worth doing, especially for cutting. The other user reinforces these points without introducing strong counterarguments, so the target user’s stance remains clearly positive after the conversation.""}"
keto_285,"{""stance"":""negative"",""reasoning"":""The target user pushes back against pro-keto framing, emphasizing that keto is restrictive (missing chocolate/garlic bread) and that eating bacon isn’t a meaningful advantage because CICO can include bacon and essentially any food. They criticize the other user’s argument as off-point and meaningless, and while they acknowledge that strict diets can help adherence in general, they don’t attribute any unique benefit to keto. Overall tone and content indicate a skeptical/critical stance toward keto after the exchange.""}"
keto_287,"{""stance"":""neutral"",""reasoning"":""The target user did not provide any explicit opinion in the transcript. The only content is another user describing mixed results (weight loss but downsides like reduced muscle fullness and less satiety/enjoyment), which could temper enthusiasm but doesn’t clearly indicate the target user adopts a negative view. With no direct response from the target user, the most supported prediction is neutral.""}"
keto_288,"{""stance"":""neutral"",""reasoning"":""The target user never states a personal opinion about keto in the transcript. The other user offers a largely methodological defense of keto (carb/protein thresholds, need for ketone measurement, LBM vs water/glycogen, small sample size), which could nudge the target user slightly more favorable, but there’s no direct evidence the target user accepts or rejects these points. With no explicit stance or reaction from the target user, the safest prediction is neutral.""}"
keto_289,"{""stance"":""positive"",""reasoning"":""The target user strongly endorses keto based on personal success (“lost 36lbs on keto so far”), attributes weight loss primarily to carb restriction (“The carbs are the killer”), and argues that they can eat freely without tracking calories. Even when challenged about calorie surplus and fat overeating, they double down rather than soften their view, indicating a firmly positive stance after the conversation.""}"
keto_290,"{""stance"":""positive"",""reasoning"":""The target user reports strong personal success on keto (“lost 36lbs on keto so far”) and attributes weight gain primarily to carbs (“The carbs are the killer”). Throughout the exchange they defend keto and argue it changes how the body stores/uses energy, pushing back against calorie-balance arguments rather than expressing doubt. Even after being challenged, they remain dismissive and do not concede, indicating a continued favorable attitude toward keto after the conversation.""}"
keto_291,"{""stance"":""negative"",""reasoning"":""The target user explicitly rejects keto (“No, just no.”), calls ketogenic diets “bullshit,” and argues the lack of research is because scientists already know it doesn’t work as claimed. They attribute any weight loss to cutting processed foods/sugar and possibly increased exercise, not ketosis. Nothing in the reply from the other user appears to shift the target user away from this strongly negative view.""}"
keto_292,"{""stance"":""negative"",""reasoning"":""The target user explicitly rejects keto (“No, just no”), calls ketogenic diets “bullshit,” and argues perceived benefits come from cutting processed foods/sugar and possibly added exercise rather than ketosis itself. The other user’s reply is conciliatory but does not provide strong counterevidence that would likely change the target user’s view, so the stance remains negative.""}"
keto_293,"{""stance"":""negative"",""reasoning"":""The target user explicitly states that a low-GI, high-carb, high-fiber diet is “infinitely more effective than a keto diet” and argues keto commonly leads to long-term nutrient deficiencies. The subsequent reply validates these concerns rather than challenging them, reinforcing a negative stance toward keto after the conversation.""}"
keto_295,"{""stance"":""neutral"",""reasoning"":""The target user never speaks in the transcript, so there is no direct evidence of their opinion shifting. While the conversation frames keto as non-magical and potentially less enjoyable for some, it also presents it as a valid tool for others, emphasizing that calorie deficit matters most. With no explicit reaction from the target user, the best prediction is a neutral stance after the conversation.""}"
keto_296,"{""stance"":""neutral"",""reasoning"":""The target user never speaks in the provided transcript, so there’s no direct evidence of their attitude toward keto or how (if at all) the other user’s explanation affected them. With insufficient information about the target user’s reaction, the best prediction is neutral.""}"
keto_298,"{""stance"":""positive"",""reasoning"":""The target user explicitly endorses keto based on five years of on-and-off experience, stating they “always had more energy and felt great on keto” after the initial keto flu, and argues that many negative experiences come from doing keto incorrectly (e.g., low-carb, low-fat). Although another user reports persistent side effects despite following macros, the target user’s message is confident and pro-keto and there’s no indication they revise their view afterward, so their stance remains positive.""}"
keto_299,"{""stance"":""neutral"",""reasoning"":""The target user never appears in the transcript or expresses any opinion about keto. Since there’s no direct evidence of their beliefs and no way to infer how this exchange affected them, the safest prediction is that their stance remains neutral.""}"
keto_300,"{""stance"":""neutral"",""reasoning"":""The target user never states an opinion about keto in the transcript. The only content is another user presenting a balanced pro-keto argument (keto can help hunger/cravings but depends on lifestyle). Without any reaction or follow-up from the target user, there’s insufficient evidence that the target user adopts a positive or negative stance, so their stance is best predicted as neutral.""}"
keto_301,"{""stance"":""neutral"",""reasoning"":""The target user never speaks in the transcript, so there’s no direct evidence of their opinion shifting. The conversation presents mixed points: some argue keto helps appetite via protein/fat satiety, others cite studies and experiences suggesting carbs can be more satiating and that high-fat foods may promote overeating, plus personal variability. Because the discussion is balanced and individualized rather than clearly pro- or anti-keto, the most defensible prediction is that the target user would remain neutral after reading it.""}"
keto_302,"{""stance"":""neutral"",""reasoning"":""The target user explicitly says they have nothing against keto and even use it often when cutting, indicating some acceptance. However, they strongly criticize a vocal subset of the keto community for promoting a ‘carbs/insulin-only’ explanation that ignores calorie balance, emphasizing that keto isn’t magic and doesn’t defy physics. Overall they view keto as a useful tool but reject exaggerated claims, resulting in a balanced/neutral stance rather than clearly positive or negative.""}"
keto_303,"{""stance"":""negative"",""reasoning"":""The target user criticizes a sizable, vocal part of the keto community as promoting misinformation (e.g., '100% about the carbs,' 'eat all you want if insulin is low') and expresses frustration that they 'will not listen.' Although another user offers a nuanced, more balanced view of keto, the target user does not endorse keto’s benefits and remains focused on rebutting keto claims, suggesting an overall negative stance toward keto (or at least toward keto as commonly advocated) after the conversation.""}"
keto_307,"{""stance"":""neutral"",""reasoning"":""The target user never speaks in the transcript, so there’s no direct evidence of their opinion. While the conversation contains notable anti-keto arguments (cholesterol/heart disease risk) and a mixed personal experience (weight loss but worse lipid markers), we can’t reliably infer how the target user internalizes this. With insufficient evidence of the target user’s reaction or prior stance, the best prediction is neutral.""}"
keto_311,"{""stance"":""negative"",""reasoning"":""The target user explicitly argues against keto, stating that “all the LDL is bad,” framing keto proponents as rationalizing worsening health markers, and asserting keto’s saturated fat/salt intake increases heart disease risk. They recommend the opposite dietary approach (less meat/cheese, more fruits/vegetables/complex carbs, minimal fat). The other user’s more nuanced defense of keto is unlikely to shift this strongly stated position, so the post-conversation stance remains negative.""}"
keto_318,"{""stance"":""negative"",""reasoning"":""The target user repeatedly rejects keto/low-carb high-fat claims, calling them “nonsense” and “junk science,” insisting weight loss is purely about calories and warning keto “will probably lose weight… and end up damaging your health.” They cite Diabetes UK to argue the science doesn’t support keto benefits and explicitly distrust anecdotes in favor of studies. The final other-user message is conciliatory but does not show the target user shifting; based on their strong prior statements, their post-conversation stance remains negative.""}"
keto_320,"{""stance"":""positive"",""reasoning"":""The target user is strongly pro-keto throughout the exchange: they explicitly say they’re “really fond of Keto,” argue it improves lipid panels, and present an extended mechanistic defense of ketosis as natural and appetite-suppressing. They rebut safety concerns (kidney failure/ketoacidosis confusion) with biochemical details and counter claims about poor athletic performance using personal performance examples (benching, rowing, skiing). The conversation ends with another user engaging respectfully and asking for their perspective, which reinforces the target user’s confidence rather than challenging it, so their stance remains clearly positive.""}"
keto_321,"{""stance"":""positive"",""reasoning"":""The target user is explicitly pro-keto throughout the conversation (“I’m really fond of Keto,” “the diet works to LOWER a lot of lipid panels”), provides an extended defense/explanation of ketosis, and frames keto as effective for appetite control and fat loss with manageable risks (cheating, protein/muscle). The later pushback from an MD student is not shown changing the target user’s view, and the final reply from another user partially validates and refines the target user’s points, which would likely reinforce rather than weaken the target user’s already positive stance.""}"
keto_323,"{""stance"":""positive"",""reasoning"":""The target user expresses strong approval of keto throughout the conversation: they state they are “really fond of Keto,” argue it can be healthy and improves lipid panels, and provide an enthusiastic, persuasive biochemical explanation emphasizing benefits like appetite suppression, energy, and fat loss. They acknowledge downsides (cheating, potential muscle wasting) but frame them as manageable with protein intake and adherence, reinforcing an overall supportive stance rather than skepticism.""}"
keto_325,"{""stance"":""positive"",""reasoning"":""The target user explicitly states they are “really fond of Keto,” argues it works to lower lipid panels, and provides an extended, enthusiastic biochemical justification of ketosis (including appetite suppression and sustained fat burning). They acknowledge some risks (cheating/transitioning off keto, muscle wasting) but frame them as manageable with proper protein intake and adherence. Nothing in the conversation challenges their view; if anything, the other users’ questions reinforce the target user’s role as a pro-keto explainer, so their stance remains strongly positive after the exchange.""}"
keto_326,"{""stance"":""positive"",""reasoning"":""The target user is strongly supportive of keto throughout the conversation: they state they’re “really fond of Keto,” argue it’s healthy when done correctly, downplay the high-fat/heart-disease link, and emphasize benefits like appetite suppression, improved energy, and improved lipid panels. They provide an extensive pro-keto biochemical explanation and frame keto as a ‘beauty’/‘euphoric’ metabolic state, while treating downsides as manageable (don’t cheat, eat enough protein). The other user’s response is affirming and appreciative, which would likely reinforce (not weaken) the target user’s already positive stance.""}"
keto_327,"{""stance"":""positive"",""reasoning"":""The target user explicitly endorses keto throughout the conversation: they say they are \""really fond of Keto,\"" argue it can be healthy (including vegetables), downplay the high-fat/heart disease link as weak, and claim it works to lower lipid panels based on forum experience. They frame ketosis as \""the beauty\"" of the diet, describe it as euphoric with strong appetite control and energy benefits, and encourage others to try it. While they acknowledge risks (muscle wasting, problems when going off keto) and emphasize strict adherence (no cheating), these are presented as manageable cautions rather than reasons to avoid keto. Overall their stance after the conversation remains strongly positive.""}"
keto_328,"{""stance"":""positive"",""reasoning"":""The target user explicitly states they are “really fond of Keto,” argues it can be healthy (including vegetables), downplays the high-fat/heart-disease link as weak, and emphasizes perceived benefits like appetite control, improved energy, fat burning, and improved lipid panels. They acknowledge risks (muscle wasting, difficulty when coming off keto, strict adherence/no cheating) but frame them as manageable with protein intake and education. Overall, their tone is strongly pro-keto and promotional, suggesting a positive stance after the conversation.""}"
keto_329,"{""stance"":""positive"",""reasoning"":""The target user explicitly states they are “really fond of Keto,” argues it can be healthy (including vegetables), downplays the high-fat/heart disease link as weak, and emphasizes benefits like appetite suppression, improved lipid panels, and sustained fat burning. They acknowledge risks (cheating, muscle wasting) but frame them as manageable with education and protein intake. Nothing in the conversation challenges or changes their view; the other user’s response is supportive, reinforcing the target user’s pro-keto stance.""}"
keto_330,"{""stance"":""positive"",""reasoning"":""The target user expresses strong support for keto throughout the conversation: they say they’re “really fond of Keto,” argue it can be healthy (including vegetables), downplay the fat/heart-disease link as weak, and describe ketosis as “the beauty” of the diet with euphoria, appetite suppression, and improved lipid panels. They acknowledge risks (cheating, muscle wasting) but frame them as manageable and not unique, and they actively encourage others to try it. The other user’s reinforcing success story and agreement would likely further solidify, not weaken, the target user’s already favorable stance.""}"
keto_331,"{""stance"":""positive"",""reasoning"":""The target user is explicitly enthusiastic about keto (“I'm really fond of Keto”), defends it against common critiques (heart disease link is weak), and promotes it as effective (claims it lowers lipid panels and works for appetite control and fat loss). They provide an extensive pro-keto explanation, encourage others to try it, and frame the main risks as manageable with proper protein intake and adherence. Nothing in the conversation suggests their view becomes more critical; if anything, the other user’s interest reinforces the target user’s positive stance.""}"
keto_334,"{""stance"":""positive"",""reasoning"":""The target user explicitly states they are “really fond of Keto,” argues it can be healthy (including vegetables), downplays the high-fat/heart disease link as weak, and emphasizes benefits like appetite suppression, improved energy, and lowered lipid panels. They acknowledge downsides (cheating, muscle wasting risk) but frame them as manageable with protein and adherence. Nothing in the later exchange appears to shift them away from this view, so their post-conversation stance remains strongly positive.""}"
keto_335,"{""stance"":""positive"",""reasoning"":""The target user explicitly states they are “really fond of Keto,” argues it works and can improve lipid panels, and provides an enthusiastic, persuasive explanation of ketosis as “the beauty of Ketosis” with “euphoric” benefits like appetite suppression and sustained fat burning. They acknowledge downsides (no cheating, possible muscle wasting) but frame them as manageable and not unique to keto, and they encourage others to try it. Nothing in the conversation suggests their view became more skeptical; if anything, their detailed advocacy reinforces a positive stance.""}"
keto_336,"{""stance"":""positive"",""reasoning"":""The target user expresses strong support for keto throughout the conversation, explicitly saying they are \""really fond of Keto\"" and asserting it works to lower lipid panels. They provide an extensive, enthusiastic explanation of the mechanisms and benefits (appetite suppression, energy, fat loss), downplay common concerns (weak link between high fat and heart disease), and frame the main risks as manageable with proper protein intake and avoiding cheating. Nothing in the exchange suggests their stance becomes more skeptical; if anything, their detailed coaching reinforces a positive stance.""}"
keto_337,"{""stance"":""positive"",""reasoning"":""The target user is strongly pro-keto throughout the exchange: they explicitly say they’re “really fond of Keto,” argue it lowers lipid panels, describe ketosis as “the beauty” of the diet with euphoric benefits (satiety, energy, fat loss), and downplay the high-fat/heart-disease link as weak. They acknowledge some risks (cheating, muscle wasting) but frame them as manageable. The other user’s more cautious cardiovascular-fat-quality comments are unlikely to shift the target user away from this stance, especially given the target user’s confident, instructional tone and commitment to defending keto.""}"
keto_340,"{""stance"":""positive"",""reasoning"":""The target user explicitly expresses strong support for keto (“I’m really fond of Keto”), defends it with biochemical and health arguments (hormone response to carbs, weak link between high fat and heart disease), and emphasizes observed benefits (claims it lowers lipid panels). They acknowledge manageable risks (transitioning off keto, muscle wasting) but frame them as controllable and not unique to keto, and encourage others to try it. Nothing in the conversation challenges or shifts their view, so their stance remains positive.""}"
keto_343,"{""stance"":""positive"",""reasoning"":""The target user is skeptical of some popular keto claims and attributes weight loss largely to reduced calorie intake rather than unique metabolic effects, which tempers enthusiasm. However, they explicitly state low-carb/keto is an excellent adaptation for Type II diabetes, that they personally follow it for that reason, and report major benefits (50 lb loss, A1C drop from >11 to 6.2, improved glucose control, reduced meds). Their continued advocacy for careful monitoring during the switch suggests an overall favorable stance toward keto as a practical, effective tool (especially for diabetes), even if not for the reasons others claim.""}"
keto_344,"{""stance"":""positive"",""reasoning"":""The target user is skeptical of some keto mechanistic claims and frames weight loss primarily as calorie reduction, but they explicitly say low carb/keto is an excellent adaptation for Type II diabetes and that they personally follow it for that reason. They report strong benefits (50 lbs lost, A1C reduced from >11 to 6.2) and nothing in the subsequent reply appears to reduce their support; if anything, it validates their view of keto as a useful tool. Overall their stance toward keto after the conversation is favorable, though not uncritical.""}"
keto_345,"{""stance"":""positive"",""reasoning"":""The target user is skeptical of some keto claims and frames weight loss as primarily calorie deficit rather than a unique metabolic advantage, but they explicitly say they follow low-carb/keto for Type II diabetes and that it has been “highly beneficial” (50 lbs lost, A1C reduced from >11 to 6.2). The reply they received validates their view (calories still matter) while reinforcing keto’s practical benefits for satiety and blood sugar control, which aligns with the target user’s experience. Overall, despite scientific skepticism about mechanisms, their personal outcomes and continued adherence indicate a positive stance toward keto after the conversation.""}"
keto_346,"{""stance"":""positive"",""reasoning"":""The target user expresses skepticism about some mechanistic claims around keto (calling it not mainstream science and attributing weight loss mainly to reduced caloric intake), but they explicitly endorse low-carb/keto as an “excellent adaptation” for Type II diabetes and say they personally follow it. They report strong personal benefits (50 lbs lost, A1C reduced from >11 to 6.2) and do not indicate the conversation changed them away from using keto; if anything, the reply they received reinforces their view that keto helps via appetite/craving control and calorie deficit. Overall, their post-conversation stance is favorable toward keto as a practical, effective tool (especially for diabetes), despite not believing in ‘magical’ metabolism claims.""}"
keto_347,"{""stance"":""positive"",""reasoning"":""The target user expresses skepticism about some popular keto claims (e.g., “magical” carb effects or a special metabolic advantage) and frames weight loss as primarily driven by reduced caloric intake. However, they explicitly endorse low-carb/keto as an “excellent adaptation” for Type II diabetes, state they personally follow it for that reason, and report strong benefits (50 lbs lost, A1C reduced from >11 to 6.2) while maintaining low exercise. The reply they received also validates their view (calories still matter) while reinforcing keto’s practical benefits via satiety and blood sugar control, which is likely to maintain or slightly strengthen their favorable, pragmatic stance. Overall, despite mechanistic doubts, their attitude toward keto after the conversation is clearly positive due to personal success and acknowledged health benefits.""}"
keto_348,"{""stance"":""positive"",""reasoning"":""The target user expresses skepticism about keto’s proposed metabolic “magic” and views its weight-loss effect as primarily due to reduced calorie intake, but they explicitly endorse low-carb/keto as an excellent adaptation for Type II diabetes and say they personally follow it with highly beneficial results (50 lbs lost, A1C reduced from >11 to 6.2) without increased exercise. Overall, despite mechanistic doubts, their lived success and continued use indicate a positive stance toward keto after the conversation.""}"
keto_349,"{""stance"":""positive"",""reasoning"":""The target user expresses skepticism about keto’s proposed metabolic “magic” and lack of definitive proof for some mechanistic claims, but they explicitly endorse low-carb/keto as an excellent adaptation for managing Type II diabetes and state they personally follow it with highly beneficial results (50 lbs lost, A1C down from >11 to 6.2, no exercise change). The reply they receive reinforces their calorie-deficit framing while validating keto’s practical benefits. Overall, despite mechanistic doubts, their stance toward keto after the conversation is favorable due to strong personal success and continued use.""}"
keto_350,"{""stance"":""positive"",""reasoning"":""The target user expresses skepticism about some mechanistic claims around keto (calling them not mainstream and attributing weight loss mainly to reduced calories), but they also explicitly say they follow low-carb/keto for Type II diabetes and that it has been “highly beneficial,” citing major improvements (50 lbs lost, A1C down from >11 to 6.2). The reply they receive reinforces their view (calorie deficit + satiety) without challenging their success, which would likely maintain or strengthen their favorable attitude toward keto as a practical tool, even if not for the reasons others claim.""}"
keto_351,"{""stance"":""positive"",""reasoning"":""The target user expresses skepticism about some mechanistic claims and frames keto’s weight-loss effects as primarily due to reduced caloric intake, but they explicitly endorse low-carb/keto as an “excellent adaptation” for Type II diabetes and say they personally follow it with “highly beneficial” results (50 lbs lost, A1C down from >11 to 6.2). The reply they receive reinforces their view (calorie deficit plus satiety benefits) without challenging their success, so their overall stance after the conversation remains favorable toward keto as a practical, effective approach—especially for blood sugar control—even if not for the ‘magical’ reasons others claim.""}"
keto_352,"{""stance"":""positive"",""reasoning"":""The target user is skeptical of some keto claims and frames weight loss as primarily calorie-driven rather than “magical” carb effects, but they explicitly endorse low-carb/keto as an excellent adaptation for Type II diabetes and state they personally follow it with highly beneficial results (50 lbs lost, A1C down from >11 to 6.2). The reply they receive is conciliatory and reinforces their view (calorie deficit matters; keto helps satiety), which would likely maintain or slightly strengthen their favorable attitude toward keto as a practical tool, even if not for the reasons some proponents claim.""}"
keto_354,"{""stance"":""positive"",""reasoning"":""The target user is skeptical of some keto mechanistic claims and frames weight loss as primarily calorie-driven, but they explicitly endorse low-carb/keto as an excellent approach for managing Type II diabetes and say they personally follow it with highly beneficial results (50 lbs lost, A1C greatly improved). The reply they receive reinforces their view (calorie deficit + satiety tool), so their overall stance after the conversation is favorable toward keto as a practical, effective diet—especially for diabetes—even if not for the ‘magical’ explanations.""}"
keto_355,"{""stance"":""positive"",""reasoning"":""The target user is skeptical of some popular/mechanistic claims about keto (calling it non-mainstream and not definitively proven as described), but they explicitly say they follow low-carb/keto for Type II diabetes management and report strong personal benefits (50 lbs lost, A1C improved from >11 to 6.2) while acknowledging reduced cravings and easier calorie control. The reply from another user validates their view (calorie deficit still matters) without challenging their positive outcomes, which likely reinforces a favorable overall stance toward keto as a practical tool, even if not for the ‘magical’ reasons others claim.""}"
keto_356,"{""stance"":""positive"",""reasoning"":""The target user is skeptical of keto’s purported unique metabolic mechanisms and views its weight-loss effect as primarily driven by reduced calorie intake, indicating some scientific reservations. However, they explicitly say low carb/keto is an excellent adaptation for Type II diabetes, that it’s what they follow, and that it has been “highly beneficial” with major improvements in weight and A1C. After the conversation (including validation from another user), their overall stance toward keto is favorable in practice and outcome-focused, despite mechanistic skepticism.""}"
keto_357,"{""stance"":""positive"",""reasoning"":""The target user is skeptical of some keto claims and frames weight loss as primarily calorie-deficit driven, but they explicitly say they follow low-carb/keto for Type II diabetes management and that it’s been “highly beneficial” (50 lbs lost, A1C down from >11 to 6.2). The final reply validates their perspective while reinforcing keto’s practical usefulness (satiety, sustainability), which would likely maintain or strengthen their favorable view of keto as an effective tool, even if not “magical.”""}"
keto_358,"{""stance"":""positive"",""reasoning"":""The target user is skeptical of some keto claims and frames weight loss as primarily due to reduced caloric intake rather than “magical” metabolic effects. However, they explicitly say low-carb/keto is an excellent adaptation for Type II diabetes, that they personally follow it for that reason, and that it has been highly beneficial (50 lbs lost, A1C down from >11 to 6.2). Given this strong personal benefit and continued adherence, their overall stance toward keto after the conversation is positive, albeit with caveats about the proposed mechanisms.""}"
keto_359,"{""stance"":""positive"",""reasoning"":""The target user is skeptical of some keto claims (e.g., “magical behavior” or non-mainstream explanations) and attributes weight loss primarily to reduced caloric intake. However, they explicitly say they follow low-carb/keto for Type II diabetes management, call it an “excellent adaptation,” and report strong personal benefits (50 lbs lost, A1C improved from >11 to 6.2) without increased exercise. The final reply from another user reinforces a mainstream framing (calorie deficit plus satiety/insulin effects) that aligns with the target user’s view, likely maintaining or strengthening their favorable attitude toward keto as a practical tool even if not for the claimed mechanisms.""}"
keto_360,"{""stance"":""positive"",""reasoning"":""The target user expresses skepticism about some mechanistic claims around keto but explicitly states they follow low-carb/keto for Type II diabetes management and have found it “highly beneficial,” citing major weight loss and improved A1C. They attribute results to reduced calories rather than ‘magic,’ yet still endorse keto as an excellent adaptation for diabetes and continue using it. The reply from another user affirms their view (caloric deficit + satiety benefits), which would likely reinforce a favorable stance rather than push them negative or neutral.""}"
keto_361,"{""stance"":""positive"",""reasoning"":""The target user expresses skepticism about some mechanistic claims and says keto isn’t proven to work the way proponents describe, but they explicitly state they follow low-carb/keto for Type II diabetes and that it has been “highly beneficial,” citing major weight loss and A1C improvement. Even if they attribute the effect to reduced calories rather than ‘metabolic magic,’ their overall attitude after the conversation is favorable because they endorse keto as an effective, helpful approach for their condition and personal results.""}"
keto_363,"{""stance"":""positive"",""reasoning"":""The target user expresses skepticism about some popular keto claims and attributes weight loss mainly to reduced caloric intake rather than unique ‘magical’ carb effects. However, they explicitly endorse low-carb/keto as an excellent adaptation for managing Type II diabetes, state they personally follow it for that reason, and report it has been highly beneficial (50 lbs lost, A1C reduced from >11 to 6.2). The reply they receive largely validates their view while reinforcing keto’s real benefits via appetite regulation and insulin stability. Overall, despite reservations about mechanisms, their attitude toward keto after the conversation remains favorable due to strong personal success and perceived health benefits.""}"
keto_366,"{""stance"":""positive"",""reasoning"":""The target user explicitly endorses keto’s effectiveness, emphasizing appetite suppression, easier adherence to lower calories, and its particular benefits for people with insulin resistance/metabolic syndrome who struggle on high-carb diets. They describe keto as ‘genius’ for overcoming metabolic challenges and mitigating insulin/blood sugar issues, while acknowledging it isn’t magic and still requires work. The subsequent reply reinforces their view, likely further solidifying a positive stance.""}"
keto_367,"{""stance"":""positive"",""reasoning"":""The target user expresses clear support for keto, calling it “the great thing about keto” due to hunger suppression and framing it as a “genius” approach that helps people with metabolic syndrome succeed where low-fat/high-carb calorie restriction often fails. They argue keto improves insulin-related fat mobilization and mitigates metabolic issues contributing to obesity and type 2 diabetes. The follow-up message from another user reinforces and validates the target user’s points, which would likely further strengthen their favorable view.""}"
keto_368,"{""stance"":""positive"",""reasoning"":""The target user expresses clear support for keto, emphasizing its “genius” and effectiveness for people with metabolic syndrome/insulin resistance, noting hunger suppression and improved fat-burning access compared to high-carb diets. They defend keto against simplistic CICO framing and present it as a powerful, non-magical but practical tool. The reply from another user reinforces and validates their points, which would likely further solidify a positive stance rather than introduce doubt.""}"
keto_369,"{""stance"":""positive"",""reasoning"":""The target user expresses frustration at “idiotic” questioning in the thread and sarcasm about /r/keto being linked from /r/bestof, which implies they align with the keto community and are annoyed by outsiders challenging it. They do not voice any criticism of keto itself; instead their annoyance is directed at the debate quality, suggesting a supportive/positive stance toward keto after the conversation.""}"
keto_370,"{""stance"":""neutral"",""reasoning"":""The target user did not provide any statements in the transcript, so there’s no direct evidence of their attitude toward keto or how they were persuaded by the other user’s comments. Given insufficient information about the target user’s reaction, the most justified prediction is neutral.""}"
keto_371,"{""stance"":""positive"",""reasoning"":""The target user explicitly endorses keto’s effectiveness, emphasizing appetite suppression, practical ease of maintaining a deficit, and benefits for people with insulin resistance/metabolic syndrome who struggle on high-carb diets. They defend these points strongly, cite scientific literature, and frame keto as a ‘genius’ approach that mitigates metabolic challenges. The later reply from another user validates their nuanced view, which would likely reinforce—rather than weaken—their favorable stance.""}"
keto_373,"{""stance"":""positive"",""reasoning"":""The target user provides factual guidance on keto carb limits (20g goal, 50g max) and discusses staying in ketosis without expressing doubt or criticism. Their contribution assumes keto is a valid, desirable approach (focused on how to do it correctly), indicating a supportive/positive stance rather than neutrality or negativity.""}"
keto_374,"{""stance"":""positive"",""reasoning"":""The target user explicitly endorses keto as “a really good diet overall,” cites having read about positive side effects beyond weight loss, and expresses enthusiasm about the simplicity and satisfaction of eating high-fat foods without guilt or hunger. Nothing in the later discussion appears to dampen that view; the follow-up message reinforces potential health benefits, which would likely maintain or strengthen the positive stance.""}"
keto_376,"{""stance"":""neutral"",""reasoning"":""The target user never appears in the transcript or states any opinion, question, or reaction about keto. Since there’s no explicit evidence of their attitude and no direct interaction showing how the discussion influenced them, the most defensible prediction is neutral.""}"
keto_377,"{""stance"":""neutral"",""reasoning"":""The target user never appears in the transcript and makes no statements about keto. While other participants are strongly pro-keto and provide persuasive explanations, there’s no direct evidence of how the target user reacts or whether their attitude changes. With insufficient information about the target user’s post-conversation view, the safest prediction is neutral.""}"
keto_379,"{""stance"":""neutral"",""reasoning"":""The target user never speaks in the transcript, so there’s no direct evidence of their opinion or any change in it. Although other users strongly advocate for keto and address concerns (heart disease, appetite control, muscle loss), we can’t reliably infer that the target user adopts those views. With insufficient information about the target user’s reaction, the safest prediction is neutral.""}"
keto_380,"{""stance"":""neutral"",""reasoning"":""The target user never speaks in the transcript, so there’s no direct evidence of their opinion. The conversation presents both strong pro-keto advocacy (biochemist-style explanation, claimed benefits) and a more cautious, evidence-focused view (weight loss mainly from calorie reduction, keto especially useful for diabetes). With no explicit reaction from the target user, the best prediction is a neutral stance after reading a mixed, debate-style discussion.""}"
keto_381,"{""stance"":""positive"",""reasoning"":""The target user repeatedly defends ketogenic/low-carb eating and the idea that carbohydrates are non-essential, citing gluconeogenesis and real-world examples (e.g., Inuit) to argue that zero-carb living is possible. They dismiss claims that high-fat diets cause diabetes and call increased heart-risk concerns “baseless,” ending the exchange by refusing to continue arguing because they believe the other person is uninformed. This strong, assertive defense indicates a clearly positive stance toward keto after the conversation.""}"
keto_382,"{""stance"":""neutral"",""reasoning"":""The target user never states their own opinion about keto, only that they read the FAQ and want a beginner-friendly book because they feel they need guidance. That shows openness/curiosity but not clear endorsement or rejection. The surrounding conversation is strongly pro-keto and could nudge them positively, but there’s no explicit acceptance from the target user, so the safest prediction is neutral.""}"
keto_383,"{""stance"":""neutral"",""reasoning"":""The target user never speaks in the transcript, so there’s no direct evidence of their opinion. While other users strongly advocate for keto and provide detailed, persuasive explanations that could sway someone positively, we can’t reliably infer the target user’s acceptance or rejection from their own words. With insufficient evidence of the target user’s post-conversation attitude, the safest prediction is neutral.""}"
keto_385,"{""stance"":""neutral"",""reasoning"":""The target user never speaks in the transcript, so there’s no direct evidence of their attitude toward keto before or after. While other participants strongly promote keto and present it as effective and safe when done correctly, we can’t reliably infer that the target user accepts these claims or is persuaded. With insufficient evidence of the target user’s reaction or endorsement, the best prediction is neutral.""}"
keto_386,"{""stance"":""neutral"",""reasoning"":""The target user never appears in the transcript and provides no explicit opinion, questions, or reactions about keto. While other participants strongly advocate for keto and provide detailed explanations, there’s no evidence of how (or whether) the target user was influenced. With insufficient direct signal about the target user’s post-conversation view, the most reliable prediction is neutral.""}"
keto_387,"{""stance"":""neutral"",""reasoning"":""The target user never expresses a personal opinion about keto, interest in trying it, or agreement/disagreement with the pro-keto explanations. The conversation content is strongly pro-keto, but there’s no evidence the target user adopts that stance or reacts to it. With insufficient direct signal of their attitude after the discussion, the best prediction is neutral.""}"
keto_388,"{""stance"":""neutral"",""reasoning"":""The target user never speaks in the transcript, so there’s no explicit evidence of their opinion or how they react to the pro-keto explanations. While the conversation is strongly pro-keto and could be persuasive, without any response from the target user indicating agreement, skepticism, or intent to try it, the most defensible prediction is that their stance remains neutral.""}"
keto_391,"{""stance"":""neutral"",""reasoning"":""The transcript contains only messages from other users; the target user never speaks or signals agreement/disagreement. While the conversation strongly promotes keto and addresses common concerns (thermodynamics, insulin, appetite), there’s no evidence of how the target user reacts or whether they’re persuaded, so the safest prediction is neutral.""}"
keto_393,"{""stance"":""neutral"",""reasoning"":""The target user never speaks in the transcript, so there is no direct evidence of their opinion before or after the conversation. Although the other user presents a positive personal experience with keto while acknowledging it isn’t one-size-fits-all, we can’t reliably infer that this changed the target user’s view. With insufficient evidence of the target user’s stance, the best prediction is neutral.""}"
keto_394,"{""stance"":""neutral"",""reasoning"":""The target user never speaks in the provided transcript, so there’s no direct evidence of their opinion or any change in it. While the other user frames keto’s difficulties as temporary and manageable (which could be persuasive), we can’t reliably infer the target user adopted a positive or negative stance from this alone.""}"
keto_395,"{""stance"":""positive"",""reasoning"":""The target user defends a low-carb/whole-food approach, reports strong personal benefits (20 lbs lost, better energy, sleep, digestion, gym strength), and pushes back against criticisms that it’s a fad. Although they say they aren’t 100% sure what keto is, they describe it as similar to Whole30 and argue in favor of the underlying mechanism (reduced sugar/processed foods improving appetite regulation). The final reply from the other user softens and validates the biology and frames Keto and Whole30 as aligned, which would likely reinforce the target user’s already favorable view rather than create doubt.""}"
keto_396,"{""stance"":""neutral"",""reasoning"":""The target user never speaks in the transcript, so there’s no explicit opinion to anchor a clear positive or negative stance. While other users present strongly pro-keto explanations (biochemistry rationale, appetite suppression, weight loss claims), we can’t reliably infer that the target user adopts those views. With insufficient direct evidence of the target user’s reaction or agreement, the best prediction is neutral.""}"
keto_397,"{""stance"":""positive"",""reasoning"":""The target user repeatedly defends ketosis as the brain’s “best and most natural fuel,” cites the ketogenic diet’s long clinical history in epilepsy, argues that excess glucose is damaging and linked to modern mental disorders, and states there is no essential carbohydrate because the body can make needed glucose. They rebut counterarguments about ketone energy yield and brain glucose needs, framing ketones as less damaging and better overall. The final reply from another user largely validates their points, which would likely reinforce (not weaken) the target user’s pro-keto stance.""}"
keto_399,"{""stance"":""positive"",""reasoning"":""The target user explicitly reports better results on keto than on calorie restriction—losing 15 lbs in 30 days on keto with a similar calorie deficit, versus losing 0 lbs on a 500–1000 calorie deficit without keto. They defend this experience against the ‘calorie deficit always works’ argument and cite thyroid issues as a complicating factor, implying keto is more effective for them personally. The final reply in the thread also reinforces their point by validating metabolic/hormonal differences and suggesting keto can help via insulin effects, which would likely further solidify a favorable view.""}"
keto_400,"{""stance"":""positive"",""reasoning"":""The target user repeatedly encourages keto, downplays its difficulty (“really not as bad as it sounds”), gives practical guidance (carb ranges, avoiding flour/sugar, ketogains link), and argues that carb-heavy foods can be addictive, implying keto is beneficial for appetite control. Their responses are supportive and persuasive toward adopting and sticking with keto, indicating a positive stance after the conversation.""}"
keto_401,"{""stance"":""positive"",""reasoning"":""The target user speaks favorably about keto based on personal experience: they used it for 5 months, reached their target weight, and describe keto as an effective tool because it makes appetite control easier (less hunger, more stable insulin, less desire to overeat). They emphasize it’s not “magic” and that calories still matter, but they still frame keto as a useful, practical approach for many people—especially those who struggle with willpower—indicating an overall positive stance after the conversation.""}"
keto_405,"{""stance"":""neutral"",""reasoning"":""The target user never speaks in the transcript, so there’s no direct evidence of their prior beliefs or any explicit change. The conversation presents strong pro-keto claims (biochemistry explanation, appetite suppression, lipid improvements) and strong anti-keto claims (calling it nonsense, alleging serious health harms), followed by a moderating reply that concedes calorie deficit as the driver while acknowledging both potential benefits (satiety) and risks (especially with a poorly formulated diet). Given the mixed, conflicting arguments and lack of target-user reactions, the safest prediction is that the target user ends up neutral/undecided rather than clearly positive or negative.""}"
keto_406,"{""stance"":""neutral"",""reasoning"":""The target user never states an opinion about keto or whether they intend to try it. The conversation is largely other people advocating for keto and then adding a cautionary medical note about type 1 diabetes requiring close supervision. With no explicit endorsement or rejection from the target user, and given the mixed influence (pro-keto enthusiasm tempered by safety concerns), the most supported prediction is a neutral stance.""}"
keto_407,"{""stance"":""neutral"",""reasoning"":""The target user focuses on correcting a technical claim about muscle being “long term energy storage,” repeatedly pushing back and asking for credible sources. They do not express approval or disapproval of keto itself, and even acknowledge keto adaptation effects on brain glucose needs. The exchange ends with the other user conceding the terminology point, which likely reinforces the target user’s skepticism toward sloppy pro-keto arguments but doesn’t provide evidence they became anti-keto. Overall their stance toward keto remains neither clearly positive nor negative—mainly critical of inaccurate explanations.""}"
keto_408,"{""stance"":""neutral"",""reasoning"":""The target user frames keto pragmatically rather than endorsing or rejecting it: they emphasize sustainability and appetite control, saying keto is “fine” if it helps maintain a calorie deficit without hunger, and that other diets are equally good if they achieve the same. They don’t express enthusiasm for keto specifically or criticize it; their stance remains conditional and outcome-focused, leading to a neutral overall position after the conversation.""}"
keto_410,"{""stance"":""neutral"",""reasoning"":""The target user doesn’t endorse or reject keto specifically; they frame success as reducing calories without constant hunger and say keto is “fine” if it achieves that, but that any other diet accomplishing the same is also good. This indicates a pragmatic, diet-agnostic view rather than a clearly positive or negative stance toward keto after the conversation.""}"
keto_412,"{""stance"":""negative"",""reasoning"":""The target user explicitly endorses the anti-keto/anti-carb-blaming position that “people miss,” emphasizing that the issue is disproportionate intake of bread/empty carbs rather than carbs themselves. They argue that natural carbs like fruit (with fiber) avoid insulin spikes, reinforcing a whole-foods, balanced-carb view that conflicts with keto’s low-carb premise. Their follow-up focuses on defending the fruit sugar point rather than expressing interest in keto, suggesting they remain skeptical/critical of keto after the discussion.""}"
keto_414,"{""stance"":""positive"",""reasoning"":""The target user explicitly says they have been anti-keto but that their “mind is changing,” and they’ve decided to try keto for 8 weeks. They report feeling fine on day 2.5 and are engaged with practical questions about optimizing keto with calorie intake, supplements, and weight training—showing openness and growing buy-in rather than rejection. The other user’s supportive, cautionary but encouraging reply (keto can work, expect adaptation, realistic weight-loss rates) likely reinforces confidence rather than increasing skepticism. Overall, the target user’s stance after the conversation is trending favorable/accepting.""}"
keto_415,"{""stance"":""neutral"",""reasoning"":""The target user never speaks in the transcript, so there’s no direct evidence of their opinion shifting. The conversation is strongly pro-keto and provides reassuring explanations and resources, which could nudge someone toward a positive view, but without any response from the target user indicating agreement, interest, or skepticism, the safest prediction is neutral.""}"
keto_418,"{""stance"":""neutral"",""reasoning"":""The target user does not appear in the provided transcript and expresses no explicit opinion about the keto diet. While the other user’s experience reflects a keto-aligned concern about hidden sugar, there’s no evidence of the target user’s reaction or any shift in their attitude, so the stance cannot be inferred beyond neutral.""}"
keto_419,"{""stance"":""neutral"",""reasoning"":""The target user never speaks in the provided transcript, so there is no direct evidence of their opinion about keto. The other user gives a practical keto-friendly tip about avoiding added sugars in flavored cream, but without any response from the target user, we can’t infer whether they feel positively or negatively about keto after the exchange.""}"
keto_420,"{""stance"":""neutral"",""reasoning"":""The target user never speaks in the provided transcript, so there’s no direct evidence of their opinion on keto. While the other user offers supportive, practical keto-friendly advice (heavy cream or keto sweetener), we can’t reliably infer that it changes the target user’s attitude. With insufficient information, the safest prediction is neutral.""}"
keto_421,"{""stance"":""neutral"",""reasoning"":""The target user never speaks in the provided transcript, so there’s no direct evidence of their opinion changing. The only message shown (from another user) frames keto as restrictive and not one-size-fits-all, which could introduce skepticism, but without the target user’s response it’s not possible to infer a clear positive or negative stance. Therefore the safest prediction is neutral.""}"
keto_422,"{""stance"":""neutral"",""reasoning"":""The target user never speaks in the provided transcript, so there’s no direct evidence of their opinion or any clear shift in attitude. The other user presents a balanced view (keto coffee isn’t required and whole foods matter), which doesn’t strongly push toward either endorsement or rejection of keto, so the safest prediction is neutral.""}"
keto_423,"{""stance"":""neutral"",""reasoning"":""The target user never speaks in the transcript, so there’s no direct evidence of their opinion. The other user presents practical, mildly supportive advice for staying keto-friendly (e.g., controlling heavy cream portions), which could be seen as pro-keto, but without any response from the target user we can’t infer adoption or rejection. Therefore the safest prediction is neutral.""}"
keto_424,"{""stance"":""neutral"",""reasoning"":""The target user did not speak in the provided transcript, so there is no direct evidence of their opinion or any change in attitude. The only message shown is generally supportive of keto-friendly coffee options, but without the target user’s response it’s not possible to infer whether they agree or are persuaded.""}"
keto_425,"{""stance"":""neutral"",""reasoning"":""The target user does not appear in the provided transcript and expresses no explicit opinion about the keto diet. The only message is from another user giving a nuanced, informational take on sugar-free syrups and ketosis, which doesn’t provide evidence of the target user adopting a positive or negative stance after the conversation.""}"
keto_426,"{""stance"":""positive"",""reasoning"":""The target user explicitly frames black coffee as “keto friendly” and is participating in a keto-context recommendation without any criticism or reservations about the diet. The rest of the conversation stays focused on coffee quality and brewing, with no negative keto-related pushback or counterarguments that would shift their view. Overall, their tone suggests alignment with and endorsement of keto-compatible choices.""}"
keto_429,"{""stance"":""neutral"",""reasoning"":""The target user argues strongly for a calories-in/calories-out framing and posts many studies suggesting no unique metabolic advantage for low-carb/keto versus other diets when calories and protein are controlled, which pushes back against pro-keto claims that sugar/insulin uniquely drive fat gain. However, they explicitly say they’ve done keto and that it works, and they clarify they’re not saying keto won’t work—only that it’s not the only way and that sugar isn’t necessarily “poison.” Taken together, they end the conversation viewing keto as a viable tool but not superior or necessary, indicating an overall neutral stance rather than positive or negative.""}"
keto_431,"{""stance"":""neutral"",""reasoning"":""The target user explicitly says they’ve done keto, that it works, and that they like it—indicating some openness/approval. However, they strongly argue against core keto-adjacent claims that sugar/carbs have unique fattening hormonal “mojo,” emphasizing CICO and citing many studies suggesting no metabolic advantage to keto when calories/protein are controlled. They frame keto mainly as a practical tool for calorie restriction (via protein/satiety), not as superior or necessary. Overall this is neither anti-keto nor pro-keto evangelism, but a pragmatic, evidence-based view: keto can work, but it’s not special—so the stance is best classified as neutral.""}"
keto_434,"{""stance"":""neutral"",""reasoning"":""The target user argues strongly against the idea that sugar is uniquely fattening and emphasizes CICO and evidence showing no special metabolic advantage for keto when protein and calories are controlled. At the same time, they explicitly say they’ve done keto, that it works (largely due to protein/satiety), and they tell someone not to unsubscribe from r/keto, indicating some approval of keto as a practical tool. This mix of skepticism about keto-specific claims but acceptance of keto as an effective approach points to an overall neutral stance rather than clearly positive or negative.""}"
keto_435,"{""stance"":""positive"",""reasoning"":""The target user repeatedly affirms that keto works and is “a great way to lose weight,” agrees that it’s easier/more effective for typical dieters due to satiety, and responds “Yes” to the idea that keto’s benefits come from improved satiety and reduced calorie intake. While they reject the claim that sugar/carbs are uniquely fattening via a special metabolic advantage (emphasizing CICO and controlled studies), that’s a critique of the mechanism/narrative, not opposition to keto itself. Overall their expressed view after the exchange is supportive of keto as a practical tool, hence positive.""}"
keto_438,"{""stance"":""positive"",""reasoning"":""The target user explicitly states they have done keto, that it works, that they like it, and advises not unsubscribing from r/keto. While they push back strongly against the idea that sugar uniquely causes fat gain and argue calories-in/calories-out is primary (framing keto as effective mainly via satiety/protein rather than a special metabolic advantage), this is a critique of the rationale behind keto—not a rejection of the diet. Overall their post-conversation stance remains favorable toward keto as a useful, liked approach.""}"
keto_439,"{""stance"":""neutral"",""reasoning"":""The target user explicitly says they’ve done keto, that it works, and that they like it, but they repeatedly argues against key pro-keto/anti-sugar framing (rejects “sugar makes you fat” as a unique biochemical claim and emphasizes calories-in/calories-out with protein as the main advantage). They recommend not unsubscribing from r/keto, indicating some openness/approval, yet their overall position is that keto is just one workable method rather than superior or necessary. This mix of mild approval and strong skepticism of common keto rationales points to a neutral stance overall.""}"
keto_440,"{""stance"":""positive"",""reasoning"":""The target user explicitly says they’ve done keto, that “it works,” and that they “like it,” and they advise someone not to unsubscribe from r/keto. Although they strongly reject the idea that sugar/insulin uniquely causes fat gain and emphasize calories-in-calories-out and protein-driven satiety (i.e., they deny a special metabolic advantage), they still view keto as an effective and likable approach for weight loss because it helps with satiety and calorie restriction. That combination indicates an overall positive stance toward keto after the conversation, albeit with a critical/nuanced rationale.""}"
keto_441,"{""stance"":""neutral"",""reasoning"":""The target user explicitly acknowledges that “keto…works,” says they “like it,” and advises not to unsubscribe from r/keto, which signals some openness. However, they strongly reject a core pro-keto framing used in the thread (that sugar/carbs are uniquely fattening via insulin/hormonal mechanisms), emphasizing instead calories-in/calories-out and arguing there’s no meaningful metabolic advantage to keto when protein and calories are controlled. Overall they view keto as a useful tool mainly because it helps calorie restriction/satiety (and protein), not as a superior or uniquely necessary approach—so their stance is mixed rather than clearly positive or negative.""}"
keto_446,"{""stance"":""neutral"",""reasoning"":""The target user argues strongly against the idea that sugar/carbs are uniquely fattening and cites many studies suggesting no metabolic advantage to keto when calories/protein are matched, emphasizing calorie balance as the key mechanism. However, they also explicitly say they’ve done keto, that it works, and that cutting carbs/sugar can be an effective way to reduce calories via satiety. This combination indicates neither a pro-keto endorsement nor an anti-keto rejection—more a pragmatic view that keto is one workable option among others.""}"
keto_447,"{""stance"":""neutral"",""reasoning"":""The target user argues strongly against the idea that keto/low-carb has a unique metabolic advantage for fat loss, citing many studies supporting calorie balance and noting water/glycogen effects that can make low-carb look dramatic short-term. However, they explicitly say they’ve done keto and it works, and they don’t dismiss it as ineffective—just not uniquely necessary. After the exchange (including the water/sodium point being accepted by another user), their stance remains balanced: keto can be a useful tool, but not superior in principle, which is overall neutral rather than positive or negative.""}"
keto_448,"{""stance"":""neutral"",""reasoning"":""The target user argues strongly against a unique metabolic advantage for keto/low-carb versus other calorie-restricted diets, emphasizing that controlled studies show similar weight loss when calories and protein are matched and that energy balance is primary. However, they explicitly add that they’ve done keto and it works, framing it as a useful adherence tool (satiety, easier calorie restriction) rather than a “metabolic miracle.” The other user’s reply largely validates this framing rather than challenging it, so the target user would likely remain balanced: not anti-keto, but not pro-keto as superior—overall a neutral stance.""}"
keto_452,"{""stance"":""neutral"",""reasoning"":""The target user argues strongly against the idea that sugar/carbs have a unique fattening “metabolic advantage” and emphasizes controlled studies showing weight loss largely follows calories in vs. calories out. However, they explicitly state they’ve done keto and that it works, framing keto as a practical tool for appetite control rather than a superior biochemical fat-loss mechanism. The other user’s conciliatory reply reinforces this framing (keto helps via satiety/spontaneous calorie reduction), so the target user’s post-conversation stance remains balanced: not anti-keto, but not pro-keto as uniquely effective—overall neutral.""}"
keto_453,"{""stance"":""neutral"",""reasoning"":""The target user argues strongly against keto having a unique metabolic advantage and emphasizes that controlled studies show no meaningful fat-vs-carb edge when calories/protein are matched, framing weight loss primarily as calories-in vs calories-out. However, they explicitly state they’ve done keto and that it works, describing it as a useful tool for calorie restriction via satiety rather than ‘sugar is poison.’ The other user’s reply validates this framing and finds common ground, which would likely leave the target user maintaining a pragmatic, tool-based view rather than shifting to pro- or anti-keto.""}"
keto_455,"{""stance"":""neutral"",""reasoning"":""The target user argues strongly against the idea that keto/low-carb has a unique metabolic advantage, citing many controlled studies suggesting weight loss depends primarily on energy balance (and possibly protein), and pushes back on “sugar makes us fat” as a biochemical inevitability. However, they explicitly say they’ve done keto and that it works, framing it as a practical tool for calorie restriction/satiety rather than a superior metabolic strategy. That combination indicates neither outright pro-keto nor anti-keto overall—more a skeptical-but-accepting, evidence-focused stance, i.e., neutral.""}"
keto_458,"{""stance"":""neutral"",""reasoning"":""The target user argues strongly against the idea that keto/low-carb has a unique metabolic advantage for fat loss, emphasizing metabolic ward data supporting “calories in vs calories out” and noting similar weight loss across macro splits when protein is controlled. However, they also explicitly say they’ve done keto, that it works, and that cutting carbs/sugar can be an effective way to achieve calorie restriction via improved satiety. The other user’s reply reinforces this appetite-adherence framing rather than disputing them. Net effect: they remain neither pro- nor anti-keto—accepting it as a useful tool but rejecting special claims—so their stance is best classified as neutral.""}"
keto_459,"{""stance"":""neutral"",""reasoning"":""The target user argues strongly against the idea that keto/low-carb has a unique metabolic advantage over other diets when calories and protein are matched, citing many studies and emphasizing CICO. However, they also explicitly say they’ve done keto, that it works, and that cutting carbs/sugar can be an effective way to achieve calorie restriction via satiety. The final reply from the other user largely validates this middle-ground framing rather than pushing them more pro- or anti-keto. Net effect: the target user remains pragmatic and non-ideological—neither strongly positive nor negative toward keto.""}"
keto_460,"{""stance"":""neutral"",""reasoning"":""The target user argues strongly that keto has no unique metabolic advantage over other diets when calories and protein are controlled, emphasizing CICO and citing many studies showing similar outcomes across macro ratios. However, they also explicitly say they’ve done keto and that it works, framing it as a practical way to reduce calories by improving satiety rather than as a harmful or ineffective approach. This combination reflects neither clear endorsement nor rejection of keto overall, but a balanced, evidence-driven view: keto can work, just not uniquely—so their stance is best classified as neutral.""}"
keto_461,"{""stance"":""neutral"",""reasoning"":""The target user argues strongly against a unique metabolic advantage for keto/low-carb when calories and protein are controlled, emphasizing CI/CO and citing many studies. However, they explicitly state they’ve done keto and that it works, framing it as a practical tool for calorie restriction via satiety rather than a superior biochemical approach. After the exchange, their position remains: keto can work but isn’t special—overall a neutral stance rather than pro- or anti-keto.""}"
keto_463,"{""stance"":""neutral"",""reasoning"":""The target user expresses a mixed view: they explicitly say they wouldn’t recommend keto as a permanent diet (a clear reservation), but they also believe it can be helpful as a temporary “course correction.” They also emphasize the importance of complex carbohydrates for most people. The other user reinforces this balanced, temporary-use framing rather than pushing keto strongly, so the target user’s stance remains neither strongly pro- nor anti-keto overall.""}"
keto_464,"{""stance"":""neutral"",""reasoning"":""The transcript shows only an [OTHER USER] commenting on research quality and asking about insulin’s role; there is no message from the [TARGET USER] and no explicit endorsement or rejection of keto attributable to them. With no evidence of the target user’s views or how they were influenced, the safest prediction is neutral.""}"
keto_467,"{""stance"":""neutral"",""reasoning"":""After the exchange, the target user shifts from a strongly sugar/insulin-leptin framing to a more agnostic, consensus-seeking position: they emphasize that scientists “don’t know everything yet,” that many hypotheses have counter-evidence, and that adherence matters most and multiple diets (including low-carb/Atkins) can work. They still argue processed sugars should be minimized, but they explicitly avoid claiming carbs/keto have a unique metabolic advantage. Overall this reads as neither pro- nor anti-keto—keto is presented as one workable option among many—so the stance is best predicted as neutral.""}"
keto_468,"{""stance"":""neutral"",""reasoning"":""After the exchange, the target user emphasizes uncertainty and ongoing debate (“we don’t know everything yet”), and explicitly states that many structured diets (including low-carb/Atkins-style approaches) can work primarily via adherence. They also narrow their strongest claim to processed/refined sugars being undesirable, while avoiding a firm pro-keto position or a strong anti-keto one. Overall, their stance ends up pragmatic and diet-agnostic rather than clearly supportive or critical of keto specifically.""}"
keto_471,"{""stance"":""positive"",""reasoning"":""The target user strongly endorses Lustig’s anti-sugar, insulin/leptin-based explanation for overeating and weight gain and explicitly states that eliminating sugar reverses cravings, increases satiety, and supports fat/weight loss—core claims commonly used to justify ketogenic/low-carb dieting. Even when confronted with counterarguments emphasizing calorie balance and studies showing no macro-based advantage, the target user’s edits double down on the biochemical/hunger-regulation framing (arguing those studies are ‘irrelevant’ to the evolutionary/why-carbs-are-fattening question) rather than conceding. The surrounding conversation includes pushback, but it doesn’t appear to move the target user away from a pro-low-carb/keto-aligned view; if anything, supportive replies reinforce it.""}"
keto_472,"{""stance"":""positive"",""reasoning"":""The target user strongly endorses Lustig’s anti-sugar framework, arguing sugar/carbs drive insulin–leptin dysregulation, increased hunger, and fat gain, and explicitly claims eliminating sugar reverses cravings and improves satiety/energy—ideas closely aligned with ketogenic/low-carb rationale. Even when confronted with extensive CICO/metabolic-ward citations, the target user’s own added comments defend the relevance of evolutionary/biochemical mechanisms rather than conceding. The final reply from another user reinforces the target user’s position by arguing many ‘low-carb’ studies aren’t truly ketogenic and by validating hormonal feedback-loop explanations, which would likely further strengthen the target user’s pro-keto stance.""}"
keto_473,"{""stance"":""positive"",""reasoning"":""The target user strongly endorses Lustig’s anti-sugar/insulin-leptin framing, argues that eliminating sugar reverses cravings and promotes fat loss, and engages in detailed defense of carbohydrate-driven mechanisms in a keto-focused context. The reply introduces a critique but is respectful and only notes “ongoing debate,” without directly refuting the target user’s claims; given the target user’s confident, explanatory tone and prior commitment, their stance would likely remain favorable toward keto (at minimum as a useful approach via sugar/carb restriction).""}"
keto_474,"{""stance"":""positive"",""reasoning"":""The target user strongly endorses Lustig’s anti-sugar/insulin–leptin framework, argues that eliminating sugar reduces cravings and promotes satiety/energy, and posts this in a keto subreddit context as supportive evidence for low-carb eating. The only reply affirms their explanation, reinforcing rather than challenging it. Overall this would leave the target user with an even more favorable view of keto (or at least sugar/carbohydrate restriction), so their stance after the conversation is positive.""}"
keto_475,"{""stance"":""positive"",""reasoning"":""The target user strongly endorses Lustig’s anti-sugar/low-carb framing, emphasizing insulin–leptin dynamics, craving/satiety effects, and claiming that eliminating sugar reverses hunger and boosts energy/metabolism leading to fat loss. They also reference r/keto discussions and defend the evolutionary/biochemical rationale for carbs being uniquely fattening. Nothing in the exchange suggests they softened or reversed this view, so their post-conversation stance toward keto (as a sugar/carbohydrate-restricting approach) remains positive.""}"
keto_479,"{""stance"":""neutral"",""reasoning"":""The target user remains skeptical of the purely calories-in/calories-out framing and repeatedly argues that keto/fat likely improves satiety duration and makes weight loss easier, citing their own experience gaining weight on a higher-carb “normal” diet despite similar protein. However, they also show confusion about calorie density and engage in open-ended questioning rather than endorsing keto outright. The other user’s explanations (water weight, satiety, calorie balance) partially address their concerns without clearly persuading them away from keto. Overall, the target user seems unconvinced but still exploring, leaving their post-conversation stance mixed rather than clearly positive or negative.""}"
keto_481,"{""stance"":""neutral"",""reasoning"":""The target user repeatedly argues that keto can work but has no special metabolic advantage for fat loss beyond helping people reduce calorie intake (mainly via increased satiety). They also reject anti-carb/keto dogma that treats carbs as uniquely fattening or ‘evil.’ Overall they view keto as a valid tool but not superior or magical, which indicates a mixed, pragmatic stance rather than clearly positive or negative.""}"
keto_482,"{""stance"":""positive"",""reasoning"":""The target user explicitly endorses keto as “so damn successful,” argues that sugar/refined carbs undermine satiety and make maintaining a calorie deficit harder, and contrasts miserable hunger on low-fat dieting with better results and sustainability when avoiding sugar and staple carbs. They also state they’re “done” with pasta/bread and treat carbs as rare, indicating a committed, favorable view toward keto after the discussion.""}"
keto_487,"{""stance"":""neutral"",""reasoning"":""The target user never expresses their own opinion about keto in the transcript, so there’s no direct evidence of a positive or negative stance. The conversation presents mixed messages: one side frames sugar/insulin as uniquely fattening (pro-keto rationale), while another cites many studies emphasizing calories-in/calories-out and says keto can work mainly via satiety/protein without a special metabolic advantage. This balanced, “keto works but isn’t magic” framing would most likely leave the target user with a neutral stance rather than clearly positive or negative.""}"
keto_490,"{""stance"":""neutral"",""reasoning"":""The transcript contains only an OTHER USER discussing shirataki noodles and possible digestive issues; the TARGET USER does not speak or express any opinion about keto. With no direct evidence of the target user’s view or any clear indication of persuasion affecting them, their stance toward the keto diet after the conversation cannot be determined and is best classified as neutral.""}"
keto_491,"{""stance"":""neutral"",""reasoning"":""The target user does not appear in the provided transcript, so there is no direct evidence of their opinion about keto or how the conversation affected them. With insufficient information about the target user’s statements or reactions, the safest prediction is neutral.""}"
keto_492,"{""stance"":""neutral"",""reasoning"":""The target user never speaks in the transcript, so there’s no direct evidence of their attitude after the exchange. The other user frames keto as potentially causing unpleasant transition symptoms and as not necessarily the best fit for everyone, while offering a moderated, flexible view (it can work depending on fat choices, but a balanced diet is often sustainable). Without the target user’s response, the safest prediction is that their stance remains undecided/neutral rather than clearly positive or negative.""}"
keto_494,"{""stance"":""neutral"",""reasoning"":""The transcript contains only an [OTHER USER] message discussing why a physician might prefer Mediterranean over keto and suggesting the target user ask for medical reasons or seek a second opinion. The [TARGET USER] never states an opinion about keto, and there’s no direct evidence of how they react to or are persuaded by this advice. Without explicit target-user language or clear behavioral cues, the safest prediction is that their stance remains neutral.""}"
keto_495,"{""stance"":""neutral"",""reasoning"":""The target user never speaks in the provided transcript, so there’s no direct evidence of their opinion or any change in attitude. The only content shown is another user acknowledging concerns and presenting a balanced view (keto can work for some but isn’t for everyone), which doesn’t clearly push the target user toward either a positive or negative stance.""}"
keto_499,"{""stance"":""neutral"",""reasoning"":""The target user challenges the claim that long-term keto lacks evidence by pointing out Atkins has existed for decades, suggesting some openness or skepticism toward anti-keto arguments. However, they don’t explicitly endorse keto, report personal benefits, or reject the concerns raised; after the explanation about the lack of controlled long-term data, there’s no further response showing a clear positive or negative shift. Overall, their stance remains undecided/neutral.""}"
keto_500,"{""stance"":""neutral"",""reasoning"":""The target user is generally supportive of conventional medical care and skeptical that lifestyle changes alone can treat many conditions. They explicitly note that for autoimmune disease “some diets are helpful, though probably not keto,” which signals mild doubt about keto’s usefulness in at least one domain. However, they don’t make a broad anti-keto statement, and the other user’s final message only introduces keto as a possible supportive tool without prompting a clear shift. Overall, the target user’s stance remains neutral, with slight skepticism but insufficient evidence of a firm negative view.""}"
keto_501,"{""stance"":""positive"",""reasoning"":""The target user is described as “successfully using a ketogenic approach,” having lost 115 lbs with improved health markers, indicating strong personal benefit and commitment. The conversation validates keto as aligned with their metabolic goals and frames the provider’s pushback as outdated, reinforcing the target user’s confidence rather than introducing doubts. Overall, the interaction would likely strengthen or maintain a favorable view of keto.""}"
