conv_id,response
keto_2,"{""stance"":""neutral"",""reasoning"":""The target user only corrects a definition/contrast (keto is low-carb; carnivore is zero-carb) and uses an analogy to emphasize the distinction. They do not express approval or disapproval of keto’s health effects, sustainability, or desirability, and there’s no clear evidence the discussion shifts them toward supporting or opposing keto.""}"
keto_5,"{""stance"":""negative"",""reasoning"":""The target user repeatedly frames carnivore/Atkins-style dieting as conspiratorial and harmful, explicitly describes ketosis as an “artificial starvation state,” and mocks pro-carnivore arguments as propaganda/flat-earth-level misinformation. Since keto is closely associated with ketosis and Atkins-like low-carb dieting, their comments strongly imply a negative view of keto as well, and nothing in the exchange suggests they were persuaded otherwise.""}"
keto_6,"{""stance"":""neutral"",""reasoning"":""The target user expresses uncertainty and skepticism via a practical concern (“where do you get your fibre from??”), indicating they don’t fully buy into carnivore/keto claims as stated. However, they don’t reject keto outright or make negative claims about it; they’re asking for clarification. The reply they receive asserts fiber is unnecessary, which could slightly reassure them, but there’s no evidence they accept it. Overall, their post-conversation stance toward keto remains undecided/neutral.""}"
keto_7,"{""stance"":""neutral"",""reasoning"":""The target user only asks a clarifying question about carnivore (fiber source) and does not express approval or disapproval of keto. Their skepticism is directed at the claim that keto and carnivore are the same, but there’s no clear evaluation of keto itself or indication their view shifted; thus their stance toward keto remains neutral.""}"
keto_9,"{""stance"":""positive"",""reasoning"":""The target user explicitly endorses keto based on personal experience (“you would know how good it feels… cleaner… energy all the time”), and nothing in their replies suggests doubt or reversal. They acknowledge other diets can work for others, but they defend keto as a distinct, positive experience rather than accepting the counterclaim that the benefits are just from avoiding processed foods. Overall, their stance remains favorable toward keto after the conversation.""}"
keto_10,"{""stance"":""neutral"",""reasoning"":""The target user expresses frustration with divisive nutrition advice and a negative personal experience with a plant-based diet (feeling worse, losing muscle). They do not endorse keto, criticize it, or indicate interest in trying it. The other user’s pro-plant-based and anti-keto comparison is present, but there’s no clear sign it changes the target user’s view. With no explicit positive or negative statement about keto from the target user, their post-conversation stance is best predicted as neutral.""}"
keto_11,"{""stance"":""neutral"",""reasoning"":""The target user discusses “whole foods” vs lightly processed foods and argues for whole grains over bread due to additives. They never mention keto, ketosis, carbs, or express approval/disapproval of keto. Their preference for whole grains could slightly conflict with strict keto, but it’s framed as a general health point, not a stance on keto. With no explicit or strong implied position on keto after the exchange, the best prediction is neutral.""}"
keto_15,"{""stance"":""neutral"",""reasoning"":""The target user brings up keto mainly as a comparison point in an argument about carnivore/veganism, calling it a long-running “fad” and questioning the lack of elite athlete advocates. They don’t endorse keto’s benefits or reject it outright; their comments are skeptical/ironic but not a clear negative conclusion. With no explicit personal stance or change indicated, the best prediction is neutral.""}"
keto_16,"{""stance"":""neutral"",""reasoning"":""The target user doesn’t express approval or disapproval of keto itself; they mainly argue about industry influence and media coverage and repeatedly clarify they’re just trying to find examples of athletes on keto/carnivore. That indicates curiosity/interest but not a clear positive endorsement, and there’s no sign the conversation shifts them into a pro- or anti-keto position.""}"
keto_18,"{""stance"":""negative"",""reasoning"":""The target user explicitly argues that Tom Brady’s diet is not keto and highlights elements (80% plant-based, whole wheat, limiting saturated fat) as the opposite of keto. Their tone is corrective and dismissive toward labeling it keto, indicating an overall negative stance toward keto in this context.""}"
keto_19,"{""stance"":""negative"",""reasoning"":""The target user repeatedly corrects the claim that Tom Brady’s diet is keto, citing that it’s largely plant-based and aligns more with Mediterranean/Asian patterns. They explicitly state that limiting saturated fat and eating whole wheat is the opposite of keto, indicating a dismissive/critical view of keto in this context.""}"
keto_20,"{""stance"":""negative"",""reasoning"":""The target user repeatedly argues against animal fats and meat-based diets, explicitly contrasts vegan eating favorably to “carnivore and keto” as restrictive, calls heme iron carcinogenic, and claims saturated fat/cholesterol from diet are harmful. They also describe animal fat intake as driving LDL/triglycerides and chronic disease, and dismiss pro-meat arguments as misinformation/propaganda. Since keto is typically high-fat and often animal-fat-forward, the conversation leaves the target user with an overall negative stance toward keto.""}"
keto_22,"{""stance"":""neutral"",""reasoning"":""The target user never expresses an opinion about the keto diet’s effectiveness or health impacts. The only mention is dismissive of its relevance (“Keto being worse is irrelevant”) and they don’t endorse or criticize keto itself. Their focus is arguing that vegan diets are a disadvantage for strength sports, not that keto is good or bad, so there isn’t enough evidence to infer a positive or negative stance toward keto after the conversation.""}"
keto_24,"{""stance"":""negative"",""reasoning"":""The target user repeatedly argues that carbs are essential for workout intensity and explosive performance, calls the demonization of carbs “ridiculous,” and rejects the idea that reducing carbs is beneficial or “magical” for weight loss. They only grant a narrow exception where keto might help a small minority (e.g., epilepsy/type 1 diabetes). Even after pushback from others, they double down (“Disagree completely”), so their stance toward keto after the conversation is negative.""}"
keto_26,"{""stance"":""negative"",""reasoning"":""The target user explicitly rejects the demonization of carbs, calls carbs essential for performance, and says people should fuel exercise with healthy carbs as non-negotiable except for limited medical cases. This indicates a strong preference against keto/low-carb dieting for most people, with only narrow exceptions acknowledged.""}"
keto_27,"{""stance"":""negative"",""reasoning"":""The target user argues against all-meat/carnivore-style eating by emphasizing that humans historically consumed significant plant matter, that even Inuit weren’t strict carnivores, and that vitamin C is necessary and (in their view) not obtainable from animal sources. They frame genetics as supporting a mixed diet with plants. Although another user challenges them with claims about vitamin C needs on low-carb and vitamin C in meat, the target user’s expressed position is strongly skeptical of eliminating plants—aligned with a negative stance toward keto/carnivore-style diets after this exchange.""}"
keto_28,"{""stance"":""neutral"",""reasoning"":""The target user only asks a clarifying question about whether keto athletes stay ketogenic in training but use carbs on race day. They do not express approval or disapproval of keto, and there isn’t enough evidence that the other users’ anti-keto performance arguments changed the target user’s view.""}"
keto_30,"{""stance"":""neutral"",""reasoning"":""The target user never appears in the transcript and makes no statements about keto. While the conversation includes both a strong pro-keto anecdote and a more critical, evidence-based rebuttal, there’s no information about how the target user reacts or which side they accept. With insufficient evidence of the target user’s opinion or change in opinion, the stance is best classified as neutral.""}"
keto_31,"{""stance"":""negative"",""reasoning"":""The target user repeatedly argues that carbohydrates are necessary for muscle glycogen and athletic performance, explicitly stating keto may help you “look strong” but you “won’t outperform someone fueled on carbs.” They also describe low-carb/keto physiques as “soft” and less dense, implying worse functional strength and muscle quality. Nothing in the exchange suggests they soften this view; if anything, they reinforce it in response to counterpoints.""}"
keto_32,"{""stance"":""negative"",""reasoning"":""The target user explicitly argues that carbs are necessary for high athletic performance, stating that keto may help someone “look strong” but won’t allow outperforming someone fueled on carbs, and contrasts keto with being “functionally strong.” The follow-up mention of an athlete on a carnivore diet doesn’t show the target user changing their view, so their post-conversation stance remains negative toward keto.""}"
keto_33,"{""stance"":""neutral"",""reasoning"":""The target user never speaks in the provided transcript, so there’s no explicit indication of their opinion. While the other user expresses skepticism about keto for high-level athletic performance, there’s not enough evidence to conclude the target user adopts that view after the conversation. With insufficient information about the target user’s reaction, the safest prediction is neutral.""}"
keto_34,"{""stance"":""neutral"",""reasoning"":""The target user corrects misinformation by noting Jeff Browning’s reported carb intake isn’t keto and that even when keto it wasn’t carnivore, but they don’t express approval or disapproval of keto itself. Their tone is factual/clarifying rather than supportive or critical, so the stance remains neutral.""}"
keto_36,"{""stance"":""positive"",""reasoning"":""The target user defends the ketogenic diet conceptually and linguistically, asserting that producing ketones means one is eating a ketogenic diet, and argues carbs are the problem (invoking diabetes history and advising cutting back on honey/breads). Their tone is emphatic and supportive of keto principles, thanking another user for “using words correctly” and pushing back against criticism, indicating a positive stance after the conversation.""}"
keto_43,"{""stance"":""positive"",""reasoning"":""The target user explicitly defends keto by claiming greens are keto and asserting that the “real traditional Mediterranean diet” is at least low-carb. They also dismiss the mainstream Mediterranean diet as “fake” and profit-driven, implying preference for a low-carb/keto-aligned interpretation. There’s no indication they are persuaded by the other user’s pushback, so their stance remains positive toward keto.""}"
keto_46,"{""stance"":""neutral"",""reasoning"":""The target user never speaks in the provided transcript, so there is no direct evidence of their opinion or any change in it. While the conversation includes both a defense of keto (it can include vegetables and is misunderstood) and a critique (people adding lard/butter to coffee), there’s not enough information to infer how the target user is influenced. Therefore the safest prediction is neutral.""}"
keto_48,"{""stance"":""negative"",""reasoning"":""The target user is skeptical of genetics-driven diet claims and, in response to carnivore/keto-style eating, emphasizes that people in those communities often redefine “great” bloodwork and dismiss high LDL and inflammatory markers based on keto authors rather than mainstream cardiology standards. Even though they’re polite (“Glad to hear it’s working for you”), their substantive comments highlight concerns and distrust of keto/carnivore health interpretations, indicating an overall negative stance toward keto after the exchange.""}"
keto_52,"{""stance"":""positive"",""reasoning"":""The target user strongly defends keto as “absolutely not a fad,” frames it as a legitimate medical treatment, and says keto/fasting/carnivore are “the only things” keeping them healthy and functioning given their metabolic and autoimmune issues. Their language is emphatically supportive and personal-benefit-based, indicating a clearly positive stance after the conversation.""}"
keto_54,"{""stance"":""negative"",""reasoning"":""After the conversation, the target user is exposed to a strongly cautionary message that explicitly advises avoiding keto as an “extreme trend,” framing it as unhealthy, tied to starvation tactics, and risky for well-being. With no counterarguments presented and the speaker claiming professional credibility and personal success with a non-keto approach, the likely resulting stance toward keto is negative.""}"
keto_55,"{""stance"":""positive"",""reasoning"":""The target user explicitly says they started keto in April and \""really like it,\"" indicating a favorable attitude. The other user’s reply is supportive and describes keto-adjacent approaches (lazy keto/low-carb) without criticizing keto, so there’s no conversational push that would likely shift the target user away from their already positive stance.""}"
keto_56,"{""stance"":""neutral"",""reasoning"":""The target user never speaks in the provided transcript, so there’s no direct evidence of their opinion about keto or any change in attitude after the conversation. With insufficient information about the target user’s reactions or views, the safest prediction is neutral.""}"
keto_60,"{""stance"":""neutral"",""reasoning"":""The target user did not contribute any message in the provided transcript, so there is no explicit opinion or reaction to others’ comments to infer a shift. With insufficient evidence of the target user’s attitude after the conversation, the most appropriate classification is neutral.""}"
keto_64,"{""stance"":""positive"",""reasoning"":""The target user actively defends keto, corrects what they see as misconceptions (keto is high-fat/moderate-protein, not high-protein), challenges criticism by asking for evidence, and counters with studies suggesting keto can reduce inflammation and have hormonal benefits (e.g., PCOS). Even after others provide counterarguments and mock keto followers, the target user maintains a pro-keto framing and does not concede; they attribute negative findings to study context (obese subjects/early adaptation). This indicates a positive stance toward keto after the conversation.""}"
keto_65,"{""stance"":""positive"",""reasoning"":""The target user defends keto’s benefits, emphasizing reduced hunger, more stable blood sugar in ketosis, and framing high carb intake (200–300g/day) as problematic for carb-intolerant people. They push back against criticism rather than expressing doubts, indicating a favorable stance toward keto after the exchange.""}"
keto_68,"{""stance"":""positive"",""reasoning"":""The target user repeatedly defends keto against criticisms, arguing that lack of evidence is due to insufficient research rather than negative findings, and cites potential benefits (diabetes reversal, tumor reduction, neurological disorders). They also push back strongly on claims that keto is “extreme” or “unnatural,” reframing it as more evolutionarily aligned than modern high-carb foods. Nothing in the exchange suggests they were persuaded away from keto; if anything, they reinforce a pro-keto view.""}"
keto_70,"{""stance"":""positive"",""reasoning"":""The target user defends keto against criticism, asserts others misunderstand ketosis/keto-adaptation, and cites multiple perceived benefits (prediabetes prevention, neurological help, healthier lipid profiles). Their tone is dismissive of anti-keto arguments and they label the critic a troll, indicating a firmly pro-keto stance after the exchange.""}"
keto_71,"{""stance"":""positive"",""reasoning"":""The target user repeatedly defends keto, asserting the body can make glucose as needed and that people often experience better creativity and focus once keto-adapted. They dismiss the other user’s warnings as incorrect and double down on “basic physiology” supporting their view. Nothing in their replies indicates they were persuaded to become skeptical; their tone remains confident and combative in favor of keto.""}"
keto_73,"{""stance"":""neutral"",""reasoning"":""The target user never speaks in the transcript, so there’s no direct evidence of their attitude toward keto. The discussion contains both pro-keto elements (a physician reporting good results and explaining how to achieve ketosis) and caution/critique (ketosis is hard to maintain, strict carb limits, concerns about measurement methods and distinctions from ketoacidosis). With no target-user reactions, the safest prediction is that their stance remains neutral.""}"
keto_78,"{""stance"":""neutral"",""reasoning"":""The target user is engaged in refining an explanation about carbs (glycemic index and the “good vs bad carb” framing) and thanks another user for a suggestion, but they don’t express approval or disapproval of keto itself. Their comment indicates interest in addressing misconceptions about carbs rather than endorsing or rejecting keto, so there isn’t enough evidence of a clearly positive or negative stance after the exchange.""}"
keto_79,"{""stance"":""neutral"",""reasoning"":""The target user expresses curiosity and mild enthusiasm about ketones (“Pretty cool trick”) but also admits they haven’t tried them and doesn’t explicitly endorse or reject keto itself. The other user’s correction may temper the initial excitement, leaving no clear positive or negative shift toward the keto diet overall.""}"
keto_81,"{""stance"":""neutral"",""reasoning"":""The target user gives a cautious, conditional view: keto may be fine for “normal” people but should be cleared with a doctor for kidney/heart issues and monitored via lipid panels after 6 months. They don’t express enthusiasm or rejection, and the vegan user’s pushback doesn’t elicit a visible change in the target user’s position. Overall this remains a measured, monitoring-focused stance rather than clearly pro- or anti-keto.""}"
keto_83,"{""stance"":""positive"",""reasoning"":""The target user strongly defends keto against criticisms (muscle loss, athletic performance), calls the concerns a “common myth,” claims keto is “extremely good at sparing muscle,” and cites athlete use plus specific resources (/r/ketogains, a low-carb performance book). Their tone is confident and supportive of keto, indicating a positive stance after the conversation.""}"
keto_84,"{""stance"":""neutral"",""reasoning"":""The transcript contains no messages from the [TARGET USER], so there’s no direct evidence of their opinion or any change in attitude. While the discussion highlights both benefits (fat loss/therapeutic effects) and drawbacks (strict carb limits, difficulty maintaining ketosis, cheating setbacks), we can’t infer how the target user personally reacts. With insufficient evidence about the target user’s post-conversation view, the best prediction is neutral.""}"
keto_86,"{""stance"":""neutral"",""reasoning"":""The target user did not contribute any statements in the provided transcript, so there is no direct evidence of their attitude toward keto or how it changed after the conversation. With insufficient information about the target user’s views, the most appropriate prediction is neutral.""}"
keto_87,"{""stance"":""neutral"",""reasoning"":""The target user never speaks in the provided transcript, so there’s no explicit opinion to update. While the other user criticizes keto as unnecessary and highlights drawbacks (e.g., giving up favorite foods, keto breath) and promotes calorie deficit instead, we can’t reliably infer that the target user adopts this view. With insufficient evidence of the target user’s reaction, the most supported classification is neutral.""}"
keto_89,"{""stance"":""neutral"",""reasoning"":""The transcript contains only an [OTHER USER] asking about carb reload days and describing their keto camp’s advice. There is no message from the [TARGET USER], so there’s no evidence of the target user’s attitude or any change in stance toward keto. With insufficient information about the target user’s views after the conversation, the best prediction is neutral.""}"
keto_90,"{""stance"":""neutral"",""reasoning"":""There is no message from the [TARGET USER] in the provided transcript, only a question from another user. Without any explicit statements or reactions from the target user, there isn’t enough evidence to infer whether their view of keto becomes positive or negative after the conversation, so the best prediction is neutral.""}"
keto_95,"{""stance"":""neutral"",""reasoning"":""The transcript contains only an [OTHER USER] expressing concern and asking for practical tips; there is no message from the [TARGET USER] or any indication of their opinion. With no evidence of the target user’s views or how they were influenced, the safest prediction is neutral.""}"
keto_97,"{""stance"":""neutral"",""reasoning"":""The transcript contains only a question from another user about alcohol’s impact on liver energy production while on the diet. The target user does not express any opinion, experience, or reaction about keto, so there isn’t enough evidence to infer a positive or negative stance change.""}"
keto_99,"{""stance"":""neutral"",""reasoning"":""The transcript only shows another user asking questions about keto’s affordability, healthfulness for low body fat, and muscle building. The target user does not speak, so there’s no evidence of their opinion or any change in stance resulting from the conversation. With insufficient information about the target user’s attitude, the safest prediction is neutral.""}"
keto_100,"{""stance"":""neutral"",""reasoning"":""The target user does not appear in the transcript and provides no explicit opinion about keto. With no evidence of their reactions or attitude after the conversation, there isn’t enough information to infer a positive or negative stance, so the safest prediction is neutral.""}"
keto_103,"{""stance"":""neutral"",""reasoning"":""The transcript contains only a question from another user about multivitamins/antidepressants and does not include any message from the identified [TARGET USER] expressing an opinion or reaction about the keto diet. With no evidence of the target user’s attitude or any demonstrated influence on them, the safest prediction is neutral.""}"
keto_105,"{""stance"":""neutral"",""reasoning"":""The transcript contains no message from the explicitly identified [TARGET USER] and provides no direct evidence of their opinion or any change in attitude. Without the target user’s statements or reactions, their stance toward keto after the conversation cannot be inferred beyond neutral.""}"
keto_106,"{""stance"":""neutral"",""reasoning"":""The target user never appears in the provided transcript and gives no statements about keto. With no evidence of their views or any interaction that could shift their opinion, the safest prediction is neutral.""}"
keto_107,"{""stance"":""neutral"",""reasoning"":""The target user never appears in the transcript and provides no statements or reactions about keto. With no evidence of their opinion or any interaction that could shift it, their post-conversation stance can’t be inferred beyond neutral.""}"
keto_108,"{""stance"":""neutral"",""reasoning"":""The transcript contains only a question from another user and no statements from the target user, nor any discussion that would reveal or influence the target user’s opinion of keto. With no evidence of the target user’s attitude or change in attitude, the most defensible prediction is neutral.""}"
keto_110,"{""stance"":""neutral"",""reasoning"":""The transcript contains only a question from an other user and no message from the target user. There’s no evidence of the target user’s opinion or any expressed reaction that would indicate a positive or negative stance shift, so the safest prediction is neutral.""}"
keto_111,"{""stance"":""neutral"",""reasoning"":""The target user never speaks in the provided transcript, so there’s no explicit indication of their view or any observable change in attitude. Although the other user strongly criticizes keto and points to a source, we can’t reliably infer that the target user accepts or rejects those claims based on this alone, so the safest prediction is neutral.""}"
keto_112,"{""stance"":""neutral"",""reasoning"":""The target user never speaks in the provided transcript, so there’s no direct evidence of their opinion or any reaction to the other user’s comment. With insufficient information about the target user’s stance or how they were influenced, the best prediction is neutral.""}"
keto_113,"{""stance"":""neutral"",""reasoning"":""The transcript contains only another user’s negative claim about ketosis and provides no statements or reactions from the target user. With no evidence of the target user’s prior view or how they responded to this argument, there isn’t enough information to infer a positive or negative stance shift, so neutral is most appropriate.""}"
keto_114,"{""stance"":""neutral"",""reasoning"":""The transcript contains no statements or discussion from the target user (only a placeholder message from another user), so there is no evidence of the target user’s attitude toward keto or any conversational influence that would shift it. With insufficient information, the most appropriate prediction is neutral.""}"
keto_115,"{""stance"":""neutral"",""reasoning"":""The target user shows informed interest in keto (mentions ketogains strategy and suggests CKD as an alternative), but they don’t express a clear personal endorsement. The other user’s pushback—that keto is likely detrimental/unnecessary for marathon running—goes largely unchallenged and could temper enthusiasm. Overall, the target user remains exploratory and pragmatic rather than clearly positive or negative.""}"
keto_117,"{""stance"":""neutral"",""reasoning"":""The target user responds with troubleshooting questions about hydration and salt/electrolytes, implying they view keto as workable if managed correctly, but they do not explicitly endorse or criticize keto overall. Their tone is practical and problem-solving rather than clearly positive or negative, so the stance remains neutral.""}"
keto_118,"{""stance"":""positive"",""reasoning"":""The target user speaks favorably about keto based on personal experience (“I've been keto since November”), provides practical resources (r/veganketo, recipe sites), and defends keto’s metabolic basis (ketones can fuel the brain without dietary glucose). They also frame keto as helpful for satiety and easier calorie reduction, offering tips for success (adequate protein, suitable vegan fat/protein sources). Nothing in the exchange suggests they became more skeptical afterward; the other user declining keto doesn’t change the target user’s supportive stance.""}"
keto_119,"{""stance"":""neutral"",""reasoning"":""The transcript contains only an [OTHER USER] praising keto and discussing performance concerns; the [TARGET USER] never speaks or reveals any opinion. Without any explicit statements or reactions from the target user, there isn’t enough evidence to infer a positive or negative stance shift, so the best prediction is neutral.""}"
keto_120,"{""stance"":""neutral"",""reasoning"":""The target user does not appear in the transcript and provides no explicit opinion about keto. With no statements or reactions from the target user, there isn’t enough evidence to infer a positive or negative stance shift after the conversation.""}"
keto_122,"{""stance"":""neutral"",""reasoning"":""The target user never speaks in the provided transcript, so there’s no explicit indication of their opinion or any clear evidence of how the other user’s pro-keto experience would change their view. With insufficient information about the target user’s reaction, the safest prediction is neutral.""}"
keto_123,"{""stance"":""neutral"",""reasoning"":""The target user is not present in the provided transcript and expresses no explicit opinion about keto. With no statements from the target user and no evidence of how the conversation affected them, there isn’t enough information to infer a positive or negative stance, so the safest prediction is neutral.""}"
keto_124,"{""stance"":""neutral"",""reasoning"":""The target user is not present in the provided transcript and expresses no explicit opinion. With no evidence of how they would react to the other user’s skepticism about keto, there isn’t enough information to infer a positive or negative stance shift, so neutral is the safest prediction.""}"
keto_125,"{""stance"":""negative"",""reasoning"":""The target user positions themselves as a committed vegan who views their diet as \""the healthiest\"" and morally/environmentally superior, and they challenges keto by asking for reasons not to do it. After the exchange, they double down on veganism and dismiss the need for keto by emphasizing already-strong lipid results and citing vegan nutrition sources, indicating an unfavorable stance toward keto rather than openness to it.""}"
keto_126,"{""stance"":""negative"",""reasoning"":""The target user explicitly warns that keto is \""killing you,\"" claims it clogs arteries with fat, and directs others to a source they believe supports the claim. Even when challenged that the site has nothing about keto, they respond \""exactly,\"" reinforcing a dismissive, anti-keto position rather than softening it. Overall their stance after the exchange remains strongly negative.""}"
keto_127,"{""stance"":""negative"",""reasoning"":""The target user explicitly claims keto diets are “killing you,” warns about fat-clogged arteries, and directs others to a site they believe supports this view. Their follow-up (“exactly.”) reinforces a dismissive, critical attitude rather than softening it. Nothing in the exchange suggests they reconsider, so their stance remains strongly negative.""}"
keto_130,"{""stance"":""neutral"",""reasoning"":""The target user never expresses an opinion about keto in the provided transcript, and there’s no evidence of their reaction or engagement with the claim that keto offers no fat-loss advantage when calories are matched. With insufficient information to infer a shift, the most supported prediction is neutral.""}"
keto_131,"{""stance"":""neutral"",""reasoning"":""The target user is not present in the provided transcript and there are no statements from them indicating approval, disapproval, or any change in attitude toward keto. With no evidence of the target user’s views or how they were influenced by the discussion, the most justified prediction is neutral.""}"
keto_132,"{""stance"":""neutral"",""reasoning"":""The transcript contains only a question from another user asking for keto information and includes no statements, reactions, or opinions from the target user. With no evidence of the target user expressing approval or disapproval, or being influenced by others’ arguments, the safest prediction is neutral.""}"
keto_133,"{""stance"":""neutral"",""reasoning"":""The target user does not appear in the provided transcript and expresses no view about keto. The only message shown is from another user raising a concern about keto and type 1 diabetes, which suggests skepticism in the conversation context, but there’s insufficient evidence to infer the target user’s post-conversation stance.""}"
keto_134,"{""stance"":""neutral"",""reasoning"":""The target user never speaks in the transcript, so there’s no explicit attitude toward keto to evaluate. With no evidence of their reactions to others’ arguments or any stated beliefs, the safest prediction is neutral due to insufficient information about their post-conversation stance.""}"
keto_135,"{""stance"":""neutral"",""reasoning"":""The transcript contains no statements from the target user and no substantive discussion about keto (only a placeholder from another user). With no evidence of the target user’s views or any persuasive exchange that could shift them, the safest prediction is neutral.""}"
keto_136,"{""stance"":""neutral"",""reasoning"":""The target user did not speak in the provided transcript, so there is no direct evidence of their opinion changing. While the other user expresses a mixed view (keto can help initially but they prefer vegan and exercise), we can’t reliably infer the target user’s resulting stance from that alone.""}"
keto_137,"{""stance"":""positive"",""reasoning"":""The target user consistently defends keto as a valid option, describes personal benefits (no sacrifice, improved palate, no carb cravings), and frames restrictions like avoiding bread as only “extreme” depending on the individual’s habits. Nothing in the exchange suggests they were persuaded against keto; they remain supportive and comfortable with it.""}"
keto_138,"{""stance"":""neutral"",""reasoning"":""The target user never speaks in the transcript, so there’s no explicit opinion to anchor a clear stance. The conversation includes a strong pro-keto anecdote (rapid weight loss while increasing lifts) but also highlights practical downsides and alcohol/ketosis interference, which could temper enthusiasm. With no evidence of the target user’s reaction, the safest prediction is neutral.""}"
keto_139,"{""stance"":""positive"",""reasoning"":""The target user defends keto by suggesting the other person’s negative experience may have been due to nutrient/electrolyte deficiencies rather than the diet itself, cites their own similar issue that improved with supplementation, and responds in a supportive but pro-keto way. Nothing in the exchange indicates the target user became more critical of keto afterward.""}"
keto_141,"{""stance"":""positive"",""reasoning"":""The target user defends keto repeatedly, frames it as a helpful method for some people, and describes personal benefits (no sense of sacrifice, improved palate, no carb cravings). They challenge others’ claims that it’s “extreme” and argue that removing bread calories is not a big deal. Overall their comments indicate a favorable stance toward keto after the conversation.""}"
keto_143,"{""stance"":""negative"",""reasoning"":""The target user argues explicitly that a ketogenic diet is not superior to a high-carb, plant-based diet for insulin, disease resistance, and weight control, and supports this with multiple citations. When challenged about fiber, they double down—claiming most people on keto get little fiber and contrasting keto fiber intake with very high-fiber (80–100g/day) high-carb diets, again providing supporting research. Nothing in the exchange suggests they softened their view; if anything, they reinforce an anti-keto position.""}"
keto_145,"{""stance"":""negative"",""reasoning"":""The target user challenges core keto claims, questions whether dairy is truly compatible with weight loss on keto, and cites multiple studies arguing dairy doesn’t reduce weight/fat mass and that carbohydrates are not the cause of diabetes. They also cite evidence suggesting ketogenic diets may induce hepatic insulin resistance. Their tone is critical and corrective, indicating a negative stance toward keto after the exchange.""}"
keto_146,"{""stance"":""negative"",""reasoning"":""The target user explicitly argues that a ketogenic diet is not better than a high-carb, high-fiber plant-based diet for insulin control, disease resistance, and weight control, and they support this with multiple studies suggesting potential harms or lack of advantage for high-fat/keto-style eating. The only reply from another user is about adherence being easier for some, which doesn’t address the target user’s health-effect claims and is unlikely to shift their already strongly critical position. بنابراین, after the conversation the target user’s stance remains negative toward keto.""}"
keto_147,"{""stance"":""negative"",""reasoning"":""The target user repeatedly warns against keto for people with testosterone concerns, cites studies to argue low-carb/keto can lower free testosterone via thyroid hormone changes, inflammation, and cortisol effects, and ends by criticizing “true believers” who promote keto broadly as reckless. The conversation reinforces their skepticism rather than softening it, so their post-conversation stance is negative.""}"
keto_148,"{""stance"":""negative"",""reasoning"":""The target user explicitly warns that keto/super low-carb is likely a bad choice for people with testosterone concerns and repeatedly defends that position with cited clinical studies (thyroid hormone reduction, inflammation, cortisol effects) and dismisses anecdotal counterexamples. Nothing in the exchange indicates they softened or reversed their view; if anything, they reinforced it, especially for older men or those with existing T issues.""}"
keto_151,"{""stance"":""negative"",""reasoning"":""The target user begins by warning that keto/super low-carb is likely a bad choice for people with testosterone concerns, and throughout the exchange they repeatedly defend this caution, cite studies to support potential hormone/inflammation/cortisol issues, and characterize the other participant as a “keto true believer.” They end the conversation by refusing further discussion rather than conceding any point, indicating their view remains skeptical/critical of keto (at least regarding hormonal impacts), i.e., negative rather than neutral or positive.""}"
keto_153,"{""stance"":""neutral"",""reasoning"":""The target user never speaks in the transcript, so there’s no direct evidence of their opinion or any shift in attitude. While other participants discuss keto’s strictness and potential performance drawbacks, we can’t reliably infer the target user adopted those views. With insufficient evidence about the target user’s post-conversation stance, the best classification is neutral.""}"
keto_155,"{""stance"":""neutral"",""reasoning"":""The target user never speaks in the transcript, so there’s no direct evidence of their view before or after. While the other user presents a mostly supportive but cautionary take (keto can work but requires strict adherence and has pitfalls like cheat days and protein-to-glucose), we can’t reliably infer how the target user is persuaded. With insufficient evidence of the target user’s own reaction, the safest prediction is neutral.""}"
keto_156,"{""stance"":""neutral"",""reasoning"":""The target user does not appear in the provided transcript and there is no message from [TARGET USER] expressing an opinion or reacting to others’ arguments. With no evidence of their attitude shifting positively or negatively after the conversation, the safest prediction is neutral.""}"
keto_157,"{""stance"":""positive"",""reasoning"":""The target user explicitly defends keto, calling it “one of the closest diets to what you'd eat if you lived in the wild,” and rebuts criticism by arguing potatoes are human-bred and not naturally available. This shows a strong pro-keto stance. Although another user pushes back with counterarguments about wild game being lean and keto foods being farm-raised, there’s no indication the target user accepts that critique or softens their view, so their stance remains positive after the conversation.""}"
keto_158,"{""stance"":""neutral"",""reasoning"":""The target user is new to keto and engages with it (asking about electrolytes, supplementing magnesium), suggesting openness, but they express significant concern about potassium safety and no explicit enthusiasm or endorsement of keto itself. The conversation mainly addresses managing side effects rather than convincing them keto is good or bad, so their post-conversation stance remains cautious and undecided.""}"
keto_161,"{""stance"":""neutral"",""reasoning"":""The target user acknowledges that fruit (and donuts) don’t help her goals given obesity/insulin resistance, implying openness to restricting carbs, but she does not explicitly endorse keto/ketosis. After the other user argues ketosis offers no advantage over calorie counting and healthy eating, there’s no clear acceptance or rejection from the target user, so her post-conversation stance is best inferred as neutral.""}"
keto_163,"{""stance"":""negative"",""reasoning"":""The target user repeatedly characterizes keto as “awful,” “extreme,” and involving too many sacrifices, specifically objecting to the prohibition of bread. They defend bread as normal and not a cause of obesity, and their tone becomes more entrenched even after others argue keto can be sustainable. Nothing in the exchange suggests they soften their view, so their stance remains negative after the conversation.""}"
keto_164,"{""stance"":""negative"",""reasoning"":""The target user explicitly rejects keto as \""awful\"" and says it requires too many sacrifices compared to a balanced diet and exercise. Although another user argues structured diets can help with moderation, there’s no indication the target user softens their view, so their stance remains negative after the conversation.""}"
keto_166,"{""stance"":""negative"",""reasoning"":""The target user explicitly dismisses keto as 'awful' and overly restrictive, arguing instead for a balanced diet and exercise. The follow-up comment from another user doesn’t indicate the target user changed their view, so their stance remains negative.""}"
keto_167,"{""stance"":""negative"",""reasoning"":""The target user explicitly dismisses keto as 'awful' and overly restrictive, arguing instead for a balanced diet in moderation plus exercise. The other users reinforce this anti-fad-diet framing, which would likely further solidify the target user’s negative view rather than shift it.""}"
keto_168,"{""stance"":""positive"",""reasoning"":""The target user defends keto in response to criticism, arguing that high fiber is a main rule of keto and dismissing the need for a specific fiber target by saying you should eat fiber “until you are full.” They do not concede any of the anti-keto evidence presented and instead maintain a pro-keto framing, so their stance after the conversation is best predicted as positive.""}"
keto_169,"{""stance"":""neutral"",""reasoning"":""The target user never speaks in the transcript, so there’s no direct evidence of their opinion or any shift in attitude. While other users argue that keto offers no fat-loss advantage at equal calories and that high-carb diets can still have good biomarkers, we can’t infer how (or whether) the target user is persuaded. With insufficient information, the most appropriate prediction is neutral.""}"
keto_170,"{""stance"":""neutral"",""reasoning"":""The target user pushes back on the other person’s claim of being in ketosis, emphasizing that true ketosis requires very low glucose and that protein is significantly glucogenic, implying the other user may not have been in ketosis. This indicates skepticism about casual/incorrect use of “keto,” but they do not express that keto is bad or good overall—only a technical correction—so their stance remains neutral rather than clearly negative or positive.""}"
keto_173,"{""stance"":""positive"",""reasoning"":""The target user strongly endorses keto based on personal experience, calling it “fun” and “effective,” and recommends others try it. They also defend a claimed side effect (sleeping less due to ketones) when questioned. Although another user raises objections about ketone efficiency, there’s no indication the target user accepts or is swayed by that critique within the conversation, so their stance remains positive.""}"
keto_175,"{""stance"":""positive"",""reasoning"":""The target user strongly endorses keto, calling it “fun, effective,” urging others to “Try Keto,” and cites substantial personal benefits (weight/fat loss, increased max lifts, feeling shredded, and even liking the reduced sleep). Nothing in the conversation challenges or changes their view, so their stance remains clearly positive after the exchange.""}"
keto_176,"{""stance"":""positive"",""reasoning"":""The target user strongly endorses keto, describing significant fat/weight loss alongside increased strength, lower body fat, and other perceived benefits (fun, effective, mental challenge, even sleeping less). Their concluding recommendation—“Try Keto”—indicates an explicitly positive stance, and nothing in the conversation suggests any shift away from that view.""}"
keto_179,"{""stance"":""positive"",""reasoning"":""The target user already reports success on keto (10 lbs of belly fat lost in a month) and expresses enthusiasm (“Replace bread with bacon? I'm in.”). The rest of the conversation reinforces keto with strong positive testimonials (80 lbs lost, less hunger, cravings fade) and practical solutions for carb favorites (zucchini noodles, cauliflower mash), which would likely further strengthen the target user’s favorable view rather than introduce doubts.""}"
keto_180,"{""stance"":""positive"",""reasoning"":""The target user reports successful weight loss on keto, expresses enthusiasm (“Replace bread with bacon? I'm in.”), and says they plan to stay on keto or a “keto lite” version while adjusting calories and protein. Other users question the fat-loss distribution and note the user is already thin, but the target user does not show doubt or backtrack, so their stance remains positive after the conversation.""}"
keto_181,"{""stance"":""positive"",""reasoning"":""The target user reports a successful month on keto with a desired 10 lb fat loss, expresses enthusiasm (“Replace bread with bacon? I'm in.”), and states they plan to stay on keto or a “keto lite” version going forward. The other user’s skepticism doesn’t appear to change their view; the target user remains committed and discusses adjusting calories/protein rather than abandoning keto.""}"
keto_182,"{""stance"":""negative"",""reasoning"":""The target user repeatedly argues keto is “extreme and unnatural” for long-term use, emphasizes lack of evidence for longevity and heart disease outcomes, and says it should not be recommended as a healthy diet except possibly for specific medical conditions where benefits may outweigh risks. The other user’s pro-keto points do not shift the target user; instead the target user doubles down on concerns about starvation-like metabolism and missing long-term safety data.""}"
keto_183,"{""stance"":""negative"",""reasoning"":""The target user pushes back on keto’s carb-restriction framing by emphasizing that complex carbs (legumes/whole grains) are fundamentally different from processed Western-diet carbs, implying keto wrongly lumps them together. The follow-up message from another user explicitly dismisses keto as a fad and reframes its benefits as simply cutting junk; given the target user’s initial skepticism, this context likely reinforces a negative view rather than shifting them toward keto.""}"
keto_185,"{""stance"":""neutral"",""reasoning"":""The target user responds by suggesting the other person research keto’s relationship to cholesterol and request a more detailed VAP test, implying openness to keto and skepticism that a standard lipid panel alone settles the issue. However, they don’t explicitly endorse keto, argue it’s safe, or criticize it—just recommend further reading and testing—so their stance remains essentially neutral rather than clearly positive or negative.""}"
keto_187,"{""stance"":""neutral"",""reasoning"":""The transcript contains only an [OTHER USER] asking whether ketosis would hinder bulking. There are no messages from the [TARGET USER], so there’s no explicit opinion or reaction to infer, nor enough context to predict a shift in stance. With insufficient evidence, the safest classification is neutral.""}"
keto_189,"{""stance"":""neutral"",""reasoning"":""The target user did not express any opinion about keto in the provided transcript—only another user asked a question comparing keto to Atkins. With no statements from the target user and no interaction showing persuasion or attitude change, there isn’t enough evidence to infer a positive or negative stance.""}"
keto_191,"{""stance"":""neutral"",""reasoning"":""The target user is generally supportive of keto’s potential benefits and reports personally seeing “pretty good results,” but emphasizes that true ketosis is hard to achieve, requires strict carb restriction and high fat intake, and that many people won’t actually get the promised benefits. Their tone is pragmatic and cautionary rather than enthusiastic or dismissive, and they now follow low-carb rather than strict keto—suggesting a balanced, neither strongly pro- nor anti-keto stance after the conversation.""}"
keto_194,"{""stance"":""positive"",""reasoning"":""The target user describes themselves as a former strict keto follower who had “pretty good results” and still maintains a low-carb approach afterward, indicating an overall favorable view. Although they emphasize keto’s difficulty and the need for strict adherence to achieve ketosis (and caution against half-measures/cheat days), they frame this as practical guidance rather than criticism of keto’s value. They also acknowledge specific benefits (anti-epileptic, fat-burning, metabolic) when done properly, so their post-conversation stance remains generally positive toward keto.""}"
keto_198,"{""stance"":""neutral"",""reasoning"":""The target user did not provide any statements in the transcript, so there is no direct evidence of their attitude toward keto or whether they were persuaded by the other user’s negative framing. With insufficient information about the target user’s reaction, the best prediction is neutral.""}"
keto_199,"{""stance"":""neutral"",""reasoning"":""The target user discusses protein needs and muscle retention in calorie deficits, referencing strength training and a fitness book, but does not express approval or disapproval of keto itself. The final comment from another user about excess protein potentially disrupting ketosis adds a cautionary note, yet there’s no indication the target user accepts or rejects keto based on it. Overall, their stance toward keto after the exchange remains neither clearly positive nor negative.""}"
keto_200,"{""stance"":""neutral"",""reasoning"":""The target user never speaks in the transcript, so there’s no direct evidence of their opinion. While other participants express strong positive experiences with keto (weight loss, reduced hunger, fewer cravings), we can’t reliably infer that the target user adopts that stance from observation alone. With insufficient evidence of the target user’s reaction or change in view, the best prediction is neutral.""}"
keto_201,"{""stance"":""positive"",""reasoning"":""The target user reports strong personal benefits from keto (loss of unwanted belly fat while maintaining weight, feeling stronger, no migraines or menstrual cramps, improved social anxiety) and explicitly says they “recommend it whole heartedly.” They also downplay keto flu as manageable and describe enjoying keto foods. Overall their stance after the conversation is clearly positive.""}"
keto_202,"{""stance"":""neutral"",""reasoning"":""The transcript contains no messages from the explicitly identified [TARGET USER], only other users discussing keto’s strictness, practicality, and mixed performance effects. Since the target user’s views and reactions are not present, there isn’t enough evidence to infer a positive or negative stance shift; the safest prediction is neutral.""}"
keto_204,"{""stance"":""neutral"",""reasoning"":""The target user’s own stance isn’t explicitly stated in the transcript. They express concern about keto’s long-term sustainability and potential rebound weight gain after reintroducing carbs, but this reads as uncertainty/questions rather than a clear rejection. Given only this, the best prediction is a neutral stance leaning cautious.""}"
keto_205,"{""stance"":""neutral"",""reasoning"":""The target user suggests adding information about the glycemic index in a discussion of keto, indicating engagement with nutrition nuance, but they do not express approval or disapproval of keto itself. The exchange is positive and constructive yet provides no clear evidence that their attitude toward keto becomes more favorable or unfavorable, so the most supported stance is neutral.""}"
keto_206,"{""stance"":""neutral"",""reasoning"":""The transcript contains only an OTHER USER expressing curiosity and tentative enthusiasm about cutting carbs. There is no message from the explicitly identified [TARGET USER], so there’s no evidence of the target user’s opinion or any change in it. With insufficient information about the target user’s stance after the conversation, the best prediction is neutral.""}"
keto_216,"{""stance"":""negative"",""reasoning"":""The target user reports that while keto caused weight loss, it also made them grumpy and tired and they regained the weight after stopping. They explicitly prefer a low-carb but not keto approach with more fruits/vegetables and say they feel better and are now at a lower weight than on keto. The later exchange reinforces their preference for non-keto foods (e.g., whole wheat crust) rather than shifting them toward keto.""}"
keto_217,"{""stance"":""negative"",""reasoning"":""The target user describes personal experience with keto as causing persistent grumpiness and fatigue, followed by regaining all the weight after stopping. They explicitly prefer a non-keto low-carb approach with more fruits and vegetables, report feeling much better, and say they are now at a lower weight than when on keto. The other user’s electrolyte explanation doesn’t appear to shift the target user’s expressed preference or evaluation, so their stance remains negative overall.""}"
keto_218,"{""stance"":""negative"",""reasoning"":""The target user reports that while keto led to weight loss, it made them grumpy and tired, and they regained the weight after stopping. They explicitly prefer a non-keto low-carb approach with more fruits/vegetables that makes them feel better and has produced better long-term weight results, indicating an overall negative stance toward keto after the conversation.""}"
keto_219,"{""stance"":""negative"",""reasoning"":""The target user reports that while keto led to weight loss, it made them feel grumpy and tired, and they regained the weight after stopping. They explicitly prefer a non-keto low-carb diet with more fruits/vegetables, feel much better on it, and have reached a lower weight than on keto—indicating an overall unfavorable stance toward keto after the conversation.""}"
keto_220,"{""stance"":""negative"",""reasoning"":""The target user endorses the skepticism that early keto weight loss is mostly water weight (\""^ This.\""). In the conversation, keto is framed as overhyped with only modest longer-term loss comparable to any calorie deficit, plus feeling unwell on it. Given the target user already agreed with the water-weight critique and no counterarguments appear, their stance after this exchange would likely be negative toward keto.""}"
keto_221,"{""stance"":""neutral"",""reasoning"":""The target user expresses concern about keto’s sustainability and potential rebound fat gain when reintroducing carbs, indicating skepticism. However, they don’t reject keto or endorse it either, and the brief reply from another user frames the issue as common to all diets without clearly shifting the target user’s view. Overall, their stance remains questioning/undecided.""}"
keto_222,"{""stance"":""neutral"",""reasoning"":""The transcript contains no statements from the target user and no substantive discussion about the keto diet (only a placeholder from an other user). With no evidence of the target user’s views or any persuasive context that could shift them, the most defensible prediction is neutral.""}"
keto_223,"{""stance"":""neutral"",""reasoning"":""The target user never speaks in the transcript, so there’s no direct evidence of their opinion or any shift in it. The conversation presents both skepticism (too extreme/unnatural, not recommended long-term without longevity data) and potential benefits (diabetes reversal, epilepsy, possible tumor/neurological effects), which could pull in opposite directions. With no indication of which arguments the target user accepts, the safest prediction is neutral.""}"
keto_224,"{""stance"":""neutral"",""reasoning"":""The target user never states an opinion or reaction in the transcript. The only content is another user citing a study suggesting keto offers no fat-loss advantage over high-carb diets when calories are matched, but there’s no evidence the target user accepts, rejects, or is influenced by that claim. With insufficient direct evidence of the target user’s stance after the conversation, the best prediction is neutral.""}"
keto_226,"{""stance"":""neutral"",""reasoning"":""The target user never speaks in the provided transcript, so there is no direct evidence of their opinion or how they react to the other user’s pro–intermittent fasting/anti-keto comment. With insufficient information to infer a shift, the most reliable prediction is neutral.""}"
keto_227,"{""stance"":""neutral"",""reasoning"":""The target user is not present in the provided transcript and there is no discussion of the keto diet or any expressed opinions about it. With insufficient evidence of the target user’s attitude or any influence from the conversation, the most appropriate prediction is neutral.""}"
keto_230,"{""stance"":""neutral"",""reasoning"":""The target user engages skeptically about measurement methods (urine Ketostix vs blood tests) and corrects misconceptions about nutritional ketosis vs ketoacidosis, but they never express approval or disapproval of keto itself. Their focus is on diagnostic accuracy rather than endorsing or rejecting the diet, so there isn’t clear evidence they end up more positive or negative toward keto overall.""}"
keto_231,"{""stance"":""neutral"",""reasoning"":""The target user never speaks in the transcript, so there’s no direct evidence of their opinion. The discussion contains mixed, technical points about protein levels within keto (some questioning adequacy for muscle, others defending typical ranges), which doesn’t clearly push toward either endorsement or rejection of keto overall. With no explicit reaction from the target user, the safest prediction is neutral.""}"
keto_232,"{""stance"":""neutral"",""reasoning"":""The target user never speaks in the transcript, so there’s no direct evidence of their prior attitude or any explicit change in opinion. While the conversation includes both supportive points (keto can work, benefits in ketosis) and cautions/downsides (hard to maintain, strict carb limits, cheating disrupts ketosis, measurement debate), there’s nothing showing how the target user reacts. With insufficient evidence of persuasion in either direction, the most defensible prediction is neutral.""}"
keto_234,"{""stance"":""neutral"",""reasoning"":""The target user never speaks in the provided transcript, so there is no direct evidence of their opinion or any shift in attitude after the conversation. Without any statements or reactions from the target user, the safest prediction is neutral.""}"
keto_236,"{""stance"":""neutral"",""reasoning"":""There is no message from the target user in the provided transcript, so we have no direct evidence of their opinion or how they reacted to the other user’s critique/praise of keto. Without the target user’s statements or responses, the safest prediction is that their stance remains undetermined/neutral.""}"
keto_239,"{""stance"":""positive"",""reasoning"":""The target user actively supports keto by offering practical low-carb substitutions (zucchini noodles, cauliflower mash) and endorsing keto-friendly additions like Alfredo sauce, implying enthusiasm and buy-in rather than skepticism. Their tone is helpful and solution-oriented, suggesting they view keto favorably after the discussion.""}"
keto_240,"{""stance"":""positive"",""reasoning"":""The target user responds by offering keto-friendly substitutes (zucchini noodles, cauliflower mash) and adds an encouraging tip about Alfredo sauce being okay if sugar-free. This shows they are supportive of keto and engaged in helping others adhere to it, indicating a positive stance after the conversation.""}"
keto_243,"{""stance"":""neutral"",""reasoning"":""The target user emphasizes that the best diet is sustainable and individualized, and explicitly says they personally need ~40% of calories from carbs to feel optimal—suggesting keto isn’t a good fit for them. However, they don’t condemn keto outright and acknowledge lower-carb plans work for some. The later pro-keto reply is directed at someone else and doesn’t show the target user changing their view, so their stance remains neutral (not anti-keto, but not supportive for themselves).""}"
keto_245,"{""stance"":""neutral"",""reasoning"":""The target user expresses interest in keto and is considering it for weight loss, but also voices significant safety concerns due to type 1 diabetes and asks for guidance rather than endorsing or rejecting it. The only reply redirects them to look up others’ experiences and doesn’t provide persuasive pro/anti arguments likely to shift their view. Overall, their stance remains cautious and undecided.""}"
keto_250,"{""stance"":""neutral"",""reasoning"":""The target user never speaks in the provided transcript, so there’s no explicit indication of their attitude toward keto or any reaction to the claim that keto offers no fat-loss advantage when calories are matched. With no evidence of agreement, disagreement, or persuasion, the safest prediction is neutral.""}"
keto_251,"{""stance"":""positive"",""reasoning"":""The target user defends keto’s “selling points,” arguing it can help people eat less overall and even be cost-effective when done right. They also push back against criticism of keto food choices (bacon), reframing it as potentially acceptable if responsibly sourced. Nothing in the exchange suggests they became more skeptical; their comments reinforce a favorable view.""}"
keto_252,"{""stance"":""positive"",""reasoning"":""The target user speaks from personal experience doing keto and gives practical, supportive guidance (electrolytes, broth/Bovril, tracking macros, carb limits, gradual adjustment, and recommending keto subreddits). Their tone is helpful and endorsing rather than critical, indicating a favorable stance toward keto after the conversation.""}"
keto_254,"{""stance"":""neutral"",""reasoning"":""The target user expresses skepticism about the standard keto macro recommendation (especially low protein), calling it questionable for preserving muscle mass and citing research suggesting higher protein needs. However, they do not reject keto overall—only a particular formulation of it—and the reply they receive partially addresses their concern (maintenance vs bulking). With no clear endorsement or outright opposition to keto as a diet, their stance remains neutral but cautious.""}"
keto_255,"{""stance"":""neutral"",""reasoning"":""The target user never speaks in the transcript, so there’s no direct evidence of their opinion. The conversation contains mixed signals—some practical supportive advice about managing electrolytes on keto, alongside concern about potassium safety and a suggestion of non-keto potassium sources (bananas/potatoes). With no target-user reaction or stated view, the safest prediction is neutral.""}"
keto_257,"{""stance"":""neutral"",""reasoning"":""The transcript only shows another user asking about the target user’s diet, and the target user never mentions keto or gives any opinion about it. With no explicit stance or contextual cues indicating influence, there isn’t enough evidence to infer a positive or negative view, so the most appropriate prediction is neutral.""}"
keto_260,"{""stance"":""positive"",""reasoning"":""The target user consistently defends keto’s appetite/energy-intake benefits and responds to criticism by citing (and later doubling down with) evidence that many keto studies include relatively high protein intakes. They do not express doubts about keto’s validity; instead they argue the opposing user’s premise is wrong. This indicates a favorable stance toward keto after the exchange.""}"
keto_261,"{""stance"":""positive"",""reasoning"":""The target user strongly defends keto-related literature and their own keto-focused analysis, rejects the “bro-science” characterization, and engages in detailed methodological critique of a specific keto study (Wilson et al.) rather than criticizing keto itself. Their objections are about measurement bias (DXA, glycogen/water supercompensation) and study design potentially overstating keto’s lean mass outcomes, but they still position themselves as broadly supportive of keto research and seem motivated to protect keto’s credibility. Nothing in the exchange suggests they become anti-keto; if anything, they remain pro-keto while insisting on higher-quality evidence.""}"
keto_264,"{""stance"":""neutral"",""reasoning"":""The target user never speaks in the provided transcript, so there’s no explicit evidence of their opinion or any clear indication of how the other user’s comment would change their view. With insufficient information about the target user’s reaction, the safest prediction is neutral.""}"
keto_265,"{""stance"":""negative"",""reasoning"":""The target user repeatedly dismisses the importance of measuring ketone levels, argues that most people on keto aren’t truly in ketosis, and frames “real-world keto” as people effectively not following the diet strictly. Their tone is combative and skeptical, implying keto as practiced is unrealistic or not meaningfully testable, which reflects an overall negative stance toward the keto diet after the exchange.""}"
keto_266,"{""stance"":""negative"",""reasoning"":""The target user argues that not measuring blood ketones does not discredit keto studies and implies that “true ketosis” is not meaningfully present or relevant in real-world practice (“Studying a concept that does not actually present itself in reality is useless”). This framing dismisses the importance of achieving/measuring ketosis, suggesting skepticism toward keto as a distinct or practically valuable diet approach, which indicates an overall negative stance after the exchange.""}"
keto_267,"{""stance"":""positive"",""reasoning"":""The target user repeatedly defends the validity of keto diet studies even without blood ketone verification, argues that measuring ketones is irrelevant because typical keto dieters don’t do it, and dismisses critiques as not discrediting the results. This indicates a generally favorable/defensive stance toward keto rather than skepticism or opposition, and nothing in the exchange suggests they were persuaded to become more negative.""}"
keto_272,"{""stance"":""positive"",""reasoning"":""The target user consistently defends keto, arguing that complaints about limited food choices come from lack of creativity and pointing to many non-meat keto options. They emphasize that keto can still be varied, note that others experienced physical benefits, and suggest resources like /r/ketogains to show it can work even for lifting. Overall they come across as pro-keto and view discontinuing it for “variety” as an invalid reason, indicating a positive stance after the conversation.""}"
keto_273,"{""stance"":""neutral"",""reasoning"":""The target user never speaks in the provided transcript, so there’s no explicit indication of their opinion or any clear evidence of how they were influenced. With insufficient information about their reaction to the comment that 80g carbs is too high for keto, the most justified prediction is neutral.""}"
keto_274,"{""stance"":""negative"",""reasoning"":""The target user explicitly criticizes keto as “so hard” with “so many rules,” calls it a “trick,” and expresses concern about its health impacts (“fear for those peoples arteries”). They contrast it unfavorably with a whole-food plant-based approach they find more satiating and energizing, indicating an overall negative stance toward keto after the discussion, despite another user offering a pro-keto cardiovascular claim.""}"
keto_275,"{""stance"":""neutral"",""reasoning"":""The target user doesn’t express approval or disapproval of keto as a diet overall. They mainly push back on a specific keto claim (“you can’t really overeat on fat”) by giving vivid examples of easily overeating high-fat foods like cheese/salami and pork rinds/guacamole. Their tone is humorous and food-focused rather than anti-keto, and they don’t argue against keto’s effectiveness for weight loss or appetite control—just that overeating fat is possible. With no clear endorsement or rejection of keto after the exchange, the stance is best classified as neutral.""}"
keto_277,"{""stance"":""positive"",""reasoning"":""The target user explicitly reports doing “WAY better on keto,” with “far more energy on than off,” including while lifting. They acknowledge individual differences and don’t claim universal superiority, but their personal experience is clearly favorable. The skeptical reply challenges performance claims, yet there’s no indication the target user changes their view, so their post-conversation stance remains positive.""}"
keto_278,"{""stance"":""neutral"",""reasoning"":""The target user only makes a factual/critical note that many nuts (even keto-friendly ones like almonds) aren’t very low in carbs. They don’t express approval or disapproval of keto overall, nor do they indicate being persuaded by others’ experiences. Given the limited evidence and no clear shift toward endorsing or rejecting keto, their post-conversation stance is best classified as neutral.""}"
keto_279,"{""stance"":""positive"",""reasoning"":""The target user describes keto as a major turning point in understanding nutrition, reducing cravings for sugar/processed foods, and improving health and lifestyle. They acknowledge limits for optimizing strength/size but still argue it’s worth doing (especially for cutting) and report personal and observed benefits. Nothing in the exchange appears to reduce their favorable view.""}"
keto_281,"{""stance"":""neutral"",""reasoning"":""The target user never speaks in the provided transcript, so there’s no direct evidence of their opinion about keto or any change after the exchange. The conversation is also too short to infer how they would be influenced, so the safest prediction is neutral.""}"
keto_282,"{""stance"":""positive"",""reasoning"":""The target user explicitly credits keto with major improvements in nutrition understanding, reduced cravings for sugar/processed foods, and overall lifestyle progress, and says they’ve seen “a lot of benefit” and that it’s “still worth doing,” especially for cutting. The other user’s comment is broadly supportive and doesn’t introduce counterarguments likely to reduce the target user’s favorable view. Overall stance remains positive after the conversation.""}"
keto_285,"{""stance"":""negative"",""reasoning"":""The target user pushes back against pro-keto framing, calling the bacon/food-enjoyment argument “meaningless,” emphasizing that you can eat bacon (or anything) on CICO without keto restrictions, and highlighting keto’s burdens (e.g., no chocolate/garlic bread). They don’t endorse keto’s benefits; at most they concede strict diets can provide a helpful mental framework, but they treat that as general and not keto-specific. Overall tone is dismissive/critical of keto advantages, so their stance is negative.""}"
keto_287,"{""stance"":""neutral"",""reasoning"":""The target user never states an opinion or reaction in the provided transcript. Although the other user criticizes keto (overrated, flatter muscles, less satisfying), there’s no evidence the target user adopts that view after the conversation, so the safest prediction is neutral.""}"
keto_288,"{""stance"":""neutral"",""reasoning"":""The transcript contains only an [OTHER USER] strongly criticizing keto research methods and defending how keto \""should\"" be done; there is no message from the [TARGET USER] at all. With no explicit statements or reactions from the target user, there isn’t enough evidence to infer their post-conversation stance beyond neutral.""}"
keto_289,"{""stance"":""positive"",""reasoning"":""The target user strongly endorses keto based on personal success (36 lbs lost) and frames carbs as the main problem. They also express a belief that on keto they can eat freely without worrying about calories, implying confidence in keto’s effectiveness and a favorable view after the discussion. Despite mild pushback from others about overeating fat/calories, the target user doubles down rather than moderating their position, indicating a positive stance.""}"
keto_290,"{""stance"":""positive"",""reasoning"":""The target user explicitly endorses keto as effective for them (“lost 36lbs on keto so far,” “The carbs are the killer”) and argues strongly in its favor, attributing weight loss to keto-specific metabolic effects rather than calorie balance. Even after being challenged and criticized, they double down rather than soften their view, indicating they remain pro-keto after the conversation.""}"
keto_291,"{""stance"":""negative"",""reasoning"":""The target user explicitly rejects keto (“No, just no”), calls ketogenic diets “bullshit,” and argues the lack of research is because scientists already know it doesn’t work as claimed. They attribute any weight loss to cutting processed foods/sugar and possibly increased exercise rather than ketosis. Nothing in the follow-up comments indicates the target user softened this view, so their stance remains negative after the conversation.""}"
keto_292,"{""stance"":""negative"",""reasoning"":""The target user explicitly rejects keto (“No, just no”), calls ketogenic diets “bullshit,” and argues the perceived benefits are actually from cutting processed foods/sugar or adding exercise rather than ketosis itself. Nothing in the conversation suggests their view softened, so their post-conversation stance remains negative.""}"
keto_293,"{""stance"":""negative"",""reasoning"":""The target user explicitly argues that a low-GI, high-carb, high-fiber diet is “infinitely more effective than a keto diet,” and adds that long-term keto leads to nutrient deficiencies and poor mineral absorption. These are clear criticisms of keto’s effectiveness and healthfulness, indicating a negative stance after the conversation.""}"
keto_295,"{""stance"":""neutral"",""reasoning"":""The transcript contains only messages from OTHER USERs and no statements from the [TARGET USER]. Since the target user’s own views and reactions are not shown, there isn’t enough evidence to infer whether they end up leaning positive or negative; the safest prediction is neutral.""}"
keto_296,"{""stance"":""neutral"",""reasoning"":""The target user does not appear in the provided transcript, so there is no direct evidence of their opinion or any shift in attitude toward keto resulting from the conversation. With insufficient information about the target user’s reactions or statements, the safest prediction is neutral.""}"
keto_298,"{""stance"":""positive"",""reasoning"":""The target user describes having done keto on and off for five years, argues that many failures come from doing it incorrectly (e.g., low-carb/low-fat), and states they’ve “always had more energy and felt great on keto” after getting past keto flu. Even after another user reports negative effects, the target user’s comments indicate a strongly favorable view and no sign of being persuaded away from keto.""}"
keto_299,"{""stance"":""neutral"",""reasoning"":""The target user never speaks in the provided conversation, so there’s no direct evidence of their opinion. While the discussion presents mixed views (keto can help satiety and reduce calories vs. criticism of misinformation in parts of the community), there’s not enough to infer that the target user would end up clearly positive or negative afterward.""}"
keto_300,"{""stance"":""neutral"",""reasoning"":""The target user never speaks in the provided transcript, so there’s no direct evidence of their opinion or any change in attitude. While another user presents keto positively, we can’t reliably infer the target user adopted that stance from this alone.""}"
keto_301,"{""stance"":""neutral"",""reasoning"":""The target user never states a clear opinion for or against keto, nor do they indicate they’ve been persuaded by others’ arguments. The discussion presents mixed views: some emphasize keto’s appetite-control benefits via protein/fat satiety, while others counter with evidence that carbohydrates can also promote satiety and that fat may not. Since the target user’s own stance isn’t expressed and the conversation doesn’t clearly push toward a single conclusion, the most supported prediction is that they remain neutral toward keto after this exchange.""}"
keto_302,"{""stance"":""neutral"",""reasoning"":""The target user explicitly says they have “nothing against keto” and even uses it when cutting, which rules out a negative stance. However, they strongly criticize a vocal subset of the keto community for promoting carb-cutting as “magic” that overrides calories/physics, indicating skepticism toward common keto claims rather than clear enthusiasm. Overall they view keto as a useful tool but not fundamentally special, which is best classified as neutral.""}"
keto_303,"{""stance"":""negative"",""reasoning"":""The target user criticizes a “sizable chunk” of the keto community for believing weight loss is “100% about the carbs,” calls that view “completely wrong,” and mocks insulin-focused claims like “keep insulin low you can eat all you want.” Even after another user pushes back and shares a keto success story, the target user’s comments indicate skepticism and a negative view of keto (or at least its core claims and community messaging), with no sign they soften their stance.""}"
keto_307,"{""stance"":""negative"",""reasoning"":""The target user is not present in the transcript, and there are no explicit statements from them. Given only the conversation context, the overall tone is strongly critical of keto (cholesterol/heart risk concerns, anti-keto arguments, and a shift toward lower-carb but not keto). If the target user participated in or was influenced by this exchange, the most likely post-conversation stance would be negative toward keto due to the dominant framing of keto as effective for weight loss but harmful for health markers.""}"
keto_311,"{""stance"":""negative"",""reasoning"":""The target user explicitly rejects keto arguments, claims “all the LDL is bad,” characterizes keto proponents as rationalizing worsening health markers, and argues keto’s high saturated fat/salt increases heart disease risk. They recommend the opposite dietary pattern (less meat/cheese, more fruits/vegetables/complex carbs, keep fats minimal). Even after another user cites a supportive Virta study, there’s no indication the target user softens their view, so their stance remains negative.""}"
keto_318,"{""stance"":""negative"",""reasoning"":""The target user repeatedly argues against keto/low-carb high-fat diets, calling them “nonsense” and “junk science,” insisting weight loss is purely calorie-driven, and warning that keto likely damages health. They dismiss anecdotal success stories in favor of institutional position statements and studies, and nothing in the exchange suggests their view softened; if anything, they double down after being challenged.""}"
keto_320,"{""stance"":""positive"",""reasoning"":""The target user repeatedly endorses keto, explicitly saying they’re “really fond of Keto,” arguing it improves lipid panels, and portraying it as evolutionarily appropriate and effective for appetite control and fat loss. When challenged about kidney failure and athletic performance, they defend keto by distinguishing ketosis from ketoacidosis with specific ketone concentrations and provide personal performance examples (benching, rowing, skiing) to rebut claims. Nothing in the exchange suggests their view becomes more skeptical; instead they reinforce and justify their pro-keto stance.""}"
keto_321,"{""stance"":""positive"",""reasoning"":""The target user explicitly states they are “really fond of Keto,” argues it works, downplays heart-disease concerns, and provides an extended pro-keto explanation emphasizing benefits like appetite suppression and improved lipid panels. Despite pushback from an MD student and another user correcting some claims, the target user does not concede or shift position in the transcript; their tone remains confident and supportive of keto. Thus their stance after the conversation is still positive.""}"
keto_323,"{""stance"":""positive"",""reasoning"":""The target user explicitly states they are “really fond of Keto,” argues it can be done healthfully with low-carb vegetables, claims the high-fat/heart-disease link is weak, and says keto often lowers lipid panels. They provide a detailed, enthusiastic explanation of ketosis’ benefits (appetite suppression, energy, fat burning) while acknowledging manageable risks (muscle wasting, difficulty transitioning off keto, no cheating). Overall tone is strongly supportive and promotional, indicating a positive stance after the conversation.""}"
keto_325,"{""stance"":""positive"",""reasoning"":""The target user is strongly pro-keto throughout the conversation: they say they’re “really fond of Keto,” emphasize that it works and can improve lipid panels, argue the heart-disease link with high fat is weak, and provide an extensive, enthusiastic explanation framing ketosis as beneficial (euphoria, appetite suppression, sustained fat burning). They acknowledge risks (cheating, muscle wasting) but present them as manageable and not unique to keto. Nothing in the exchange suggests their stance becomes more critical; if anything, explaining it in detail reinforces a positive stance.""}"
keto_326,"{""stance"":""positive"",""reasoning"":""The target user explicitly endorses keto multiple times (\""I'm really fond of Keto,\"" \""the diet works\"" and claims it lowers lipid panels), provides a detailed pro-keto biochemical explanation, and frames risks as manageable caveats rather than reasons to avoid it. The other user's correction about 'natural' foods doesn’t address keto’s core claims and there’s no sign the target user’s enthusiasm is reduced by it, so their stance remains positive after the conversation.""}"
keto_327,"{""stance"":""positive"",""reasoning"":""The target user expresses strong approval of keto throughout the conversation: they say they’re “really fond of Keto,” argue it improves lipid panels, downplay heart disease concerns as a weak link, and provide an enthusiastic, detailed explanation emphasizing benefits like appetite suppression, energy, and fat loss (“beauty of Ketosis,” “top of the world”). They acknowledge risks (cheating, muscle wasting) but frame them as manageable. Nothing in the exchange challenges their view, so their stance remains clearly positive after the conversation.""}"
keto_328,"{""stance"":""positive"",""reasoning"":""The target user explicitly states they are “really fond of Keto,” argues it works and can improve lipid panels, and provides an extended, enthusiastic explanation of the metabolic rationale and benefits (appetite suppression, energy, fat burning). They acknowledge some risks (cheating, potential muscle wasting) but frame them as manageable. Nothing in the conversation shifts them away from this view, so their post-conversation stance remains strongly positive.""}"
keto_329,"{""stance"":""positive"",""reasoning"":""The target user explicitly states they are “really fond of Keto,” argues it works and can improve lipid panels, downplays the heart disease link, and provides an enthusiastic, persuasive explanation of ketosis and its benefits (appetite suppression, energy, fat loss). They acknowledge risks (cheating, muscle wasting) but frame them as manageable. Nothing in the conversation suggests their view becomes less favorable afterward.""}"
keto_330,"{""stance"":""positive"",""reasoning"":""The target user repeatedly endorses keto, explicitly saying they’re “really fond of Keto,” emphasizing its effectiveness (e.g., lowering lipid panels), explaining its biochemical basis in a persuasive way, and framing the main risks as manageable (don’t cheat, eat enough protein). Nothing in the exchange suggests they become more skeptical; the other user’s cautionary note (stress/withdrawal, consult a doctor) doesn’t prompt any visible change in the target user’s strongly supportive framing. بنابراین their stance after the conversation remains positive.""}"
keto_331,"{""stance"":""positive"",""reasoning"":""The target user explicitly endorses keto (“I’m really fond of Keto”), argues it’s healthy (healthy low-carb foods, weak link between high fat and heart disease), and emphasizes observed benefits (lowering lipid panels, appetite suppression, sustained fat burning, energy/euphoria). They acknowledge risks (cheating, muscle wasting) but frame them as manageable with protein intake and adherence. Overall their comments are strongly pro-keto and nothing in the exchange suggests their stance would shift away from that.""}"
keto_334,"{""stance"":""positive"",""reasoning"":""The target user is explicitly enthusiastic about keto (“I’m really fond of Keto”), defends its safety (downplays high-fat/heart-disease link), describes benefits (lowering lipid panels, hunger suppression, energy, weight loss), and provides an extended pro-keto explanation and practical guidance. The other user raises exercise/performance caveats, but the target user does not show any sign of being swayed; their overall framing remains strongly supportive with only minor acknowledged risks (cheating, muscle wasting).""}"
keto_335,"{""stance"":""positive"",""reasoning"":""The target user explicitly says they’re “really fond of Keto,” argues it works and can improve lipid panels, downplays heart-disease concerns as a “weak link,” and provides an enthusiastic, detailed explanation promoting keto’s benefits (appetite suppression, energy, fat burning) while framing risks as manageable (don’t cheat, eat enough protein). Nothing in the conversation pushes them toward skepticism; if anything, their advocacy and confidence reinforce a positive stance.""}"
keto_336,"{""stance"":""positive"",""reasoning"":""The target user expresses strong approval of keto throughout the conversation: they explicitly say they are “really fond of Keto,” argue it works and can improve lipid panels, and give an enthusiastic, detailed explanation of ketosis’ benefits (appetite suppression, energy, fat loss) while downplaying common concerns (only “weak link” to heart disease). They acknowledge downsides (no cheating, possible muscle wasting) but frame them as manageable. Nothing in the exchange challenges or softens their view, so their post-conversation stance remains clearly positive.""}"
keto_337,"{""stance"":""positive"",""reasoning"":""The target user explicitly states they are “really fond of Keto,” argues it works and can improve lipid panels, and provides a detailed pro-keto biochemical explanation while framing objections (e.g., heart disease risk) as weakly supported. They acknowledge some risks (cheating, muscle wasting) but treat them as manageable rather than reasons to avoid keto. The later anti-keto, plant-based rebuttal from another user does not show the target user changing their view, so their stance remains positive after the conversation.""}"
keto_340,"{""stance"":""positive"",""reasoning"":""The target user expresses strong support for keto, citing biochemical expertise, describing healthful low-carb eating, downplaying the fat/heart disease link, and stating they are \""really fond of Keto\"" while claiming it improves lipid panels for many. They acknowledge risks (appetite rebound after stopping, possible muscle wasting) but frame them as manageable and not unique to keto, and they encourage others to try it. The other user’s agreement and shared concerns reinforce rather than challenge the target user’s pro-keto stance, so the target user would remain positive after the conversation.""}"
keto_343,"{""stance"":""positive"",""reasoning"":""The target user is skeptical of some mechanistic claims and calls keto/low-carb “hardly mainstream science,” attributing most benefits to reduced caloric intake rather than “magical” carb effects. However, they explicitly endorse low-carb/keto as an “excellent adaptation” for Type II diabetes, state they personally follow it for that reason, and report major improvements (50 lbs lost, A1C down from >11 to 6.2, reduced meds) that they describe as “highly beneficial.” Despite caveats about why it works, their overall stance after the conversation is favorable toward using keto/low-carb, especially for diabetes management.""}"
keto_344,"{""stance"":""positive"",""reasoning"":""The target user is skeptical of some mechanistic claims around keto (calls it not mainstream science and doubts definitive proof of the proposed metabolic explanations), but they explicitly state they follow low-carb/keto for Type II diabetes and that it has been “highly beneficial” (50 lbs lost, A1C improved from >11 to 6.2). They attribute success mainly to reduced calories rather than “magic,” yet still endorse keto as an excellent adaptation for diabetes and describe strong personal results. The final comment from another user reframes keto as a tool to reduce hunger and sustain a calorie deficit, which aligns with the target user’s own view and would likely reinforce continued favorable attitude toward keto as a practical method. Overall, despite skepticism, their stance after the conversation is positive toward keto.""}"
keto_345,"{""stance"":""positive"",""reasoning"":""The target user expresses skepticism about some keto claims and frames weight loss as mainly calorie reduction rather than unique metabolic effects. However, they explicitly state they follow low-carb/keto for Type II diabetes management, call it an “excellent adaptation,” and report strong personal benefits (50 lbs lost, A1C improved from >11 to 6.2). Despite doubts about mechanisms, their overall attitude after the conversation is favorable toward keto due to clear health improvements and continued adherence.""}"
keto_346,"{""stance"":""positive"",""reasoning"":""The target user is personally following a low-carb/keto approach for Type II diabetes and reports strong benefits (50 lbs lost, A1C down from >11 to 6.2) while not increasing exercise. Although they’re skeptical of some pro-keto mechanistic claims and attribute results mainly to reduced calorie intake and better blood sugar control (rather than 'magical' carb effects), their overall attitude toward keto is favorable and pragmatic. The final reply from another user doesn’t appear to change that; it mostly adds nuance about Type I vs Type II and satiety, which is compatible with the target user’s view.""}"
keto_347,"{""stance"":""neutral"",""reasoning"":""The target user reports strong personal benefits from low-carb/keto for managing type II diabetes and weight loss (50 lbs lost, A1C improved), and says they personally follow it. However, they explicitly reject common pro-keto mechanistic claims as “hardly mainstream science,” doubt definitive proof for special metabolic effects beyond blood-sugar control, and attribute results mainly to reduced calorie intake rather than ketosis-specific advantages. That mix of practical approval but scientific skepticism indicates an overall neutral stance rather than clearly positive or negative.""}"
keto_348,"{""stance"":""positive"",""reasoning"":""The target user is skeptical of some popular/more “magical” mechanistic claims about keto (insulin/carbs explanations) and attributes most weight loss to reduced calorie intake. However, they explicitly say low-carb/keto is an excellent adaptation for type II diabetes, that they personally follow it for that reason, and that it has been “highly beneficial” with major weight loss and improved A1C. The follow-up comment from another user doesn’t show the target rejecting keto itself—only debating mechanism—so their overall stance toward keto after the conversation remains favorable.""}"
keto_349,"{""stance"":""positive"",""reasoning"":""The target user is overall supportive of keto/low-carb, especially for diabetes management. They explicitly say keto is an excellent adaptation for Type II diabetes, that they personally follow it for that reason, and that it has been “highly beneficial” with major weight loss and improved A1C. While they’re skeptical of some mechanistic claims and attribute the benefits mainly to reduced calorie intake rather than ‘magic,’ their lived success and continued adherence indicate a positive stance toward keto after the conversation.""}"
keto_350,"{""stance"":""positive"",""reasoning"":""The target user is skeptical of some mechanistic/\""magical\"" claims about keto, but they explicitly follow low-carb/keto for Type II diabetes management and report strong personal benefits (50 lbs lost, A1C down from >11 to 6.2) while remaining mostly sedentary. That indicates an overall favorable stance toward keto as a practical, effective approach (especially for blood sugar control), even if they attribute weight loss mainly to reduced calories. The later exercise-pushing reply doesn’t provide anti-keto arguments likely to shift them negative.""}"
keto_351,"{""stance"":""positive"",""reasoning"":""The target user is skeptical of some popular keto explanations and calls them non-mainstream, but they explicitly endorse low-carb/keto as an excellent approach for managing type II diabetes and say they personally follow it. They report strong personal benefits (50 lbs lost, A1C reduced from >11 to 6.2) and describe it as “highly beneficial,” indicating an overall favorable stance toward keto after the conversation, even if they attribute results to calorie reduction rather than unique metabolic effects.""}"
keto_352,"{""stance"":""positive"",""reasoning"":""The target user is skeptical of some keto claims and frames weight loss as mainly calorie reduction rather than unique metabolic effects, but they explicitly say low-carb/keto is an excellent adaptation for Type II diabetes and that they personally follow it with highly beneficial results (50 lbs lost, A1C improved from >11 to 6.2). Despite criticizing non-mainstream explanations, their own experience and continued use indicate an overall positive stance after the conversation.""}"
keto_354,"{""stance"":""positive"",""reasoning"":""The target user is skeptical of some common keto claims (e.g., ‘magical’ carb effects beyond calories) and says the biochem explanation isn’t mainstream or definitively proven. However, they explicitly state they follow low-carb/keto for Type II diabetes and that it has been “highly beneficial” personally, citing major weight loss and a large A1C improvement without increased exercise. Overall, despite disputing mechanisms, their attitude toward keto as a practical approach—especially for diabetes management—is favorable.""}"
keto_355,"{""stance"":""positive"",""reasoning"":""The target user expresses skepticism about keto’s proposed metabolic mechanisms and frames its weight-loss effects as primarily due to reduced caloric intake rather than anything “magical.” However, they explicitly endorse low-carb/keto as an “excellent adaptation” for managing Type II diabetes, state they personally follow it for that reason, and report strong benefits (50 lbs lost, A1C reduced from >11 to 6.2) while not increasing exercise. Overall, despite mechanistic doubts, their lived results and continued adherence indicate a positive stance toward keto after the conversation.""}"
keto_356,"{""stance"":""positive"",""reasoning"":""The target user expresses skepticism about some keto mechanistic claims and says weight loss is mainly from reduced calories, but they explicitly follow low-carb/keto for Type II diabetes management and report highly beneficial personal results (50 lbs lost, A1C reduced from >11 to 6.2). Despite doubts about 'magical' carb effects, their lived experience and continued adherence indicate an overall positive stance after the conversation.""}"
keto_357,"{""stance"":""positive"",""reasoning"":""The target user expresses skepticism about claimed ketogenic mechanisms and frames success as primarily caloric reduction rather than “magical” carb effects, which is a negative toward some keto narratives. However, they explicitly say low-carb/keto is an excellent adaptation for Type II diabetes, that they personally follow it for that reason, and that it has been highly beneficial (50 lbs lost, A1C reduced from >11 to 6.2) with no exercise change. Overall, despite mechanistic doubts, their personal endorsement and continued use indicate a positive stance toward keto after the conversation.""}"
keto_358,"{""stance"":""positive"",""reasoning"":""The target user is explicitly following low-carb/keto for Type II diabetes management and reports strong personal benefits (50 lbs lost in 6 months, A1C reduced from >11 to 6.2) while not increasing exercise. Although they’re skeptical of some mechanistic claims and frame results as primarily due to reduced caloric intake rather than ‘magical’ carb effects, they still endorse keto as an excellent adaptation for diabetes and describe it as highly beneficial to them. Nothing in the rest of the exchange appears to shift them away from that view.""}"
keto_359,"{""stance"":""positive"",""reasoning"":""The target user is skeptical of some common keto mechanistic claims and frames keto’s weight-loss effects as primarily due to reduced calorie intake, but they explicitly endorse low-carb/keto as an “excellent adaptation” for Type II diabetes and state they personally follow it with “highly beneficial” results (50 lbs lost, A1C reduced from >11 to 6.2). The final study link may reinforce their view that macros matter biochemically, but even without it their lived success and continued adherence indicate an overall favorable stance toward keto after the conversation.""}"
keto_360,"{""stance"":""positive"",""reasoning"":""The target user is personally following low-carb/keto for Type II diabetes management and reports strong benefits (50 lbs lost, A1C improved from >11 to 6.2) and explicitly calls low carb/keto an “excellent adaptation” for diabetes. Although they’re skeptical of some mechanistic claims and attribute results mainly to reduced calories (so not fully bought into keto-specific theory), their overall attitude toward keto after the conversation is favorable because they endorse it in practice and credit it with meaningful health improvements.""}"
keto_361,"{""stance"":""positive"",""reasoning"":""The target user is skeptical of some keto mechanistic claims and frames most weight loss as driven by reduced caloric intake rather than “magical” carb effects. However, they explicitly say low-carb/keto is an excellent adaptation for type II diabetes, that they personally follow it for that reason, and that it has been highly beneficial (50 lbs lost, A1C dramatically improved). Despite the hostile reply from another user, their own stated experience and continued adherence indicate an overall positive stance toward keto after the conversation.""}"
keto_363,"{""stance"":""neutral"",""reasoning"":""The target user reports personally following low-carb/keto for Type II diabetes management with strong results (50 lb loss, big A1C drop), indicating a favorable practical view for glycemic control. However, they explicitly reject common pro-keto mechanistic claims and attribute benefits mainly to reduced calorie intake, showing skepticism toward keto as a unique metabolic advantage. The last reply they receive is extreme and unsupported (e.g., ‘10,000 calories and still lose weight,’ diet soda ‘instantly’ stops loss) and is likely to reinforce their skepticism rather than convert them. Net stance after the conversation remains mixed: positive for diabetes utility but doubtful of broader claims, so overall neutral.""}"
keto_366,"{""stance"":""positive"",""reasoning"":""The target user defends keto as effective and “genius” for many people, especially those with metabolic syndrome/insulin issues, arguing it helps enable fat burning and suppresses hunger, making a calorie deficit easier. They acknowledge it’s not magic and still requires work, but overall frame keto as beneficial and superior to simplistic CICO thinking. Nothing in the exchange suggests their view became more critical; if anything, they reinforce a pro-keto position.""}"
keto_367,"{""stance"":""positive"",""reasoning"":""The target user defends keto and frames it as effective and “genius” for people with metabolic syndrome and insulin-related weight-loss resistance. They emphasize appetite suppression making calorie reduction easier, argue keto helps shift the body into fat-burning mode, and connect it to improving insulin/blood sugar issues. While noting it’s not magic and still requires work, their overall evaluation is strongly favorable toward keto.""}"
keto_368,"{""stance"":""positive"",""reasoning"":""The target user explicitly defends keto as effective and “genius,” emphasizing appetite suppression, improved fat-burning via insulin regulation, and particular benefits for people with metabolic syndrome who struggle on low-fat/high-carb diets. While they note it’s not magic and still requires effort and a caloric deficit, their overall framing is strongly supportive of keto’s advantages and rationale, indicating a positive stance.""}"
keto_369,"{""stance"":""neutral"",""reasoning"":""The target user only comments on being frustrated by an “idiotic line of questioning” and the attention from /r/bestof, without expressing approval or disapproval of the keto diet itself. Their irritation appears directed at the discussion/people rather than keto, so there isn’t enough evidence to infer a positive or negative stance toward keto after the conversation.""}"
keto_370,"{""stance"":""neutral"",""reasoning"":""The target user never speaks in the provided transcript, so there’s no direct evidence of their opinion or any shift in attitude toward keto. With only another user’s joke/rule mentioned, we can’t infer the target user’s stance; therefore it remains neutral.""}"
keto_371,"{""stance"":""positive"",""reasoning"":""The target user explicitly defends keto as effective and \""genius\"" for many people, emphasizing hunger suppression and improved fat-burning/insulin dynamics, and argues it helps people who fail on standard low-fat/high-carb calorie-reduction diets. Even after being attacked, they double down on the scientific complexity behind weight loss and cite literature, without expressing any new doubts about keto. The hostile exchange is about calories-in/calories-out, not a critique of keto itself, so their post-conversation stance remains supportive.""}"
keto_373,"{""stance"":""neutral"",""reasoning"":""The target user provides a factual clarification about keto carb limits (20g goal, 50g max, varies by person/activity) without expressing enthusiasm, endorsement, or criticism. There’s no explicit indication they became more supportive or more opposed after the discussion—just practical information—so their stance is best classified as neutral.""}"
keto_374,"{""stance"":""positive"",""reasoning"":""The target user explicitly endorses keto as “a really good diet overall,” cites having read about positive side effects beyond weight loss, and emphasizes appealing aspects like simple rules, eating satisfying fatty foods, and reduced hunger/guilt. Nothing in the conversation indicates they became more skeptical afterward; their tone is enthusiastic and supportive, so their post-conversation stance is positive.""}"
keto_376,"{""stance"":""neutral"",""reasoning"":""The target user never appears in the transcript and makes no explicit statements about keto. While other participants strongly advocate for keto and answer questions about cheating (e.g., doughnut knocks you out of ketosis), there’s no direct evidence of the target user’s reaction or attitude shift. With insufficient information about the target user’s views after the conversation, the safest prediction is neutral.""}"
keto_377,"{""stance"":""positive"",""reasoning"":""The target user reports already doing low carb for two months, losing 30 lbs, feeling great, and being “super glad” to have found the keto subreddit. They discuss keto-friendly snacks and frame their “cheats” as still avoiding simple carbs, indicating buy-in rather than skepticism. The conversation reinforces keto’s benefits and provides practical guidance (e.g., about cheating and vodka), which would likely maintain or strengthen the target user’s favorable view.""}"
keto_379,"{""stance"":""neutral"",""reasoning"":""The target user never states an opinion about keto, only asks a clarifying question about whether burning fat/protein leads to muscle loss. That indicates uncertainty and a desire to understand potential downsides rather than endorsement or rejection. With no explicit approval/disapproval expressed, their post-conversation stance is best classified as neutral.""}"
keto_380,"{""stance"":""neutral"",""reasoning"":""The target user never speaks in the transcript, so there’s no direct evidence of their opinion. The conversation contains both strong pro-keto claims (biochem explanation, appetite suppression, lipid improvements) and skeptical pushback (questioning mainstream science, attributing results to calorie reduction, disputing claims about fat loss at equal calories). With no indication of how the target user reacts to these competing arguments, the safest prediction is a neutral stance after the conversation.""}"
keto_381,"{""stance"":""positive"",""reasoning"":""The target user repeatedly and assertively defends core keto/low-carb claims: that carbohydrates are non-essential, that micronutrients can be obtained without carbs, that fruit sugar can be harmful, that fat does not cause diabetes, and that keto does not increase heart risk. They cite supportive sources (Taubes’ book) and examples (Inuit) and dismiss opposing arguments as incorrect/baseless, indicating a strongly favorable stance toward keto after the exchange.""}"
keto_382,"{""stance"":""neutral"",""reasoning"":""The target user never speaks in the transcript, so there’s no explicit opinion to anchor a stance. While other participants strongly promote keto and provide detailed pro-keto explanations and a book recommendation, we can’t reliably infer the target user adopted those views or reacted positively/negatively. With insufficient direct evidence of the target user’s attitude after the conversation, the safest prediction is neutral.""}"
keto_383,"{""stance"":""neutral"",""reasoning"":""The target user never appears in the transcript and provides no explicit opinion about keto. While the conversation contains strong pro-keto advocacy and explanations, there’s no evidence of the target user’s reaction or attitude change after reading it. With insufficient direct signal about the target user’s stance, the safest prediction is neutral.""}"
keto_385,"{""stance"":""neutral"",""reasoning"":""The target user never states a personal opinion about keto or any intention to adopt/avoid it. Their message is exploratory and information-seeking (asking about effects for hypoglycemia/diabetes and how to gain weight on keto), which suggests openness but not clear endorsement. Since there’s no explicit approval or disapproval after the conversation, the best prediction is neutral.""}"
keto_386,"{""stance"":""neutral"",""reasoning"":""The target user never speaks in the transcript, so there’s no direct evidence of their opinion. While the conversation includes a strongly pro-keto explanation and then a link challenging the insulin model, we can’t reliably infer how the target user reacted or whether they were persuaded. With insufficient evidence of the target user’s post-conversation attitude, the best prediction is neutral.""}"
keto_387,"{""stance"":""neutral"",""reasoning"":""The target user never appears in the transcript, so there’s no direct evidence of their opinion before or after the discussion. While the conversation contains strongly pro-keto explanations and enthusiasm that could influence someone positively, we can’t attribute that influence to the target user without any response from them. With insufficient evidence of the target user’s expressed or implied stance, the best prediction is neutral.""}"
keto_388,"{""stance"":""neutral"",""reasoning"":""The target user never speaks in the transcript, so there’s no explicit indication of their attitude toward keto. While other participants present strong pro-keto arguments and one mild caution about brain function, we cannot reliably infer how the target user is persuaded or reacts. With insufficient direct evidence of the target user’s post-conversation view, the safest prediction is neutral.""}"
keto_391,"{""stance"":""neutral"",""reasoning"":""The target user never speaks in the transcript, so there’s no direct evidence of their attitude toward keto. While other participants express strong pro-keto views and provide persuasive explanations, we can’t reliably infer that the target user adopted a positive or negative stance from this alone. With no explicit reaction or engagement from the target user, the safest prediction is neutral.""}"
keto_393,"{""stance"":""neutral"",""reasoning"":""The target user never speaks in the provided transcript, so there’s no explicit indication of their attitude toward keto. While the other user is strongly pro-keto and cites dramatic benefits, their hostile, contemptuous tone could either persuade or repel the target user; with no reaction from the target user, there isn’t enough evidence to infer a clear positive or negative stance shift.""}"
keto_394,"{""stance"":""neutral"",""reasoning"":""The target user never speaks in the provided transcript, so there’s no direct evidence of their opinion or any change in attitude. While the other user expresses a negative view, we can’t reliably infer the target user adopted that stance from this alone.""}"
keto_395,"{""stance"":""positive"",""reasoning"":""The target user reacts favorably to the low-carb/keto-style explanation (“Good stuff”) and then strongly advocates for Whole30 as a similar approach, emphasizing benefits consistent with keto claims (reduced cravings, stable energy, better sleep, weight loss, improved gym performance). When challenged, they defend the underlying low-sugar/low-grain premise, argue that grains/dairy can cause problems for many people, and push back against the idea it’s a fad. Although they say they’re not fully sure what keto is, their tone and arguments align with and support keto-like principles, indicating an overall positive stance after the conversation.""}"
keto_396,"{""stance"":""neutral"",""reasoning"":""The target user never states a clear opinion for or against keto; they say they haven’t given it much thought and assumed it might be a passing fad, then ask for sources to learn more. That indicates curiosity and openness but not enough evidence of being convinced or turned off by the discussion, so their post-conversation stance is best classified as neutral.""}"
keto_397,"{""stance"":""positive"",""reasoning"":""The target user repeatedly defends ketosis as the brain’s “best and most natural fuel,” cites historical/evolutionary arguments, points to long-standing clinical use of ketogenic diets for epilepsy, links to a pro-keto medical source (Peter Attia), and argues ketones are a “less-damaging” fuel than glucose while asserting “There is no such thing as an essential carbohydrate.” Even when challenged on biochemistry and evidence, they maintain and reinforce pro-keto claims rather than softening their position. Overall, the conversation leaves them strongly favorable toward keto.""}"
keto_399,"{""stance"":""positive"",""reasoning"":""The target user explicitly reports better results on keto than on calorie restriction alone (15 lb loss in 30 days on keto vs. 0 lb lost after 2+ weeks at a 500–1000 calorie deficit) and defends that outcome against pushback. They argue individual differences and invoke thyroid issues to challenge a simplistic calories-in/calories-out framing, indicating they view keto favorably and as effective for them after the conversation.""}"
keto_400,"{""stance"":""positive"",""reasoning"":""The target user consistently defends and promotes keto throughout the conversation: they tell others it’s “not as bad as it sounds,” give practical guidance (carb ranges, avoiding flour/sugar, pointing to ketogains), and argue that carb-heavy foods can be addictive. Their tone is encouraging and persuasive toward starting and sticking with keto, with no expressed doubts or negative framing. This indicates a clearly positive stance toward the keto diet after the conversation.""}"
keto_401,"{""stance"":""positive"",""reasoning"":""The target user speaks favorably about keto based on personal experience (did it for ~5 months, reached target weight, maintained weight after reintroducing carbs). They frame keto as an effective, practical tool for appetite control and adherence to a calorie target, emphasizing reduced hunger and stable insulin as reasons it 'works.' They also recommend it as useful for people who struggle with willpower, indicating an overall supportive (though not evangelizing) view.""}"
keto_405,"{""stance"":""neutral"",""reasoning"":""The target user never speaks in the transcript, so there’s no explicit evidence of their prior or updated view. The conversation contains strongly pro-keto explanations and an equally strong anti-keto rebuttal claiming serious harms, followed by a partial concession that calorie deficit matters plus a pro-keto framing and a study link. With no signal of which side the target user accepts, the most defensible prediction is that they end up uncertain/mixed rather than clearly positive or negative.""}"
keto_406,"{""stance"":""neutral"",""reasoning"":""The target user never appears in the transcript, so there’s no direct evidence of their opinion or any reaction to the pro-keto explanations. Without any explicit statements or observable shift in attitude from the target user, the safest prediction is neutral.""}"
keto_407,"{""stance"":""neutral"",""reasoning"":""The target user focuses on a technical disagreement about whether muscle qualifies as “long-term energy storage,” challenging others’ claims and asking for credible sources. They do not express approval or disapproval of the keto diet itself, nor do they discuss outcomes, safety, or personal preference regarding keto. Their corrections about keto adaptation (brain glucose needs) show some knowledge but don’t indicate a pro- or anti-keto position. Overall, the conversation doesn’t provide enough evidence that they end up more positive or negative toward keto, so their stance remains neutral.""}"
keto_408,"{""stance"":""neutral"",""reasoning"":""The target user frames keto pragmatically rather than endorsing or rejecting it. They agree keto can be “fine” if it helps reduce caloric intake without hunger, but explicitly say any other diet achieving the same outcome is also good. This indicates neither a strong preference for keto nor opposition—just conditional acceptance based on sustainability and appetite control.""}"
keto_410,"{""stance"":""neutral"",""reasoning"":""The target user frames keto pragmatically rather than endorsing or criticizing it: keto is “fine” if it helps reduce calorie intake without hunger, but other diets are equally “good” if they achieve the same. They emphasize appetite control as the key and do not express a preference for keto specifically, indicating a neutral stance after the conversation.""}"
keto_412,"{""stance"":""negative"",""reasoning"":""The target user endorses the anti-keto/anti-low-carb position in the thread, agreeing that the issue is “empty carbs” and that carbs (especially from fruit/fiber) aren’t the problem. They argue for balanced intake (carbs are natural/necessary) and push back on insulin-spike framing, focusing instead on proportion and food quality. Nothing in their comments suggests openness to keto; instead they reinforce a pro-carb perspective, implying a negative stance toward keto after the conversation.""}"
keto_414,"{""stance"":""positive"",""reasoning"":""The target user explicitly says they have been anti-keto but that their “mind is changing,” and they decide to try keto for 8 weeks after seeing strong results from others. They report feeling fine on day 2.5, are engaged and asking detailed how-to questions (calories, supplements, weight training, expected loss), which signals growing acceptance and willingness to commit rather than rejection. Overall, the conversation moves them from skepticism toward a favorable, trial-oriented view.""}"
keto_415,"{""stance"":""neutral"",""reasoning"":""The target user never appears in the transcript and provides no statements or reactions about keto. Although other participants express strong pro-keto views and detailed explanations that could be persuasive, there’s no evidence of the target user engaging with or being influenced by them. With insufficient direct information about the target user’s post-conversation attitude, the best prediction is neutral.""}"
keto_418,"{""stance"":""neutral"",""reasoning"":""The target user does not appear in the provided transcript and offers no explicit opinion about the keto diet. While the conversation involves low-sugar/keto-style drink choices, there is insufficient evidence to infer the target user’s attitude or any change in stance, so the most reliable prediction is neutral.""}"
keto_419,"{""stance"":""neutral"",""reasoning"":""The target user is not present in the provided transcript and there are no statements expressing an opinion about the keto diet. The only message is a question from another user about whether flavored cream in cold brew is keto-friendly, which doesn’t provide evidence of the target user’s attitude or any shift in stance.""}"
keto_420,"{""stance"":""neutral"",""reasoning"":""The target user never speaks in the provided transcript, so there’s no explicit opinion about keto and no clear evidence the brief comment about drinking coffee black would shift their stance toward the keto diet specifically. With insufficient information, their post-conversation stance is best classified as neutral.""}"
keto_421,"{""stance"":""neutral"",""reasoning"":""The transcript contains no statements from the target user and no substantive discussion about keto (only a placeholder from an 'OTHER USER'). With no evidence of the target user's opinions or how the conversation might influence them, the safest prediction is neutral.""}"
keto_422,"{""stance"":""neutral"",""reasoning"":""The transcript contains only another user's sarcastic comment about coffee and no statements or reactions from the target user, nor any mention of keto. With no evidence of the target user's views or any keto-related discussion that could influence them, the stance toward the keto diet cannot be inferred and is best classified as neutral.""}"
keto_423,"{""stance"":""neutral"",""reasoning"":""The target user does not appear in the provided transcript and expresses no opinion about keto. The only message is from another user giving practical advice about heavy cream calories in coffee, which is keto-adjacent but provides no evidence of the target user’s attitude shifting positively or negatively. With insufficient information about the target user’s post-conversation view, the safest prediction is neutral.""}"
keto_424,"{""stance"":""neutral"",""reasoning"":""The transcript contains no mention of the keto diet, nor any statement by the target user. The only content is another user discussing reducing sugar in coffee, which could be compatible with keto but does not clearly indicate the target user’s attitude toward keto. With insufficient evidence of the target user’s view or any change in view, the stance is best classified as neutral.""}"
keto_425,"{""stance"":""neutral"",""reasoning"":""The target user did not contribute any statements in the provided transcript, so there’s no explicit evidence of their attitude toward keto or that the other user’s comment changed their view. With insufficient information about the target user’s reaction, the most defensible prediction is neutral.""}"
keto_426,"{""stance"":""positive"",""reasoning"":""The target user explicitly endorses keto compatibility (“black coffee definitely = keto friendly!”) and speaks in a pro-keto context without any criticism or reservations about the diet. The rest of the conversation reinforces a keto-friendly habit (drinking coffee black, avoiding sugar/cream) and contains no counterarguments that would push them toward neutrality or negativity, so their stance remains positive after the discussion.""}"
keto_429,"{""stance"":""neutral"",""reasoning"":""The target user argues strongly against the idea that keto/low-carb has a unique metabolic advantage for fat loss, emphasizing that calories-in/calories-out and satiety drive results and citing many studies suggesting no clear carb-vs-fat winner. However, they also explicitly state they’ve done keto and that it works, and they clarify they’re not saying keto won’t work—only that it’s not the only way and sugar isn’t uniquely “poison.” After the conversation (which becomes hostile), their position remains: skeptical of keto superiority but not anti-keto overall, leading to an overall neutral stance toward keto.""}"
keto_431,"{""stance"":""neutral"",""reasoning"":""The target user pushes back strongly against the idea that sugar/carbs have a unique fattening hormonal/metabolic effect and argues that weight change is primarily calories-in vs calories-out, citing many studies showing no inherent advantage of low-carb/keto when protein and calories are controlled. However, they also explicitly say they’ve done keto, that it works, and that they like it (mainly because it helps with calorie restriction/satiety via protein). This leaves them neither anti-keto nor pro-keto as uniquely superior—supportive of keto as a practical tool but skeptical of its special claims—so their overall stance after the conversation is best classified as neutral.""}"
keto_434,"{""stance"":""neutral"",""reasoning"":""The target user pushes back strongly against the idea that sugar uniquely causes fat gain and argues for a calories-in/calories-out view, citing many studies claiming no metabolic advantage for keto. However, they also explicitly say they’ve done keto, that it works, that they like it, and they tell someone not to unsubscribe from r/keto. Overall they view keto as a workable tool (largely via satiety/protein) rather than something superior or harmful, yielding a mixed but slightly pragmatic stance best classified as neutral.""}"
keto_435,"{""stance"":""positive"",""reasoning"":""The target user repeatedly affirms that keto works and is likely easier/more effective for typical dieters, calling it “a great way to lose weight,” and agrees that keto’s benefits can come from satiety leading to lower calorie intake. While they strongly reject the claim that carbs/sugar are uniquely fattening (arguing for calories-in/calories-out and no special metabolic advantage), they do not become anti-keto; instead they maintain a pro-keto-but-not-exclusive stance. Overall this reflects a positive stance toward keto as a useful approach, with skepticism toward exaggerated biochemical claims.""}"
keto_438,"{""stance"":""positive"",""reasoning"":""The target user explicitly says they’ve done keto, that it works, and that they like it, and they tell another user not to unsubscribe from r/keto. While they strongly reject the claim that sugar uniquely ‘makes you fat’ and argue for calories-in/calories-out (and possibly protein as the key benefit), their overall attitude toward keto remains favorable as a practical, effective approach rather than something harmful or useless.""}"
keto_439,"{""stance"":""positive"",""reasoning"":""The target user explicitly says they’ve done keto, that it works, and that they like it, and they advises another user not to unsubscribe from r/keto. Although they strongly reject the idea that sugar uniquely ‘makes you fat’ and argue for calories-in/calories-out (and protein/satiety as key mechanisms), this is framed as a correction to mechanistic claims rather than a rejection of keto. Overall they remain supportive of keto as an effective tool, just not for the anti-sugar/insulin-centric reasons others argue.""}"
keto_440,"{""stance"":""neutral"",""reasoning"":""The target user pushes back strongly against the core keto-adjacent claim that “sugar makes you fat” via a hormonal/metabolic advantage, citing many studies arguing diet composition doesn’t change weight loss when calories/protein are controlled. However, they also explicitly say they’ve done keto, that it works, and that they like it—framing keto as a practical tool (mainly via protein/satiety and easier calorie restriction) rather than a uniquely superior or harmful approach. This mixture of mild endorsement of keto’s usefulness but rejection of common pro-keto mechanistic claims indicates an overall neutral stance after the conversation.""}"
keto_441,"{""stance"":""neutral"",""reasoning"":""The target user argues strongly against the idea that sugar/carbs are uniquely fattening and cites many studies suggesting no metabolic advantage to keto vs other diets when calories/protein are controlled. However, they also explicitly say they’ve done keto, that it works, and that they like it (attributing success largely to protein/satiety and easier calorie restriction). Overall, they view keto as a workable tool but not superior or necessary—so their stance is mixed rather than clearly positive or negative.""}"
keto_446,"{""stance"":""neutral"",""reasoning"":""The target user pushes back on the idea that sugar/carbs uniquely cause fat gain and cites many studies arguing no special metabolic advantage for keto versus other diets when calories/protein are controlled. However, they explicitly say they’ve done keto and that it works, framing it as a practical way to reduce calories/sugar rather than as uniquely superior. After the exchange, their position remains: keto can work but isn’t necessary or metabolically special—overall a neutral stance toward keto.""}"
keto_447,"{""stance"":""neutral"",""reasoning"":""The target user argues against keto having a unique metabolic advantage and emphasizes calories-in/calories-out, citing many studies showing similar weight loss across macro compositions. However, they also explicitly say they’ve done keto and that it works, framing it as a practical tool for calorie restriction rather than something inherently superior or harmful. Their later reply about water/sodium retention critiques simplistic claims but doesn’t reject keto itself. Overall this suggests a balanced, evidence-focused view: neither pro-keto evangelism nor anti-keto opposition.""}"
keto_448,"{""stance"":""neutral"",""reasoning"":""The target user pushes back against strong pro-keto/anti-sugar claims by citing many studies suggesting no inherent metabolic advantage to low-carb vs low-fat when calories/protein are controlled, and emphasizes “calories in > calories out.” However, they explicitly state they’ve done keto and that “it works,” framing keto as a practical tool for calorie restriction/satiety rather than a uniquely superior or harmful diet. This leaves them neither clearly pro- nor anti-keto overall after the exchange.""}"
keto_452,"{""stance"":""neutral"",""reasoning"":""The target user argues against the idea that sugar/carbs are uniquely fattening and emphasizes that controlled studies generally show no special metabolic advantage for keto when calories and protein are matched. However, they explicitly say they’ve done keto and it works, and clarify they’re not saying keto won’t work—just that it’s not the only way and that calories-in/calories-out matters most. That combination reflects a pragmatic, mixed view rather than clearly pro- or anti-keto, so their post-conversation stance is best classified as neutral.""}"
keto_453,"{""stance"":""neutral"",""reasoning"":""The target user pushes back against strong pro-keto/anti-sugar claims by citing many studies arguing there’s no inherent fat-vs-carb metabolic advantage when calories/protein are controlled, and emphasizes a calories-in/calories-out framework. However, they explicitly say they’ve done keto and it works, and frame keto as a useful tool for calorie restriction via improved satiety rather than as uniquely necessary or superior. That mix of skepticism toward keto’s special claims but acknowledgment of its practicality suggests an overall neutral stance after the conversation.""}"
keto_455,"{""stance"":""neutral"",""reasoning"":""The target user argues strongly against the idea that keto/low-carb has a unique metabolic advantage over other diets when calories and protein are controlled, citing many studies and emphasizing “calories in > calories out.” However, they explicitly state they’ve done keto and that “it works,” and clarify they are not saying keto won’t work—only that it’s not the only way and that sugar isn’t uniquely ‘poison.’ This leaves them neither pro-keto nor anti-keto overall, but pragmatically neutral: keto can be an effective tool mainly via easier calorie restriction/satiety, not a special biochemical edge.""}"
keto_458,"{""stance"":""neutral"",""reasoning"":""The target user argues strongly against the idea that carbs/sugar are uniquely fattening and cites many studies suggesting no metabolic advantage for keto when calories and protein are controlled. However, they explicitly add that they’ve done keto, it works, and that cutting carbs can be an effective way to reduce calories via satiety—just not the only way. This positions them as neither pro-keto nor anti-keto overall, but pragmatic and calorie-balance focused.""}"
keto_459,"{""stance"":""neutral"",""reasoning"":""The target user pushes back against strong pro-keto/anti-sugar claims by citing many studies suggesting no unique metabolic advantage for keto when calories and protein are controlled, and emphasizes “calories in > calories out.” However, they explicitly say they’ve done keto, that it works, and that cutting carbs/sugar can be an easy way to restrict calories—just not the only way. That combination indicates a pragmatic, non-ideological view rather than clearly positive or negative toward keto.""}"
keto_460,"{""stance"":""neutral"",""reasoning"":""The target user argues against the idea that sugar/carbs are uniquely fattening and cites many studies suggesting no metabolic advantage of keto over other diets when calories/protein are controlled, emphasizing \""calories in > calories out.\"" However, they also explicitly state they’ve done keto, that it works, and that cutting carbs can be an effective way to achieve calorie restriction. This combination reflects skepticism of strong pro-keto/anti-sugar claims but not rejection of keto itself, leaving their overall stance toward keto as neutral after the conversation.""}"
keto_461,"{""stance"":""neutral"",""reasoning"":""The target user argues strongly against keto having a unique metabolic advantage for fat loss, emphasizing evidence that weight loss is primarily driven by calorie deficit and that carb vs fat ratios don’t meaningfully change outcomes when protein/calories are controlled. However, they explicitly acknowledge they’ve done keto, say it works, and frame it as a practical tool for calorie restriction rather than a hoax or harmful approach. So their post-conversation stance is neither pro-keto nor anti-keto: they see it as one workable option, not superior or necessary.""}"
keto_463,"{""stance"":""neutral"",""reasoning"":""The target user expresses mixed views: they explicitly say they wouldn’t recommend keto as a permanent diet but believe it can be helpful short-term for “course correction.” They also emphasize that people need complex carbohydrates and that they are good for you. Overall this suggests a cautious, balanced stance rather than clearly positive or negative.""}"
keto_464,"{""stance"":""neutral"",""reasoning"":""The target user never speaks in the transcript, so there is no explicit indication of their attitude toward keto. While the other user’s message presents pro–low-carb/keto-leaning arguments (e.g., questioning anti–low-carb performance studies and invoking keto adaptation and historical precedent), there is no evidence of how the target user reacts or whether they are persuaded. With insufficient information to infer a shift in opinion, the safest prediction is neutral.""}"
keto_467,"{""stance"":""neutral"",""reasoning"":""After the exchange, the target user shifts from a strongly anti-sugar/insulin-leptin framing (which often aligns with pro-keto arguments) to a more agnostic, consensus-seeking position: they emphasize uncertainty in the science, say multiple diets can work with adherence, and focus on avoiding processed sugars and eating nutrient-dense foods rather than endorsing keto specifically. They don’t reject keto, but they also don’t advocate it as uniquely effective—so their post-conversation stance toward keto is best predicted as neutral.""}"
keto_468,"{""stance"":""neutral"",""reasoning"":""After the exchange, the target user shifts away from a strongly pro–low-carb/keto framing (“sugar makes us fat,” insulin/leptin loop) toward a more agnostic, consensus-style position: scientists don’t know everything yet, multiple diet paradigms can work, and adherence is the key. They still criticize processed sugars and endorse avoiding junk/empty calories, but they explicitly separate that from a blanket anti-carb stance (“I’m not talking about carbs, I’m talking about white sugar and HFCS”). This suggests they’re not anti-keto, but also not committed to keto as uniquely correct—more of a balanced, evidence-uncertain view, i.e., neutral overall.""}"
keto_471,"{""stance"":""positive"",""reasoning"":""The target user strongly endorses Lustig’s anti-sugar/insulin-leptin framework and explicitly claims that eliminating sugar reverses cravings and promotes satiety, energy, and fat loss—views that align closely with keto/low-carb principles. Although another user counters with many studies arguing no special metabolic advantage and emphasizes calories-in-calories-out, the target user had already anticipated and dismissed that line of argument in their edits/linked replies, suggesting they remain unconvinced by the rebuttal. Overall, the conversation is unlikely to move them away from low-carb/keto; their stance remains favorable.""}"
keto_472,"{""stance"":""positive"",""reasoning"":""The target user’s initial message strongly endorses an anti-sugar/insulin–leptin framework commonly used to justify low-carb/keto and claims that eliminating sugar reverses cravings and supports fat loss. In their edit and linked follow-up comments, they clarify they’re not strictly arguing a unique metabolic advantage for keto over other diets, but they remain aligned with the idea that high sugar intake drives overeating and that removing sugar/carbs is beneficial. The subsequent pushback (many studies showing no macro ‘winner’) challenges a keto-metabolic-advantage claim, but it doesn’t directly refute the target user’s core emphasis on sugar’s role in appetite/satiety and evolutionary mismatch, and there’s no indication the target user changes their view. Overall, they would likely remain favorable toward keto as a practical strategy, even if not uniquely superior metabolically.""}"
keto_473,"{""stance"":""positive"",""reasoning"":""The target user strongly endorses Lustig’s anti-sugar/anti-high-carb framing, argues that eliminating sugar reduces cravings and increases satiety/energy, and posts multiple supportive edits and links in a keto subreddit context. The other user’s pushback is indirect (a debunk link plus an edit admitting they mixed up the video), and there’s no indication the target user accepts that criticism or changes position. Overall, the target user remains aligned with keto-compatible ideas (carb/sugar restriction as beneficial), so their stance after the exchange is still positive.""}"
keto_474,"{""stance"":""positive"",""reasoning"":""The target user presents an extensive argument that sugar/carbs drive insulin and leptin resistance, increase hunger, and promote fat storage, and explicitly claims that eliminating sugar reverses these effects (more satiety, energy, higher metabolism, fewer cravings). This framing aligns strongly with keto principles (carb/sugar restriction) and is posted in a keto context with supportive links and follow-up edits defending the underlying low-carb rationale. Nothing in the exchange suggests they became skeptical; if anything, the other user’s question about positive feedback reinforces the target user’s mechanistic explanation rather than challenging keto.""}"
keto_475,"{""stance"":""positive"",""reasoning"":""The target user strongly endorses Lustig’s anti-sugar/anti-high-carb framing (insulin/leptin loop, cravings, low satiety) and explicitly claims eliminating sugar reverses these effects (more satiety, energy, fewer cravings, weight loss). They also engage within r/keto and defend the idea that carbs/sugar may be uniquely fattening in an evolutionary/biochemical sense. The other user’s skeptical question doesn’t show any shift in the target user away from this view, so their stance toward keto after the exchange remains positive.""}"
keto_479,"{""stance"":""neutral"",""reasoning"":""The target user starts out skeptical of the calorie-balance explanation and leans pro-keto, citing personal experience of easier weight loss and longer-lasting satiety on higher-fat eating. However, throughout the exchange they become confused about calorie density and acknowledge mismatched concepts, and the discussion doesn’t resolve in a way that clearly strengthens their confidence in keto’s unique benefits. The conversation ends with disappointment about the other commenter’s community affiliation rather than a reaffirmation of keto itself. Overall, they still see keto as helpful for satiety, but the back-and-forth introduces enough doubt/uncertainty that their post-conversation stance is best classified as neutral rather than clearly positive or negative.""}"
keto_481,"{""stance"":""neutral"",""reasoning"":""The target user acknowledges that “Keto works” and says they’ve personally tried it, but repeatedly argues there is “nothing magic” about keto and rejects core keto-community claims that carbs are uniquely fattening or inherently ‘evil.’ They frame keto mainly as a tool for reducing calories via increased satiety, not as a superior metabolic approach. This indicates neither strong pro-keto advocacy nor anti-keto rejection—more a pragmatic, skeptical acceptance—so their stance after the conversation is best classified as neutral.""}"
keto_482,"{""stance"":""positive"",""reasoning"":""The target user explicitly defends keto and endorses it as “so damn successful,” arguing that sugar/carbs undermine satiety and make calorie restriction difficult. They cite personal experience that low-fat/high-carb left them persistently hungry and miserable, while avoiding sugar/carbs is now a firm choice (“I’m done with that”). This indicates a clear favorable stance toward keto after the discussion.""}"
keto_487,"{""stance"":""neutral"",""reasoning"":""The target user never speaks in the transcript, so there’s no explicit stance to anchor on. The conversation itself presents mixed views: one side argues sugar/insulin mechanisms and implies keto’s benefits, while the other side cites many studies arguing no special metabolic advantage and frames keto mainly as a tool for calorie restriction/satiety (still acknowledging “keto…works”). With no evidence of the target user endorsing or rejecting keto after reading this, the most defensible prediction is a neutral stance.""}"
keto_490,"{""stance"":""neutral"",""reasoning"":""The transcript contains only an [OTHER USER] asking about shirataki noodles and provides no statements from the [TARGET USER] about keto, nor any response that would indicate agreement, disagreement, or attitude change toward the keto diet. With no evidence of the target user’s views or how the conversation affected them, the safest prediction is neutral.""}"
keto_491,"{""stance"":""neutral"",""reasoning"":""The target user never speaks in the provided transcript, so there’s no direct evidence of their opinion about keto or any shift in attitude. While the other user expresses a positive keto experience, we can’t reliably infer the target user adopted that view from this alone, so the safest prediction is neutral.""}"
keto_492,"{""stance"":""neutral"",""reasoning"":""There is no substantive conversation content from the target user (or anyone else) about the keto diet—only a deleted message. With no evidence of the target user’s views or any persuasive arguments that could shift them, their stance cannot be inferred and is best classified as neutral.""}"
keto_494,"{""stance"":""neutral"",""reasoning"":""The target user never speaks in the provided transcript, so there is no direct evidence of their opinion or any change in attitude toward keto. While the other user is supportive of keto and suggests finding a more supportive doctor, we cannot reliably infer the target user adopted that view from this alone.""}"
keto_495,"{""stance"":""neutral"",""reasoning"":""The transcript provides no statements or reactions from the target user and contains no substantive discussion about the keto diet (only a placeholder message from another user). With insufficient evidence of the target user’s opinion or any influence on them, the most appropriate prediction is neutral.""}"
keto_499,"{""stance"":""neutral"",""reasoning"":""The target user doesn’t express approval or disapproval of keto; they mainly question the claim that long-term keto lacks evidence by pointing to Atkins’ long history. After the reply clarifying that Atkins varies and not all low-carb is keto, there’s no further indication they become more pro- or anti-keto, so their stance remains essentially inquisitive/undecided.""}"
keto_500,"{""stance"":""neutral"",""reasoning"":""The target user does not express support for keto and explicitly suggests that for autoimmune disease, some diets may help but “probably not keto,” indicating skepticism. However, they don’t strongly argue against keto overall or discuss it beyond that aside, so their overall stance after the conversation is best classified as neutral (with a slight negative lean).""}"
keto_501,"{""stance"":""neutral"",""reasoning"":""The target user never mentions keto explicitly or implicitly endorses/criticizes it. They express frustration with fat-blocking medication (orlistat) and with being guilt-tripped about willpower, and they note that their own health markers improved after weight loss—suggesting openness to alternative nutrition approaches—but there’s not enough direct evidence to conclude a positive or negative stance toward keto specifically.""}"
