conv_id,template_id,response
keto_2,4,"{""stance"":""neutral"",""reasoning"":""The target user only clarifies a definitional distinction between keto (low-carb) and carnivore (no carbs), without expressing approval or disapproval of keto’s health effects. The meme shared by another user doesn’t elicit any stated reaction from the target user, so there’s insufficient evidence of a positive or negative stance shift.""}"
keto_5,9,"{""stance"":""negative"",""reasoning"":""The target user repeatedly dismisses carnivore as conspiratorial and explicitly links it to Atkins/keto concepts, describing ketosis as an “artificial starvation state” and using it as a critique rather than an endorsement. Throughout the exchange they become more entrenched, calling carnivore propaganda and warning of health harms, so their stance toward keto (as associated with ketosis/Atkins) is negative after the conversation.""}"
keto_6,4,"{""stance"":""neutral"",""reasoning"":""The target user questions a key aspect of carnivore (fiber) and expresses uncertainty rather than endorsement or rejection. They do not criticize keto directly, and their comment implies they see keto/carnivore as similar “when done correctly,” but the exchange doesn’t show them adopting a clearly positive or negative view of keto afterward—just cautious curiosity.""}"
keto_7,9,"{""stance"":""neutral"",""reasoning"":""The target user only expresses confusion about carnivore (asking where fiber comes from) and does not make a value judgment about keto itself. The reply they receive is a meme dismissing the fiber concern, but there’s no indication the target user accepts it or changes their view. With no explicit endorsement or rejection of keto after the exchange, their stance remains neutral.""}"
keto_9,4,"{""stance"":""positive"",""reasoning"":""The target user explicitly endorses keto based on personal experience, saying it feels “so good,” “much cleaner,” and provides “energy all the time.” They defend the idea that keto’s effects are distinct from other diets and respond amicably but without backing off their pro-keto view. Nothing in the conversation suggests their stance shifts away from keto; if anything, the meme reinforces their positive attitude.""}"
keto_10,0,"{""stance"":""neutral"",""reasoning"":""The target user expresses frustration with divisive nutrition advice and shares a strongly negative experience with a plant-based diet (feeling worse, muscle loss, inadequate protein). However, they do not explicitly endorse keto or state an intention to follow it. The only pro-keto content comes from another user via a meme, which may resonate with the target user’s protein concerns, but there isn’t enough evidence that it changes the target user’s stance to clearly positive.""}"
keto_11,9,"{""stance"":""neutral"",""reasoning"":""The target user focuses on defining whole foods and argues that whole grains can be healthier than bread due to fewer additives, implying openness to carbohydrate-containing foods rather than endorsing keto. They don’t express support for keto even after another user suggests it via the meme, and their comments emphasize flexibility (mostly whole foods, not 100% adherence) rather than adopting a ketogenic approach.""}"
keto_15,4,"{""stance"":""neutral"",""reasoning"":""The target user brings up keto mainly as a counterpoint in a debate about fad diets and athlete performance, questioning why there aren’t prominent gold medalists advocating a high-fat/keto approach. They don’t explicitly endorse keto’s benefits or criticize it as harmful; the tone is skeptical/ironic rather than supportive. The other user’s meme implies keto is less attractive than standard high-carb diets for elite performance, but there’s no clear indication the target user accepts that conclusion. Overall, the target user’s post-conversation stance reads as questioning/undecided rather than clearly positive or negative.""}"
keto_16,0,"{""stance"":""neutral"",""reasoning"":""The target user expresses interest in finding athletes who follow keto/carnivore and pushes back against claims of disproportionate vegan media coverage, but they don’t endorse keto’s effectiveness or criticize it. Their comments focus on industry influence and information-seeking rather than a clear pro- or anti-keto position, so their stance remains best classified as neutral.""}"
keto_18,3,"{""stance"":""negative"",""reasoning"":""The target user repeatedly pushes back on the idea that Tom Brady’s diet is keto, emphasizing it’s largely plant-based and includes whole grains while limiting saturated fat—features they explicitly describe as “the opposite of keto.” Their comments are corrective and dismissive toward keto framing, indicating a negative stance after the exchange.""}"
keto_19,4,"{""stance"":""negative"",""reasoning"":""The target user pushes back against labeling Tom Brady’s diet as keto, citing a source that describes it as mostly plant-based and more like Mediterranean/Asian eating. They explicitly state that limiting saturated fat and eating whole wheat is the opposite of keto, signaling a critical stance toward keto rather than interest or support.""}"
keto_20,0,"{""stance"":""negative"",""reasoning"":""The target user repeatedly argues that animal fats (central to many keto/carnivore approaches) contribute to harmful lipid buildup and cardiometabolic disease, calls keto/carnivore restrictive and unhealthy, and frames meat/animal-fat promotion as industry propaganda. Nothing in the exchange suggests they were persuaded toward keto; if anything, the conflict and their final metabolic explanation reinforces an anti-keto view.""}"
keto_22,9,"{""stance"":""neutral"",""reasoning"":""The target user argues that vegan diets disadvantage most sports and dismisses comparisons to keto as irrelevant, but they never express a clear opinion about keto itself (no endorsement or criticism of keto’s effectiveness/health). The only keto mention comes from the other user via a meme, which the target user does not respond to. With no explicit stance and no evidence of persuasion, the most supported prediction is neutral.""}"
keto_24,9,"{""stance"":""negative"",""reasoning"":""The target user repeatedly argues that carbs are essential for workout intensity and general performance, calls the demonization of carbs “ridiculous,” and rejects the idea that reducing carbs is uniquely effective for weight loss (emphasizing calories and that fat is easy to overeat). They only concede keto might help a small subset with specific medical conditions (e.g., epilepsy), indicating an overall unfavorable stance toward keto after the exchange.""}"
keto_26,1,"{""stance"":""negative"",""reasoning"":""The target user explicitly argues that carbs are essential for performance, calls the demonization of carbs “ridiculous,” and says people should fuel exercise with healthy carbs as a non‑negotiable default. They only concede keto might help a small subset with specific medical conditions (e.g., epilepsy, type 1 diabetes), indicating an overall unfavorable view of keto for most people.""}"
keto_27,1,"{""stance"":""negative"",""reasoning"":""The target user argues strongly against an all-meat/carnivore framing and emphasizes that humans historically ate plants year-round, specifically citing the necessity of vitamin C from leafy greens and stating you will die without it. This implies skepticism toward very low-carb animal-heavy diets like keto (especially when presented as thriving without plants), and the meme about thriving on keto via liver doesn’t shift their expressed view. Overall their comments indicate a negative stance toward keto as portrayed in the conversation.""}"
keto_28,0,"{""stance"":""neutral"",""reasoning"":""The target user never speaks in the transcript, so there’s no direct evidence of their view. While the other users argue that carbs are necessary for peak athletic performance and criticize keto as more for appearance than function, we can’t reliably infer the target user adopted that stance. With no explicit response or reaction from the target user, the safest prediction is neutral.""}"
keto_30,3,"{""stance"":""neutral"",""reasoning"":""The target user never speaks in the transcript, so there’s no direct evidence of their opinion. The conversation shows a conflict: one person mocks keto as a fad while another claims major, dietician-guided success. Without any response from the target user indicating agreement, disagreement, or persuasion, the safest prediction is neutral.""}"
keto_31,3,"{""stance"":""negative"",""reasoning"":""The target user repeatedly argues that carbohydrates/glycogen are essential for muscle performance and functional strength, claiming keto may help you “look strong” but not outperform carb-fueled athletes. They also describe low-carb/keto physiques as softer and less dense and emphasize immediate improvement with carb intake. Nothing in the exchange suggests their view softened; if anything they reinforce an anti-keto stance for performance.""}"
keto_32,9,"{""stance"":""negative"",""reasoning"":""The target user explicitly argues that carbs are necessary to fuel muscles and that while keto might help someone “look strong,” it won’t allow outperforming a carb-fueled athlete. This frames keto as inferior for functional strength/performance, indicating a negative stance after the conversation.""}"
keto_33,3,"{""stance"":""neutral"",""reasoning"":""The transcript only shows another user posting a pro-keto meme; the target user never speaks or reacts. With no explicit statements or observable influence on the target user, there isn’t enough evidence to infer a positive or negative stance change, so the safest prediction is neutral.""}"
keto_34,0,"{""stance"":""neutral"",""reasoning"":""The target user focuses on clarifying that Jeff Browning’s current intake (75–200g carbs/day) isn’t keto and that even when he ate keto it wasn’t carnivore. This reads as fact-checking and distinguishing diet labels rather than endorsing or criticizing keto itself. The meme doesn’t elicit any expressed approval/disapproval from the target user, so there’s insufficient evidence of a positive or negative stance shift.""}"
keto_36,1,"{""stance"":""positive"",""reasoning"":""The target user strongly defends the ketogenic concept, equates ketone production with being on a ketogenic diet, argues low-carb limits mainly apply to metabolically inflexible/unhealthy people, and frames carbohydrates as a key problem (e.g., diabetes example). Their tone is emphatic and approving of pro-keto framing (“Thank you for using words correctly”), indicating a positive stance rather than neutral or negative.""}"
keto_43,4,"{""stance"":""positive"",""reasoning"":""The target user explicitly endorses keto by asserting that greens are keto and that the “real traditional Mediterranean diet” is low carb, while dismissing the modern “Mediterranean diet” as fake and profit-driven. The other user’s meme reinforces this pro-keto framing, so the conversation context supports a positive stance toward keto.""}"
keto_46,3,"{""stance"":""neutral"",""reasoning"":""The target user never speaks in the transcript, so there’s no explicit indication of their opinion. The conversation presents mixed cues—one user defends keto as veggie-inclusive while another highlights extreme practices like butter/lard coffee—so there isn’t enough evidence to infer the target user ends up clearly positive or negative.""}"
keto_48,9,"{""stance"":""negative"",""reasoning"":""The target user is skeptical of genetics-based arguments used to justify keto/carnivore and explicitly criticizes the carnivore/keto community for redefining “good” bloodwork and dismissing concerning markers like high LDL and CRP based on keto-author claims. They show polite openness to individual anecdotes but overall express distrust and concern about keto-style interpretations of health metrics, indicating a negative stance after the conversation.""}"
keto_52,3,"{""stance"":""positive"",""reasoning"":""The target user strongly defends keto as a legitimate medical treatment (for epilepsy and metabolic illness), rejects the idea that it’s a fad, and describes keto/fasting/carnivore as essential to managing their own serious health issues (“only things keeping me out of an early grave”). Their tone is emphatic and personally invested, indicating a strongly positive stance toward keto after the conversation.""}"
keto_54,1,"{""stance"":""neutral"",""reasoning"":""The transcript only shows a meme contrasting high-carb eating with eating steak/burning fat for fuel, but it contains no explicit statement from the [TARGET USER] and no back-and-forth discussion that would reveal or shift their opinion. With no evidence of the target user endorsing or rejecting keto after the conversation, the safest prediction is neutral.""}"
keto_55,3,"{""stance"":""positive"",""reasoning"":""The target user explicitly says they started keto in April and \""really like it,\"" indicating a favorable view. The rest of the conversation provides no counterarguments or negative experiences that would shift them away from that stance.""}"
keto_56,3,"{""stance"":""neutral"",""reasoning"":""The transcript only shows another user posting a meme that portrays keto positively (steak/butter/rapid weight loss) versus low-fat diets, but the target user never speaks or reacts. With no explicit comments, questions, or engagement from the target user, there isn’t enough evidence to infer a positive or negative stance shift, so the safest prediction is neutral.""}"
keto_60,1,"{""stance"":""neutral"",""reasoning"":""The target user never appears in the transcript and provides no statements or reactions about keto. With no evidence of their prior view or any change influenced by the meme/discussion, their post-conversation stance cannot be determined, so it should be classified as neutral.""}"
keto_64,0,"{""stance"":""positive"",""reasoning"":""The target user actively defends keto against claims that it harms testosterone, corrects misconceptions about keto being high-protein, argues high fat can support testosterone, and provides counter-studies suggesting anti-inflammatory benefits and therapeutic uses. Even after pushback from others, they maintain a pro-keto position rather than conceding, indicating a positive stance after the conversation.""}"
keto_65,3,"{""stance"":""positive"",""reasoning"":""The target user defends keto’s benefits, arguing it reduces hunger via ketosis and tighter blood sugar regulation compared to high-carb/sugar diets. They further frame high carb intake (200–300g/day) as problematic for carb-intolerant people, reinforcing a pro-keto viewpoint despite another user’s skepticism.""}"
keto_68,4,"{""stance"":""positive"",""reasoning"":""The target user defends keto against claims that it’s unhealthy/unnatural, argues the lack of longevity evidence is due to limited research rather than negative findings, cites promising benefits (diabetes reversal, tumor reduction, neurological disorders), and frames high-carb modern food as the real “unnatural” diet. Nothing in the exchange appears to shift them away from this pro-keto position.""}"
keto_70,1,"{""stance"":""positive"",""reasoning"":""The target user actively defends keto against claims it’s “broscience,” argues critics misunderstand ketosis/keto-adaptation, and cites specific health benefits (prediabetes/diabetes prevention, neurological issues, improved lipid profiles). Their dismissive response to the critic (“Okay troll”) further indicates they remain strongly supportive after the exchange.""}"
keto_71,1,"{""stance"":""positive"",""reasoning"":""The target user strongly defends keto throughout the exchange, asserting the brain operates fine on ketones due to gluconeogenesis and claiming many people experience improved creativity and focus when keto-adapted. Their tone is confident and dismissive of criticism, indicating a firmly positive stance that is not softened by the conversation.""}"
keto_73,0,"{""stance"":""neutral"",""reasoning"":""The target user never speaks in the transcript, so there’s no direct evidence of their opinion. The conversation presents a mixed view: keto can work and provide benefits (fat loss, mental clarity), but requires strict adherence and potentially annoying carb counting, with warnings about half-measures and cheating. With no indication of how the target user reacts, the most defensible prediction is neutral.""}"
keto_78,4,"{""stance"":""negative"",""reasoning"":""The target user is discussing adding content critiquing the “good carb/bad carb” fallacy and bringing in glycemic index science in the context of a keto-diet discussion. Their language (“it always bugged how I didn't expand on… fallacy”) suggests they view common keto/low-carb framing around carbs skeptically and want to counter it, indicating a negative stance toward keto after the exchange.""}"
keto_79,0,"{""stance"":""positive"",""reasoning"":""The target user expresses interest and enthusiasm about ketosis and sees exogenous ketones as a “pretty cool trick” that could allow eating carbs while staying in ketosis. The meme reinforces the idea of ketosis as desirable and exogenous ketones as a helpful shortcut, with no pushback from the target user, suggesting an overall positive stance toward keto.""}"
keto_81,3,"{""stance"":""positive"",""reasoning"":""The target user treats keto as generally fine for \""normal\"" people, only cautioning those with kidney/heart issues to consult a doctor and recommending routine bloodwork after 6 months. This suggests they view keto favorably overall and as worth doing, with sensible monitoring rather than discouragement.""}"
keto_83,9,"{""stance"":""positive"",""reasoning"":""The target user strongly defends the ketogenic diet, calling muscle loss concerns a myth, claiming keto is good at sparing muscle and supporting athletes, and recommends keto-specific resources (/r/ketogains and a low-carb performance book). Nothing in the conversation suggests they became more skeptical afterward; if anything, they reinforce a pro-keto position.""}"
keto_84,4,"{""stance"":""neutral"",""reasoning"":""The transcript contains no messages from the [TARGET USER], so there’s no direct evidence of their opinion or any change in it. While other users provide a generally pro-keto-but-demanding perspective (benefits if truly in ketosis, strict carb limits, lifestyle burden), we cannot reliably infer how the target user reacts. With insufficient evidence about the target user’s stance after the conversation, the best prediction is neutral.""}"
keto_86,0,"{""stance"":""neutral"",""reasoning"":""The target user never speaks in the transcript, so there’s no direct evidence of their opinion or any change in it. Although the meme promotes keto positively (energy and effortless weight loss vs. low-fat hunger), we can’t infer the target user adopted that view from the conversation alone.""}"
keto_87,0,"{""stance"":""neutral"",""reasoning"":""The target user never speaks in the transcript, so there’s no explicit opinion to infer. The only content is another user’s meme that mentions an initial negative effect (“keto flu”) followed by feeling great (“endless energy and mental clarity”), but without any response from the target user there isn’t enough evidence to conclude they end up positive or negative; neutral is the safest prediction.""}"
keto_89,9,"{""stance"":""neutral"",""reasoning"":""The target user never speaks in the transcript, so there is no explicit opinion to infer. The only content is a comic where someone suggests keto for steady energy and is then dramatically thrown out, which could be interpreted as mocking keto, but without any reaction or statement from the target user there isn’t enough evidence to predict a clear positive or negative stance change. Therefore the safest classification is neutral.""}"
keto_90,4,"{""stance"":""neutral"",""reasoning"":""The target user does not provide any explicit opinion or reaction in the transcript—only another user posts a pro-keto meme implying rapid fat loss and high energy. Without any statement from the target user showing agreement, disagreement, or being persuaded, there isn’t enough evidence to infer a positive or negative stance change, so the most reliable classification is neutral.""}"
keto_95,9,"{""stance"":""neutral"",""reasoning"":""The target user does not provide any explicit opinion about keto in the transcript. The only content shown is another user posting a meme that satirizes common pro-keto talking points, but there’s no recorded reaction or follow-up from the target user indicating agreement, disagreement, or a shift in attitude. With no evidence of the target user’s view being expressed or influenced, the safest prediction is neutral.""}"
keto_97,1,"{""stance"":""neutral"",""reasoning"":""The transcript only shows another user posting a meme implying keto offers tasty foods (bacon/steak) and weight loss benefits, but the target user never responds or expresses any opinion. With no explicit reaction or evidence of persuasion, the safest prediction is that the target user’s stance remains neutral.""}"
keto_99,1,"{""stance"":""neutral"",""reasoning"":""The target user never speaks in the transcript, so there’s no explicit opinion or reaction from them about keto. The only content is another user posting a meme contrasting snacking vs eating bacon/steak to burn fat, which implies a keto-friendly idea, but there’s no evidence the target user adopts or rejects it. With insufficient information about the target user’s response, the best prediction is neutral.""}"
keto_100,3,"{""stance"":""neutral"",""reasoning"":""The target user never speaks in the transcript, so there’s no explicit indication of their opinion. The only content is another user posting a pro-keto meme contrasting keto favorably against calorie counting, but without any response from the target user there isn’t enough evidence to infer that their stance became positive or negative after the conversation.""}"
keto_103,1,"{""stance"":""neutral"",""reasoning"":""The target user does not appear in the transcript and provides no explicit opinion about keto. The only content is another user posting a meme that frames keto as a tradeoff (bread/sluggish vs keto flu/weight loss), but there’s no evidence of how the target user reacts or whether it changes their view. With insufficient information, the most accurate prediction is neutral.""}"
keto_105,9,"{""stance"":""neutral"",""reasoning"":""The target user never speaks in the provided transcript, so there’s no explicit opinion to infer. The only content is an image posted by another user that presents keto as a solution for stable insulin and energy, but without any response from the target user, there isn’t enough evidence to conclude they became positive or negative. Therefore, the most defensible prediction is neutral.""}"
keto_106,4,"{""stance"":""neutral"",""reasoning"":""The target user never states an opinion about keto, asks questions, or reacts to the pro-keto meme. With no explicit stance or evidence of being persuaded by the conversation, the safest prediction is neutral.""}"
keto_107,9,"{""stance"":""neutral"",""reasoning"":""The target user never appears in the transcript and provides no explicit opinion about keto. The only content is another user sharing a meme that mentions keto positively, but there’s no evidence the target user saw it, agreed, disagreed, or was persuaded. With no target-user statements or reactions, their post-conversation stance can’t be inferred as positive or negative, so it remains neutral.""}"
keto_108,4,"{""stance"":""neutral"",""reasoning"":""The target user does not contribute any messages in the provided transcript, so there’s no direct evidence of their opinion or any change in attitude. The only content shown is another user’s pro-keto meme, which isn’t enough to infer the target user’s post-conversation stance.""}"
keto_110,9,"{""stance"":""neutral"",""reasoning"":""The target user does not contribute any explicit opinion or reaction in the provided transcript. The only content is an image posted by another user that jokes about how people try to market keto, but there’s no indication of the target user agreeing, disagreeing, or being persuaded. With no direct statements or clear influence on the target user’s view, the safest prediction is neutral.""}"
keto_111,0,"{""stance"":""neutral"",""reasoning"":""The target user never speaks in the transcript, so there’s no explicit opinion or reaction from them about keto. The only content shown is another user’s meme that mentions initial ‘keto flu’ but then portrays positive outcomes (energy/clarity). Without any response from the target user indicating agreement, skepticism, or rejection, there isn’t enough evidence to infer a positive or negative stance change, so neutral is most appropriate.""}"
keto_112,0,"{""stance"":""neutral"",""reasoning"":""The target user never speaks in the transcript, so there’s no explicit opinion expressed about keto. While the other user’s meme portrays keto positively (mental clarity overcoming carb cravings), there’s no evidence the target user agrees or is persuaded by it, so the safest prediction is neutral.""}"
keto_113,9,"{""stance"":""neutral"",""reasoning"":""The target user never speaks in the transcript, so there’s no explicit opinion to evaluate. While the shared comic portrays keto positively (as a solution for stable insulin and fat-burning energy), there’s no evidence the target user endorses or rejects that message or is influenced by it. With insufficient direct evidence of the target user’s attitude, the best prediction is neutral.""}"
keto_114,3,"{""stance"":""neutral"",""reasoning"":""The target user never speaks in the provided transcript, so there’s no explicit opinion or reaction to infer. With only another user posting a pro-keto meme and no target-user response, there isn’t enough evidence to determine whether the target user ends up positive or negative; neutral is the safest prediction.""}"
keto_115,3,"{""stance"":""neutral"",""reasoning"":""The target user provides keto-oriented suggestions (targeted carbs pre-workout and cyclic keto) and seems open to keto as a strategy, but they don’t express a clear personal endorsement or commitment. The other user’s pushback and mocking image about distance runners suggests keto may be impractical for marathon running, which likely tempers the target user’s confidence. Overall, the target user remains exploratory rather than clearly positive or negative.""}"
keto_117,0,"{""stance"":""positive"",""reasoning"":""The target user responds as someone knowledgeable and supportive of keto, offering practical troubleshooting (water and salt/electrolytes) and implying keto can work well when managed correctly. Nothing in the exchange suggests doubt or criticism from the target user; the context reinforces the idea that fatigue is fixable rather than a reason to reject keto.""}"
keto_118,4,"{""stance"":""positive"",""reasoning"":""The target user explicitly endorses keto: they’ve been keto since November, point to vegan-keto resources, argue ketones can fuel the brain without glucose, and describe keto as helping satiety and enabling easier calorie reduction for weight loss. Nothing in the conversation suggests their view became more critical; the context reinforces benefits.""}"
keto_119,4,"{""stance"":""neutral"",""reasoning"":""The target user never speaks in the transcript, so there’s no explicit indication of their opinion or any observed change. The only content is another user’s pro-keto meme, which could influence them, but without any response from the target user there isn’t enough evidence to infer a positive or negative stance shift.""}"
keto_120,9,"{""stance"":""neutral"",""reasoning"":""The target user does not appear in the provided transcript and makes no explicit statements about keto. With no evidence of their prior view or any reaction to others’ arguments, there isn’t enough information to infer a positive or negative stance change, so the safest prediction is neutral.""}"
keto_122,9,"{""stance"":""neutral"",""reasoning"":""The target user does not provide any explicit opinion or reaction to the keto diet in the transcript. The only content is an image posted by another user that mentions keto as a solution, but there is no evidence of the target user agreeing, disagreeing, or being persuaded. With no direct statements or behavioral cues from the target user, the stance cannot be inferred beyond neutral.""}"
keto_123,9,"{""stance"":""neutral"",""reasoning"":""The target user never speaks in the transcript, so there’s no explicit opinion expressed about keto. While the shared meme presents keto positively (fat-burning and mental clarity) and mocks other approaches, there’s no evidence the target user accepts or rejects that message, so their post-conversation stance can’t be confidently inferred beyond neutral.""}"
keto_124,9,"{""stance"":""neutral"",""reasoning"":""The target user does not appear in the transcript and provides no explicit opinion about keto. The only content is another user sharing a meme that portrays keto as a suggestion for steady energy, but there is no response from the target user indicating agreement or disagreement. With no evidence of the target user’s reaction or change in view, the stance is best classified as neutral.""}"
keto_125,0,"{""stance"":""negative"",""reasoning"":""The target user strongly identifies as a vegan and frames their diet as \""the healthiest,\"" emphasizing lower lipid levels and ethical/environmental objections to animal-based eating—common with standard keto. Their tone is confrontational and dismissive toward keto advocates, and nothing in the exchange suggests they were persuaded; if anything, they double down on vegan superiority, implying an unfavorable view of keto.""}"
keto_126,1,"{""stance"":""negative"",""reasoning"":""The target user explicitly claims keto diets are \""killing you,\"" warns about fat-clogged arteries, and directs others to a site they say provides studies against keto. Their follow-up \""exactly\"" reinforces a dismissive, critical attitude rather than any openness to keto benefits, so their stance remains negative after the exchange.""}"
keto_127,0,"{""stance"":""negative"",""reasoning"":""The target user explicitly claims keto diets are \""killing you,\"" warns about fat-clogged arteries, and directs others to a site they believe contains studies against keto. When challenged that the site has nothing about ketogenic diets, the target user replies \""exactly,\"" reinforcing their dismissive/critical stance rather than softening it. Nothing in the exchange suggests they became more favorable afterward.""}"
keto_130,1,"{""stance"":""neutral"",""reasoning"":""The target user does not provide any explicit opinion about the keto diet in the transcript, nor do they respond to or engage with the meme’s pro-keto framing (bacon/weight loss vs sugar crashes). With no expressed reaction or discussion from the target user, there isn’t enough evidence to infer a positive or negative stance shift, so their stance is best classified as neutral.""}"
keto_131,3,"{""stance"":""neutral"",""reasoning"":""The target user does not speak in the transcript, so there is no explicit opinion or reaction from them about keto. The only content is another user posting a pro-keto meme, but without any response from the target user there isn’t enough evidence to infer they became positive or negative after the conversation.""}"
keto_132,4,"{""stance"":""neutral"",""reasoning"":""The transcript only shows an image posted by another user and contains no messages from the target user. With no explicit reaction or stated opinion from the target user, there isn’t enough evidence to infer a positive or negative stance toward keto after the conversation.""}"
keto_133,4,"{""stance"":""neutral"",""reasoning"":""The transcript only shows another user posting a meme implying keto leads to rapid fat loss and high energy versus hunger and sugar crashes, but the target user does not respond or state any opinion. With no explicit reaction or evidence of being persuaded, the safest prediction is that the target user remains neutral toward the keto diet.""}"
keto_134,1,"{""stance"":""neutral"",""reasoning"":""The target user does not appear in the transcript and provides no explicit opinion about keto. The only content is an image posted by another user, and there’s no evidence of how the target user reacts or whether the discussion changes their view. With insufficient information about the target user’s attitude after the conversation, the stance is best classified as neutral.""}"
keto_135,9,"{""stance"":""neutral"",""reasoning"":""The transcript only shows an image posted by another user; there are no messages from the [TARGET USER] expressing an opinion or reacting to keto. Without any explicit stance or interaction indicating persuasion, there isn’t enough evidence to infer a positive or negative view, so the safest prediction is neutral.""}"
keto_136,9,"{""stance"":""neutral"",""reasoning"":""The target user does not provide any explicit opinion about the keto diet in the transcript, and there is no dialogue from them indicating agreement, disagreement, or persuasion. The only content shown is another user posting a meme about convincing people keto is healthy, which is insufficient to infer the target user’s personal stance or any change in it.""}"
keto_137,0,"{""stance"":""positive"",""reasoning"":""The target user defends keto as a valid method, describes personal benefits (no cravings, improved palate, not feeling deprived), challenges claims that it’s ‘extreme,’ and frames restrictions like no bread as only problematic if bread is a staple. Nothing in the conversation appears to shift them away from this supportive view.""}"
keto_138,9,"{""stance"":""neutral"",""reasoning"":""The target user never speaks in the transcript, so there’s no explicit opinion to anchor their stance. While other users describe strong benefits of keto and offer practical workarounds (e.g., straight liquor instead of beer), we can’t reliably infer that this would shift the target user to a positive or negative view. With insufficient evidence of the target user’s reaction, the safest prediction is neutral.""}"
keto_139,9,"{""stance"":""positive"",""reasoning"":""The target user defends keto in response to criticism, suggesting the other person’s negative experience was due to nutrient/electrolyte deficiency and noting they had the same issue but fixed it by supplementing. This indicates a favorable view of keto’s viability rather than skepticism, and nothing in the conversation shows them being persuaded against it.""}"
keto_141,9,"{""stance"":""positive"",""reasoning"":""The target user defends keto repeatedly, describing it as a helpful method for some people, not a sacrifice, and emphasizing benefits like palate adaptation and lack of carb cravings. They challenge others’ claims that keto is ‘extreme’ and argue that removing bread/carbs is not difficult or extreme, indicating an overall favorable stance after the conversation.""}"
keto_143,3,"{""stance"":""negative"",""reasoning"":""The target user explicitly argues that ketogenic diets are not superior to high-carb, high-fiber plant-based diets for insulin control, disease resistance, and weight management, and then reinforces this position with multiple citations suggesting harms or lack of benefit (e.g., endothelial effects of high-fat meals, hepatic insulin resistance in KD mice, associations of meat intake with diabetes). When challenged about fiber on keto, they double down, claiming most keto followers get low fiber and contrasting keto with very high-fiber (80–100g/day) approaches. Nothing in the exchange appears to soften their view; the meme response from another user doesn’t change their stance.""}"
keto_145,9,"{""stance"":""negative"",""reasoning"":""The target user challenges core keto claims, citing multiple studies to argue dairy doesn’t reduce weight, carbohydrates don’t cause diabetes, and ketogenic diets may induce hepatic insulin resistance. Their tone is critical and corrective, indicating a skeptical/negative stance toward keto after the exchange.""}"
keto_146,1,"{""stance"":""negative"",""reasoning"":""The target user explicitly argues that a ketogenic diet is not better than a high-carb, high-fiber plant-based diet for insulin, disease resistance, and weight control, and backs this with multiple cited studies including one suggesting keto induces hepatic insulin resistance. The only reply is a pro-keto meme that doesn’t engage the evidence, so there’s no indication the target user’s view softens; if anything, it likely reinforces their critical stance.""}"
keto_147,1,"{""stance"":""negative"",""reasoning"":""The target user repeatedly warns against keto/super low-carb diets for people with testosterone concerns, cites studies to argue low-carb can reduce thyroid hormones, increase inflammation, and prolong cortisol (all framed as lowering testosterone), and dismisses pro-keto counterarguments as overzealous. They conclude keto is not appropriate for everyone and pushing it broadly is reckless, indicating an overall negative stance after the conversation.""}"
keto_148,0,"{""stance"":""negative"",""reasoning"":""The target user repeatedly warns that keto/super low-carb diets are “likely not a good choice” for people with testosterone concerns and defends this position with multiple cited studies (thyroid hormone reduction, inflammation, cortisol effects) while dismissing counterarguments as anecdotal. Nothing in the exchange indicates they soften or reverse their view; if anything, they become more entrenched and critical of keto’s hormonal impacts for at-risk groups.""}"
keto_151,9,"{""stance"":""negative"",""reasoning"":""The target user begins by warning that keto/super low-carb diets are likely a bad choice for people with testosterone concerns and then repeatedly defends that position with citations, arguing low-carb can lower thyroid hormones, increase inflammation, and alter cortisol in ways that suppress testosterone. Throughout the exchange they become more entrenched, accusing the other user of being a keto “true believer” and ending the discussion rather than conceding any point. Nothing in the conversation suggests their view softened; if anything, the pushback reinforces their skepticism toward keto.""}"
keto_153,3,"{""stance"":""neutral"",""reasoning"":""The target user never speaks in the transcript, so there’s no direct evidence of their attitude toward keto or any change after reading others’ comments. While one participant provides a nuanced, partly supportive but cautionary view (keto can work but is strict and hard to maintain), we can’t reliably infer the target user’s resulting stance from that alone. With insufficient evidence, the safest prediction is neutral.""}"
keto_155,1,"{""stance"":""neutral"",""reasoning"":""The transcript only shows another user posting a meme that frames keto positively versus eating bread, but the target user never responds or expresses any opinion. With no explicit reaction or evidence of persuasion affecting the target user, the safest prediction is a neutral stance after the conversation.""}"
keto_156,9,"{""stance"":""neutral"",""reasoning"":""The target user never expresses an opinion about keto in the provided transcript—only another user posts a meme about convincing people keto is healthy. With no direct response or reaction from the target user, there isn’t enough evidence to infer a positive or negative stance change, so the safest prediction is neutral.""}"
keto_157,0,"{""stance"":""positive"",""reasoning"":""The target user directly defends keto against claims that it is dangerous and unnatural, arguing it is closer to what humans would eat in the wild and dismissing potatoes as historically poisonous until bred. This strong rebuttal indicates a favorable view of keto after the conversation.""}"
keto_158,4,"{""stance"":""neutral"",""reasoning"":""The target user is actively trying keto and already supplementing magnesium, suggesting openness to the diet, but their main expressed attitude is anxiety about potassium safety rather than enthusiasm or endorsement of keto itself. The conversation provides reassurance and alternatives (getting potassium from foods), which may reduce fear, yet there’s no clear statement that they feel better about keto overall—only that they are proceeding cautiously. لذلك their post-conversation stance is best predicted as neutral.""}"
keto_161,1,"{""stance"":""positive"",""reasoning"":""The target user frames carbohydrates (donuts and even fruit) as obstacles to her health goals due to obesity and insulin resistance, implying a preference for carb restriction. The shared meme presents a choice between berries for insulin health and strict keto; given her stated goals and context, she is likely to view keto favorably as a strategy to manage insulin resistance and weight, even if it’s challenging.""}"
keto_163,4,"{""stance"":""negative"",""reasoning"":""The target user repeatedly criticizes keto as \""awful\"" and \""extreme,\"" specifically objecting to banning bread and asserting bread isn’t the problem. They show no sign of being persuaded by others’ counterarguments and maintain a dismissive tone, so their stance remains negative after the conversation.""}"
keto_164,1,"{""stance"":""negative"",""reasoning"":""The target user explicitly criticizes keto as “awful,” emphasizing it requires too many sacrifices and advocating instead for a balanced diet and exercise. The other user’s negative experience with keto (tired, grumpy, regained weight) reinforces that view, and nothing in the conversation suggests the target user becomes more favorable afterward.""}"
keto_166,9,"{""stance"":""negative"",""reasoning"":""The target user explicitly says “Keto sounds awful” and criticizes it as requiring too many sacrifices compared with a balanced diet and exercise. Nothing in the subsequent exchange suggests they softened that view, so their stance remains negative.""}"
keto_167,4,"{""stance"":""negative"",""reasoning"":""The target user explicitly states that keto \""sounds awful,\"" involves too many sacrifices of enjoyable foods, and argues a balanced diet with moderation and exercise is sufficient. The subsequent meme reinforces a pro-keto angle, but there’s no indication the target user is persuaded; their expressed view remains clearly unfavorable.""}"
keto_168,4,"{""stance"":""positive"",""reasoning"":""The target user defends keto against criticism, arguing that high fiber is a key rule of keto and dismissing the need for a specific high-fiber target by saying to eat fiber until full. They do not concede to the counterarguments and maintain a pro-keto posture even after being challenged and mocked, suggesting their stance remains positive toward keto after the conversation.""}"
keto_169,9,"{""stance"":""neutral"",""reasoning"":""The target user never speaks in the provided transcript, so there’s no explicit opinion to assess. While other users discuss keto’s effectiveness and broader health biomarkers (including a meme implying debate), there’s no evidence of how the target user reacts or whether their view shifts. With insufficient information about the target user’s stance after the conversation, the best classification is neutral.""}"
keto_170,0,"{""stance"":""neutral"",""reasoning"":""The target user focuses on a technical clarification about what counts as “actual ketosis” and notes that higher protein intake can prevent reaching ketosis, but they don’t express approval or disapproval of keto as a diet. They also don’t react to the other user’s positive weight-loss outcome in a way that indicates persuasion either way, so their overall stance remains neutral.""}"
keto_173,0,"{""stance"":""positive"",""reasoning"":""The target user strongly endorses keto based on personal results (significant weight loss, lower body fat, increased max lifts) and explicitly encourages others to try it, calling it “fun” and “effective.” They also frame a side effect (sleeping less/insomnia) as a benefit due to feeling more mentally awake, reinforcing an overall favorable stance after the conversation.""}"
keto_175,0,"{""stance"":""positive"",""reasoning"":""The target user strongly endorses keto, describing significant fat/weight loss alongside strength gains, calling it “fun, effective,” and explicitly encouraging others to “Try Keto.” The other user’s meme response is aligned/affirming rather than challenging, so there’s no indication the target user’s positive stance would diminish after the conversation.""}"
keto_176,4,"{""stance"":""positive"",""reasoning"":""The target user strongly endorses keto, describing substantial weight loss, increased max lifts, lower body fat, and calling it “fun, effective,” and encouraging others to “Try Keto.” The follow-up meme reinforces this positive framing rather than challenging it, so their stance remains clearly positive after the conversation.""}"
keto_179,1,"{""stance"":""positive"",""reasoning"":""The target user already reports successful weight loss on keto, expresses enthusiasm ('Replace bread with bacon? I'm in.'), and the rest of the conversation reinforces keto with additional success stories and practical substitutions rather than introducing drawbacks. This context would likely maintain or strengthen their favorable view.""}"
keto_180,0,"{""stance"":""positive"",""reasoning"":""The target user reports a successful personal outcome on keto (losing 10 lbs of unwanted belly fat) and expresses enthusiasm (“Replace bread with bacon? I’m in.”). Even after others question spot reduction/water weight, the user states they plan to stay on keto or a lighter version, indicating continued favorable attitude rather than being dissuaded.""}"
keto_181,4,"{""stance"":""positive"",""reasoning"":""The target user reports successful results on keto (lost 10 lbs of unwanted belly fat in a month), expresses enthusiasm (“Replace bread with bacon? I'm in.”), and states an intention to continue keto or a lighter version while adjusting calories/protein. Nothing in the exchange challenges or discourages them, so their post-conversation stance remains positive.""}"
keto_182,9,"{""stance"":""negative"",""reasoning"":""The target user repeatedly argues keto is extreme/unnatural, lacks evidence for long-term health and longevity, and highlights absence of heart-disease studies as a major concern. They only concede possible short-term/medical-use benefits (seizures, diabetes, obesity) but maintain it should not be recommended as a healthy long-term diet. The other user’s counterarguments and meme do not shift the target user’s position.""}"
keto_183,9,"{""stance"":""negative"",""reasoning"":""The target user pushes back against keto framing by emphasizing that complex carbs (legumes/whole grains) are meaningfully different from processed western-diet carbs, implying they don’t accept the blanket anti-carb premise often used to justify keto. They do not express any support for carb restriction or ketosis, and their only explicit contribution is a rebuttal to the pro-keto argument, suggesting a negative stance after the exchange.""}"
keto_185,1,"{""stance"":""positive"",""reasoning"":""The target user advises doing more reading on keto and cholesterol and specifically recommends getting a VAP test rather than reacting to high LDL by changing or abandoning keto. This suggests they view keto favorably and think concerns can be addressed through better understanding/metrics, implying a generally supportive stance after the conversation.""}"
keto_187,3,"{""stance"":""neutral"",""reasoning"":""The target user never speaks in the transcript, so there’s no explicit opinion to evaluate. The only content is another user posting a pro-keto meme, which could be persuasive, but there’s no evidence the target user agrees, disagrees, or is influenced. With insufficient direct evidence, the most reliable prediction is neutral.""}"
keto_189,4,"{""stance"":""neutral"",""reasoning"":""The target user never speaks in the provided transcript—only an image/meme from another user appears. With no explicit reaction, agreement, or pushback from the target user, there isn’t enough evidence to infer a positive or negative stance shift, so neutral is the safest prediction.""}"
keto_191,4,"{""stance"":""neutral"",""reasoning"":""The target user describes having done strict keto for 6 months with “pretty good results” and still follows a low-carb maintenance approach, indicating some appreciation of keto’s benefits. However, they emphasize that true ketosis is hard to achieve, requires “annoying” carb restriction, high fat intake, and strong dedication, and they note the body is optimized for glucose—highlighting significant practical and physiological reservations. After the conversation, their stance remains mixed: acknowledging benefits but stressing difficulty and drawbacks, so overall neutral rather than clearly positive or negative.""}"
keto_194,9,"{""stance"":""neutral"",""reasoning"":""The target user describes having done strict keto with “pretty good results” and still eating low-carb, indicating some appreciation for keto’s potential benefits. However, they also emphasize that true keto is hard to maintain, requires very strict carb limits and high fat, and that the body is optimized for glucose—framing keto as a demanding tool with tradeoffs rather than something broadly endorsed. Overall their post is balanced (acknowledging benefits but warning against half-measures and practicality), so their stance after the conversation is best classified as neutral.""}"
keto_198,4,"{""stance"":""neutral"",""reasoning"":""The target user never speaks in the transcript, so there’s no explicit opinion or reaction from them. While the other user’s meme promotes keto as science-backed and frames skepticism as misguided, there’s not enough evidence that the target user is persuaded or adopts a positive/negative view after seeing it. With no observable stance change or stated position, the most defensible prediction is neutral.""}"
keto_199,4,"{""stance"":""neutral"",""reasoning"":""The target user engages with a specific macro question (protein levels) and notes that more protein can help preserve muscle in a caloric deficit with strength training. They do not express approval or disapproval of keto overall, and the conversation stays focused on protein tradeoffs within keto rather than endorsing or rejecting the diet. The meme adds humor but doesn’t show the target user shifting toward or away from keto.""}"
keto_200,1,"{""stance"":""neutral"",""reasoning"":""The transcript contains only other users praising keto and a meme; the target user never speaks or reacts. With no explicit statements or evidence of the target user being persuaded (agreement, questions, or pushback), their post-conversation stance can’t be inferred beyond neutral.""}"
keto_201,1,"{""stance"":""positive"",""reasoning"":""The target user reports being on keto for 9 weeks with multiple benefits (loss of unwanted belly fat while maintaining weight, feeling stronger, no migraines or menstrual cramps, improved social anxiety) and explicitly says “I recommend it wholeheartedly.” Any minor downsides mentioned (brief fatigue/keto flu, social reactions) are framed as manageable, reinforcing an overall strongly positive stance.""}"
keto_202,3,"{""stance"":""neutral"",""reasoning"":""The transcript contains no messages from the [TARGET USER], so there’s no direct evidence of their opinion or any change in attitude. While other users discuss keto’s benefits and strictness (suggesting it can work but is demanding), we can’t reliably infer how the target user would react. With insufficient target-user-specific evidence, the most defensible prediction is neutral.""}"
keto_204,0,"{""stance"":""neutral"",""reasoning"":""The transcript contains only other users expressing mostly negative experiences and a meme critiquing keto, but the target user never speaks. Without any explicit reaction or indication that they were persuaded, there isn’t enough evidence to infer the target user’s post-conversation stance beyond neutral.""}"
keto_205,1,"{""stance"":""neutral"",""reasoning"":""The target user suggests adding information about the glycemic index to a discussion of keto, which indicates an interest in nuanced nutrition guidance rather than clear endorsement or rejection of keto. They do not express approval or criticism of keto directly. The other user posts a pro-keto meme, but there is no response from the target user showing they were persuaded. Overall, there isn’t enough evidence of a positive or negative stance change, so neutral is most appropriate.""}"
keto_206,0,"{""stance"":""neutral"",""reasoning"":""The target user does not contribute any messages in the transcript, so there is no explicit statement of their opinion. The only content is another user posting a pro-keto meme, which could influence them, but there’s no evidence of the target user’s reaction or change in attitude. With insufficient evidence, the most reliable prediction is neutral.""}"
keto_216,4,"{""stance"":""negative"",""reasoning"":""The target user reports that keto caused them to feel grumpy and tired, led to weight regain after stopping, and that they now feel better and have reached a lower weight on a non-keto low-carb diet with more fruits/vegetables. Their follow-up comments endorse alternatives (whole wheat crust, veggies, portion control) rather than returning to keto, indicating an overall unfavorable stance toward keto after the conversation.""}"
keto_217,4,"{""stance"":""negative"",""reasoning"":""The target user reports that while keto led to weight loss, it made them grumpy and tired, and they regained the weight after stopping. They explicitly prefer a non-keto low-carb approach with more fruits and vegetables, saying they feel much better and are now at a lower weight than when on keto. The other user’s meme doesn’t provide persuasive counterargument likely to change this view, so their stance remains negative toward keto.""}"
keto_218,9,"{""stance"":""negative"",""reasoning"":""The target user reports that keto caused them to feel grumpy and tired, and that they regained the weight after stopping. They explicitly prefer a non-keto low-carb approach with more fruits/vegetables and say they feel better and are now at a lower weight than when on keto. The other user’s comic suggests explanations (electrolytes/adaptation), but there’s no indication the target user is persuaded, so their stance remains negative.""}"
keto_219,4,"{""stance"":""negative"",""reasoning"":""The target user reports that while keto led to weight loss, it made them grumpy and tired, and they regained all the weight after stopping. They explicitly prefer a non-keto low-carb diet with more fruits/vegetables and say they feel better and are now at a lower weight than on keto. The other user’s meme doesn’t appear to change their expressed dissatisfaction, so their post-conversation stance remains negative toward keto.""}"
keto_220,1,"{""stance"":""negative"",""reasoning"":""The target user explicitly agrees with the comment dismissing the rapid 11-pound loss on keto as “water weight” (\""^ This.\""), indicating skepticism toward keto’s effectiveness/claims in this context. Nothing in the conversation suggests their view shifts to a more favorable stance afterward.""}"
keto_221,4,"{""stance"":""neutral"",""reasoning"":""The target user expresses concern and uncertainty about keto’s sustainability and potential weight regain when reintroducing carbs, but they don’t explicitly reject keto or endorse it. The conversation provides a negative anecdote from another user and a meme about fear of carb weight gain, which may raise doubts, yet there’s no clear evidence the target user’s stance shifts to negative or positive—so their stance remains neutral.""}"
keto_222,0,"{""stance"":""neutral"",""reasoning"":""The target user never speaks in the transcript, so there’s no explicit opinion or reaction to the keto meme. While the image portrays keto positively (overcoming “keto flu” and gaining energy/mental clarity), there’s no evidence the target user was persuaded or adopted that view. With insufficient direct evidence of their attitude after the conversation, the best classification is neutral.""}"
keto_223,4,"{""stance"":""neutral"",""reasoning"":""The target user never speaks in the transcript, so there’s no direct evidence of their opinion. While the conversation includes both skepticism about long-term health evidence and a pro-keto rebuttal citing potential benefits (diabetes reversal, neuroprotection), there’s not enough information to infer how the target user is persuaded. Therefore, the most defensible prediction is neutral.""}"
keto_224,0,"{""stance"":""neutral"",""reasoning"":""The transcript contains only another user posting a pro-keto meme and no message from the target user expressing agreement, disagreement, or any reaction. With no evidence of the target user’s views or how they were influenced, the safest prediction is neutral.""}"
keto_226,1,"{""stance"":""neutral"",""reasoning"":""The target user does not appear in the transcript and provides no explicit opinion or reaction. The only content is another user sharing a pro-keto meme, which is insufficient to infer that the target user’s stance changed or became positive/negative.""}"
keto_227,0,"{""stance"":""neutral"",""reasoning"":""The transcript only shows an image posted by another user praising keto versus low‑fat diets. There are no messages from the target user at all, so there’s no explicit opinion or reaction to infer whether they were persuaded or opposed. With insufficient evidence about the target user’s post-conversation view, the safest prediction is neutral.""}"
keto_230,3,"{""stance"":""neutral"",""reasoning"":""The target user engages with keto-specific details and seems knowledgeable, but their contributions are limited to skepticism about using urine ketone strips to confirm nutritional ketosis (distinguishing it from ketoacidosis and noting blood tests as the standard). They neither endorse nor reject the keto diet itself, and the exchange doesn’t show them being persuaded toward or away from keto—only toward more accurate measurement. Thus their overall stance toward keto after the conversation remains best classified as neutral.""}"
keto_231,3,"{""stance"":""neutral"",""reasoning"":""The transcript shows only other users discussing protein targets within keto and a meme about choosing moderate protein to maintain ketosis. The target user never speaks, so there’s no direct evidence of their attitude toward keto or any clear indication that the discussion changed their view. With insufficient information about the target user’s reaction, the safest prediction is neutral.""}"
keto_232,9,"{""stance"":""neutral"",""reasoning"":""The target user never speaks in the transcript, so there’s no direct evidence of their opinion or any change. The discussion presents a mixed view: it acknowledges benefits and personal success with keto but emphasizes how strict, \""annoying,\"" and easy-to-mess-up true ketosis is (reinforced by the comic). With no explicit reaction from the target user, the safest prediction is neutral.""}"
keto_234,3,"{""stance"":""neutral"",""reasoning"":""The target user never speaks in the transcript, so there’s no explicit opinion or reaction to keto. With only another user posting a pro-keto meme and no evidence of the target user’s response or change in attitude, the safest prediction is neutral.""}"
keto_236,3,"{""stance"":""neutral"",""reasoning"":""The transcript only shows another user posting a pro-keto meme contrasting calorie counting with keto. The target user never speaks, so there’s no explicit opinion or reaction to infer. With no evidence of agreement, disagreement, or influence on the target user, the safest prediction is a neutral stance after the conversation.""}"
keto_239,9,"{""stance"":""positive"",""reasoning"":""The target user responds by offering practical keto-friendly substitutions (zucchini noodles, cauliflower mash) and even adds an edit recommending keto-compatible Alfredo sauce. This proactive, helpful guidance implies they view keto as workable and appealing rather than criticizing it or expressing doubts.""}"
keto_240,1,"{""stance"":""positive"",""reasoning"":""The target user responds by offering practical keto-friendly substitutions for pasta and potatoes (zucchini noodles, cauliflower mash) and even adds an encouraging tip about enjoying Alfredo sauce if it’s sugar-free. This suggests they are supportive of keto and engaged in helping others follow it, indicating a positive stance after the conversation.""}"
keto_243,1,"{""stance"":""neutral"",""reasoning"":""The target user emphasizes that the best diet is individualized and sustainable, explicitly noting that they personally feel best with ~40% of calories from carbs and implying keto wouldn’t suit them. They do acknowledge that lower-carb approaches work well for some people, and nothing in the conversation shows them becoming more pro- or anti-keto beyond that. The meme and other user’s comments don’t provide evidence the target user changed stance, so their overall stance remains neutral (not for them, but not opposed in general).""}"
keto_245,9,"{""stance"":""neutral"",""reasoning"":""The target user is curious and considering keto as a possible solution after not losing weight on a calorie deficit, but they also express significant safety concerns as a type 1 diabetic and ask for guidance rather than endorsing it. The only reply shown is a pro-keto meme, which may nudge interest but doesn’t provide medical reassurance or concrete information likely to shift them decisively. Overall they remain cautious and undecided, so their stance is best predicted as neutral.""}"
keto_250,3,"{""stance"":""neutral"",""reasoning"":""The target user does not appear in the transcript and provides no explicit opinion about keto. The only content shown is a meme posted by another user favoring keto, but there’s no evidence the target user agreed, disagreed, or was influenced. With insufficient information about the target user’s reaction, the best prediction is neutral.""}"
keto_251,9,"{""stance"":""positive"",""reasoning"":""The target user explicitly defends keto’s “selling points,” arguing it can help people eat less overall and even eat fresher foods at similar or lower cost. They also push back against criticism of bacon by reframing it as potentially responsibly sourced, suggesting alignment with keto principles rather than skepticism. Nothing in the exchange indicates their view became more critical; if anything, they reinforce a pro-keto framing.""}"
keto_252,1,"{""stance"":""positive"",""reasoning"":""The target user speaks from personal experience doing keto, gives practical guidance on electrolytes and macros, suggests carb limits and how to adjust, and directs others to keto communities. Their tone is helpful and supportive rather than skeptical, indicating a generally favorable stance toward keto after the conversation.""}"
keto_254,9,"{""stance"":""negative"",""reasoning"":""The target user explicitly questions keto macro guidance as “questionable” for preserving muscle mass, arguing that 20% protein (e.g., ~100g on 2000 kcal) is sub-optimal based on research. The subsequent reply is a meme that dismisses the concern rather than addressing it, which is unlikely to persuade them and may reinforce their skepticism about keto’s practicality for muscle maintenance.""}"
keto_255,1,"{""stance"":""neutral"",""reasoning"":""The target user expresses anxiety about potassium safety (“scares the shit out of me… too much can give you a heart attack, right?”) and asks how to know what’s safe, indicating concern about keto-related electrolyte management. However, they also say they are new to keto and do not reject the diet; no clear endorsement or abandonment is shown. The conversation ends without evidence that their overall attitude shifts to clearly positive or negative, so their stance remains neutral.""}"
keto_257,0,"{""stance"":""neutral"",""reasoning"":""The transcript only shows another user posting a pro-keto meme and contains no message or reaction from the target user. With no evidence of the target user’s opinions or any response indicating they were persuaded, there isn’t enough information to infer a positive or negative stance change, so neutral is the safest prediction.""}"
keto_260,3,"{""stance"":""positive"",""reasoning"":""The target user explicitly endorses a key claimed benefit of keto (ad-libitum keto leading to eating less via greater satiety) and defends this position when challenged by citing that many keto studies use relatively high protein intakes. They do not concede to criticisms about keto being high-fat/low-protein or lacking science; instead they reinforce their pro-keto argument, indicating an overall positive stance after the exchange.""}"
keto_261,9,"{""stance"":""negative"",""reasoning"":""The target user repeatedly criticizes a prominent keto study’s design and argues that carb reintroduction causes glycogen/water supercompensation that can artificially inflate DXA-based lean body mass results, effectively biasing outcomes in favor of keto. Their tone is defensive of their critique and skeptical of keto-study claims, with no expressed benefits of keto; overall they come across as more critical than supportive of keto efficacy claims, especially regarding body composition evidence.""}"
keto_264,3,"{""stance"":""neutral"",""reasoning"":""The transcript only shows another user posting a meme that favors keto over calorie counting; the target user does not respond or express any opinion. With no evidence of the target user’s reaction or change in view, their stance can’t be inferred beyond neutral.""}"
keto_265,9,"{""stance"":""neutral"",""reasoning"":""The target user argues about study methodology and insists that “real world” keto doesn’t require measuring blood ketones, defending studies that don’t confirm ketosis. However, they never express approval or disapproval of keto’s health effects or recommend/criticize the diet itself—only how it should be researched—so their overall stance toward the keto diet remains best classified as neutral.""}"
keto_266,3,"{""stance"":""positive"",""reasoning"":""The target user defends keto-related research that doesn’t measure blood ketones, arguing it still reflects “real world results” because most people on keto don’t measure ketones. They push back repeatedly against criticism and imply keto as practiced in reality is valid and worth studying, indicating an overall supportive/positive stance toward keto after the exchange.""}"
keto_267,4,"{""stance"":""positive"",""reasoning"":""The target user repeatedly defends keto-related research against criticism, arguing that not measuring blood ketones doesn’t discredit study results and is irrelevant because typical keto dieters don’t measure ketones. Their responses are confident and dismissive of anti-keto objections, indicating a favorable (or at least strongly supportive) stance toward keto after the exchange.""}"
keto_272,9,"{""stance"":""positive"",""reasoning"":""The target user consistently defends keto as sustainable and varied if done creatively, argues that limited food choices are due to poor cooking rather than the diet, and questions why others would discontinue it given reported benefits. They also point to resources like r/ketogains to support keto for lifting, indicating an overall favorable view after the conversation.""}"
keto_273,0,"{""stance"":""neutral"",""reasoning"":""The target user never speaks in the provided transcript, so there’s no explicit opinion or reaction from them. While the meme posted by another user is pro-keto, there’s no evidence the target user is persuaded by it or changes their view, so their stance can’t be inferred beyond neutral.""}"
keto_274,0,"{""stance"":""negative"",""reasoning"":""The target user explicitly criticizes keto as \""so hard\"" with \""so many rules,\"" calls it a \""trick,\"" and expresses health concerns (\""fear for those peoples arteries\""). They contrast it with a preferred whole-food plant-based diet that they find more satiating and energizing. Nothing in the conversation appears to soften their view; if anything, it reinforces their skepticism despite acknowledging keto can work for weight loss.""}"
keto_275,0,"{""stance"":""neutral"",""reasoning"":""The target user doesn’t express an overall opinion about keto’s healthfulness or effectiveness; they mainly push back (humorously) on the claim that you “can’t really overeat on fat,” giving examples of overeating cheese/salami and implying keto foods can still be overconsumed. That suggests skepticism toward simplistic pro-keto claims, but not outright rejection of keto as a diet, so their stance remains neutral.""}"
keto_277,0,"{""stance"":""positive"",""reasoning"":""The target user explicitly states they are doing “WAY better on keto,” with “far more energy on than off,” including while lifting. They also agree keto works well for some people. Nothing in the conversation appears to sway them away from keto; if anything, it reinforces their favorable personal experience.""}"
keto_278,1,"{""stance"":""neutral"",""reasoning"":""The target user only comments that nuts (even “keto friendly” ones) contain notable carbs, implying attention to strict keto carb limits but not expressing approval or disapproval of keto itself. The follow-up meme mocks worrying about small carb amounts, but the target user doesn’t respond, so there’s insufficient evidence of a positive or negative shift in stance.""}"
keto_279,9,"{""stance"":""positive"",""reasoning"":""The target user describes keto as transformative for understanding nutrition, reducing cravings for sugar/processed foods, and improving health. They acknowledge it may not be optimal for maximal strength/size but still argue it’s worth doing for lifestyle and cutting, indicating an overall favorable stance after the conversation.""}"
keto_281,0,"{""stance"":""neutral"",""reasoning"":""The target user never states their own opinion or experience with keto in the transcript. The conversation contains a pro-keto sentiment (mocking skeptics and citing weight loss benefits), but there’s no evidence the target user adopts that view or reacts to it, so their post-conversation stance can’t be determined beyond neutral.""}"
keto_282,1,"{""stance"":""positive"",""reasoning"":""The target user describes keto as transformative for understanding nutrition, reducing cravings for sugar/processed foods, and improving lifestyle/health. They acknowledge limitations for strength/size and suggest it may be best for cutting rather than lifelong, but overall they emphasize clear personal benefits and think it’s still worth doing. The other user’s meme doesn’t appear to change or undermine their stated view.""}"
keto_285,4,"{""stance"":""neutral"",""reasoning"":""The target user pushes back on a pro-keto framing (\""you can eat lots of bacon\"") by pointing out keto restrictions (no chocolate/garlic bread) and arguing that keto offers no unique advantage over basic calorie control (CICO) for eating desired foods. However, they also acknowledge a potentially valid benefit of keto as a structured mental framework for some people. Overall, their stance is skeptical of keto’s distinct advantages but not outright anti-keto, landing as neutral.""}"
keto_287,0,"{""stance"":""neutral"",""reasoning"":""The target user never speaks in the transcript, so there’s no explicit opinion to judge. The only content is another user’s meme that frames keto positively for weight loss, but without any response from the target user there isn’t enough evidence that they adopt that view or change their stance. לכן the safest prediction is neutral.""}"
keto_288,1,"{""stance"":""neutral"",""reasoning"":""There is no message from the target user in the provided transcript, so we have no evidence of their prior opinion or any reaction to the meme. Without any explicit statement or observable shift in response, the safest prediction is that their stance remains neutral.""}"
keto_289,9,"{""stance"":""positive"",""reasoning"":""The target user reports significant personal success on keto (36 lbs lost), attributes weight loss to cutting carbs, and strongly defends keto’s effectiveness by dismissing calorie concerns (“calories don't matter”). Even after being challenged and shown a meme implying calories still count, they show no sign of reconsidering, indicating a continued positive stance toward keto.""}"
keto_290,3,"{""stance"":""positive"",""reasoning"":""The target user reports substantial personal success on keto (“lost 36lbs on keto so far”) and attributes weight loss to carb restriction (“The carbs are the killer”). Throughout the debate they defend keto vigorously, arguing it changes how the body stores/uses energy and pushing back against calories-in/calories-out critiques. Even after being challenged and mocked, they double down rather than soften their view, indicating a continued positive stance toward keto.""}"
keto_291,0,"{""stance"":""negative"",""reasoning"":""The target user explicitly rejects keto (“No, just no”), calls ketogenic diets “bullshit,” and argues perceived benefits come from cutting processed foods/sugar and possibly added exercise rather than ketosis itself. The subsequent meme from another user doesn’t show any change in the target user’s position, so their stance remains negative.""}"
keto_292,1,"{""stance"":""negative"",""reasoning"":""The target user explicitly rejects keto (“No, just no”), calls ketogenic diets “bullshit,” and argues the perceived benefits come from cutting processed foods/sugar and possibly added exercise rather than ketosis itself. Nothing in the conversation indicates their view softened afterward, so their stance remains negative.""}"
keto_293,3,"{""stance"":""negative"",""reasoning"":""The target user explicitly argues that a low-GI, high-carb, high-fiber diet is “infinity more effective than a keto diet,” and adds criticism that long-term keto leads to nutrient deficiencies and poorer mineral absorption. Nothing in the conversation appears to soften or counter their view, so their post-conversation stance remains negative toward keto.""}"
keto_295,9,"{""stance"":""neutral"",""reasoning"":""The target user never speaks in the transcript, so there’s no direct evidence of their opinion. While the other users express a negative view of keto (calling it “mostly nonsense” and favoring balanced dieting), we can’t reliably infer that the target user adopts that stance from the conversation alone. With insufficient evidence of the target user’s post-conversation view, the safest prediction is neutral.""}"
keto_296,3,"{""stance"":""neutral"",""reasoning"":""The target user never speaks in the transcript, so there’s no explicit opinion to infer. The only content is another user posting a meme that frames keto positively, but there’s no evidence the target user agrees, disagrees, or is influenced by it. With insufficient direct evidence of the target user’s attitude after the conversation, the safest prediction is neutral.""}"
keto_298,3,"{""stance"":""positive"",""reasoning"":""The target user describes doing keto on and off for five years, says they consistently have more energy and feel great on keto after getting past the initial “keto flu,” and argues that many negative experiences come from doing keto incorrectly (low-carb, low-fat). Their comments defend keto and express personal benefits, indicating a positive stance after the conversation.""}"
keto_299,9,"{""stance"":""neutral"",""reasoning"":""The target user never speaks in the transcript, so there’s no explicit opinion to evaluate. While other users discuss keto in a mostly pragmatic way (emphasizing calories and satiety rather than “magic” claims), there’s no evidence of how the target user reacts or whether their stance changes. With insufficient direct evidence, the best prediction is neutral.""}"
keto_300,4,"{""stance"":""neutral"",""reasoning"":""The target user never speaks in the transcript, so there’s no explicit opinion to infer. While the shared meme frames keto positively (fat-burning energy vs hunger/sugar crashes), there’s no evidence the target user endorses it or is persuaded by it. With insufficient information about the target user’s reaction, the safest prediction is neutral.""}"
keto_301,3,"{""stance"":""neutral"",""reasoning"":""The transcript contains no messages from the [TARGET USER], so there’s no direct evidence of their prior view or any reaction to the pro/anti-keto arguments in the thread. While other users debate satiety and one posts a pro-keto meme, we can’t infer the target user’s stance change from that alone; thus the safest prediction is neutral.""}"
keto_302,9,"{""stance"":""positive"",""reasoning"":""The target user explicitly says they have nothing against keto and that they use it often when cutting, indicating a favorable view of keto as a practical dieting tool. Their criticism is directed at misinformation within parts of the keto community (claims that carbs/insulin override calories), not at the keto diet itself. Nothing in the conversation suggests their stance shifts to negative; if anything, they defend keto’s legitimate use while rejecting ‘magic’ claims.""}"
keto_303,1,"{""stance"":""negative"",""reasoning"":""The target user criticizes a large, vocal portion of the keto community for promoting what they see as misinformation (that weight loss is “100% about the carbs” and that keeping insulin low means you can eat unlimited calories). They explicitly call these beliefs “completely wrong” and emphasize CICO, indicating an overall unfavorable view of keto as it’s commonly advocated in that community.""}"
keto_307,1,"{""stance"":""neutral"",""reasoning"":""The transcript contains only messages from other users; the target user never speaks. While there are both anti-keto arguments (cholesterol/heart risk) and a pro-keto meme, there’s no direct evidence of the target user’s reaction or change in opinion. With insufficient information about the target user’s stance after the discussion, the best prediction is neutral.""}"
keto_311,3,"{""stance"":""negative"",""reasoning"":""The target user explicitly criticizes keto, dismisses keto proponents’ arguments, and claims keto increases heart disease risk due to saturated fat and cholesterol. They advocate instead for less meat/cheese and more fruits, vegetables, and complex carbs, indicating a strongly negative stance after the conversation.""}"
keto_318,4,"{""stance"":""negative"",""reasoning"":""The target user repeatedly argues against keto/low-carb high-fat diets, calling them “nonsense” and “junk science,” insisting weight loss is purely calorie-driven, warning of health damage from high fat intake, and citing institutional guidance as evidence against keto benefits. The conversation reinforces their skepticism rather than shifting it.""}"
keto_320,4,"{""stance"":""positive"",""reasoning"":""The target user explicitly states they are \""really fond of Keto,\"" argues it improves lipid panels, and provides an enthusiastic, detailed defense of ketosis (including rebutting kidney-failure and athletic-performance claims). They cite personal athletic success on keto and emphasize keto’s appetite suppression and effectiveness, indicating a strongly favorable stance after the conversation.""}"
keto_321,9,"{""stance"":""positive"",""reasoning"":""The target user repeatedly expresses strong support for keto (e.g., \""I'm really fond of Keto,\"" claims it improves lipid panels, and provides an extensive pro-keto biochemical explanation and practical guidance). The later criticism from the MD student does not elicit any shown change of mind or concession from the target user within the transcript, so their stance after the conversation remains clearly positive.""}"
keto_323,0,"{""stance"":""positive"",""reasoning"":""The target user repeatedly expresses strong approval of keto (e.g., 'I’m really fond of Keto'), defends it against common criticisms (heart disease link is 'weak,' lipid panels can improve), and provides an extensive, enthusiastic explanation framing ketosis as 'beautiful' and 'euphoric' with sustained fat burning and appetite control. The conversation reinforces rather than challenges their view, so their stance remains clearly positive after it.""}"
keto_325,0,"{""stance"":""positive"",""reasoning"":""The target user explicitly states they are “really fond of Keto,” argues it can be healthy, downplays the high-fat/heart-disease link, and provides an enthusiastic, detailed explanation of how ketosis works and why it feels beneficial (e.g., “beauty of Ketosis,” “euphoric part,” appetite suppression, improved energy, lowered lipid panels). They acknowledge risks (cheating, muscle wasting) but frame them as manageable and not unique, reinforcing an overall strongly pro-keto stance.""}"
keto_326,3,"{""stance"":""positive"",""reasoning"":""The target user repeatedly expresses strong endorsement of keto, calling themselves \""really fond of Keto,\"" emphasizing perceived health benefits (lowering lipid panels, weak link between high fat and heart disease), and providing an enthusiastic, detailed explanation portraying ketosis as \""the beauty\"" of the diet with euphoric/appetite-suppressing effects. They acknowledge downsides (cheating, muscle wasting) but frame them as manageable and not unique to keto, indicating an overall positive stance that remains positive after the exchange.""}"
keto_327,4,"{""stance"":""positive"",""reasoning"":""The target user explicitly states they are “really fond of Keto,” argues it works to lower lipid panels, downplays heart disease concerns as a “weak link,” and provides an enthusiastic, detailed explanation of keto’s benefits (appetite suppression, energy, fat loss) while framing downsides as manageable (don’t cheat, eat enough protein). Nothing in the conversation challenges or changes their view, so their stance remains strongly positive.""}"
keto_328,4,"{""stance"":""positive"",""reasoning"":""The target user repeatedly expresses strong approval of keto (e.g., 'I'm really fond of Keto'), defends it against common criticisms (heart disease link is 'weak,' lipid panels improve), and provides an enthusiastic, persuasive explanation emphasizing benefits like appetite suppression, energy, and fat burning. They acknowledge downsides (cheating, muscle wasting) but frame them as manageable and not unique to keto, reinforcing an overall positive stance.""}"
keto_329,9,"{""stance"":""positive"",""reasoning"":""The target user expresses strong enthusiasm and confidence in keto throughout the conversation (e.g., “I’m really fond of Keto,” claims it lowers lipid panels, explains mechanisms and benefits like appetite suppression and energy). They acknowledge risks but frame them as manageable and not unique to keto, and they advocate for others to try it. Nothing in the exchange appears to reduce their support; if anything, they reinforce it with an extended pro-keto explanation.""}"
keto_330,3,"{""stance"":""positive"",""reasoning"":""The target user explicitly states they are “really fond of Keto,” argues it is healthy and effective (e.g., lowers lipid panels, helps appetite control), provides an enthusiastic, detailed explanation promoting keto, and encourages others to try it. No part of the conversation introduces counterarguments that appear to change or soften their view; if anything, the other user’s engagement reinforces the target user’s pro-keto stance.""}"
keto_331,0,"{""stance"":""positive"",""reasoning"":""The target user repeatedly expresses strong approval of keto (e.g., \""I'm really fond of Keto\""), defends it against common criticisms (heart disease risk), explains its mechanisms in detail, highlights benefits like appetite suppression, energy, weight loss, and improved lipid panels, and frames downsides as manageable (don’t cheat, eat enough protein). Nothing in the conversation challenges or changes this view; the other user’s meme response is lighthearted and doesn’t introduce counterarguments. Thus their stance remains clearly positive after the conversation.""}"
keto_334,9,"{""stance"":""positive"",""reasoning"":""The target user is explicitly enthusiastic about keto (“I’m really fond of Keto”), defends it against common criticisms (heart disease link is weak, lipid panels often improve), and provides an extended pro-keto explanation emphasizing benefits like appetite suppression, stable insulin response, fat burning, and increased energy. Nothing in the conversation challenges their view in a way that would reduce support; if anything, the other user’s interest and the shared meme reinforce the pro-keto framing. لذا their stance after the conversation remains strongly positive.""}"
keto_335,4,"{""stance"":""positive"",""reasoning"":""The target user repeatedly endorses keto, saying they are \""really fond of Keto,\"" emphasizing benefits like appetite suppression, fat-burning, improved energy, and claiming it can lower lipid panels. They downplay common concerns (e.g., weak link between high fat and heart disease) while only noting manageable risks (cheating, muscle wasting) and actively encourage others to try it. Nothing in the conversation suggests their stance becomes less favorable.""}"
keto_336,4,"{""stance"":""positive"",""reasoning"":""The target user explicitly endorses keto multiple times (e.g., “I’m really fond of Keto,” “the beauty of Ketosis,” describing it as “euphoric,” and claiming it improves lipid panels). They argue in favor of keto’s healthfulness, downplay heart-disease concerns, provide an extensive pro-keto explanation, and frame the main risks as manageable (don’t cheat, eat enough protein). Nothing in the conversation challenges or shifts them away from this view, so their stance remains clearly positive.""}"
keto_337,1,"{""stance"":""positive"",""reasoning"":""The target user explicitly states they are \""really fond of Keto,\"" argues it can be healthy, downplays links between high fat and heart disease, and provides an enthusiastic, detailed pro-keto explanation emphasizing benefits like appetite suppression, improved energy, and improved lipid panels. They acknowledge downsides (cheating, muscle wasting) but frame them as manageable, reinforcing an overall favorable stance.""}"
keto_340,0,"{""stance"":""positive"",""reasoning"":""The target user explicitly endorses keto (“I’m really fond of Keto”), defends it scientifically, downplays common criticisms (e.g., heart disease link), highlights benefits like improved lipid panels and weight loss, and encourages others to try it. The other user’s meme reinforces these positive outcomes, so their stance remains positive after the conversation.""}"
keto_343,0,"{""stance"":""positive"",""reasoning"":""The target user is skeptical of some keto claims (e.g., “magical” metabolic explanations) and attributes weight loss mainly to reduced calorie intake, but they explicitly say they follow low-carb/keto for Type II diabetes management and report strong personal benefits (50 lbs lost, A1C reduced from >11 to 6.2, improved glucose control with less medication). Despite criticizing the rhetoric, their lived outcomes and continued adherence indicate an overall favorable stance toward keto as a practical, effective approach (at least for diabetes/weight control).""}"
keto_344,9,"{""stance"":""positive"",""reasoning"":""The target user is skeptical of some popular keto explanations (e.g., “magical” metabolic claims) and attributes much of the weight loss effect to reduced calorie intake. However, they explicitly endorse low-carb/keto as an excellent approach for managing Type II diabetes, state they personally follow it for that reason, and report substantial benefits (50 lbs lost and A1C reduced from >11 to 6.2). That indicates an overall favorable stance toward keto after the conversation, even if their rationale is more calorie/blood-sugar focused than ketosis-focused.""}"
keto_345,1,"{""stance"":""positive"",""reasoning"":""The target user expresses skepticism about some keto mechanism claims and frames weight loss as mainly calorie reduction, but they explicitly endorse low-carb/keto as an excellent adaptation for type II diabetes and say they personally follow it with highly beneficial results (50 lbs lost, A1C greatly improved) without increased exercise. Overall they view keto favorably in practice despite disputing some of the popular explanations.""}"
keto_346,0,"{""stance"":""positive"",""reasoning"":""The target user is skeptical of some claimed keto mechanisms (e.g., “magical” metabolic effects) and frames the benefits largely as calorie reduction, but they explicitly endorse low-carb/keto as an excellent adaptation for managing type II diabetes and say they personally follow it with highly beneficial results (50 lbs lost, A1C greatly improved). Overall, despite mechanistic doubts, their lived success and continued adherence indicate a positive stance toward keto after the conversation.""}"
keto_347,1,"{""stance"":""positive"",""reasoning"":""The target user expresses skepticism about some mechanistic claims around keto (calling it not mainstream science and attributing results mainly to calorie reduction), but they explicitly say they follow low-carb/keto for Type II diabetes and report strong personal benefits (50 lbs lost, A1C down from >11 to 6.2). That direct endorsement of its effectiveness for their health situation indicates an overall positive stance toward keto after the conversation, even if they’re critical of the common explanations.""}"
keto_348,3,"{""stance"":""positive"",""reasoning"":""The target user is skeptical of some keto-specific mechanistic claims (e.g., ‘magical’ carb/insulin explanations) and frames weight loss as primarily calorie-driven, but they explicitly endorse low-carb/keto as an excellent approach for type II diabetes management and report strong personal benefits (50 lb loss and major A1C improvement) while currently following it. The conversation doesn’t show them being persuaded away from keto; if anything, their lived success keeps their overall stance favorable despite scientific reservations.""}"
keto_349,9,"{""stance"":""positive"",""reasoning"":""The target user is skeptical of some popular/more “magical” claims about keto’s mechanisms and emphasizes calorie deficit as the main driver of weight loss, but they explicitly say they follow low-carb/keto for Type II diabetes management and report strong personal benefits (50 lbs lost, A1C reduced from >11 to 6.2) without increased exercise. That indicates an overall favorable stance toward keto as a practical, effective approach (especially for blood sugar control), even if they disagree with some explanations.""}"
keto_350,3,"{""stance"":""positive"",""reasoning"":""The target user is skeptical of some keto “metabolic magic” claims and frames results as primarily calorie reduction, but they explicitly say they follow low-carb/keto for Type II diabetes and that it has been “highly beneficial” (50 lbs lost and A1C dropped from >11 to 6.2). Despite disagreement with the mechanistic explanations, their personal success and continued adherence indicate an overall positive stance toward keto after the conversation.""}"
keto_351,3,"{""stance"":""positive"",""reasoning"":""The target user is skeptical of keto’s proposed mechanisms (insulin/ketone “magic”) and frames weight loss as primarily calorie reduction, but they explicitly endorse low-carb/keto as an excellent adaptation for Type II diabetes and say they personally follow it with highly beneficial results (50 lbs lost, A1C greatly improved). That indicates an overall favorable stance toward keto as a practical diet, even if not for the reasons other commenters claim.""}"
keto_352,9,"{""stance"":""positive"",""reasoning"":""The target user expresses skepticism about some mechanistic claims around keto (calling them not mainstream science and attributing weight loss mainly to reduced calories), but they explicitly say they follow low-carb/keto for Type II diabetes and that it has been “highly beneficial,” citing major weight loss and a large A1C improvement. Overall, despite doubts about the proposed biology, their personal success and endorsement for diabetes management indicate a positive stance toward keto after the conversation.""}"
keto_354,0,"{""stance"":""positive"",""reasoning"":""The target user is skeptical of some keto claims (e.g., “magical” mechanisms beyond calorie reduction) and calls the earlier explanation non-mainstream, but they explicitly say they follow low-carb/keto for Type II diabetes and that it has been “highly beneficial” (50 lbs lost, A1C dropped from >11 to 6.2) without added exercise. Overall, despite mechanistic doubts, their personal success and endorsement for diabetes management indicate a positive stance toward keto after the conversation.""}"
keto_355,1,"{""stance"":""positive"",""reasoning"":""The target user is skeptical of some mechanistic and “magical” claims about keto and argues weight loss is mainly from reduced calorie intake, but they explicitly endorse low-carb/keto as an excellent adaptation for Type II diabetes and say they personally follow it with highly beneficial results (50 lbs lost, A1C greatly improved) without increased exercise. Overall they view keto favorably for practical outcomes despite disputing some explanations.""}"
keto_356,4,"{""stance"":""positive"",""reasoning"":""The target user is skeptical of some mechanistic claims about keto (e.g., ‘magical’ carb effects) and frames most benefits as coming from reduced calorie intake, but they explicitly endorse low-carb/keto as an excellent adaptation for managing Type II diabetes and say they personally follow it with highly beneficial results (50 lbs lost, A1C improved dramatically). Overall, despite criticizing the science narrative, their personal experience and continued use indicate a positive stance toward keto after the conversation.""}"
keto_357,3,"{""stance"":""positive"",""reasoning"":""The target user is skeptical of some of the mechanistic/“magical” claims about keto and emphasizes calories-in/calories-out, but they explicitly say they follow low-carb/keto for Type II diabetes management and that it has been “highly beneficial,” citing major weight loss and a large A1C improvement without increased exercise. That indicates an overall favorable stance toward keto as a practical, effective approach (at least for blood sugar and weight), even if they reject some common pro-keto explanations.""}"
keto_358,1,"{""stance"":""positive"",""reasoning"":""The target user is skeptical of keto’s proposed metabolic mechanisms and calls the post “hardly mainstream science,” but they still endorse low-carb/keto as an “excellent adaptation” for Type II diabetes and say they personally follow it with “highly beneficial” results (50 lbs lost, A1C down from >11 to 6.2) without increasing exercise. Despite attributing the weight loss mainly to reduced calories rather than ‘magic’ ketosis effects, their overall attitude toward using keto is favorable due to strong personal health benefits.""}"
keto_359,3,"{""stance"":""positive"",""reasoning"":""The target user is skeptical of some mechanistic and “magical” claims about keto, but they explicitly say they follow low-carb/keto for Type II diabetes management and report strong personal benefits (50 lbs lost, A1C from >11 to 6.2) without increasing exercise. Despite attributing weight loss mainly to reduced calories, their overall attitude toward keto as a practical, beneficial approach—especially for blood sugar control—remains favorable after the conversation.""}"
keto_360,9,"{""stance"":""positive"",""reasoning"":""The target user is skeptical of keto’s proposed metabolic/hormonal mechanisms for weight loss and frames most benefits as coming from reduced caloric intake rather than “magic” carb effects. However, they explicitly say low-carb/keto is an excellent adaptation for managing Type II diabetes, that they personally follow it for that reason, and that it has been highly beneficial (50 lbs lost and A1C improved dramatically) without increased exercise. Overall, despite scientific reservations about the explanation, their lived results and continued use indicate a positive stance toward keto after the conversation.""}"
keto_361,1,"{""stance"":""positive"",""reasoning"":""The target user is skeptical of some mechanistic claims and calls the post non-mainstream, but they explicitly follow low-carb/keto for Type II diabetes management and report strong personal benefits (50 lbs lost, A1C reduced from >11 to 6.2). Despite attributing results mainly to reduced calories rather than “magical” carb effects, they still endorse keto as an excellent adaptation for diabetes and describe it as highly beneficial to them, indicating an overall positive stance after the conversation.""}"
keto_363,4,"{""stance"":""positive"",""reasoning"":""The target user expresses skepticism about some mechanistic claims and calls keto not definitively proven beyond calorie reduction, but they explicitly say they follow low-carb/keto for Type II diabetes and that it has been “highly beneficial” (50 lbs lost, A1C down from >11 to 6.2) without increased exercise. That personal success and continued adherence indicate an overall positive stance toward keto after the conversation, even if they reject ‘magical’ explanations.""}"
keto_366,4,"{""stance"":""positive"",""reasoning"":""The target user explicitly defends keto as effective, emphasizing appetite suppression, easier maintenance of a calorie deficit, and particular benefits for people with metabolic syndrome/insulin issues who struggle on low-fat high-carb diets. They describe keto as “genius” for overcoming metabolic challenges and mitigating insulin/blood sugar problems, indicating a clearly favorable view after the conversation.""}"
keto_367,9,"{""stance"":""positive"",""reasoning"":""The target user explicitly defends keto as effective and “genius” for many people, emphasizing appetite suppression, improved fat-burning via insulin regulation, and usefulness for those with metabolic syndrome who struggle on low-fat/high-carb diets. Their comments are supportive and explanatory rather than skeptical, and nothing in the subsequent exchange appears to shift them away from that favorable view.""}"
keto_368,1,"{""stance"":""positive"",""reasoning"":""The target user defends keto as effective for appetite suppression and facilitating a caloric deficit, argues it helps people with metabolic syndrome who struggle on low-fat/high-carb diets, and frames it as a smart metabolic tool rather than “magic.” Their comments are supportive and explanatory, indicating a favorable stance after the conversation.""}"
keto_369,4,"{""stance"":""positive"",""reasoning"":""The target user expresses annoyance at outsiders/questions in the thread (and the /r/bestof attention), but not skepticism about keto itself. Their comment aligns with the pro-keto side of the discussion—frustrated with “idiotic” questioning rather than disputing keto’s claims—suggesting they remain supportive/positive toward keto after the conversation.""}"
keto_370,9,"{""stance"":""neutral"",""reasoning"":""The target user never speaks in the provided transcript, so there is no explicit opinion or reaction to keto from them. Although the image promotes keto positively, there’s no evidence the target user endorses or rejects it after seeing the conversation, so the safest prediction is neutral.""}"
keto_371,9,"{""stance"":""positive"",""reasoning"":""The target user defends keto as an effective approach, emphasizing appetite suppression, improved ability to maintain a calorie deficit, and particular benefits for people with metabolic syndrome/insulin issues. They argue it helps overcome metabolic challenges where standard low-fat/high-carb dieting may fail, cite scientific literature, and push back strongly against simplistic CICO-only framing—overall indicating a favorable view of keto after the conversation.""}"
keto_373,1,"{""stance"":""positive"",""reasoning"":""The target user provides specific guidance on keto carb limits (20g goal, up to 50g max) and discusses ketosis mechanics matter-of-factly, indicating familiarity and endorsement rather than skepticism. Their contribution supports continuing keto and implies they view staying in ketosis as desirable, aligning with a positive stance after the conversation.""}"
keto_374,1,"{""stance"":""positive"",""reasoning"":""The target user explicitly endorses keto as “a really good diet overall,” mentions having read about multiple positive side effects beyond weight loss, and highlights appealing aspects like simple rules, eating fatty foods, reduced hunger, and no guilt. Nothing in the conversation appears to challenge or reduce this enthusiasm, so their stance remains positive after the exchange.""}"
keto_376,9,"{""stance"":""neutral"",""reasoning"":""The target user never speaks in the transcript, so there is no explicit opinion to infer. While other participants strongly promote keto and explain its mechanisms, we cannot reliably determine how the target user would be influenced by this discussion without any response from them. With insufficient direct evidence of approval or disapproval, the safest prediction is neutral.""}"
keto_377,1,"{""stance"":""positive"",""reasoning"":""The target user reports already doing low carb (15–30g/day) for two months, losing 30 lbs, feeling great, and being “super glad” to have found the keto community. They discuss how they handle cheat days and ask about vodka, indicating continued engagement and intent to follow the diet rather than skepticism. The surrounding conversation reinforces keto’s benefits and discourages cheating, which likely further strengthens the target user’s favorable view.""}"
keto_379,4,"{""stance"":""neutral"",""reasoning"":""The transcript contains only messages from other users; the target user never speaks, so there’s no direct evidence of their attitude toward keto or of any change after the discussion. While the conversation is strongly pro-keto and could be persuasive, without any response from the target user indicating agreement or rejection, the safest prediction is neutral.""}"
keto_380,0,"{""stance"":""neutral"",""reasoning"":""The target user never speaks in the transcript, so there’s no explicit opinion to evaluate. The conversation includes both pro-keto advocacy and skepticism (arguing results are from calorie deficit), plus a positive personal success story for diabetes/weight loss, which could pull either way. With no direct evidence of the target user’s reaction or change in view, the safest prediction is neutral.""}"
keto_381,0,"{""stance"":""positive"",""reasoning"":""The target user repeatedly defends core keto claims (carbs not necessary, micronutrients obtainable without carbs, fruit sugar problematic, gluconeogenesis, Inuit as example), rejects criticisms about diabetes and heart disease as incorrect/baseless, and ends by dismissing the skeptic. Their tone and arguments indicate strong support for keto rather than neutrality or opposition.""}"
keto_382,0,"{""stance"":""neutral"",""reasoning"":""The target user never speaks in the transcript, so there’s no direct evidence of their opinion or any change in attitude. While other users present strongly pro-keto arguments and a positive meme that could be persuasive, we can’t infer the target user accepted them or shifted stance without any response from them. Therefore the safest prediction is neutral.""}"
keto_383,9,"{""stance"":""neutral"",""reasoning"":""The target user never speaks in the transcript, so there’s no explicit endorsement or rejection of keto from them. While the conversation is strongly pro-keto and could be persuasive, there’s no evidence of the target user’s reaction or change in attitude, so the safest prediction is neutral.""}"
keto_385,9,"{""stance"":""neutral"",""reasoning"":""The target user never speaks in the transcript, so there’s no direct evidence of their opinion before or after the discussion. While other participants present strongly pro-keto arguments and a humorous meme reinforcing keto culture, we can’t reliably infer that the target user adopted a positive or negative stance from this alone. With insufficient evidence of the target user’s change or position, the safest prediction is neutral.""}"
keto_386,1,"{""stance"":""positive"",""reasoning"":""The target user asks for a go-to book and says they need to be “hand-held to start this thing off,” which indicates they are interested in beginning keto rather than rejecting it. The subsequent detailed, enthusiastic explanation and supportive tone in the conversation (describing benefits like appetite suppression, energy, and weight loss) would likely reinforce that interest, leaving the target user with a more favorable view overall.""}"
keto_387,4,"{""stance"":""neutral"",""reasoning"":""The target user never speaks in the transcript, so there’s no direct evidence of their opinion. While the conversation is strongly pro-keto and could be persuasive, there’s insufficient information to infer how the target user personally reacts or whether their stance changes. Therefore the best prediction is neutral.""}"
keto_388,9,"{""stance"":""neutral"",""reasoning"":""The transcript contains no messages from the [TARGET USER], so there’s no explicit indication of their attitude toward keto or how they reacted to others’ arguments. Without evidence of the target user being persuaded or repelled by the pro-keto explanations and humor in the thread, the safest prediction is that their stance remains neutral.""}"
keto_391,0,"{""stance"":""neutral"",""reasoning"":""The transcript contains no messages from the [TARGET USER] at all—only other users discussing and endorsing keto. Without any explicit statements, reactions, or questions from the target user, there isn’t enough evidence to infer the target user’s attitude or any change in stance. Therefore the safest prediction is neutral.""}"
keto_393,1,"{""stance"":""neutral"",""reasoning"":""The target user never appears in the transcript and provides no explicit opinion about keto. With only another user posting a pro-keto meme and no evidence of the target user’s reaction or engagement, there isn’t enough information to infer a positive or negative stance shift, so neutral is most appropriate.""}"
keto_394,3,"{""stance"":""neutral"",""reasoning"":""The transcript contains only an image posted by another user and no message from the target user. There’s no explicit opinion, reaction, or engagement from the target user that would indicate a positive or negative stance toward keto, so their stance can’t be inferred beyond neutral.""}"
keto_395,4,"{""stance"":""positive"",""reasoning"":""The target user reacts favorably to the pro-keto explanation (\""Good stuff\"") and does not express any anti-keto concerns. Although they focus on Whole30 and initially conflate it with keto, they defend low-sugar/low-grain eating, emphasize benefits like appetite control, weight loss, energy, and improved health markers, and push back against criticism of carb restriction. Even after another user challenges Whole30 and implies keto is preferable, the target user’s comments remain aligned with keto-adjacent principles and suggest openness/support rather than skepticism.""}"
keto_396,9,"{""stance"":""neutral"",""reasoning"":""The transcript contains no messages from the [TARGET USER] at all—only other users discussing and endorsing keto. Without any explicit statements or reactions from the target user, there isn’t enough evidence to infer a positive or negative stance shift, so the safest prediction is neutral.""}"
keto_397,3,"{""stance"":""positive"",""reasoning"":""The target user repeatedly defends ketosis and the keto diet, asserting that ketone bodies are the brain’s best fuel, citing historical survival arguments and the long-standing ketogenic prescription for epilepsy. They argue glucose excess is damaging, claim there is no essential carbohydrate, and rebut counterarguments about ATP yield and glucose necessity. Overall their tone is confident and pro-keto, with no indications of doubt or softening after the exchange.""}"
keto_399,3,"{""stance"":""positive"",""reasoning"":""The target user explicitly reports better weight-loss results on keto than on calorie restriction at a similar deficit (15 lbs in 30 days vs 0 lbs in 2+ weeks), defends the accuracy of their tracking, and argues that individual metabolic/hormonal factors (e.g., thyroid issues) can make CICO-only explanations inadequate. This indicates a favorable view of keto’s effectiveness and mechanisms after the conversation.""}"
keto_400,0,"{""stance"":""positive"",""reasoning"":""The target user consistently defends and promotes keto: they reassure others it’s “not as bad as it sounds,” give practical guidance (carb ranges, avoiding flour/sugar, ketogains for lifting), and argue carbs can be addictive and drive cravings. Their replies aim to persuade hesitant users and normalize strict carb limits, indicating a favorable stance after the conversation.""}"
keto_401,1,"{""stance"":""positive"",""reasoning"":""The target user reports personal success with keto (lost weight over ~5 months, hit target weight), endorses it as an effective tool for appetite control via reduced insulin fluctuations, and advises others to use it if it helps them. While they acknowledge calories ultimately matter and that people can choose other approaches, their framing is clearly supportive of keto’s usefulness and effectiveness.""}"
keto_405,0,"{""stance"":""neutral"",""reasoning"":""The target user never speaks in the transcript, so there’s no explicit indication of their opinion. The conversation presents strongly pro-keto claims (biochemist explanation, appetite suppression, weight loss anecdotes) alongside a strongly anti-keto rebuttal (claims of harm and that weight loss is just reduced calories). With no evidence of how the target user reacts to either side, the safest prediction is neutral.""}"
keto_406,1,"{""stance"":""neutral"",""reasoning"":""The target user never expresses their own opinion about keto—only asks whether a type 1 insulin-dependent diabetic can do it. While the surrounding messages are strongly pro-keto and could be persuasive, there’s no explicit acceptance or rejection from the target user, so their post-conversation stance can’t be confidently inferred as positive or negative.""}"
keto_407,4,"{""stance"":""neutral"",""reasoning"":""The target user argues narrowly about scientific terminology (rejecting the claim that muscle is “long-term energy storage”) and corrects keto-related points (e.g., brain glucose needs when keto-adapted), but they do not express approval or disapproval of the keto diet itself. Their tone is skeptical toward the other user’s explanations, yet the disagreement is about physiology/definitions rather than whether keto is good or bad. With no clear endorsement or rejection of keto, the most supported stance is neutral.""}"
keto_408,3,"{""stance"":""positive"",""reasoning"":""The target user endorses keto as an effective approach because it can reduce hunger and therefore make maintaining a calorie deficit easier and more sustainable. While they acknowledge other diets can also work, they explicitly frame keto as a valid solution if it achieves reduced intake without constant willpower, indicating a favorable (though pragmatic) view rather than skepticism or dislike.""}"
keto_410,0,"{""stance"":""neutral"",""reasoning"":""The target user frames keto as acceptable if it helps reduce calorie intake without hunger, but explicitly treats it as just one workable option among others (“then that's fine… If another diet lets you do it, that's also good”). They neither endorse keto as superior nor criticize it, suggesting a pragmatic, conditional view rather than a clearly positive or negative stance.""}"
keto_412,0,"{""stance"":""negative"",""reasoning"":""The target user explicitly agrees with the anti-keto/anti-carb-restriction framing that the issue is “empty carbs” and processed foods, not carbs themselves, and defends fruit and fiber as beneficial for insulin response. They argue for proportional, natural-carb consumption rather than avoiding carbs, which conflicts with keto’s core premise. Nothing in the exchange suggests they were persuaded toward keto; instead they reinforce a non-keto viewpoint.""}"
keto_414,1,"{""stance"":""positive"",""reasoning"":""The target user explicitly says they have been anti-keto but that their mind is changing after the explanation. They also decide to try keto for 8 weeks, report feeling fine on day 2.5, and express interest in expected results and how to do it properly (questions about calories, supplements, and lifting). Despite remaining “pretty skeptical,” their willingness to adopt and test keto plus the shift in attitude indicates a net positive stance after the conversation.""}"
keto_415,0,"{""stance"":""positive"",""reasoning"":""The target user’s contribution isn’t shown, but the conversation is strongly pro-keto: a biochemist provides an enthusiastic, detailed explanation of ketosis benefits (appetite suppression, energy, weight loss, lipid improvements) while downplaying risks and offering practical guidance. The tone is persuasive and supportive, with humor reinforcing the appeal. With no counterarguments presented and the overall framing being that keto is effective and manageable if done correctly, the most likely resulting stance for the target user after this exchange is positive.""}"
keto_418,9,"{""stance"":""neutral"",""reasoning"":""The target user never appears in the transcript and provides no explicit opinion or reaction to the keto-related meme. With no evidence of their views or how the conversation influenced them, the safest prediction is neutral.""}"
keto_419,9,"{""stance"":""neutral"",""reasoning"":""The target user does not provide any explicit opinion about keto in the conversation. The only content is an image/meme that mentions keto among other weight-loss approaches, but there’s no clear indication of the target user endorsing or rejecting it, nor enough context to infer a shift in attitude. بنابراین the most supported prediction is neutral.""}"
keto_420,1,"{""stance"":""neutral"",""reasoning"":""The target user does not provide any explicit opinion or reaction in the transcript. The only content shown is another user’s meme that frames keto as an option involving ‘keto flu’ for rapid weight loss versus eating bread and feeling sluggish. Without any response from the target user, there isn’t enough evidence to infer a positive or negative stance change, so the safest classification is neutral.""}"
keto_421,4,"{""stance"":""neutral"",""reasoning"":""The target user never speaks in the provided transcript, so there’s no explicit indication of their opinion about keto or any reaction to the meme. With no evidence of their beliefs or how they were influenced, the safest prediction is neutral.""}"
keto_422,9,"{""stance"":""neutral"",""reasoning"":""The target user never speaks in the transcript, so there’s no explicit opinion to anchor their stance. The only content shown is a meme/comic about convincing people keto is healthy, which presents a mix of pro-keto talking points and a punchline implying frustration or backlash, but it doesn’t provide clear evidence of how the target user reacts. With no direct statements or reactions from the target user, the safest prediction is neutral.""}"
keto_423,3,"{""stance"":""neutral"",""reasoning"":""The target user never speaks in the provided transcript, so there’s no explicit opinion or reaction to the keto meme and no evidence of persuasion or resistance. With insufficient information about their views after the conversation, the most justified prediction is neutral.""}"
keto_424,3,"{""stance"":""neutral"",""reasoning"":""The target user never speaks in the transcript, so there’s no explicit opinion or reaction to the pro-keto meme and no evidence of being persuaded either way. With insufficient information about their views after the conversation, the safest classification is neutral.""}"
keto_425,3,"{""stance"":""neutral"",""reasoning"":""The transcript only shows another user posting a pro-keto meme. The target user does not appear or express any opinion, and there’s no interaction indicating they were persuaded or reacted. With no evidence of the target user’s attitude changing, the safest prediction is neutral.""}"
keto_426,3,"{""stance"":""positive"",""reasoning"":""The target user explicitly frames black coffee as “keto friendly” and is participating in what appears to be a keto-oriented context without expressing any doubts or criticisms about keto. Their comments align with keto habits (avoiding sugar/cream) and they speak approvingly/comfortably about keto-compatible choices, suggesting a positive stance after the conversation.""}"
keto_429,1,"{""stance"":""neutral"",""reasoning"":""The target user repeatedly argues against keto having a unique metabolic advantage, emphasizing CICO and citing many studies suggesting no meaningful fat-vs-carb difference when calories/protein are controlled. However, they also explicitly state they’ve done keto and that it works, framing it as a practical way to reduce calories via satiety rather than as “sugar is poison.” After the conversation (including pushback), they seem tired of debating rather than more anti-keto, so their stance remains mixed/qualified rather than clearly positive or negative.""}"
keto_431,0,"{""stance"":""positive"",""reasoning"":""The target user repeatedly affirms that keto “works,” says they’ve personally done it successfully, tells someone not to unsubscribe from r/keto, and adds they “like it.” Although they argue against the idea that sugar has unique fattening ‘mojo’ and emphasize calories-in/calories-out (and protein/satiety as key mechanisms), they still view keto as an effective and acceptable approach rather than something harmful or useless.""}"
keto_434,1,"{""stance"":""positive"",""reasoning"":""The target user repeatedly affirms that keto “works,” states they’ve done keto and it worked for them, tells another user not to unsubscribe from r/keto, and says they like keto. While they argue against the idea that sugar uniquely causes fat gain (emphasizing calories-in/calories-out and protein’s role), they still maintain a favorable view of keto as an effective approach, just not for the insulin/sugar-poisoning narrative.""}"
keto_435,3,"{""stance"":""positive"",""reasoning"":""The target user repeatedly affirms keto as an effective and even easier approach for typical dieters (\""I've done keto, it works\""; \""I think it is, and is a great way to lose weight\""; agrees that benefits come from satiety). While they reject strong claims of a unique metabolic advantage and emphasize calories-in/calories-out, their overall attitude toward keto after the exchange remains favorable rather than neutral or negative.""}"
keto_438,1,"{""stance"":""positive"",""reasoning"":""The target user explicitly says they’ve done keto and that “it works,” and reassures another user not to unsubscribe from r/keto. While they strongly push back against the idea that sugar/insulin uniquely causes fat gain and emphasize calories-in/calories-out (and protein as the main advantage), they still express liking keto and viewing it as an effective approach (primarily as a practical way to reduce calories). Overall this is supportive of keto’s effectiveness, though critical of some keto rhetoric.""}"
keto_439,9,"{""stance"":""positive"",""reasoning"":""The target user explicitly states they’ve done keto, that it works, and that they like it, and advises someone not to unsubscribe from r/keto. While they argue against the idea that sugar/insulin uniquely causes fat gain and emphasize CICO/protein as the main mechanism, they still endorse keto as an effective approach (just not for the commonly claimed biochemical reasons).""}"
keto_440,4,"{""stance"":""positive"",""reasoning"":""The target user explicitly says they’ve done keto, that it works, and that they like it, and they tells someone not to unsubscribe from r/keto. Although they argue against the idea that sugar/insulin uniquely causes fat gain and emphasize calories/protein instead of a ketogenic “metabolic advantage,” they still endorse keto as an effective approach (mainly as a practical way to reduce intake/increase protein). Overall their stance toward keto after the conversation is favorable rather than neutral or negative.""}"
keto_441,1,"{""stance"":""positive"",""reasoning"":""The target user explicitly states they’ve done keto and that “it works,” tells another user not to unsubscribe from r/keto, and says they like keto. While they strongly reject the idea that sugar/insulin uniquely causes fat gain and emphasize calories-in/calories-out (and protein/satiety as the main mechanism), their overall attitude toward keto remains favorable as an effective tool rather than something to avoid.""}"
keto_446,9,"{""stance"":""neutral"",""reasoning"":""The target user argues against the idea that sugar (and by extension carb restriction via keto) has a unique metabolic advantage for fat loss, emphasizing instead that calorie balance drives weight change and citing many studies showing little difference between low-carb/high-fat vs other macro splits when calories/protein are controlled. However, they explicitly state they’ve done keto and that it works, framing it as a useful tool mainly because it can help calorie restriction via satiety rather than as a superior or necessary approach. This mix of acknowledging keto’s practicality while rejecting strong pro-keto claims suggests an overall neutral stance after the conversation.""}"
keto_447,3,"{""stance"":""neutral"",""reasoning"":""The target user argues strongly against the idea that keto/low-carb has a unique metabolic advantage for fat loss, citing many studies and emphasizing CICO and satiety as the main drivers. However, they explicitly state they’ve done keto and that it works, and clarify they’re not saying keto won’t work—just pushing back on anti-sugar/insulin narratives and exaggerated claims. Their later sarcastic reply about water/sodium retention further suggests skepticism toward simplistic keto success anecdotes rather than opposition to keto itself. Overall this leaves them viewing keto as a workable tool but not superior in principle → neutral stance.""}"
keto_448,4,"{""stance"":""neutral"",""reasoning"":""The target user argues strongly against the idea that keto/low-carb has a unique metabolic or hormonal fat-loss advantage, emphasizing evidence for calories-in/calories-out and citing many studies showing no clear carbs-vs-fat winner. However, they also explicitly say they’ve done keto and that it works, framing it as a practical way to reduce calories via satiety rather than as a necessary or superior approach. This combination suggests neither an overall pro-keto endorsement nor an anti-keto rejection, but a pragmatic, mixed view—i.e., neutral.""}"
keto_452,3,"{""stance"":""neutral"",""reasoning"":""The target user pushes back against strong pro-keto/anti-sugar hormonal claims by citing many studies suggesting no unique metabolic advantage to low-carb/keto versus other diets when calories/protein are controlled, and emphasizes calories-in/calories-out. However, they explicitly say they’ve done keto and that it works, framing it as a useful tool for calorie restriction/satiety rather than a superior or necessary approach. This mix of mild endorsement of practicality but skepticism of special benefits indicates an overall neutral stance after the conversation.""}"
keto_453,9,"{""stance"":""neutral"",""reasoning"":""The target user pushes back against claims that sugar/carbs are uniquely fattening and argues there’s no inherent metabolic advantage to keto when calories and protein are controlled, citing many studies. However, they explicitly say they’ve done keto, that it works, and that cutting carbs can be an effective way to achieve calorie restriction/satiety—even if it’s not the only way. This combination suggests neither strong endorsement nor strong opposition after the conversation.""}"
keto_455,4,"{""stance"":""neutral"",""reasoning"":""The target user argues strongly against the idea that keto has a unique metabolic/hormonal fat-loss advantage, citing many studies suggesting weight loss is primarily driven by calorie deficit (CICO) and that macro composition doesn’t change outcomes when protein/energy are controlled. However, they explicitly add that they’ve done keto and it works and that cutting carbs can be an effective way to reduce calories/sugar due to satiety. This combination indicates skepticism toward pro-keto superiority claims but not opposition to keto itself—overall a neutral stance after the conversation.""}"
keto_458,0,"{""stance"":""neutral"",""reasoning"":""The target user argues strongly against keto having a unique metabolic advantage for fat loss, emphasizing calorie balance and citing many studies showing similar weight loss across macro compositions. However, they explicitly state they’ve done keto and it works, and acknowledge it can be an effective way to reduce calories by improving satiety and reducing cravings. So their post-conversation stance is neither pro-keto nor anti-keto overall: skeptical of the hormonal/metabolic superiority claims but accepting keto as a workable tool.""}"
keto_459,4,"{""stance"":""neutral"",""reasoning"":""The target user argues strongly against a unique metabolic/hormonal advantage for keto, emphasizing metabolic ward studies and CICO, which rules out a clearly positive stance. However, they explicitly say they’ve done keto and that it works, framing it as a practical tool for calorie restriction rather than a hoax or harmful approach. This mix of skepticism about keto’s purported mechanisms but acceptance of its usefulness suggests an overall neutral stance after the conversation.""}"
keto_460,1,"{""stance"":""neutral"",""reasoning"":""The target user argues against the idea that keto/low-carb has a unique metabolic advantage over other diets, citing many studies suggesting weight loss is primarily driven by calorie deficit and that carb:fat ratio doesn’t matter much when protein/calories are controlled. However, they explicitly say they’ve done keto, it works, and they’re not claiming keto won’t work—only that it’s one tool (often via satiety/calorie reduction) rather than the only or biochemically special approach. That mix of acknowledging effectiveness but rejecting strong pro-keto claims points to an overall neutral stance after the conversation.""}"
keto_461,9,"{""stance"":""neutral"",""reasoning"":""The target user argues strongly against the idea that keto/low-carb has a unique metabolic advantage, citing many studies suggesting weight loss is primarily driven by calorie deficit and that carb vs fat composition doesn’t matter much when protein and calories are controlled. However, they explicitly say they’ve done keto and it works, and they frame cutting carbs as a practical way to reduce calories via satiety rather than dismissing keto outright. That leaves them neither pro-keto nor anti-keto overall—more skeptical of keto claims but accepting it as one workable tool—so their post-conversation stance is best classified as neutral.""}"
keto_463,1,"{""stance"":""neutral"",""reasoning"":""The target user expresses a mixed view: they explicitly say they wouldn’t recommend keto as a permanent diet, but believe it can be useful for short-term “course correction.” They also emphasize that people need complex carbohydrates and imply keto isn’t appropriate for most. Overall this indicates neither strong support nor outright opposition, but a cautious, conditional acceptance.""}"
keto_464,4,"{""stance"":""neutral"",""reasoning"":""The target user did not provide any explicit opinion about the keto diet in the transcript. The only content shown is another user posting a meme that portrays keto favorably (rapid fat loss and mental clarity vs. bread/pasta), but there is no response from the target user indicating agreement, disagreement, or attitude change. With no evidence of the target user’s reaction, the safest prediction is neutral.""}"
keto_467,3,"{""stance"":""neutral"",""reasoning"":""After the exchange, the target user shifts from a strongly anti-sugar/insulin-focused framing (which often aligns with pro-keto rhetoric) to a more agnostic, evidence-uncertain position: they emphasize that scientists \""don't know everything yet,\"" that many diets can work if adhered to, and that the main broadly agreed points are adherence, avoiding processed sugars, and focusing on nutrient-dense foods. They do not explicitly endorse keto as superior, instead portraying it as one option among many, so their stance toward keto ends up neutral rather than clearly positive or negative.""}"
keto_468,1,"{""stance"":""neutral"",""reasoning"":""After the exchange, the target user shifts from a strongly sugar/insulin-centric framing to a more agnostic, evidence-limited position: they emphasize that scientists “don’t know everything yet,” that many diets can work, and that adherence is the key. They still endorse avoiding processed sugars and favor nutrient-dense foods, but they do not explicitly advocate keto as uniquely effective or superior—placing it alongside other structured diets. This suggests a balanced, non-committal stance toward keto rather than clearly positive or negative.""}"
keto_471,9,"{""stance"":""positive"",""reasoning"":""The target user is posting in r/keto and gives an extensive pro–low-sugar/low-carb (insulin/leptin) explanation consistent with ketogenic dieting, explicitly claiming that eliminating sugar increases satiety, energy, and reduces cravings. Even after another user counters with studies arguing no special metabolic advantage, the target user’s edit clarifies nuance (not purely ‘sugar makes us fat’), but does not retract the core anti-sugar framing or suggest abandoning keto. Overall, the conversation context and their own arguments indicate they remain favorable toward keto as an effective approach, even if they acknowledge calories matter.""}"
keto_472,1,"{""stance"":""positive"",""reasoning"":""The target user strongly endorses Lustig’s anti-sugar/insulin-leptin framing and explicitly claims that eliminating sugar increases satiety, energy, metabolism, and reduces cravings—core pro-low-carb/keto sentiments. Although another user counters with many studies emphasizing calories-in/calories-out and no metabolic advantage, the target user’s added edits show they are refining the claim (caloric surplus matters) rather than rejecting the low-carb approach, and they posted this in /r/keto. Overall, the conversation would likely leave them still favorable toward keto as a practical way to reduce sugar/carbs and appetite, even if not uniquely “biochemically” superior.""}"
keto_473,3,"{""stance"":""positive"",""reasoning"":""The target user argues strongly that sugar/carbs drive insulin/leptin dysregulation, cravings, reduced satiety, and weight gain, and explicitly states that eliminating sugar has the opposite effects (more fullness, energy, higher metabolism, fewer cravings). This framing aligns closely with keto’s low-carb approach, and the surrounding context (posted in r/keto, plus a pro-keto meme response) would likely reinforce a favorable view rather than introduce doubt.""}"
keto_474,1,"{""stance"":""positive"",""reasoning"":""The target user strongly endorses the idea that sugar/carbs drive overeating and metabolic dysregulation (insulin/leptin resistance), and explicitly claims that eliminating sugar has the opposite effects: increased satiety, more energy, higher metabolism, weight/fat loss, and reduced cravings—core claims commonly used to support keto/low-carb eating. They also engage in a keto subreddit context and link additional pro-low-carb arguments, with no expressed skepticism toward keto; the only caution is about over-framing the issue as 'carbs uniquely fattening,' not a rejection of keto. The other user's meme reinforces a pro-keto framing, likely further nudging a positive stance.""}"
keto_475,1,"{""stance"":""positive"",""reasoning"":""The target user strongly endorses Lustig’s argument that sugar/carbs drive overeating via insulin/leptin effects and explicitly claims that eliminating sugar produces satiety, higher energy/metabolism, reduced cravings, and weight/fat loss—outcomes aligned with keto/low-carb. They also engage in extended discussion within r/keto defending the relevance of these mechanisms, indicating a favorable view of keto rather than skepticism or neutrality.""}"
keto_479,3,"{""stance"":""positive"",""reasoning"":""The target user repeatedly defends keto’s effectiveness and mechanism (longer-lasting satiety from fat, hunger rebound from carbs/sugar spikes) and expresses personal experience of gaining weight when eating “normally” but seeing easier weight loss on keto. They question non-keto explanations (calling it cognitive dissonance) and end the conversation still arguing for keto’s satiety advantage, appearing more convinced/committed rather than persuaded away by the calorie-balance-focused counterarguments.""}"
keto_481,1,"{""stance"":""neutral"",""reasoning"":""The target user acknowledges that keto “works” and cites personal experience with it, but repeatedly argues there’s “nothing magic” about keto and rejects common pro-keto claims that carbs are uniquely fattening or that keto provides a metabolic advantage. They frame keto mainly as a practical way to reduce calorie intake via satiety, not as a superior diet. This reflects neither strong endorsement nor outright opposition—overall a neutral-to-slightly-positive view, best classified as neutral.""}"
keto_482,1,"{""stance"":""positive"",""reasoning"":""The target user explicitly endorses keto as “so damn successful,” contrasts it favorably against low-fat dieting based on personal experience (less hunger, easier calorie deficit), and states they are “done” with pasta/bread and treat sugar/carbs as rare. Their comments show strong approval and commitment to keto/low-carb eating rather than neutrality or skepticism.""}"
keto_487,9,"{""stance"":""neutral"",""reasoning"":""The target user never speaks in the transcript, so there’s no explicit evidence of their attitude. The conversation contains both pro-keto framing (keto works, helps satiety/protein) and anti-keto/anti-hype framing (no unique metabolic advantage; calories-in/calories-out; sugar not uniquely fattening). With mixed arguments and no target-user reaction, the safest prediction is that their stance remains neutral.""}"
keto_490,1,"{""stance"":""neutral"",""reasoning"":""The target user never speaks in the transcript, so there’s no direct evidence of their opinion or any change in attitude. The only content shown is a meme implying a tradeoff between eating bacon/cheese and losing weight (keto-adjacent), but without the target user’s reaction it’s not possible to infer whether they end up supportive or opposed. Therefore the safest prediction is neutral.""}"
keto_491,1,"{""stance"":""neutral"",""reasoning"":""The target user never speaks in the provided transcript, so there’s no explicit opinion to assess. The only content is another user sharing a meme that frames keto as a tough but beneficial choice (“power through keto flu for a new body”), which could be persuasive, but without any reaction from the target user there isn’t enough evidence to infer a positive or negative shift. לכן the most defensible prediction is neutral.""}"
keto_492,4,"{""stance"":""neutral"",""reasoning"":""The target user never expresses an opinion about keto in the transcript. The only content is another user posting a meme that portrays keto positively (weight loss while eating steak) and dismisses criticism as 'too restrictive,' but there’s no evidence the target user agrees, disagrees, or is persuaded by it. With no explicit reaction or statements from the target user, the safest prediction is neutral.""}"
keto_494,3,"{""stance"":""neutral"",""reasoning"":""The target user never speaks in the provided transcript, so there’s no explicit opinion or reaction to keto to infer. With no evidence of their views or how the meme influenced them, the safest prediction is neutral.""}"
keto_495,9,"{""stance"":""neutral"",""reasoning"":""The target user does not speak in the transcript, so there’s no explicit opinion to infer. The only content is a meme that portrays keto positively, but without any reaction from the target user, there isn’t enough evidence to conclude the target user adopts a positive or negative stance after the conversation.""}"
keto_499,9,"{""stance"":""positive"",""reasoning"":""The target user challenges the claim that there isn’t enough long-term evidence by pointing to Atkins being around for 10+ years, implying skepticism toward warnings about keto’s long-term safety. In the surrounding context, other participants argue low-carb/keto works for weight loss and diabetes control and mock institutional resistance, which likely reinforces a favorable view. Nothing in the target user’s comments suggests disapproval; instead they appear inclined to defend or validate keto/low-carb.""}"
keto_500,9,"{""stance"":""negative"",""reasoning"":""The target user explicitly casts doubt on keto’s usefulness, saying that while some diets may help autoimmune disease, “probably not keto.” They also argue many conditions require medication/surgery and can’t be addressed primarily through lifestyle/diet. The meme promoting keto appears to be countered by the target user’s skepticism, so their stance after the exchange is likely negative.""}"
keto_501,9,"{""stance"":""neutral"",""reasoning"":""The target user never speaks in the provided transcript, so there’s no explicit opinion or reaction to others’ arguments. With no evidence of how the discussion influenced them, their post-conversation stance can’t be inferred as positive or negative, so neutral is the safest classification.""}"
