conv_id,response
keto_2,"{""stance"":""neutral"",""reasoning"":""The target user only corrects a definitional point (keto is low-carb vs carnivore is zero-carb) and uses an analogy to emphasize the distinction. They do not express approval or disapproval of keto’s health effects, sustainability, or desirability, nor do they indicate being persuaded by others’ critiques. With no clear evaluative language about keto itself, their post-conversation stance is best classified as neutral.""}"
keto_5,"{""stance"":""negative"",""reasoning"":""The target user repeatedly frames carnivore/Atkins-style low-carb eating as conspiratorial, dangerous, and rooted in flawed ideology, explicitly describing ketosis as an “artificial starvation state” and mocking pro-carnivore claims as propaganda/flat-earth-level misinformation. Since keto is closely associated with Atkins/ketosis and the user treats ketosis negatively, the conversation reinforces (rather than softens) a strongly negative stance toward keto.""}"
keto_6,"{""stance"":""neutral"",""reasoning"":""The target user doesn’t express approval or disapproval of keto; they mainly ask a clarifying question about carnivore (fiber). Their comment doesn’t indicate a change in attitude toward keto, and the reply about fiber being unnecessary is about carnivore rather than persuading them about keto specifically. With no clear endorsement or rejection, their post-conversation stance toward keto remains neutral.""}"
keto_7,"{""stance"":""neutral"",""reasoning"":""The target user doesn’t express approval or disapproval of keto; they only question a claim equating keto and carnivore and ask a practical/health-related question about fiber sources on carnivore. This indicates curiosity/skepticism about carnivore details rather than a clear stance shift on keto itself, and there’s not enough evidence that the conversation moved them toward or against keto.""}"
keto_9,"{""stance"":""positive"",""reasoning"":""The target user explicitly endorses keto based on personal experience, saying it feels “so good,” “much cleaner,” with “energy all the time.” Even after another user suggests the effect may come from cutting processed foods rather than keto specifically, the target user maintains a pro-keto framing and implies keto is distinct (contrasting zero meat vs primarily meat) rather than conceding the alternative explanation. Overall, the conversation doesn’t shift them away from keto; they remain favorable toward it.""}"
keto_10,"{""stance"":""neutral"",""reasoning"":""The target user expresses frustration with divisive nutrition advice and cites a negative experience with a plant-based diet (feeling worse, losing muscle), which may make them skeptical of strong dietary ideologies. However, they do not express any explicit support for keto, nor do they engage with or endorse the other user’s comparison of veganism vs keto. Given the lack of direct pro- or anti-keto statements and only general skepticism toward dietary claims, their post-conversation stance toward keto is best predicted as neutral.""}"
keto_11,"{""stance"":""neutral"",""reasoning"":""The target user discusses “whole foods” vs lightly processed foods and prefers whole grains over bread due to additives, but they never mention keto, low-carb, or ketogenic eating. Their comments focus on food processing rather than macronutrient restriction, so there’s insufficient evidence of a positive or negative stance toward keto after the conversation.""}"
keto_15,"{""stance"":""neutral"",""reasoning"":""The target user brings up keto mainly to question the claim that carnivore is a fad and to probe whether elite athletes advocate high-fat diets. Their comments are skeptical/teasing toward broad diet claims in general, but they don’t clearly endorse or reject keto’s health value. The exchange ends without the target user expressing a settled opinion, so there isn’t enough evidence of a positive or negative stance shift.""}"
keto_16,"{""stance"":""neutral"",""reasoning"":""The target user expresses skepticism about diet-related “propaganda” narratives and argues that meat/dairy/pharma already promote animal-based consumption, but they do not state approval or disapproval of keto itself. Their main goal is informational—explicitly saying they’re ‘literally looking for any athletes that are on keto and carnivore diet’—which suggests curiosity rather than endorsement or rejection. Nothing in their replies indicates they became more favorable or more opposed to keto after the exchange.""}"
keto_18,"{""stance"":""negative"",""reasoning"":""The target user explicitly rejects the idea that Tom Brady’s diet is keto, emphasizing it’s 80% plant-based and closer to Mediterranean/Asian patterns. They also state that limiting saturated fat and eating whole wheat is the opposite of keto, indicating a clear negative stance toward keto in this context.""}"
keto_19,"{""stance"":""negative"",""reasoning"":""The target user explicitly argues that Tom Brady’s diet is not keto and emphasizes that limiting saturated fat and eating whole wheat are “the opposite of keto.” Their comments are corrective and dismissive of labeling the diet as keto, indicating a negative stance toward keto in this context rather than openness or support.""}"
keto_20,"{""stance"":""negative"",""reasoning"":""The target user repeatedly argues against animal fats and meat-centered diets, framing saturated fat and cholesterol as harmful and linking animal fat intake to elevated LDL/triglycerides, diabetes, and heart disease. They explicitly contrast this with plant-based eating, claim 'unlike carnivore and keto' vegans don’t restrict nutrients, and characterize pro-meat/keto arguments as misinformation/propaganda. By the end, they give a mechanistic explanation meant to show why consuming animal fat is unhealthy and imply plant fats are superior, indicating a negative stance toward keto (a high-fat, often animal-fat-heavy diet).""}"
keto_22,"{""stance"":""neutral"",""reasoning"":""The target user never expresses a view on the keto diet’s merits, only that it is irrelevant to their argument about vegan disadvantages (“Keto being worse is irrelevant”). They do not endorse or criticize keto, and the conversation doesn’t provide enough evidence that their stance toward keto becomes positive or negative afterward.""}"
keto_24,"{""stance"":""negative"",""reasoning"":""The target user explicitly rejects carb demonization, argues carbs are essential for workout intensity/performance, and says lowering carbs (a core keto premise) isn’t “magical” for weight loss compared to calorie balance and that fat is easy to overeat. They only concede keto might help a small subset (e.g., epilepsy/type 1 diabetes contexts). Even after being challenged, they double down on pro-carb views, indicating an overall negative stance toward keto.""}"
keto_26,"{""stance"":""negative"",""reasoning"":""The target user explicitly argues that carbs are essential for explosive energy and performance, calls the demonization of carbs “ridiculous,” and says people should fuel exercise with healthy carbs as “non negotiable,” only allowing limited exceptions (e.g., type 1 diabetes or epilepsy with weak evidence). This indicates a clear negative stance toward keto as a general diet approach after the conversation.""}"
keto_27,"{""stance"":""negative"",""reasoning"":""The target user argues strongly against an all-meat/carnivore framing that overlaps with strict keto: they reject the idea humans evolved to eat only meat, emphasize consistent plant intake (leafy greens, seasonal fruit, nuts/seeds), and claim vitamin C can’t be obtained from animal sources and is necessary. Their tone is dismissive of meat-only claims and appeals to genetics as evidence for including plants, indicating skepticism toward very low-carb/carnivore-style keto rather than support. The other user’s rebuttal doesn’t show the target conceding, so their stance remains negative.""}"
keto_28,"{""stance"":""neutral"",""reasoning"":""The target user only asks a clarifying question about how keto might be used strategically (keto off-days, carbs on race day) and does not express approval or disapproval. While other users argue keto is inferior for performance, there’s no explicit indication the target user accepts or rejects that view, so their stance remains neutral.""}"
keto_30,"{""stance"":""neutral"",""reasoning"":""The target user never appears in the transcript and provides no statements or reactions about keto. While other users argue both for and against keto, there’s no evidence of how the target user was influenced or what their post-conversation opinion is, so the safest prediction is neutral.""}"
keto_31,"{""stance"":""negative"",""reasoning"":""The target user repeatedly argues that carbohydrates are essential for muscular fuel and athletic performance, framing keto as suitable only for “looking strong” rather than outperforming. They also describe low-carb/keto physiques as “soft” and less dense due to reduced glycogen, and emphasize immediate improvements upon eating carbs. Overall their comments are dismissive of keto for strength/performance, indicating a negative stance after the conversation.""}"
keto_32,"{""stance"":""negative"",""reasoning"":""The target user explicitly argues that carbs are necessary for high athletic performance, stating keto may help you “look strong” but you “won’t outperform someone fueled on carbs,” and contrasts keto with being functionally strong. The follow-up about an athlete on carnivore doesn’t show the target user changing their view, so their stance remains negative toward keto for performance.""}"
keto_33,"{""stance"":""neutral"",""reasoning"":""The target user never speaks in the transcript, so there’s no direct evidence of their opinion. While the other user argues against keto for athletic performance, we can’t reliably infer that the target user adopts that view from this snippet alone, so the safest prediction is neutral.""}"
keto_34,"{""stance"":""neutral"",""reasoning"":""The target user corrects misinformation by noting Jeff Browning’s current reported carb intake (75–200g/day) and that even when he ate keto it wasn’t carnivore. Their tone is factual and focused on definitions rather than endorsing or criticizing keto’s effectiveness, so there isn’t clear evidence of a positive or negative stance shift toward keto.""}"
keto_36,"{""stance"":""positive"",""reasoning"":""The target user strongly defends the ketogenic concept, argues that producing ketones means one is eating a ketogenic diet, criticizes others for misunderstanding terminology, and thanks another user for “using words correctly.” Their tone is emphatic and supportive of keto rather than skeptical or dismissive, indicating a positive stance after the conversation.""}"
keto_43,"{""stance"":""positive"",""reasoning"":""The target user explicitly defends keto compatibility with Mediterranean eating (\""Greens are keto\"" and traditional Mediterranean is \""at least low carb\"") and dismisses mainstream Mediterranean-diet messaging as \""fake\"" and profit-driven. The other user challenges this, but there’s no indication the target user concedes or changes view, so their stance remains pro-keto.""}"
keto_46,"{""stance"":""neutral"",""reasoning"":""The target user never speaks in the transcript, so there’s no explicit indication of their opinion on keto or any reaction to others’ arguments. Without evidence of their prior stance or how they were influenced by the exchange, the safest prediction is neutral.""}"
keto_48,"{""stance"":""negative"",""reasoning"":""The target user is skeptical of genetics-based arguments for diet and expresses concern about carnivore/keto communities redefining “great” blood work, specifically warning that LDL and inflammatory markers can be high and dismissed based on keto authors rather than mainstream cardiology standards. While they respond politely (“Glad to hear it’s working for you”), they do not endorse keto and maintain a critical view of its typical health claims, so their stance after the conversation is negative.""}"
keto_52,"{""stance"":""positive"",""reasoning"":""The target user strongly defends keto as “absolutely not a fad,” calls it a medical treatment, and describes keto (plus fasting/carnivore) as essential for managing their own metabolic and autoimmune issues—“the only things keeping me out of an early grave.” Their language is emphatically supportive and dismissive of criticism, indicating a clearly positive stance toward keto after the conversation.""}"
keto_54,"{""stance"":""negative"",""reasoning"":""The target user explicitly dismisses keto as an unnecessary “extreme diet,” saying it may cause quick weight loss but is often unhealthy, and advises against it in favor of a moderate calorie-controlled, low-fat/medium-carb approach. Nothing in the conversation counters or softens this view, so their stance remains negative after the discussion.""}"
keto_55,"{""stance"":""positive"",""reasoning"":""The target user explicitly says they started keto in April and \""really like it,\"" indicating a favorable view. The other user’s shift to intermittent fasting/OMAD doesn’t criticize keto, so there’s no strong counterargument presented that would likely change the target user’s positive stance.""}"
keto_56,"{""stance"":""neutral"",""reasoning"":""The target user does not appear in the provided transcript, so there is no direct evidence of their opinion about keto or any interaction that would likely shift their stance. With insufficient information about the target user’s views after the conversation, the most appropriate classification is neutral.""}"
keto_60,"{""stance"":""neutral"",""reasoning"":""The transcript contains only another user asking about keto and provides no statements or reactions from the target user. With no evidence of the target user's opinion or any interaction that could shift it, the stance cannot be inferred and is best classified as neutral.""}"
keto_64,"{""stance"":""positive"",""reasoning"":""The target user actively defends keto throughout the exchange, challenges the initial claim, explains keto as high-fat/moderate-protein, argues it can support libido/testosterone, and counters criticism with alternative studies and mechanistic reasoning. They maintain a pro-keto framing even after pushback from others, showing no shift toward skepticism.""}"
keto_65,"{""stance"":""positive"",""reasoning"":""The target user argues in favor of keto’s benefits, emphasizing reduced hunger, more stable blood sugar in ketosis, and framing high carb intake (200–300g/day) as harmful for carb-intolerant people. They defend keto against criticism rather than expressing doubts, indicating a positive stance after the conversation.""}"
keto_68,"{""stance"":""positive"",""reasoning"":""The target user defends keto against claims of lacking evidence, argues the absence of longevity research isn’t proof of harm, and cites perceived benefits (diabetes reversal, tumor reduction, neurological disorders). They also push back strongly on the idea that keto is “extreme and unnatural,” framing modern high-carb diets as the real unnatural option and appealing to evolutionary arguments. Overall their tone and arguments indicate a favorable view of keto after the exchange.""}"
keto_70,"{""stance"":""positive"",""reasoning"":""The target user defends keto against criticism, argues the other user misunderstands ketosis/keto-adaptation, and cites specific benefits (prediabetes/diabetes prevention, neurological issues, improved lipid profiles). Their dismissive response (“Okay troll”) further suggests they are strongly pro-keto rather than neutral or skeptical after the exchange.""}"
keto_71,"{""stance"":""positive"",""reasoning"":""The target user strongly defends keto throughout the exchange, asserting the brain operates fine on ketones, the body makes glucose as needed, and claiming many people have better focus/creativity when keto-adapted. They respond aggressively to criticism and dismiss the other user’s warnings rather than conceding any risk, indicating they remain pro-keto after the conversation.""}"
keto_73,"{""stance"":""neutral"",""reasoning"":""The target user never speaks in the transcript, so there’s no direct evidence of their opinion. While the discussion contains both supportive points (keto can work if done strictly; practical testing) and caution/critique (hard to maintain ketosis; concerns about urine strips vs blood tests), there’s not enough information to infer how the target user would be persuaded overall. With no explicit target-user reaction, the most defensible prediction is neutral.""}"
keto_78,"{""stance"":""neutral"",""reasoning"":""The target user is discussing adding content about glycemic index and addressing the “good carb vs bad carb” framing, but they do not express approval or disapproval of keto itself. Their comments focus on improving an explanation/critique around carbs and insulin response rather than endorsing or rejecting the keto diet, so there isn’t enough evidence of a clear positive or negative stance shift.""}"
keto_79,"{""stance"":""neutral"",""reasoning"":""The target user shows curiosity and mild enthusiasm about exogenous ketones (“Pretty cool trick”) and the idea of maintaining ketosis, but they haven’t tried them and don’t respond after being corrected. With no clear acceptance or rejection of keto itself, the most supported stance after the exchange is neutral.""}"
keto_81,"{""stance"":""positive"",""reasoning"":""The target user defends keto as generally acceptable for healthy people, only cautioning those with kidney/heart disease to consult a doctor and recommending follow-up lipid testing after 6 months. They do not express doubts about keto itself, and the vegan user's confrontational reply doesn’t show the target user changing their view, so their stance remains mildly positive/supportive.""}"
keto_83,"{""stance"":""positive"",""reasoning"":""The target user strongly defends the ketogenic diet, calling muscle loss a “common myth,” asserting keto is “extremely good at sparing muscle,” and stating athletes use it. They provide specific guidance (/r/ketogains, moderate protein) and recommend a performance-focused low-carb book, indicating confidence and endorsement rather than doubt. The other user’s pushback doesn’t appear to sway them; they remain firm and supportive of keto.""}"
keto_84,"{""stance"":""neutral"",""reasoning"":""The transcript contains no message from [TARGET USER], so there’s no direct evidence of their opinion or any change in it. The discussion presents a nuanced, partly supportive but cautionary view of keto (benefits if truly in ketosis, but strict and ‘annoying’ to maintain), which could push a reader either way; without the target user’s responses, the safest prediction is neutral.""}"
keto_86,"{""stance"":""neutral"",""reasoning"":""The target user did not speak in the provided transcript, so there is no explicit evidence of their attitude toward keto or any interaction showing they were persuaded one way or the other. With insufficient information about the target user’s views after the conversation, the safest prediction is neutral.""}"
keto_87,"{""stance"":""neutral"",""reasoning"":""The target user never speaks in the provided transcript, so there’s no direct evidence of their opinion. While the other user criticizes keto as unnecessary and prefers calorie/portion control, we can’t reliably infer the target user adopted that view. With insufficient evidence of the target user’s stance change, the best classification is neutral.""}"
keto_89,"{""stance"":""neutral"",""reasoning"":""The target user does not appear in the provided transcript and there is no explicit statement from them about keto. While another user discusses carb reloads within a keto program, there is no evidence of the target user’s reaction or persuasion, so their post-conversation stance cannot be inferred beyond neutral.""}"
keto_90,"{""stance"":""neutral"",""reasoning"":""The transcript contains only another user asking a question about micronutrients on keto and includes no message or reaction from the target user. With no evidence of the target user’s opinion or any change in attitude after the exchange, the stance cannot be inferred as positive or negative.""}"
keto_95,"{""stance"":""neutral"",""reasoning"":""The target user never speaks in the provided transcript, so there’s no explicit evidence of their opinion or any shift in attitude toward keto. With only another user expressing curiosity and concern about low carbs, we can’t reliably infer the target user’s stance, so it remains neutral.""}"
keto_97,"{""stance"":""neutral"",""reasoning"":""The target user did not provide any statements in the transcript, so there is no evidence of their attitude toward keto or any change in stance resulting from the conversation. The only message is a question from another user, which is insufficient to infer the target user’s post-conversation stance.""}"
keto_99,"{""stance"":""neutral"",""reasoning"":""The target user is not present in the provided transcript and there are no statements from them expressing approval or disapproval of keto, nor any interaction showing their reaction to others’ arguments. With no evidence of their post-conversation attitude, the safest prediction is neutral.""}"
keto_100,"{""stance"":""neutral"",""reasoning"":""The target user does not appear in the transcript and provides no direct statements about keto. Without any expressed opinion or reaction to others’ arguments, there’s insufficient evidence to infer a positive or negative stance change, so the most reliable prediction is neutral.""}"
keto_103,"{""stance"":""neutral"",""reasoning"":""The transcript contains only a question from another user about supplements/antidepressants affecting results, and includes no statements from the target user. With no evidence of the target user’s opinion or any expressed shift in attitude, the target user’s stance toward the keto diet cannot be inferred and is best classified as neutral.""}"
keto_105,"{""stance"":""neutral"",""reasoning"":""The transcript contains only a question from another user and no statements from the target user. There is no evidence of the target user’s beliefs, reactions, or any change in attitude toward keto, so their stance cannot be inferred beyond neutral.""}"
keto_106,"{""stance"":""neutral"",""reasoning"":""The target user is not present in the provided transcript and there are no statements from them expressing approval or disapproval of the keto diet, nor any interaction showing their stance being influenced. With insufficient evidence about the target user’s views after the conversation, the most appropriate classification is neutral.""}"
keto_107,"{""stance"":""neutral"",""reasoning"":""The target user does not appear in the provided transcript and makes no statements about keto. With no evidence of their views or how the conversation affected them, their stance cannot be inferred and is best classified as neutral.""}"
keto_108,"{""stance"":""neutral"",""reasoning"":""The target user is not present in the provided transcript, and no statements from the target user about keto appear. With no evidence of the target user’s views or how they were influenced by the exchange, their stance cannot be inferred and is best classified as neutral.""}"
keto_110,"{""stance"":""neutral"",""reasoning"":""The target user is not present in the transcript and no statements from them indicate any opinion or reaction to keto. With no evidence of their views changing after the conversation, the safest prediction is neutral.""}"
keto_111,"{""stance"":""neutral"",""reasoning"":""The transcript contains only another user warning against keto and providing a critical source; the target user never responds or expresses any opinion. With no evidence of the target user’s reaction or change in view, their post-conversation stance can’t be inferred beyond neutral.""}"
keto_112,"{""stance"":""neutral"",""reasoning"":""The target user does not appear in the provided transcript and expresses no opinion themselves. With no direct evidence of their attitude or any interaction that would clearly shift it, their stance toward keto after the conversation cannot be determined and is best classified as neutral.""}"
keto_113,"{""stance"":""neutral"",""reasoning"":""The target user never speaks in the provided transcript, so there’s no direct evidence of their opinion or any change in attitude. While the other user expresses a negative view of ketosis, we can’t reliably infer that the target user adopts that stance based solely on this message.""}"
keto_114,"{""stance"":""neutral"",""reasoning"":""There is no content from the target user and no substantive discussion about the keto diet—only a deleted message from another user. With no evidence of the target user’s opinions or any persuasive context, the safest prediction is a neutral stance.""}"
keto_115,"{""stance"":""neutral"",""reasoning"":""The target user presents keto as potentially workable for endurance via targeted carbs and then suggests CKD/carb cycling as an option, indicating openness rather than rejection. However, after the other user argues keto is largely pointless for distance runners and that small carb shots won’t prevent early ‘wall’ effects, the target user doesn’t push back further or reaffirm strong support. The conversation leaves them with a conditional, mixed view—keto might be adapted, but may not be ideal—so their stance is best classified as neutral.""}"
keto_117,"{""stance"":""neutral"",""reasoning"":""The target user responds with practical troubleshooting (water and salt/electrolytes) and assumes keto can work if done correctly, which is mildly supportive. However, they don’t explicitly endorse keto, share personal success, or argue strongly in its favor; they simply ask diagnostic questions. With limited evidence of a strong positive or negative attitude, the most reliable classification is neutral.""}"
keto_118,"{""stance"":""positive"",""reasoning"":""The target user speaks favorably about keto based on personal experience (“I’ve been keto since November”), offers practical resources (vegan keto subreddit, recipe sites), and defends keto’s metabolic rationale (ketones can fuel the brain). They also frame keto as helpful for satiety and easier calorie reduction, with only mild cautions about protein. The other user’s disinterest doesn’t appear to change the target user’s expressed support, so the stance remains positive.""}"
keto_119,"{""stance"":""neutral"",""reasoning"":""The transcript contains only an [OTHER USER] speaking positively about keto; the [TARGET USER] never appears or expresses any opinion. With no evidence of the target user’s views or how they reacted to the discussion, there isn’t enough information to infer a positive or negative stance change, so the most justified prediction is neutral.""}"
keto_120,"{""stance"":""neutral"",""reasoning"":""The target user’s stance can’t be inferred because they did not appear in the transcript or express any opinion about keto. The only message is a question from another user about whether partial keto works, which provides no evidence of the target user becoming positive or negative after the conversation.""}"
keto_122,"{""stance"":""neutral"",""reasoning"":""The target user did not appear in the provided transcript and made no statements about keto. While the other user describes positive experiences with a doctor-recommended keto-like diet for type-2 diabetes, there is no evidence of the target user’s reaction or change in attitude, so the safest prediction is neutral.""}"
keto_123,"{""stance"":""neutral"",""reasoning"":""The target user does not appear in the provided transcript, so there is no direct evidence of their opinion or any interaction that would shift their view. With insufficient information about the target user’s reactions or statements, the safest prediction is neutral.""}"
keto_124,"{""stance"":""neutral"",""reasoning"":""The target user is not present in the provided transcript, and there are no statements or reactions from them to infer their attitude or any change in attitude toward keto. With insufficient evidence about the target user’s views after the conversation, the best classification is neutral.""}"
keto_125,"{""stance"":""negative"",""reasoning"":""The target user challenges keto from the start (“reasons why NOT to do it”), then argues for veganism as “the healthiest diet,” adds moral/environmental objections to animal-based eating (often associated with keto), and implies confidence their biomarkers are better. Their tone is confrontational and dismissive of keto rather than curious or open, indicating a negative stance after the exchange.""}"
keto_126,"{""stance"":""negative"",""reasoning"":""The target user explicitly claims keto diets are \""killing you\"" and directs others to a site they believe supports that view. Their follow-up \""exactly\"" reinforces skepticism/criticism rather than softening it, indicating a strongly negative stance toward keto after the exchange.""}"
keto_127,"{""stance"":""negative"",""reasoning"":""The target user explicitly claims keto diets are \""killing you\"" and urges others to consult a site they believe supports that view. Their follow-up \""exactly\"" reinforces their critical stance rather than softening it, indicating they remain strongly opposed to keto after the exchange.""}"
keto_130,"{""stance"":""neutral"",""reasoning"":""The target user never speaks in the provided transcript, so there’s no explicit indication of their attitude toward keto or any reaction to the study claim. With no evidence of agreement, disagreement, or persuasion, the safest prediction is a neutral stance.""}"
keto_131,"{""stance"":""neutral"",""reasoning"":""The target user is not present in the provided transcript and there are no statements from them expressing an opinion or reaction to keto. With no evidence of their attitude or how the conversation influenced them, the stance cannot be determined beyond neutral.""}"
keto_132,"{""stance"":""neutral"",""reasoning"":""The target user did not express any opinion about keto—only asked where to find more information on foods and amounts. This indicates curiosity but not clear approval or disapproval, and there’s no additional conversation content that would shift their stance.""}"
keto_133,"{""stance"":""neutral"",""reasoning"":""The target user does not appear in the provided transcript and expresses no explicit opinion about keto. The only message shown is from another user raising concerns about keto for type 1 diabetes and hypoglycemia risk, but there’s no evidence of how the target user responds or is influenced. With insufficient information about the target user’s post-conversation view, the safest prediction is neutral.""}"
keto_134,"{""stance"":""neutral"",""reasoning"":""The target user does not appear in the provided transcript, so there are no explicit statements or reactions from them to infer a post-conversation attitude. Without evidence of their views or how the discussion influenced them, the safest prediction is neutral.""}"
keto_135,"{""stance"":""neutral"",""reasoning"":""The transcript contains no statements from the identified target user and provides no substantive discussion of the keto diet (only a deleted message from another user). With no evidence of the target user’s views or any persuasive context affecting them, their post-conversation stance cannot be inferred and is best classified as neutral.""}"
keto_136,"{""stance"":""neutral"",""reasoning"":""The target user never speaks in the provided transcript, so there is no direct evidence of their opinion or any change in attitude. While the other user expresses a negative view of keto, we cannot assume it influences the target user without any response from them.""}"
keto_137,"{""stance"":""positive"",""reasoning"":""The target user defends keto as a valid method, says it doesn’t feel like a sacrifice, reports positive personal effects (no carb cravings, improved palate), and pushes back against claims that it’s “extreme” by reframing it as individual-dependent. Nothing in the exchange appears to shift them away from this supportive view, so their stance remains positive after the conversation.""}"
keto_138,"{""stance"":""neutral"",""reasoning"":""The target user never speaks in the transcript, so there’s no direct evidence of their opinion on keto. The conversation presents both strong pro-keto claims (rapid fat loss, strength gains) and notable drawbacks/caveats (carb withdrawal, social inconvenience, alcohol interfering with ketosis). With no target-user reaction to these points, the most defensible prediction is that their stance remains neutral after the discussion.""}"
keto_139,"{""stance"":""positive"",""reasoning"":""The target user defends keto against criticism by suggesting the other person’s negative experience was due to electrolyte/nutrient deficiency rather than the diet itself, cites their own past issue that was resolved while staying on keto via supplementation, and does not express doubts about keto—indicating a favorable stance after the exchange.""}"
keto_141,"{""stance"":""positive"",""reasoning"":""The target user repeatedly defends keto as a valid, individualized approach, describes personal benefits (no cravings, improved palate, not feeling deprived), and challenges others’ claims that it’s “extreme,” arguing that removing bread is not difficult and can be nutritionally substituted. Nothing in the exchange suggests their view becomes more negative; they remain supportive of keto.""}"
keto_143,"{""stance"":""negative"",""reasoning"":""The target user explicitly argues that a ketogenic diet is not superior to a high-carb, plant-based diet for insulin control, disease resistance, and weight management, and supports this with multiple citations. They also push back against a pro-keto claim about fiber, asserting most people on keto get low fiber and contrasting keto fiber intake with very high-fiber (80–100g/day) plant-based diets. Nothing in the conversation suggests their view softens; they reinforce their anti-keto position.""}"
keto_145,"{""stance"":""negative"",""reasoning"":""The target user challenges core keto claims and expresses skepticism throughout: they cite studies arguing dairy/calcium don’t reduce body weight, explicitly say “carbohydrates cause diabetes” is “completely wrong,” and provide evidence suggesting high-carb/low-fat (including vegan) diets can maintain glycemic control and improve lipids. They also cite research implying ketogenic diets may induce hepatic insulin resistance. Nothing in the exchange indicates they were persuaded otherwise, so their post-conversation stance is negative toward keto.""}"
keto_146,"{""stance"":""negative"",""reasoning"":""The target user explicitly argues that a ketogenic diet is not better than a high-carb, high-fiber plant-based diet for insulin, disease resistance, and weight control, and supports this with multiple studies, including one suggesting keto can induce hepatic insulin resistance. The only reply from another user focuses on adherence, which doesn’t address the target user’s health-efficacy critique and is unlikely to shift their view. Overall, the target user’s stance after the exchange remains clearly negative toward keto.""}"
keto_147,"{""stance"":""negative"",""reasoning"":""The target user repeatedly warns against keto for people with testosterone concerns, cites studies to argue low-carb/keto can lower thyroid hormones, increase inflammation, and raise cortisol leading to reduced testosterone, and dismisses counter-evidence as not applicable. They end by criticizing “true believers” and calling universal keto recommendations “reckless and irresponsible,” indicating a firmly negative stance (at least regarding keto’s suitability broadly, and especially for older men/testosterone issues).""}"
keto_148,"{""stance"":""negative"",""reasoning"":""The target user repeatedly warns against keto/super low-carb for people with testosterone concerns, cites multiple studies to support harms (thyroid hormone reductions, inflammation, cortisol effects lowering testosterone), and dismisses anecdotal counterclaims. Their tone and argumentation indicate a firm, evidence-based skepticism rather than openness to being persuaded, so their post-conversation stance remains negative toward keto (at least for the at-risk group they emphasize).""}"
keto_151,"{""stance"":""negative"",""reasoning"":""The target user begins by warning that keto/super low-carb is likely a bad choice for people with testosterone concerns, and throughout the exchange they defend that warning with multiple cited studies and repeatedly accuse the other user of being a keto “true believer.” They do not concede any benefits or soften their position; instead they double down that carb restriction can worsen inflammation/cortisol and thereby suppress testosterone. The conversation ends with the target user disengaging rather than revising their view, indicating they remain opposed/critical of keto in this context.""}"
keto_153,"{""stance"":""neutral"",""reasoning"":""The target user never speaks in the transcript, so there’s no direct evidence of their attitude toward keto or any change in it. While other participants discuss keto’s strictness and potential performance drawbacks, we can’t infer the target user adopted those views. With insufficient information about the target user’s reaction, the stance is best classified as neutral.""}"
keto_155,"{""stance"":""neutral"",""reasoning"":""The target user never speaks in the provided transcript, so there’s no explicit opinion to update. The only content is from another user describing keto as effective but demanding and easy to do incorrectly (needing strict carb limits, high fat, avoiding cheat days). Without any reaction from the target user, we can’t infer they became more pro- or anti-keto; the safest prediction is neutral.""}"
keto_156,"{""stance"":""neutral"",""reasoning"":""The target user does not appear in the provided transcript, and there is no statement from them indicating approval or disapproval of keto. With no evidence of their opinion or how the conversation affected them, the most reliable prediction is neutral.""}"
keto_157,"{""stance"":""positive"",""reasoning"":""The target user strongly defends keto, calling it close to a wild diet and directly rebutting claims that it’s dangerous. Their tone is argumentative and confident in favor of keto, indicating a positive stance after the conversation despite pushback from others.""}"
keto_158,"{""stance"":""neutral"",""reasoning"":""The target user is new to keto and engages with practical details (electrolytes, magnesium supplementation), indicating openness to trying it, but they also express significant concern about potassium safety and don’t voice clear approval or disapproval of keto overall. The conversation reassures them somewhat, yet there’s no explicit shift to enthusiasm or rejection, so their post-conversation stance is best classified as neutral.""}"
keto_161,"{""stance"":""neutral"",""reasoning"":""The target user dismisses fruit as not helping her goals due to obesity and insulin resistance, implying openness to low-carb approaches like keto, but she does not explicitly endorse ketosis and the other user argues keto is no better than calorie counting. With no clear acceptance or rejection of keto after the exchange, her stance remains neutral.""}"
keto_163,"{""stance"":""negative"",""reasoning"":""The target user repeatedly criticizes keto as \""awful\"" and \""extreme,\"" specifically objecting to the prohibition of bread and arguing that a balanced diet and exercise are sufficient. They defend bread as normal and not a cause of obesity, and they do not show any softening in response to others’ counterarguments—if anything, the exchange reinforces their opposition. Therefore their post-conversation stance toward keto is negative.""}"
keto_164,"{""stance"":""negative"",""reasoning"":""The target user explicitly says “Keto sounds awful” and frames it as unnecessary compared with a balanced diet and exercise. Nothing in their later context shows them softening that view; the other user’s counterpoint about moderation being hard for some people may add nuance, but there’s no indication the target user changes their opinion. بنابراین their stance remains negative after the conversation.""}"
keto_166,"{""stance"":""negative"",""reasoning"":""The target user explicitly criticizes keto as \""awful\"" and overly sacrificial, arguing instead for a balanced diet in moderation plus exercise. The other user’s defense of keto doesn’t show any sign of changing the target user’s view, so their stance remains negative after the conversation.""}"
keto_167,"{""stance"":""negative"",""reasoning"":""The target user explicitly criticizes keto as \""awful\"" and requiring too many sacrifices, advocating instead for a balanced diet in moderation plus exercise. The other participants reinforce this anti-fad-diet framing, which would likely further solidify the target user’s negative stance after the conversation.""}"
keto_168,"{""stance"":""neutral"",""reasoning"":""The target user initially defends keto (arguing fiber is a key rule of keto) and dismisses the fiber critique, suggesting fiber intake is self-regulated by satiety. However, they don’t provide evidence beyond that, and the other user challenges whether keto eaters actually reach high fiber intakes given fat’s caloric density. The target user doesn’t respond further or show clear persuasion either way, so the most supported prediction is that they remain neither clearly pro- nor anti-keto after the exchange.""}"
keto_169,"{""stance"":""neutral"",""reasoning"":""The target user never speaks in the transcript, so there’s no direct evidence of their opinion on keto or any change in attitude. While other users argue that keto offers no fat-loss advantage at equal calories and that health markers can be fine on high carbs, we can’t reliably infer how the target user is influenced. With insufficient evidence, the safest prediction is neutral.""}"
keto_170,"{""stance"":""negative"",""reasoning"":""The target user pushes back on a pro-keto framing, corrects the other person by emphasizing that true ketosis requires very low glucose and that protein is substantially glucogenic, implying the other user likely wasn’t actually in ketosis. This skepticism and focus on questioning whether keto/ketosis is being achieved suggests a negative stance toward keto rather than endorsement or neutrality.""}"
keto_173,"{""stance"":""positive"",""reasoning"":""The target user strongly endorses keto based on personal results (significant weight loss, increased lifts, lower body fat) and explicitly urges others to try it, describing it as fun and effective. Even after being challenged for pseudoscience about ketones and insomnia, there’s no indication the target user retracts or softens their overall endorsement—at most, one claim is disputed—so their stance remains positive.""}"
keto_175,"{""stance"":""positive"",""reasoning"":""The target user strongly endorses keto based on personal experience: reports significant weight loss, lower body fat, increased max lifts, and additional perceived benefits (fun, effective, mental challenge, sleeping less). They explicitly recommend others to try it and frame the outcome enthusiastically, with no indication the follow-up question would reduce their support.""}"
keto_176,"{""stance"":""positive"",""reasoning"":""The target user strongly endorses keto, calling it “fun, effective,” urging others to “Try Keto,” and citing substantial weight loss, improved lifts, and lower body fat as benefits. Nothing in the conversation challenges or changes their view, so their stance remains positive after the exchange.""}"
keto_179,"{""stance"":""positive"",""reasoning"":""The target user already expresses strong enthusiasm for keto (“Replace bread with bacon? I'm in.”) and reports a successful outcome (10 lbs lost in a month). The rest of the conversation reinforces keto with additional success stories and practical substitutions for carb-heavy favorites, which would likely further strengthen—not weaken—the target user’s favorable view.""}"
keto_180,"{""stance"":""positive"",""reasoning"":""The target user reports successful results on keto (lost 10 lbs of unwanted belly fat), expresses enthusiasm (“Replace bread with bacon? I’m in.”), and states an intention to continue (“I’m staying on keto or perhaps a keto lite”). Although other users question the fat-loss specifics and note the user is already skinny, the target user does not express doubt or negativity; instead they plan to adjust calories/protein while remaining on keto.""}"
keto_181,"{""stance"":""positive"",""reasoning"":""The target user reports a successful month on keto with a desired 10 lb loss and expresses enthusiasm (“Replace bread with bacon? I'm in.”). They also state they plan to stay on keto or a “keto lite” version going forward, indicating continued approval despite mild pushback from another user about fat-loss distribution.""}"
keto_182,"{""stance"":""negative"",""reasoning"":""The target user repeatedly argues that keto is “extreme and unnatural,” lacks evidence for long-term health/longevity, and raises concern about unknown heart-disease effects. They only concede possible short-term/medical-use cases (seizures, diabetes, obesity) but maintain it should not be recommended as a healthy long-term diet. The other user’s counterarguments do not shift their view; the target user doubles down on risk/insufficient-evidence concerns.""}"
keto_183,"{""stance"":""neutral"",""reasoning"":""The target user pushes back against a pro‑keto framing by emphasizing that complex carbs (legumes/whole grains) differ from processed western-diet carbs, suggesting skepticism toward blanket carb restriction. However, they don’t explicitly reject keto or endorse it, and they don’t respond to the later anti-keto comment, so there isn’t enough evidence that they end up firmly positive or negative after the exchange.""}"
keto_185,"{""stance"":""neutral"",""reasoning"":""The target user responds by suggesting the other person learn more about keto and cholesterol and request a more detailed VAP test, implying openness to keto and that standard LDL numbers may not tell the full story. However, they don’t explicitly endorse keto as safe/effective or reject it; they mainly recommend further reading and better testing. With limited evidence of a strong opinion shift, their stance remains neutral.""}"
keto_187,"{""stance"":""neutral"",""reasoning"":""The target user does not express any opinion about keto being good or bad; they ask an informational question about whether ketosis would hinder bulking/weight gain. With no follow-up showing persuasion or a value judgment, their stance remains neutral.""}"
keto_189,"{""stance"":""neutral"",""reasoning"":""The target user did not appear in the provided transcript and expressed no opinion about keto. The only message is another user asking for a comparison between keto and Atkins, which contains no stance cues from the target user, so there isn’t enough evidence to infer a positive or negative attitude.""}"
keto_191,"{""stance"":""neutral"",""reasoning"":""The target user views keto as effective when done strictly (they report “pretty good results” and acknowledge specific benefits in ketosis), but emphasizes it’s hard to do correctly, requires “annoying” carb restriction, high fat intake, and high dedication, and notes that half-measures don’t work. They currently choose low-carb maintenance rather than strict keto, suggesting respect for keto’s potential but reluctance to endorse it broadly or continue it long-term.""}"
keto_194,"{""stance"":""neutral"",""reasoning"":""The target user expresses respect for keto’s benefits and reports personal success with strict keto, but emphasizes that true ketosis requires strict, “annoying” carb restriction and high dedication, warning that many people won’t actually reach ketosis and thus won’t get the full benefits. They currently follow low-carb rather than strict keto in maintenance. Overall they view keto as effective when done correctly but not necessarily desirable or practical long-term for most, yielding a balanced/qualified stance rather than clearly positive or negative.""}"
keto_198,"{""stance"":""neutral"",""reasoning"":""The transcript contains only an [OTHER USER] expressing a negative view of ketosis, and there are no statements or reactions from the [TARGET USER]. With no evidence of the target user’s prior opinion or any change after the conversation, their stance toward the keto diet cannot be inferred and is best classified as neutral.""}"
keto_199,"{""stance"":""neutral"",""reasoning"":""The target user engages in a technical discussion about protein intake and muscle retention, without expressing a clear pro- or anti-keto opinion. They acknowledge a general fitness point (more protein can help preserve muscle in a deficit) and do not endorse or reject keto; the last comment about protein potentially affecting ketosis comes from another user, and there’s no indication the target user adopts that view or changes stance. Overall, their attitude remains informational and noncommittal.""}"
keto_200,"{""stance"":""neutral"",""reasoning"":""The target user never speaks in the transcript, so there’s no direct evidence of their opinion or any expressed change in attitude. Although other users describe strong weight-loss success and reduced hunger on keto (which could be persuasive), we can’t reliably infer the target user adopted a positive or negative stance from this alone. With insufficient evidence, the best prediction is neutral.""}"
keto_201,"{""stance"":""positive"",""reasoning"":""The target user reports strong personal benefits from keto after 9 weeks: maintained weight while losing unwanted belly fat, feeling stronger, elimination of migraines and menstrual cramps, and improved social anxiety. They explicitly say they “recommend it whole heartedly,” describe enjoying keto foods, and downplay keto flu as manageable. Overall their comments indicate an enthusiastic, positive stance toward keto after the conversation.""}"
keto_202,"{""stance"":""neutral"",""reasoning"":""The target user never speaks in the transcript, so there’s no explicit opinion to anchor their stance. The discussion presents a mixed view: keto can work and had “pretty good results,” but it’s also described as difficult to sustain, easy to do incorrectly (not actually reaching ketosis), and potentially worse for athletic performance. With no evidence of the target user endorsing or rejecting keto after hearing these points, the most defensible prediction is a neutral stance.""}"
keto_204,"{""stance"":""neutral"",""reasoning"":""The target user never speaks in the transcript, so there’s no explicit stance to update. The conversation contains mostly negative/critical points about keto (fatigue, mood issues, weight regain, sustainability concerns), which could push someone negative, but without any response from the target user there isn’t enough evidence to conclude their stance changes beyond neutral.""}"
keto_205,"{""stance"":""neutral"",""reasoning"":""The target user suggests adding information about the glycemic index and critiques the simplistic “good carb/bad carb” framing, but they do not express approval or disapproval of keto itself. Their comment is about improving an explanation, not endorsing or rejecting the diet, so there isn’t enough evidence of a positive or negative stance change.""}"
keto_206,"{""stance"":""neutral"",""reasoning"":""The target user did not appear in the provided transcript, so there is no direct evidence of their opinion or any change in stance. Without any statements or reactions from the target user, their post-conversation stance toward keto cannot be inferred beyond neutral.""}"
keto_216,"{""stance"":""negative"",""reasoning"":""The target user reports that while keto caused weight loss, it made them grumpy and tired and they regained the weight after stopping. They explicitly prefer a non-keto low-carb approach with more fruits/vegetables and say they feel much better and are now at a lower weight than on keto. Their follow-up reinforces moving away from keto (whole wheat crust, veggies, moderation). The other user’s defense of keto doesn’t appear to change the target user’s view.""}"
keto_217,"{""stance"":""negative"",""reasoning"":""The target user describes keto as causing persistent grumpiness and fatigue, followed by regaining all the lost weight after stopping. They explicitly contrast this with their current non-keto low-carb approach (more fruits/vegetables) that makes them feel better and has led to their lowest weight in years. Although another user suggests electrolyte deficiency as an explanation, the target user’s stated experience and current preference indicate an overall negative stance toward keto after the conversation.""}"
keto_218,"{""stance"":""negative"",""reasoning"":""The target user describes keto as producing weight loss but with significant downsides (grumpy, tired), followed by regaining all the weight after stopping. They explicitly contrast this with their current non-keto low-carb diet, which makes them feel better and has led to an even lower weight than on keto. The other user’s congratulatory reply doesn’t appear to change the target user’s already unfavorable view of keto.""}"
keto_219,"{""stance"":""negative"",""reasoning"":""The target user reports that while keto led to weight loss, it made them feel grumpy and tired, and they regained the weight after stopping. They explicitly prefer a non-keto low-carb diet with more fruits/vegetables, feel much better on it, and are now at a lower weight than when on keto. This indicates an overall negative stance toward keto after the conversation.""}"
keto_220,"{""stance"":""negative"",""reasoning"":""The target user explicitly agrees with the critique that early keto weight loss is just water weight (\""^ This.\""), aligning with a skeptical view. Given the follow-up context emphasizing minimal long-term advantage over a calorie deficit and feeling bad on keto, the overall conversation reinforces that skepticism, making the target user's likely stance negative after the exchange.""}"
keto_221,"{""stance"":""neutral"",""reasoning"":""The target user expresses concern about keto’s sustainability and potential weight regain when reintroducing carbs, indicating skepticism and uncertainty rather than endorsement. They don’t commit to trying keto or reject it outright, and the brief reply from another user doesn’t clearly shift their view. Overall, their stance remains questioning/undecided.""}"
keto_222,"{""stance"":""neutral"",""reasoning"":""The transcript contains no statements or context from the target user about keto (or any discussion at all beyond a deleted other-user message). With no evidence of the target user’s views or any persuasive exchange that could shift them, the safest prediction is a neutral stance.""}"
keto_223,"{""stance"":""neutral"",""reasoning"":""The target user never speaks in the transcript, so there’s no direct evidence of their attitude toward keto. While the conversation presents both supportive points (diabetes reversal, potential tumor/neurological benefits) and cautionary points (lack of long-term longevity evidence, concerns about being extreme/unnatural), we can’t reliably infer which side the target user accepts. With insufficient evidence of the target user’s post-conversation view, the most justified prediction is neutral.""}"
keto_224,"{""stance"":""neutral"",""reasoning"":""The transcript contains only another user's claim about a study and includes no statements or reactions from the target user. With no evidence of the target user’s opinion or how they were influenced, the safest prediction is that their stance remains neutral.""}"
keto_226,"{""stance"":""neutral"",""reasoning"":""The transcript contains only another user arguing that intermittent fasting is better than keto. The target user does not respond or express any opinion, so there isn’t enough evidence to infer the target user’s stance toward keto after the conversation.""}"
keto_227,"{""stance"":""neutral"",""reasoning"":""The target user did not appear in the provided transcript and made no statements about keto. With no evidence of their opinion or any interaction that could shift it, their post-conversation stance cannot be inferred and is best classified as neutral.""}"
keto_230,"{""stance"":""neutral"",""reasoning"":""The target user engages by asking technical questions and challenging the reliability of urine ketone strips for confirming nutritional ketosis, showing skepticism about measurement methods rather than endorsing or rejecting keto itself. They don’t express a clear preference for or against the diet’s benefits or safety, and the conversation stays focused on diagnostics, so there isn’t enough evidence of a shift to a positive or negative stance toward keto overall.""}"
keto_231,"{""stance"":""neutral"",""reasoning"":""The target user never speaks in the transcript, so there’s no explicit opinion to anchor their stance. The conversation presents mixed points (protein may hinder ketosis vs. higher protein may better preserve muscle in a deficit), without a clear persuasive conclusion about keto overall. With no evidence of the target user adopting a favorable or unfavorable view after reading this, the safest prediction is neutral.""}"
keto_232,"{""stance"":""neutral"",""reasoning"":""The target user never speaks in the transcript, so there’s no direct evidence of their opinion. The discussion presents keto as potentially effective but demanding (strict carb limits, high fat, dedication) and includes some technical disagreement about ketone testing reliability. With no explicit target-user reaction or engagement to indicate persuasion either way, the safest prediction is that their stance remains neutral after the conversation.""}"
keto_234,"{""stance"":""neutral"",""reasoning"":""The target user never speaks in the provided transcript, so there’s no direct evidence of their opinion or any shift in attitude. Without any explicit reaction from the target user to the question or to others’ arguments (none are shown), the safest prediction is a neutral stance.""}"
keto_236,"{""stance"":""neutral"",""reasoning"":""The target user never speaks in the transcript, so there’s no direct evidence of their attitude toward keto or any reaction to the other user’s critique/praise. Without any expressed agreement, disagreement, or behavioral intent, the safest prediction is neutral.""}"
keto_239,"{""stance"":""positive"",""reasoning"":""The target user actively supports keto by offering practical substitutions (zucchini noodles, cauliflower mash) and an additional tip about keto-friendly Alfredo sauce. Their tone is helpful and assumes staying on keto is desirable, indicating a favorable stance rather than hesitation or criticism.""}"
keto_240,"{""stance"":""positive"",""reasoning"":""The target user actively supports keto by offering practical substitutions (zucchini noodles, cauliflower mash) to help someone stay keto while replacing pasta and potatoes, and adds an encouraging note about enjoying Alfredo sauce if it’s sugar-free. This indicates a favorable, solution-oriented attitude toward maintaining a keto diet after the conversation.""}"
keto_243,"{""stance"":""neutral"",""reasoning"":""The target user emphasizes that the best diet is one you can sustain and that individual needs vary; they explicitly say they personally feel optimal with ~40% of calories from carbs, implying keto (very low carb) isn’t a good fit for them. However, they also acknowledge that lower-carb approaches work great for some people and don’t express hostility toward keto. The later comments don’t show the target user being persuaded either way, so their stance remains generally neutral (with a personal preference against keto).""}"
keto_245,"{""stance"":""neutral"",""reasoning"":""The target user is curious and considering keto but expresses safety concerns about type 1 diabetes and asks for recommendations rather than endorsing or rejecting it. The only reply redirects them to look up others’ experiences, which doesn’t clearly push them toward or away from keto. Overall, their stance remains exploratory/undecided.""}"
keto_250,"{""stance"":""neutral"",""reasoning"":""The target user does not appear in the transcript and provides no explicit opinion. While the other user cites a study suggesting keto offers no fat-loss advantage over high-carb diets at equal calorie deficits, there’s no evidence of the target user’s reaction or acceptance of that claim, so their post-conversation stance can’t be inferred beyond neutral.""}"
keto_251,"{""stance"":""positive"",""reasoning"":""The target user defends keto’s “selling points,” endorsing the idea that swapping bread for higher-fat foods can work if energy intake is controlled, and argues keto/paleo can be done “right” with fresher foods and less overall eating. They also push back against criticism of bacon by reframing it as potentially ‘fresh’ when responsibly sourced, indicating an overall supportive attitude toward keto after the exchange.""}"
keto_252,"{""stance"":""positive"",""reasoning"":""The target user gives practical keto advice (electrolytes, UK-specific foods like Bovril), explains macros/ketosis, suggests carb limits, and recommends keto subreddits. They also mention having done keto themselves for weight loss without expressing criticism, indicating an overall supportive/positive stance after the conversation.""}"
keto_254,"{""stance"":""neutral"",""reasoning"":""The target user expresses skepticism about keto’s typical low-protein macro guidance, calling it questionable for preserving muscle mass and citing research suggesting higher protein needs. However, they do not reject keto overall, and the reply they receive partially addresses their concern (maintenance vs bulking) without clear evidence that it changes their view. Overall their stance remains mixed/undetermined rather than clearly positive or negative.""}"
keto_255,"{""stance"":""neutral"",""reasoning"":""The target user never speaks in the transcript, so there’s no explicit evidence of their opinion about keto. While the conversation contains some practical keto-transition advice and a concern about potassium safety, we can’t infer how the target user personally reacts to it. With insufficient evidence of endorsement or rejection, the most supported prediction is neutral.""}"
keto_257,"{""stance"":""neutral"",""reasoning"":""The transcript contains only a compliment and a question about the target user's diet, with no statements from the target user and no mention of keto or reactions to it. There isn’t enough evidence to infer the target user's attitude toward the keto diet after this exchange.""}"
keto_260,"{""stance"":""positive"",""reasoning"":""The target user defends keto’s appetite-reducing effect and specifically argues that many ketogenic diet studies involve relatively high protein intake, providing a table and pushing back against the criticism that keto isn’t high-protein. They do not concede that keto lacks scientific basis; instead they continue to justify a mechanism (satiety) consistent with keto supporting reduced intake. Overall their comments indicate a favorable view of keto’s effectiveness, so their stance after the exchange remains positive.""}"
keto_261,"{""stance"":""positive"",""reasoning"":""The target user consistently defends keto-related literature and their own keto evidence compilation against accusations of “bro-science,” emphasizes that they cite the broader keto research, and argues in detail about methodological flaws in a criticized keto study (DXA manipulation via carb reintroduction) rather than conceding keto is ineffective or harmful. Even while criticizing a specific study design, their overall posture is pro-keto and protective of keto evidence, with no statements indicating a shift away from keto after the exchange.""}"
keto_264,"{""stance"":""neutral"",""reasoning"":""The target user never speaks in the provided transcript, so there’s no explicit indication of their opinion. The only content is another user discussing carb limits for staying in ketosis, which doesn’t provide enough evidence to infer the target user’s attitude toward keto or any change in stance.""}"
keto_265,"{""stance"":""negative"",""reasoning"":""The target user repeatedly dismisses the importance of verifying ketosis (e.g., blood ketone testing), argues that most people on keto aren’t truly in ketosis, and frames rigorous keto as a “hypothetical concept” not achieved in reality. They defend studies that don’t confirm ketosis as more “realistic,” implying skepticism about keto as a meaningful, well-defined or reliably followed diet. Overall, their comments indicate a critical, dismissive attitude toward keto rather than support or neutrality.""}"
keto_266,"{""stance"":""positive"",""reasoning"":""The target user defends keto research that doesn’t measure blood ketones, arguing it still reflects “real world results” because typical keto dieters don’t measure ketones either. They push back strongly against claims that such studies are discredited and frame keto as a practical, reality-based approach. This indicates an overall favorable/defensive stance toward keto after the exchange.""}"
keto_267,"{""stance"":""neutral"",""reasoning"":""The target user defends the validity of keto diet studies even without blood ketone measurement, arguing results still reflect how keto is practiced by average people. This shows they are not anti-keto and are willing to push back against methodological criticism, but they also don’t express clear enthusiasm or endorsement of keto’s benefits—only that the missing ketone data doesn’t invalidate results. Overall this indicates a neutral (slightly defensive) stance rather than clearly positive or negative.""}"
keto_272,"{""stance"":""positive"",""reasoning"":""The target user consistently defends keto as a viable, varied diet (even without meat), argues that boredom/limited choices reflect lack of creativity, and challenges others’ reasons for quitting. They emphasize physical benefits and suggest resources like ketogains to support lifting on keto. Overall their comments are pro-keto and the conversation does not appear to reduce their support.""}"
keto_273,"{""stance"":""neutral"",""reasoning"":""The target user never speaks in the provided transcript, so there’s no direct evidence of their opinion or any reaction to the comment about carb limits. With insufficient information to infer a shift toward or against keto, the safest prediction is neutral.""}"
keto_274,"{""stance"":""negative"",""reasoning"":""The target user explicitly criticizes keto as “so hard” with “so many rules,” expresses concern about arterial/heart health (“I fear for those peoples arteries”), and frames keto as a short-term “trick” rather than a genuinely healthy approach. They contrast it with a whole-food plant-based diet they find more satiating and energizing, indicating a clear unfavorable stance toward keto after the conversation.""}"
keto_275,"{""stance"":""neutral"",""reasoning"":""The target user doesn’t express support for keto’s benefits or criticize it as unhealthy/ineffective; they mainly push back on the claim that you “can’t really overeat on fat” by joking about how easy it is to overeat cheese/salami. Their tone is playful and food-focused rather than evaluative of keto itself, so there isn’t enough evidence they end up pro- or anti-keto after the exchange.""}"
keto_277,"{""stance"":""positive"",""reasoning"":""The target user explicitly reports doing “WAY better on keto,” with “far more energy on than off,” and notes having lifted both on and off keto with better results on it. Although another user challenges keto’s impact on lifting performance, the target user’s stated experience is clearly favorable and there’s no indication they were persuaded to change their view, so their post-conversation stance remains positive.""}"
keto_278,"{""stance"":""neutral"",""reasoning"":""The target user only makes a factual/critical observation about nuts having significant carbs and does not express approval or disapproval of keto itself. They don’t indicate they will try keto, that it works/doesn’t work, or that they were persuaded by others’ arguments. Given the limited evidence and no clear shift in attitude after the exchange, their post-conversation stance is best predicted as neutral.""}"
keto_279,"{""stance"":""positive"",""reasoning"":""The target user describes keto as transformative for understanding nutrition, reducing cravings for sugar/processed foods, and improving health and lifestyle. They acknowledge it may not be optimal for maximizing strength/size but still argue it’s worthwhile (especially for cutting) and report personal benefits, indicating an overall favorable stance after the conversation.""}"
keto_281,"{""stance"":""neutral"",""reasoning"":""The target user does not appear in the provided transcript, so there is no direct evidence of their opinion or any change in attitude toward keto. With insufficient information about what they said or how they reacted, the most reliable prediction is neutral.""}"
keto_282,"{""stance"":""positive"",""reasoning"":""The target user describes keto as transformative for understanding nutrition, reducing cravings for sugar/processed foods, and improving health and lifestyle. They acknowledge limitations (not optimal for strength/size; maybe benefits aren’t purely macro-based) but still conclude it’s worth doing, especially for cutting. The other user’s comment reinforces a plausible mechanism without contradicting them, so the overall stance remains positive after the conversation.""}"
keto_285,"{""stance"":""negative"",""reasoning"":""The target user dismisses the pro-keto framing (“wtf are you on about”), emphasizes keto’s restrictions as a “massive burden” (no chocolate/garlic bread), and argues keto offers no unique advantage over CICO since you can eat bacon on any calorie-controlled diet. They frame the other user’s keto point as off-topic and meaningless, suggesting skepticism rather than openness. Nothing in the exchange indicates the target user is persuaded toward keto; if anything, their pushback and focus on downsides implies a negative stance after the conversation.""}"
keto_287,"{""stance"":""neutral"",""reasoning"":""The transcript contains only an [OTHER USER] expressing a negative view of keto; the [TARGET USER] never speaks. With no explicit statements or reactions from the target user, there isn’t enough evidence to infer their post-conversation stance beyond neutral, even though the surrounding context is anti-keto.""}"
keto_288,"{""stance"":""neutral"",""reasoning"":""The target user never speaks in the transcript, so there’s no direct evidence of their opinion. While the other user strongly defends keto and criticizes the studies, we can’t reliably infer that the target user adopts that view. With insufficient evidence of the target user’s stance or change in stance, the best prediction is neutral.""}"
keto_289,"{""stance"":""positive"",""reasoning"":""The target user expresses strong personal success with keto (“lost 36lbs on keto so far”) and endorses its core premise (“The carbs are the killer”). When challenged about overeating fat and calories, they double down, arguing calories don’t matter on keto because the body won’t store it as fat. This indicates a confident, pro-keto stance rather than neutrality or skepticism, and nothing in the conversation appears to reduce that enthusiasm.""}"
keto_290,"{""stance"":""positive"",""reasoning"":""The target user reports strong personal success on keto (lost 36 lbs, could eat meat/cheese freely) and explicitly blames carbs as the problem. Even after being challenged about calories and thermodynamics, they double down on keto-specific mechanisms (reduced absorption/storage in ketosis) rather than reconsidering. Their defensive tone and continued assertions indicate they remain strongly favorable toward keto after the exchange.""}"
keto_291,"{""stance"":""negative"",""reasoning"":""The target user explicitly rejects keto (“No, just no”), calls ketogenic diets “bullshit,” and argues the perceived benefits come from cutting processed foods/sugar and possibly adding exercise rather than ketosis itself. Nothing in the conversation indicates they softened or changed this view afterward, so their stance remains negative.""}"
keto_292,"{""stance"":""negative"",""reasoning"":""The target user explicitly rejects keto (“No, just no”), calls ketogenic diets “bullshit,” and argues the perceived benefits come from cutting processed foods/sugar and possibly exercising rather than ketosis itself. Nothing in the conversation suggests their view softens, so their stance remains negative.""}"
keto_293,"{""stance"":""negative"",""reasoning"":""The target user explicitly argues that a low-GI, high-carb, high-fiber diet is “infinitely more effective than a keto diet,” and adds that long-term keto leads to nutrient deficiencies and poor mineral absorption. Their comments are strongly critical of keto’s effectiveness and healthfulness, indicating a negative stance after the conversation.""}"
keto_295,"{""stance"":""neutral"",""reasoning"":""The target user never speaks in the transcript, so there’s no direct evidence of their opinion or any shift in attitude. While the conversation contains both criticism of keto and a mild defense (satiety), we can’t reliably infer how the target user would be influenced. With insufficient evidence, the most appropriate prediction is neutral.""}"
keto_296,"{""stance"":""neutral"",""reasoning"":""The target user only expresses personal confusion and a negative experience with appetite suppression on keto, but also frames it as possibly a mental battle rather than concluding keto is bad overall. With no further back-and-forth showing persuasion or a firm opinion, there isn’t enough evidence of a clear positive or negative stance change beyond uncertainty, so neutral fits best.""}"
keto_298,"{""stance"":""positive"",""reasoning"":""The target user explicitly endorses keto based on extensive personal experience (“on and off for the last 5 years”), stating they “always had more energy and felt great on keto” after the initial keto flu. They also defend keto against common mistakes (low-carb/low-fat) and question others’ negative experiences as potentially due to doing it incorrectly. Even after another user reports feeling bad for months, there’s no indication the target user changes their view, so their post-conversation stance remains positive.""}"
keto_299,"{""stance"":""neutral"",""reasoning"":""The target user never speaks in the transcript, so there’s no direct evidence of their opinion. The conversation presents mixed views: one side frames keto as a useful tool for satiety and calorie reduction (somewhat positive), while another criticizes misinformation within the community (somewhat negative). With no indication of which argument the target user accepts or how persuaded they are, the safest prediction is a neutral stance after the conversation.""}"
keto_300,"{""stance"":""neutral"",""reasoning"":""The target user never speaks in the transcript, so there’s no explicit evidence of their opinion or any change in it. While the other user presents keto positively (easier adherence, fewer cravings, less inflammation), we can’t reliably infer the target user adopted that view from the provided conversation alone.""}"
keto_301,"{""stance"":""neutral"",""reasoning"":""The target user never speaks in the transcript, so there’s no direct evidence of their opinion changing. The conversation presents mixed points: some argue keto reduces appetite via protein/fat satiety, others cite studies suggesting carbs can be more satiating and that fat may promote passive overconsumption, plus anecdotes that keto foods don’t fill everyone up. With no explicit target-user reaction, the safest prediction is neutral.""}"
keto_302,"{""stance"":""neutral"",""reasoning"":""The target user explicitly says they have nothing against keto and even use it when cutting, indicating some acceptance of keto as a practical tool. However, they strongly criticize parts of the keto community for promoting incorrect, “magic” carb/insulin claims, and they emphasize that those claims are wrong. Overall they’re neither broadly pro- nor anti-keto after the exchange—supportive of keto’s use but skeptical of exaggerated rhetoric—so the stance is best classified as neutral.""}"
keto_303,"{""stance"":""negative"",""reasoning"":""The target user criticizes a “sizable chunk” of the keto community for believing weight loss is “100% about the carbs,” calls that belief “completely wrong,” and mocks common keto talking points about insulin and eating unlimited amounts. They show frustration and dismissiveness toward keto-related claims, and nothing in the conversation indicates their view becomes more favorable afterward.""}"
keto_307,"{""stance"":""neutral"",""reasoning"":""The target user never speaks in the transcript, so there’s no direct evidence of their attitude toward keto. While the conversation overall is critical of keto (cholesterol concerns, heart disease risk claims) and could nudge someone negative, we can’t reliably infer that the target user adopted that view. With insufficient evidence of the target user’s post-conversation stance, the best prediction is neutral.""}"
keto_311,"{""stance"":""negative"",""reasoning"":""The target user explicitly criticizes keto, dismisses keto proponents as rationalizing, claims LDL is uniformly bad, and argues keto’s saturated fat/salt increases heart disease risk while recommending a low-fat, plant-forward diet instead. Nothing in the conversation indicates they were persuaded by the Virta study reply, so their stance remains negative after the exchange.""}"
keto_318,"{""stance"":""negative"",""reasoning"":""The target user explicitly rejects keto/low-carb-high-fat as “nonsense” and “junk science,” argues weight loss is purely calorie-driven, and claims high-fat diets damage health. After being challenged with anecdotes, they double down by citing an official diabetes organization position statement, dismissing personal results in favor of studies, warning that trying keto may lead to health damage, and reiterating that calories—not carbs—are what matter. Nothing in the exchange suggests softening; the conversation reinforces a negative stance.""}"
keto_320,"{""stance"":""positive"",""reasoning"":""The target user explicitly states they are “really fond of Keto,” argues it improves lipid panels, and provides an extensive pro-keto explanation emphasizing appetite control, fat burning, and metabolic benefits. When challenged about kidney failure and athletic performance, they defend keto by distinguishing ketosis from ketoacidosis and cite strong personal athletic results on keto. Overall, they remain strongly supportive after the conversation.""}"
keto_321,"{""stance"":""positive"",""reasoning"":""The target user repeatedly endorses keto, explicitly saying they’re “really fond of Keto,” describing it as effective for lowering lipid panels and appetite control, and providing an extended pro-keto explanation meant to persuade others. Although another participant criticizes keto and later offers a partial apology with specific objections, there’s no indication the target user is persuaded or moderates their views afterward. Given their strong initial advocacy and lack of expressed doubt, their stance remains positive after the conversation.""}"
keto_323,"{""stance"":""positive"",""reasoning"":""The target user repeatedly endorses keto, explicitly saying they’re “really fond of Keto,” emphasizing its benefits (appetite suppression, energy, fat burning, improved lipid panels), and downplaying common criticisms (weak link between high fat and heart disease). They provide a long, enthusiastic explanation aimed at persuading others to try it, framing ketosis as “the beauty” of the diet and encouraging others to experience it. Nothing in the conversation suggests their view becomes more skeptical; if anything, their advocacy reinforces a positive stance.""}"
keto_325,"{""stance"":""positive"",""reasoning"":""The target user expresses strong support for keto throughout the conversation: they say they’re “really fond of Keto,” argue it lowers lipid panels, describe ketosis as “the beauty” of the diet and “euphoric,” and provide an extensive, persuasive explanation aimed at encouraging others to try it. They acknowledge downsides (cheating, appetite control off-keto, muscle wasting) but frame them as manageable and not unique to keto, reinforcing an overall favorable stance.""}"
keto_326,"{""stance"":""positive"",""reasoning"":""The target user expresses strong support for keto throughout the conversation: they say they’re “really fond of Keto,” argue it lowers lipid panels, describe ketosis as “the beauty” of the diet, and give an enthusiastic, detailed crash course advocating low-carb eating and emphasizing benefits like appetite suppression and energy. The other user’s minor correction about what counts as “natural” doesn’t challenge keto’s effectiveness and wouldn’t likely reduce the target user’s favorable view.""}"
keto_327,"{""stance"":""positive"",""reasoning"":""The target user expresses strong support for keto throughout the conversation: they say they’re “really fond of Keto,” argue it works and improves lipid panels, and provide an enthusiastic, detailed explanation portraying ketosis as beneficial (appetite suppression, energy, fat loss). They acknowledge risks (cheating, muscle wasting) but frame them as manageable with proper protein intake and adherence. Nothing in the exchange suggests their view becomes more skeptical; if anything, their extended advocacy reinforces a positive stance.""}"
keto_328,"{""stance"":""positive"",""reasoning"":""The target user explicitly endorses keto (“I’m really fond of Keto”), argues it is healthy (weak link between high fat and heart disease), and emphasizes benefits like appetite suppression, energy, fat burning, and improved lipid panels. They provide an extensive pro-keto explanation and guidance, framing drawbacks as manageable (don’t cheat, eat enough protein) rather than reasons to avoid it. Nothing in the conversation suggests they become more skeptical afterward, so their stance remains strongly positive.""}"
keto_329,"{""stance"":""positive"",""reasoning"":""The target user is strongly pro-keto throughout the conversation: they explicitly say they’re “really fond of Keto,” argue it works and can improve lipid panels, downplay the high-fat/heart-disease link, and provide an enthusiastic, persuasive explanation of ketosis with claimed benefits (appetite suppression, energy, weight loss). They acknowledge some risks (muscle wasting, problems when cheating) but frame them as manageable and not unique to keto. Nothing in the exchange suggests they became less favorable afterward, so their stance remains positive.""}"
keto_330,"{""stance"":""positive"",""reasoning"":""The target user expresses strong approval of keto throughout the exchange: they say they’re “really fond of Keto,” argue it’s healthy when done properly, downplay the fat/heart disease link, describe ketosis as “the beauty” and “euphoric,” and actively encourage others to try it. The later warning from another user doesn’t elicit any shown change in the target user’s view, so their post-conversation stance remains clearly positive.""}"
keto_331,"{""stance"":""positive"",""reasoning"":""The target user explicitly states they are “really fond of Keto,” argues it’s safe/healthy when done correctly, downplays the high-fat/heart-disease link, and provides an extensive pro-keto explanation emphasizing benefits like appetite suppression, energy, fat loss, and improved lipid panels. Nothing in the conversation challenges or changes their view, so their post-conversation stance remains strongly positive.""}"
keto_334,"{""stance"":""positive"",""reasoning"":""The target user is explicitly very pro-keto (“I’m really fond of Keto”) and argues it’s healthy, effective for appetite control and improving lipid panels, while downplaying heart-disease concerns. They acknowledge risks (cheating, muscle wasting) but frame them as manageable with protein intake and adherence. Nothing in the exchange indicates their view shifts in response to the exercise/carb-cycling critique; their overall stance remains strongly favorable toward keto.""}"
keto_335,"{""stance"":""positive"",""reasoning"":""The target user expresses strong support for keto throughout the conversation: they state they are “really fond of Keto,” argue it improves lipid panels, emphasize its appetite-suppressing and energy benefits, and provide a detailed, persuasive explanation encouraging others to try it. They acknowledge risks (cheating, muscle wasting) but frame them as manageable and not unique, reinforcing an overall favorable stance.""}"
keto_336,"{""stance"":""positive"",""reasoning"":""The target user expresses strong approval of keto throughout: they say they’re “really fond of Keto,” argue it’s healthy and can improve lipid panels, and provide an extensive, enthusiastic explanation of its mechanisms and benefits (appetite suppression, energy, fat loss). They downplay common concerns (heart disease link is “weak”), frame keto as evolutionarily appropriate, and encourage others to try it. Nothing in the conversation suggests their stance becomes more negative; if anything, their detailed advocacy reinforces a positive stance.""}"
keto_337,"{""stance"":""positive"",""reasoning"":""The target user is explicitly pro-keto throughout the conversation: they say they’re “really fond of Keto,” argue it works and can improve lipid panels, and provide an extended, enthusiastic explanation of ketosis and its benefits (appetite suppression, energy, fat loss) while framing dangers as manageable (don’t cheat, eat enough protein). The opposing commenter argues for low-fat plant-based diets and claims saturated fat is inflammatory, but the target user’s prior strong confidence and advocacy suggest their stance remains positive after the exchange rather than shifting.""}"
keto_340,"{""stance"":""positive"",""reasoning"":""The target user explicitly endorses keto (“I’m really fond of Keto”), argues it can be healthy (hormone response to carbs, healthy low-carb foods), downplays heart disease concerns (“only a weak link”), and cites observed benefits (lowered lipid panels). They acknowledge risks but frame them as manageable with proper approach (protein intake, appetite control). Nothing in the conversation pushes them toward doubt; if anything, it reinforces their pro-keto stance.""}"
keto_343,"{""stance"":""positive"",""reasoning"":""The target user expresses skepticism about some popular keto mechanistic claims and frames weight loss as primarily calorie-driven, but they clearly endorse low-carb/keto as an effective and beneficial approach for managing Type II diabetes. They state they follow it for that reason, report major personal improvements (50 lbs lost, A1C reduced from >11 to 6.2, lower post-meal glucose, reduced medication), and describe immediately returning to low-carb after a scare. Overall, despite criticizing ‘magical’ explanations, their post-conversation stance toward keto/low-carb is favorable due to strong personal success and continued adherence.""}"
keto_344,"{""stance"":""positive"",""reasoning"":""The target user is skeptical of some mechanistic claims about keto (calling them not mainstream and attributing weight loss mainly to reduced calories), but they explicitly endorse low-carb/keto as an excellent approach for Type II diabetes and say they personally follow it with highly beneficial results (50 lbs lost and A1C reduced from >11 to 6.2). Despite reservations about the science narrative, their lived success and continued adherence indicate an overall positive stance toward keto after the conversation.""}"
keto_345,"{""stance"":""positive"",""reasoning"":""The target user is skeptical of some keto claims and frames weight loss as primarily calorie reduction rather than unique metabolic effects, but they explicitly say low-carb/keto is an excellent adaptation for Type II diabetes and that they personally follow it. They report strong personal benefits (50 lb loss, A1C drop from >11 to 6.2) and no exercise change, indicating an overall favorable stance toward keto despite disagreement with some of its proposed mechanisms.""}"
keto_346,"{""stance"":""positive"",""reasoning"":""The target user expresses skepticism about some keto mechanistic claims and frames its weight-loss effects as primarily due to reduced caloric intake rather than “magical” carb metabolism. However, they explicitly say low-carb/keto is an excellent adaptation for Type II diabetes, that they personally follow it for that reason, and that it has been highly beneficial (50 lbs lost, A1C improved from >11 to 6.2). Despite disagreeing with some rationale, their overall attitude toward keto after the conversation is favorable because they endorse and credit it with meaningful health improvements.""}"
keto_347,"{""stance"":""positive"",""reasoning"":""The target user is skeptical of some keto claims and frames its effectiveness mainly as calorie reduction rather than unique metabolic effects, but they explicitly endorse low-carb/keto as an excellent adaptation for Type II diabetes and say they personally follow it with highly beneficial results (50 lbs lost, A1C improved from >11 to 6.2). Overall, despite scientific reservations, their post-conversation stance toward keto is favorable.""}"
keto_348,"{""stance"":""positive"",""reasoning"":""The target user expresses skepticism about some claimed mechanisms of keto (calling it not mainstream science and attributing results mainly to reduced caloric intake), but they explicitly endorse low-carb/keto as an excellent adaptation for Type II diabetes and say they personally follow it with highly beneficial results (50 lbs lost, A1C improved dramatically). The subsequent reply challenges their calorie-only framing, but nothing indicates the target user is persuaded away from keto; if anything, the conversation reinforces keto as effective in practice for them even if they dispute the “magical” explanations. Overall their post-conversation stance toward keto is favorable, though mechanistically skeptical.""}"
keto_349,"{""stance"":""positive"",""reasoning"":""The target user is personally following a low-carb/keto diet for Type II diabetes management and reports strong benefits (50 lbs lost in 6 months and A1C down from >11 to 6.2) without increased exercise. Although they reject some mechanistic claims and attribute much of the weight loss to reduced caloric intake rather than ‘magical’ carb effects, they explicitly call low-carb/keto an ‘excellent adaptation’ for diabetes and describe their experience as ‘highly beneficial.’ The reply from another user challenges a detail (carbs vs processed carb+fat), but nothing suggests it would overturn the target user’s already favorable, experience-based view. Overall stance after the conversation remains positive.""}"
keto_350,"{""stance"":""positive"",""reasoning"":""The target user is skeptical of some mechanistic claims about keto (calling it not mainstream science and attributing results mainly to calorie reduction), but they explicitly endorse low-carb/keto as an excellent adaptation for Type II diabetes and say they personally follow it with highly beneficial outcomes (50 lbs lost, A1C down from >11 to 6.2). Despite reservations about the theory, their lived success and continued adherence indicate an overall positive stance toward keto after the conversation.""}"
keto_351,"{""stance"":""positive"",""reasoning"":""The target user expresses skepticism about some popular/mechanistic claims around keto (calling it not mainstream science and attributing weight loss mainly to reduced caloric intake), but they explicitly say they follow low-carb/keto for Type II diabetes and that it has been “highly beneficial” with major personal results (50 lbs lost and A1C greatly improved). That indicates an overall favorable stance toward keto after the conversation, even if their rationale differs from other proponents.""}"
keto_352,"{""stance"":""positive"",""reasoning"":""The target user is skeptical of some keto claims and frames weight loss as mainly calorie reduction rather than “magical” metabolic effects, but they explicitly say low-carb/keto is an excellent adaptation for Type II diabetes, that it’s what they personally follow, and that it has been highly beneficial (50 lbs lost, A1C improved dramatically). Overall their post reflects a favorable stance toward keto as a practical, effective approach (especially for blood sugar control), despite disagreeing with some of the stronger pro-keto explanations.""}"
keto_354,"{""stance"":""positive"",""reasoning"":""The target user is skeptical of some popular keto claims and frames weight loss as primarily calorie-driven rather than “magical” metabolic effects. However, they explicitly endorse low-carb/keto as an excellent approach for managing Type II diabetes and state they personally follow it with highly beneficial results (50 lbs lost, A1C reduced from >11 to 6.2). Overall, despite scientific reservations, their lived experience and continued adherence indicate a positive stance toward keto after the conversation.""}"
keto_355,"{""stance"":""positive"",""reasoning"":""The target user is skeptical of some common keto claims and frames the mechanism as mainly reduced caloric intake rather than “magical” metabolic effects. However, they explicitly say low-carb/keto is an excellent adaptation for Type II diabetes, that they personally follow it for that reason, and that it has been highly beneficial (50 lbs lost in 6 months and A1C improved from >11 to 6.2). Given this endorsement and continued personal use despite scientific reservations, their overall stance after the conversation is positive.""}"
keto_356,"{""stance"":""positive"",""reasoning"":""The target user is skeptical of some pro-keto mechanistic claims and frames keto’s weight-loss effect as primarily calorie reduction rather than “magical” carb effects. However, they explicitly say low-carb/keto is an excellent adaptation for Type II diabetes, that they personally follow it for that reason, and that it has been highly beneficial with major weight loss and a large A1C improvement. The final reply from another user suggests switching to plant-based, but there’s no indication the target user accepts that or becomes more negative toward keto. Overall their stance remains favorable toward keto (especially for diabetes management), despite scientific reservations about certain explanations.""}"
keto_357,"{""stance"":""positive"",""reasoning"":""The target user expresses skepticism about some mechanistic claims and says keto isn’t “definitive” or “magical,” but they explicitly state they follow low-carb/keto for Type II diabetes management, call it an “excellent adaptation,” and report strong personal benefits (50 lbs lost, A1C reduced from >11 to 6.2) while not increasing exercise. Overall they view keto favorably in practice (especially for blood sugar/diabetes), even if they attribute weight loss mainly to reduced calories.""}"
keto_358,"{""stance"":""positive"",""reasoning"":""The target user is skeptical of some keto claims and frames its weight-loss effects as mainly caloric reduction rather than unique metabolic “magic.” However, they explicitly say low-carb/keto is an excellent adaptation for Type II diabetes, that they personally follow it for that reason, and that it has been highly beneficial (50 lbs lost, A1C improved dramatically). Overall, despite scientific reservations, their lived experience and continued adherence indicate a positive stance toward keto after the conversation.""}"
keto_359,"{""stance"":""positive"",""reasoning"":""The target user is already practicing a low-carb/keto approach for Type II diabetes and reports strong personal benefits (50 lbs lost, A1C reduced from >11 to 6.2) while not changing exercise. Although they’re skeptical of mechanistic claims and attribute weight loss mainly to reduced calories (so they reject “magical” keto explanations), they still endorse keto as an effective and beneficial strategy for blood sugar control and their own results. The follow-up study link may slightly reinforce that macronutrient composition matters, but even without it their stated experience and continued use indicate an overall positive stance after the conversation.""}"
keto_360,"{""stance"":""positive"",""reasoning"":""The target user is skeptical of some mechanistic claims about keto (calling it not mainstream science and attributing results mainly to reduced calorie intake), but they explicitly state they follow low-carb/keto for Type II diabetes and describe it as “highly beneficial,” citing substantial weight loss and improved A1C. Overall, despite doubts about the proposed biology, their personal experience and continued adherence indicate a positive stance toward keto after the conversation.""}"
keto_361,"{""stance"":""positive"",""reasoning"":""The target user is personally following a low-carb/keto approach for Type II diabetes management and reports strong benefits (50 lb loss, A1C drop from >11 to 6.2) while not changing exercise. Although they’re skeptical of some mechanistic claims and attribute most weight loss to reduced calories rather than “magic” metabolic effects, they still explicitly call low-carb/keto an “excellent adaptation” for diabetes and describe it as “highly beneficial” to them. The hostile reply from another user is unlikely to convert them against keto; if anything, their stance remains supportive based on lived results, albeit with a more evidence-cautious framing.""}"
keto_363,"{""stance"":""positive"",""reasoning"":""The target user explicitly says they follow low-carb/keto for Type II diabetes management and that it has been “highly beneficial,” citing major weight loss (50 lbs) and a large A1C improvement (over 11 down to 6.2). Although they are skeptical of some claimed mechanisms and attribute results mainly to reduced calorie intake rather than ‘magic’ carb effects, their overall attitude toward keto as a practical, effective approach—at least for blood sugar control and weight loss in their case—is favorable. The later aggressive pro-keto reply from another user is unlikely to change their mechanistic skepticism, but it doesn’t negate their already positive personal experience.""}"
keto_366,"{""stance"":""positive"",""reasoning"":""The target user defends keto and explains why it works, emphasizing appetite suppression, improved fat-burning via insulin regulation, and benefits for people with metabolic syndrome who struggle on low-fat/high-carb diets. They frame keto as effective (though not magical) and as addressing underlying metabolic issues, indicating a clearly favorable stance after the conversation.""}"
keto_367,"{""stance"":""positive"",""reasoning"":""The target user defends keto and describes multiple benefits: hunger suppression making calorie restriction easier, improved fat-burning especially for people with metabolic syndrome/insulin issues, and mitigation of blood sugar/insulin problems linked to obesity and type 2 diabetes. They call it “genius” for helping people who fail on standard low-fat/high-carb diets, while still acknowledging it’s not magic and requires work. Overall tone and content are strongly favorable toward keto.""}"
keto_368,"{""stance"":""positive"",""reasoning"":""The target user expresses clear support for keto, calling it “the great thing about keto” due to hunger suppression and stating it helps people with metabolic syndrome lose weight when standard low-fat/high-carb calorie restriction fails. They describe keto as a “genius” approach that overcomes insulin-related metabolic barriers and mitigates blood sugar/insulin problems. Overall their comments endorse keto’s effectiveness while acknowledging it still requires effort, indicating a positive stance.""}"
keto_369,"{""stance"":""positive"",""reasoning"":""The target user’s comment is sarcastic and expresses frustration with “idiotic” questioning in the thread and annoyance that /r/keto got extra attention via /r/bestof, implying they’re defending the keto community from bad-faith or uninformed criticism. There’s no indication they became skeptical of keto; instead their tone aligns with being pro-keto and irritated at detractors.""}"
keto_370,"{""stance"":""neutral"",""reasoning"":""The target user never speaks in the provided transcript, so there’s no explicit opinion to infer. The only message is a joke from another user about avoiding keto at work, which doesn’t provide enough evidence to determine the target user’s attitude or any shift in stance.""}"
keto_371,"{""stance"":""positive"",""reasoning"":""The target user explicitly defends keto as effective and even “genius” for appetite suppression and for helping people with metabolic syndrome overcome insulin-related barriers to fat loss. They argue keto strengthens fat-burning and mitigates blood sugar/insulin problems, and they speak from professional/scientific authority. Although the conversation becomes hostile around the calories-in/calories-out debate, none of that pushes the target user away from keto; if anything, they double down on their scientific framing and continue supporting keto’s usefulness.""}"
keto_373,"{""stance"":""positive"",""reasoning"":""The target user provides specific keto macro guidance (20g carbs goal, max 50g) and explains how exceeding it can knock someone out of ketosis, indicating they understand and endorse the diet’s framework rather than criticizing it. Their contribution is practical and supportive in context of others promoting keto, with no expressed concerns or opposition, so their stance after the conversation is best predicted as positive.""}"
keto_374,"{""stance"":""positive"",""reasoning"":""The target user explicitly endorses keto as “a really good diet overall,” cites having read about positive side effects beyond weight loss, and highlights appealing benefits like eating fatty foods without hunger or guilt due to simple rules. Nothing in the conversation appears to reduce their enthusiasm; if anything, the preceding pro-keto explanations support their favorable view.""}"
keto_376,"{""stance"":""neutral"",""reasoning"":""The target user never appears in the transcript and provides no explicit opinion or reaction to the pro-keto explanations. Since there’s no evidence of their beliefs or how the discussion affected them, the safest prediction is a neutral stance toward keto after the conversation.""}"
keto_377,"{""stance"":""neutral"",""reasoning"":""The target user never speaks in the transcript, so there’s no direct evidence of their opinion. While several other users express strong pro-keto views and report success, we can’t reliably infer that the target user adopts that stance from reading alone. With insufficient evidence of the target user’s reaction or change in attitude, the best prediction is neutral.""}"
keto_379,"{""stance"":""neutral"",""reasoning"":""The target user never speaks in the transcript, so there’s no direct evidence of their prior or updated attitude toward keto. While the conversation contains strong pro-keto advocacy and explanations (which could sway someone positive), without any response from the target user indicating agreement, skepticism, or intent to try it, the safest prediction is that their stance remains undetermined/neutral.""}"
keto_380,"{""stance"":""neutral"",""reasoning"":""The transcript contains only messages from other users; the target user never speaks, so there’s no direct evidence of their opinion. The discussion presents both pro-keto claims (biochem explanation, appetite suppression, lipid improvements) and skeptical counterpoints (weight loss largely from reduced calories, lack of definitive proof, link disputing claims). With no indication of how the target user reacted, the safest prediction is a neutral stance.""}"
keto_381,"{""stance"":""positive"",""reasoning"":""The target user repeatedly defends core keto/low-carb claims (carbs are non-essential, zero-carb can be healthy long-term, fruit can be metabolically similar to candy for many modern fruits, gluconeogenesis covers glucose needs). They also explicitly reject criticisms that keto/high-fat causes diabetes or increases heart disease risk, calling those claims “100% incorrect” and “baseless,” and they cite examples (Inuit) plus a pro–low-carb book. Their tone becomes more confident and dismissive of anti-keto arguments by the end, indicating a firmly positive stance toward keto after the exchange.""}"
keto_382,"{""stance"":""neutral"",""reasoning"":""The target user never speaks in the transcript, so there’s no direct evidence of their prior beliefs or any expressed change. While other participants strongly advocate for keto and provide persuasive explanations and resources, we can’t reliably infer that the target user adopted a positive or negative view from this alone. With insufficient evidence of the target user’s reaction, the most defensible prediction is neutral.""}"
keto_383,"{""stance"":""neutral"",""reasoning"":""The target user never appears in the transcript (no messages labeled [TARGET USER]), so there’s no direct evidence of their beliefs or any change in attitude after the conversation. Without the target user’s contributions or reactions, the safest prediction is neutral.""}"
keto_385,"{""stance"":""neutral"",""reasoning"":""The target user never expresses a personal opinion about keto being good or bad for them; they ask technical, health-related questions (hypoglycemia/diabetes suitability and how to gain weight on keto) and note preliminary research suggesting it may be good for hypoglycemia. This indicates curiosity and openness but not a clearly positive endorsement or negative rejection, so their post-conversation stance is best classified as neutral.""}"
keto_386,"{""stance"":""neutral"",""reasoning"":""The target user never appears in the transcript (no message labeled [TARGET USER]), so there’s no direct evidence of their prior view or how the discussion affected them. While the conversation contains strong pro-keto arguments and explanations from others, we can’t reliably infer the target user adopted them without any response or engagement from the target user. Therefore the safest prediction is neutral.""}"
keto_387,"{""stance"":""neutral"",""reasoning"":""The target user never expresses a personal opinion about keto, interest in trying it, or agreement/disagreement with the pro-keto explanations. Their only contribution is a factual/curiosity question about why keto may be less effective on repeated attempts, which signals inquiry rather than endorsement or rejection. With no clear evaluative language or stated intention, the most supported stance after the conversation is neutral.""}"
keto_388,"{""stance"":""neutral"",""reasoning"":""The target user never speaks in the transcript, so there’s no explicit evidence of their opinion before or after. While the conversation contains strong pro-keto advocacy and one cautionary remark about brain function, we can’t reliably infer how the target user reacts to these arguments. With insufficient evidence of the target user’s attitude shift, the best prediction is neutral.""}"
keto_391,"{""stance"":""neutral"",""reasoning"":""The target user never appears in the transcript or expresses any opinion, question, or reaction. Since there’s no evidence of their prior stance or how the discussion affected them, there isn’t enough information to infer a shift toward liking or disliking keto. The appropriate prediction is neutral due to insufficient target-user signal.""}"
keto_393,"{""stance"":""neutral"",""reasoning"":""The target user does not appear in the provided transcript and makes no statements about keto. While the other user expresses a very positive personal outcome on keto, there is no evidence of the target user’s reaction or that their stance changed as a result of the conversation, so the safest prediction is neutral.""}"
keto_394,"{""stance"":""neutral"",""reasoning"":""The target user did not speak in the provided transcript, so there is no explicit evidence of their attitude toward keto or any reaction to the other user’s negative comment. With insufficient information to infer a shift, the safest prediction is neutral.""}"
keto_395,"{""stance"":""positive"",""reasoning"":""The target user responds favorably to the pro-keto explanation (“Good stuff”) and then strongly defends a very low-sugar/low-grain, whole-foods approach they believe aligns with keto (via Whole30). They argue against the idea that cutting grains/dairy is a fad, cite personal benefits (20 lbs lost, better energy/sleep, stronger in the gym, improved digestion), and push back on criticisms with counterarguments. Although they admit they’re not fully sure what keto is and frame it as ‘check it out,’ their tone and self-reported success indicate an overall supportive, positive stance toward keto-like dieting after the conversation.""}"
keto_396,"{""stance"":""neutral"",""reasoning"":""The target user only asks for more information and admits they previously assumed keto was a fad, but they don’t express approval or disapproval after the discussion. Their curiosity suggests openness, yet there’s no explicit endorsement or rejection, so the safest prediction is neutral.""}"
keto_397,"{""stance"":""positive"",""reasoning"":""The target user strongly defends ketosis as the brain’s “best and most natural fuel,” cites historical survival arguments and the long clinical use of ketogenic diets for epilepsy, links to a pro-keto medical source (Peter Attia), and asserts benefits of ketones over glucose (calling glucose potentially damaging and non-essential). Throughout the exchange they argue confidently in favor of keto despite pushback, indicating a clearly positive stance after the conversation.""}"
keto_399,"{""stance"":""positive"",""reasoning"":""The target user explicitly reports better results on keto than on calorie restriction: a 500–1000 calorie deficit for over two weeks led to 0 lbs lost, while 30 days of keto with a similar deficit led to a 15 lb loss. They defend the accuracy of their tracking and push back against the strict ‘calorie deficit always equals weight loss’ claim by citing thyroid issues, implying they believe keto can have advantages beyond simple calorie counting. This indicates a favorable view of keto after the conversation, even amid disagreement from others.""}"
keto_400,"{""stance"":""positive"",""reasoning"":""The target user repeatedly encourages keto, downplays the difficulty (“It’s really not as bad as it sounds”), provides guidance/resources (ketogains), and argues that carbs can be addictive—framing keto as beneficial and sustainable. Nothing in the conversation suggests they become more skeptical; if anything, they reinforce keto principles (carb limits tied to activity) and continue advocating adherence.""}"
keto_401,"{""stance"":""positive"",""reasoning"":""The target user speaks favorably about keto based on personal experience: they did keto for ~5 months, reached their target weight, and describe keto as making appetite control easier due to reduced insulin fluctuations. They explicitly call it a “handy tool” for people who struggle with willpower and explain why it works (lower hunger, less desire to overeat). While they acknowledge calorie control is the core and that different approaches can work, their overall evaluation of keto is supportive rather than critical or indifferent.""}"
keto_405,"{""stance"":""neutral"",""reasoning"":""The target user never speaks in the transcript, so there’s no direct evidence of their prior beliefs or any explicit shift after hearing pro- and anti-keto arguments. The conversation presents strong, conflicting claims (a detailed pro-keto explanation and a forceful anti-keto critique, followed by partial concession and a study link), which could leave an undecided reader without a clear directional change. With insufficient evidence about the target user’s reaction, the most defensible prediction is neutral.""}"
keto_406,"{""stance"":""neutral"",""reasoning"":""The target user never speaks in the transcript, so there’s no direct evidence of their opinion or any change in attitude. While other participants present mostly pro-keto arguments with some cautions (especially for diabetics), we can’t reliably infer how the target user would be influenced. With insufficient evidence about the target user’s reaction, the safest prediction is neutral.""}"
keto_407,"{""stance"":""neutral"",""reasoning"":""The target user focuses on a technical dispute about whether muscle counts as 'long-term energy storage' and challenges others’ claims with keto-adaptation details and requests for credible sources. They do not express approval or disapproval of the keto diet itself (no statements about keto being good/bad, effective/ineffective, or personally desirable), and their skepticism is directed at others’ biological framing rather than keto as a diet. With no clear evaluative stance toward keto emerging from the exchange, the most supported prediction is neutral.""}"
keto_408,"{""stance"":""neutral"",""reasoning"":""The target user frames keto as one potentially effective tool among others, emphasizing that the real key is a sustainable calorie deficit without constant hunger. They neither endorse keto as uniquely beneficial nor criticize it; they say keto is “fine” if it helps reduce intake without hunger, and that other diets are equally good if they achieve the same outcome.""}"
keto_410,"{""stance"":""neutral"",""reasoning"":""The target user frames keto as one potentially useful tool for reducing calories by lowering hunger, but explicitly says any diet that achieves a calorie deficit without constant hunger is equally fine. They neither endorse keto as superior nor criticize it; they take a pragmatic, diet-agnostic view, implying a neutral stance toward keto after the conversation.""}"
keto_412,"{""stance"":""negative"",""reasoning"":""The target user aligns with the anti-keto/pro-carb argument that the issue is “empty carbs” and processed foods rather than carbs themselves, emphasizes fruit and fiber moderating insulin response, and defends natural carbohydrate intake as being in proper proportion. They do not express interest in keto benefits and instead reinforce a critique of keto-style carb restriction, suggesting a negative stance toward keto after the discussion.""}"
keto_414,"{""stance"":""positive"",""reasoning"":""The target user explicitly says their mind is changing after previously being anti-keto, and they’ve decided to try keto for 8 weeks. They report feeling fine so far (no major fatigue or hunger issues) and ask practical questions about optimizing keto with calorie counting, supplements, and weight training—signs of engagement and growing acceptance rather than rejection. While they retain some skepticism and still endorse calorie counting/cardio as a first-line approach, the overall post-conversation stance is leaning favorable toward keto.""}"
keto_415,"{""stance"":""neutral"",""reasoning"":""The target user never speaks in the transcript, so there’s no explicit indication of their attitude toward keto or any reaction to the pro-keto explanations. Without evidence of agreement, skepticism, or persuasion affecting them, the safest prediction is that their stance remains neutral.""}"
keto_418,"{""stance"":""neutral"",""reasoning"":""The target user never speaks in the provided transcript, so there’s no explicit evidence of their opinion on keto. While the conversation mentions sugar-free coffee with heavy whipping cream and stevia (often associated with keto), it’s expressed as a complaint about a drink being too sweet rather than an endorsement or rejection of keto itself. With no direct target-user reaction, the best prediction is neutral.""}"
keto_419,"{""stance"":""neutral"",""reasoning"":""The target user never appears in the provided transcript and expresses no opinion about keto or the cream. With no evidence of their views or how the exchange affected them, the safest prediction is a neutral stance.""}"
keto_420,"{""stance"":""neutral"",""reasoning"":""The transcript contains only another user encouraging black coffee and implying benefits of avoiding sugar, but the target user never speaks and the keto diet is not explicitly discussed. With no direct evidence of the target user’s view or any clear shift caused by the exchange, the most defensible prediction is neutral.""}"
keto_421,"{""stance"":""neutral"",""reasoning"":""The transcript contains no statements from the target user and no substantive discussion about the keto diet (only a deleted message from another user). With no evidence of the target user’s views or any influence from the conversation, the most justified prediction is neutral.""}"
keto_422,"{""stance"":""neutral"",""reasoning"":""The transcript contains only a joke about coffee as a meal and makes no mention of the keto diet, low-carb eating, or related opinions. With no explicit stance from the target user and no keto-related context to infer influence, the target user’s post-conversation stance toward keto cannot be determined and is best classified as neutral.""}"
keto_423,"{""stance"":""neutral"",""reasoning"":""The target user does not appear in the provided transcript and expresses no explicit opinion about keto. While the discussion mentions heavy cream and calorie intake (often relevant to keto), there’s no evidence of the target user adopting a favorable or unfavorable view of the keto diet based on this exchange.""}"
keto_424,"{""stance"":""neutral"",""reasoning"":""The target user does not appear in the provided transcript and makes no statements about keto or low-carb dieting. While the other user praises coffee without sugar/carbs, there’s no evidence of the target user’s reaction or any shift in attitude toward keto specifically, so the stance can’t be inferred beyond neutral.""}"
keto_425,"{""stance"":""neutral"",""reasoning"":""The target user never speaks in the provided transcript, so there’s no direct evidence of their opinion. While the other user claims sugar-free sweeteners can bump someone out of keto (a potentially negative point), there’s not enough information to infer that the target user adopts this view or changes their attitude toward keto overall.""}"
keto_426,"{""stance"":""positive"",""reasoning"":""The target user explicitly endorses keto compatibility (“black coffee definitely = keto friendly!”) and speaks enthusiastically about switching from sugary/creamy coffee to black coffee, presenting it as a desirable change. Throughout the conversation they reinforce this preference and show no doubts or criticisms about keto; the discussion stays supportive and aligned with keto-friendly habits, so their stance after the conversation remains positive.""}"
keto_429,"{""stance"":""neutral"",""reasoning"":""The target user argues strongly against the idea that keto/low-carb has a unique metabolic advantage for fat loss, emphasizing calorie balance and citing many studies suggesting similar weight loss across macro splits. That pushes against pro-keto claims. However, they explicitly say they’ve done keto and it works, and that cutting carbs/sugar can be an effective way to restrict calories—so they are not anti-keto overall. The hostile interaction seems to make them disengage from debating rather than adopt a more extreme stance. Net result: skeptical of special keto claims but still accepting it as a workable option, i.e., neutral.""}"
keto_431,"{""stance"":""neutral"",""reasoning"":""The target user pushes back strongly against the idea that sugar/carbs have a unique fattening metabolic effect and cites many studies arguing no special advantage of keto beyond calorie restriction (and possibly higher protein). However, they also explicitly say they’ve done keto, that it works, and that they like it, advising someone not to unsubscribe from r/keto. Overall, they view keto as a workable tool (mainly via satiety/protein) rather than inherently superior or necessary, leading to a balanced, neither strongly pro- nor anti-keto stance.""}"
keto_434,"{""stance"":""neutral"",""reasoning"":""The target user argues strongly against the idea that sugar/carbs are uniquely fattening and cites many studies claiming no metabolic advantage for low-carb/keto when calories and protein are controlled. However, they also explicitly say they’ve done keto, that it works, and that they like it (while attributing its success mainly to protein and easier calorie restriction). This mix of mild approval of keto as a practical tool but skepticism of its special claims suggests an overall neutral stance after the conversation.""}"
keto_435,"{""stance"":""positive"",""reasoning"":""The target user explicitly states they’ve done keto and that “it works,” calls it “a great way to lose weight,” and agrees that keto/low-carb can be easier and more effective for typical dieters due to satiety and reduced calorie intake. While they push back against strong claims that sugar/carbs are uniquely fattening and emphasize calories-in/calories-out, their overall view of keto after the exchange remains favorable as a practical, effective method rather than something harmful or ineffective.""}"
keto_438,"{""stance"":""neutral"",""reasoning"":""The target user explicitly says they’ve done keto, that it works, and that they like it—so they’re not anti-keto. However, they strongly reject common pro-keto framing (e.g., “sugar makes you fat,” insulin-centric metabolic advantage claims) and emphasize that weight loss is primarily calories in vs. calories out, with keto mainly helping via satiety/protein rather than unique biochemistry. That combination suggests a pragmatic, mixed view rather than an overall positive or negative stance.""}"
keto_439,"{""stance"":""neutral"",""reasoning"":""The target user argues against the idea that sugar/carbs are uniquely fattening and emphasizes \""calories in > calories out\"" supported by many studies, which pushes back on a common pro-keto metabolic-advantage narrative. However, they also explicitly say they’ve done keto, that it works, and that they like it (framing it as a useful tool mainly via satiety/protein). Taken together, they’re neither anti-keto nor strongly pro-keto as uniquely superior—more pragmatic and mixed—so their overall stance after the conversation is best classified as neutral.""}"
keto_440,"{""stance"":""neutral"",""reasoning"":""The target user explicitly says they’ve done keto, that it works, and that they like it—so they’re not anti-keto. However, they strongly reject core pro-keto/low-carb claims about a unique metabolic advantage of carb restriction (arguing calories-in/calories-out and protein/satiety explain results, and that sugar isn’t inherently fattening/poison). This frames keto as a workable tool rather than a superior or necessary approach, yielding an overall mixed/neutral stance after the conversation.""}"
keto_441,"{""stance"":""neutral"",""reasoning"":""The target user pushes back strongly against the idea that carbs/sugar are uniquely fattening, citing many studies arguing no special metabolic advantage for keto and emphasizing calories-in vs calories-out. However, they also explicitly say they’ve done keto, that it works, and that they like it (mainly due to protein/satiety). So after the conversation they seem neither anti-keto nor strongly pro-keto as a superior approach—more that keto is one workable tool among others—yielding an overall neutral stance.""}"
keto_446,"{""stance"":""neutral"",""reasoning"":""The target user argues strongly against the idea that sugar/carbs are uniquely fattening and cites many studies claiming no metabolic advantage for keto/low-carb over other diets when calories/protein are controlled. However, they also explicitly say they’ve done keto and that it works, framing it as a viable tool for calorie restriction rather than something special or harmful. After the exchange, they maintain a balanced view: keto can work, but it’s not uniquely necessary—overall leaving them neutral rather than positive or negative toward keto.""}"
keto_447,"{""stance"":""neutral"",""reasoning"":""The target user argues strongly against the idea that keto/low-carb has a unique metabolic advantage for fat loss, citing many studies suggesting weight loss is driven mainly by calorie balance and that macro ratio (carb vs fat) doesn’t meaningfully change outcomes when protein/calories are controlled. However, they explicitly say they’ve done keto and it works, and frame keto as a useful tool for calorie restriction rather than something ineffective or harmful. Their later reply about water/sodium retention also suggests a skeptical, corrective tone toward exaggerated keto claims, not opposition to keto itself. Overall this places them as neither pro- nor anti-keto, but pragmatic/agnostic: keto can work, just not for the reasons some claim.""}"
keto_448,"{""stance"":""neutral"",""reasoning"":""The target user pushes back against strong anti-sugar/pro-keto claims by citing many studies suggesting no inherent fat-loss advantage to low-carb/keto when calories and protein are controlled, and emphasizes “calories in > calories out.” However, they explicitly say they’ve done keto, it works, and that cutting carbs/sugar can be an effective way to achieve calorie restriction—while rejecting the idea it’s the only way or that sugar is uniquely “poison.” This combination indicates a pragmatic, non-ideological view rather than clearly positive or negative.""}"
keto_452,"{""stance"":""neutral"",""reasoning"":""The target user argues against keto having a unique metabolic advantage and emphasizes calories-in/calories-out, citing many studies showing similar weight loss across macro ratios. However, they explicitly say they’ve done keto, that it works, and that cutting carbs/sugar can be an effective way to achieve calorie restriction. After the exchange (including being challenged), their position reads as skeptical of strong pro-keto claims but not anti-keto—more “keto is one workable tool, not special,” which is overall neutral.""}"
keto_453,"{""stance"":""neutral"",""reasoning"":""The target user pushes back against strong pro-keto/anti-sugar claims by citing many studies suggesting no unique metabolic advantage to low-carb/keto when calories and protein are controlled, emphasizing 'calories in > calories out.' However, they also explicitly say they’ve done keto, that it works, and that cutting carbs/sugar can be an effective way to achieve calorie restriction. Overall they end up viewing keto as a workable tool but not uniquely superior or necessary, which is a neutral stance rather than clearly positive or negative.""}"
keto_455,"{""stance"":""neutral"",""reasoning"":""The target user argues strongly against a unique metabolic advantage for keto/low-carb over other diets when calories and protein are controlled, citing many studies showing similar weight loss across macro distributions. However, they explicitly say they’ve done keto and it works, and they frame low-carb as a useful tool mainly because it helps reduce calories via satiety—not as something harmful or ineffective. That combination suggests a pragmatic, evidence-driven view rather than pro- or anti-keto overall, so their post-conversation stance is best classified as neutral.""}"
keto_458,"{""stance"":""neutral"",""reasoning"":""The target user pushes back strongly against claims that sugar uniquely ‘makes us fat’ and argues there’s no special metabolic advantage to keto over other diets when calories and protein are controlled, citing many studies. However, they explicitly say they’ve done keto and it works, and acknowledge cutting carbs can be an effective way to reduce calories due to satiety. Overall they view keto as a workable tool but not uniquely superior, leaving them neither pro- nor anti-keto after the exchange.""}"
keto_459,"{""stance"":""neutral"",""reasoning"":""The target user pushes back against strong pro-keto/anti-sugar claims by citing many studies suggesting no inherent metabolic advantage of low-carb vs low-fat when calories/protein are controlled, and emphasizes 'calories in > calories out' as the main driver. However, they explicitly say they've done keto and it works, and acknowledge that cutting carbs/sugar can be an easy way to create calorie restriction due to satiety. This combination indicates neither a pro-keto endorsement nor an anti-keto rejection overall, landing on a neutral (pragmatic) stance after the conversation.""}"
keto_460,"{""stance"":""neutral"",""reasoning"":""The target user argues strongly against a unique metabolic advantage for keto/low-carb versus other diets when calories and protein are controlled, citing many studies and emphasizing “calories in > calories out.” However, they also explicitly state they’ve done keto, that it works, and that cutting carbs/sugar can be an effective way to achieve calorie restriction due to satiety benefits. This combination indicates neither clear pro-keto advocacy nor anti-keto rejection overall—more a pragmatic, evidence-focused view—so their stance after the conversation is best classified as neutral.""}"
keto_461,"{""stance"":""neutral"",""reasoning"":""The target user argues strongly against the idea that keto/low-carb has a unique metabolic advantage for weight loss, citing many studies suggesting similar weight loss when calories and protein are controlled and emphasizing “calories in > calories out.” However, they also explicitly say they’ve done keto, that it works, and that cutting carbs/sugar can be an easy way to achieve calorie restriction. After the exchange, their position remains: keto is a viable tool but not superior or necessary—overall a mixed, pragmatic view rather than clearly pro- or anti-keto.""}"
keto_463,"{""stance"":""neutral"",""reasoning"":""The target user sees keto as potentially useful short-term for “course correction” but explicitly would not recommend it as a permanent diet and emphasizes that people need complex carbohydrates. This reflects a mixed, cautious view rather than clearly positive or negative overall.""}"
keto_464,"{""stance"":""neutral"",""reasoning"":""The target user never speaks in the provided transcript, so there’s no direct evidence of their opinion about keto or any change in stance. While the other user argues in a way that is broadly supportive of low-carb/keto ideas (keto-adaptation, insulin’s role, ancestral baseline), we can’t reliably infer that the target user adopts or rejects these points based solely on this one-sided message. With insufficient evidence of the target user’s reaction, the stance is best classified as neutral.""}"
keto_467,"{""stance"":""neutral"",""reasoning"":""The target user argues strongly against sugar/HFCS and describes mechanisms (insulin/leptin feedback) that align with common low-carb/keto narratives, suggesting some sympathy to keto-style thinking. However, after being confronted with studies, they shift to a more agnostic, consensus-seeking position: they emphasize that scientists ‘don’t know everything yet,’ that adherence matters most, and that many structured diets (including low-carb and others) can work. They specifically distinguish ‘processed sugars’ from carbs in general and avoid endorsing keto as uniquely effective. Overall this indicates a balanced, non-committal stance toward keto rather than clearly positive or negative.""}"
keto_468,"{""stance"":""neutral"",""reasoning"":""After the exchange, the target user explicitly backs away from a strong carb/insulin-centric or keto-superiority claim and emphasizes scientific uncertainty and that many structured diets (including low-carb/Atkins) can work primarily via adherence. They still argue processed sugars/HFCS should be minimized and that cutting sugar reduces cravings/satiety issues—ideas compatible with keto—but they do not endorse keto as uniquely effective or necessary, instead framing it as one option among many. Overall this points to a balanced, non-committal stance rather than clearly positive or negative toward keto.""}"
keto_471,"{""stance"":""positive"",""reasoning"":""The target user posts an extensive, pro–low-sugar/low-carb explanation (Lustig) that aligns closely with keto-friendly ideas: insulin/leptin dynamics, sugar as uniquely non-satiating, and eliminating sugar reducing cravings and aiding fat loss. While another user counters with many studies emphasizing calorie balance and no special metabolic advantage, the target user’s own edits double down on the framing (sugar drives overeating/caloric surplus; “eat less and exercise more” isn’t realistically achievable biochemically) rather than retracting support for carb restriction. Overall, the conversation context may temper absolutist claims, but the target user remains broadly supportive of keto-style carbohydrate/sugar elimination as beneficial, so their post-conversation stance is best predicted as positive.""}"
keto_472,"{""stance"":""positive"",""reasoning"":""The target user is posting in /r/keto and gives an extended pro–low-sugar/low-carb argument (citing Lustig) that eliminating sugar increases satiety, energy, and promotes fat loss—claims that align with and support ketogenic dieting. While other users introduce studies arguing no special metabolic advantage and that many ‘low-carb’ studies aren’t truly ketogenic, the target user does not show any retreat or acceptance of anti-keto conclusions in the provided transcript. Given their strong initial framing and lack of expressed doubt afterward, their stance toward keto after the conversation is best predicted as positive.""}"
keto_473,"{""stance"":""neutral"",""reasoning"":""The target user strongly endorses Lustig’s arguments about sugar/insulin/leptin dynamics and the benefits of eliminating sugar (satiety, fewer cravings, easier fat loss), which is broadly compatible with keto/low-carb thinking. However, they explicitly clarify that their point is not that carbs are uniquely fattening or that macro composition is the key determinant of weight loss, and they frame the issue more as sugar-driven overeating and caloric surplus. The only reply shown is a skeptical debunking link from another user, but we don’t see the target user accepting or reacting to it. Overall, the target user remains supportive of anti-sugar ideas but not clearly pro-keto as a diet, so their stance toward keto after the exchange is best predicted as neutral.""}"
keto_474,"{""stance"":""positive"",""reasoning"":""The target user strongly endorses Lustig’s anti-sugar/anti-high-carb framing, describes eliminating sugar as producing satiety, more energy, higher metabolism, fat/weight loss, and fewer cravings, and engages in detailed mechanistic arguments commonly used to support low-carb/keto approaches. Nothing in the exchange suggests doubt or a shift away from that view; if anything, the minor correction about “positive vs negative feedback” doesn’t undermine their pro-low-carb stance.""}"
keto_475,"{""stance"":""positive"",""reasoning"":""The target user argues strongly that sugar/carbs drive insulin and leptin resistance, increase hunger, and promote fat storage, and that eliminating sugar has the opposite effects (satiety, more energy, weight loss, fewer cravings). They cite Lustig approvingly and engage within r/keto defending a carb-restriction framing. The other user’s skeptical question doesn’t show any change in the target user’s position, and the target user’s extensive pro–sugar-elimination explanation suggests they remain favorable toward keto/low-carb after the exchange.""}"
keto_479,"{""stance"":""positive"",""reasoning"":""The target user repeatedly defends keto’s effectiveness and expresses skepticism toward the calorie-only explanation, citing personal experience of gaining weight on a “normal” diet versus easier loss on keto and arguing fat provides longer-lasting satiety than carbs. Even after being given alternative explanations (water weight, protein satiety, tracking issues), they continue to push back and emphasize keto’s satiety benefits. The conversation doesn’t show them conceding; instead they remain convinced keto has a real advantage, so their post-conversation stance is positive.""}"
keto_481,"{""stance"":""neutral"",""reasoning"":""The target user acknowledges that “keto works” and cites personal experience with it, but strongly rejects common pro-keto claims that carbs/sugar are uniquely fattening or that keto has any special metabolic ‘magic.’ They repeatedly emphasize calories-in/calories-out, call anti-carb dogma in the keto community ‘stupid,’ and frame keto mainly as a tool for reducing calorie intake via satiety. This mix of recognizing usefulness while criticizing the ideology and special claims points to an overall neutral (pragmatic) stance rather than clearly positive or negative.""}"
keto_482,"{""stance"":""positive"",""reasoning"":""The target user strongly endorses keto as “so damn successful,” argues sugar/carbs undermine satiety and make calorie deficits hard, and contrasts their negative experience on low-fat dieting with improved control when avoiding sugar/starches. They explicitly state they’re done with pasta/bread and frame keto as an effective, sustainable approach for them, indicating a positive stance after the conversation.""}"
keto_487,"{""stance"":""neutral"",""reasoning"":""The target user never speaks in the transcript, so there’s no direct evidence of their personal view. The conversation presents mixed messages: one side strongly blames sugar/insulin dynamics and implies benefits from eliminating sugar (keto-friendly), while another side cites many studies arguing no special metabolic advantage for keto and emphasizes calories-in/calories-out, though still conceding keto can work as a tool via satiety/protein. With no target-user reactions and balanced pro/anti-keto framing, the safest prediction is that the target user ends up neutral toward keto (seeing it as one possible approach, not uniquely superior or harmful).""}"
keto_490,"{""stance"":""neutral"",""reasoning"":""The target user is not present in the provided transcript and no statements from them about keto (or related attitudes) are available. With insufficient evidence of their views or any change influenced by the conversation, the most reliable prediction is neutral.""}"
keto_491,"{""stance"":""neutral"",""reasoning"":""The target user never appears in the transcript and provides no explicit opinion about keto. With no statements or reactions from the target user, there isn’t enough evidence to infer a positive or negative stance change, so the safest prediction is neutral.""}"
keto_492,"{""stance"":""neutral"",""reasoning"":""The transcript contains no statements from the target user and no substantive discussion of the keto diet (only an '[removed]' message from another user). With no evidence of the target user’s views or any persuasive context affecting them, their stance cannot be inferred and is best classified as neutral.""}"
keto_494,"{""stance"":""neutral"",""reasoning"":""The target user does not appear in the provided transcript and makes no explicit statements about keto. While the other user speaks positively about keto and suggests switching doctors, there is no evidence of how the target user reacts or whether their stance changes. With insufficient information about the target user’s post-conversation attitude, the best prediction is neutral.""}"
keto_495,"{""stance"":""neutral"",""reasoning"":""The transcript contains no statements from the target user and no substantive discussion about the keto diet (only a deleted message from another user). With no evidence of the target user’s views or any persuasive context that could shift them, the safest prediction is neutral.""}"
keto_499,"{""stance"":""neutral"",""reasoning"":""The target user questions the claim that there isn’t long-term evidence by pointing out Atkins has existed for 10+ years, suggesting some skepticism toward anti-keto arguments. However, they don’t explicitly endorse keto or say they plan to follow it, and the reply they receive highlights variability and research limitations, which could temper enthusiasm. Overall, their stance appears inquisitive/undecided rather than clearly positive or negative.""}"
keto_500,"{""stance"":""neutral"",""reasoning"":""The target user does not express a clear pro- or anti-keto view. They mention diet can help some autoimmune disease but add “though probably not keto,” which signals mild skepticism about keto’s usefulness in that context without broadly condemning it. Overall they emphasize lifestyle advice is often ignored and that many conditions require meds/surgery, but they don’t take a strong stance on keto specifically.""}"
keto_501,"{""stance"":""neutral"",""reasoning"":""The target user never mentions keto or their opinion of it. The other user criticizes conventional fat-blocking weight loss approaches and guilt-tripping, which could be compatible with pro-keto sentiments, but there’s no explicit endorsement of keto, low-carb, or ketosis from the target user, nor clear evidence their stance shifts as a result of the exchange.""}"
