conv_id,response
keto_2,"{""stance"":""neutral"",""reasoning"":""The target user only clarifies a definitional distinction between keto (low-carb) and carnivore (zero-carb) and does not express approval or disapproval of keto itself. While the other user responds with a pro-keto framing (more balanced, metabolically beneficial), there’s no indication the target user is persuaded or adopts that positive view. With no explicit evaluative statement from the target user, the best prediction is neutral.""}"
keto_5,"{""stance"":""negative"",""reasoning"":""The target user repeatedly denounces carnivore as conspiratorial and harmful, explicitly frames ketosis as an “artificial starvation state,” and mocks pro-carnivore arguments as propaganda/flat-earth-level misinformation. Since keto is directly associated with ketosis and the user treats ketosis as dangerous and fad-like (linking it to Atkins and starvation), the conversation leaves them strongly opposed rather than persuaded—so their stance toward keto after this exchange is negative.""}"
keto_6,"{""stance"":""neutral"",""reasoning"":""The target user only asks a clarifying question about carnivore/keto (specifically fiber) and does not express approval or disapproval of keto. The reply they receive frames keto positively and as flexible, but there’s no evidence the target user adopts that view or changes their attitude—so their post-conversation stance remains best classified as neutral.""}"
keto_7,"{""stance"":""neutral"",""reasoning"":""The target user only asks a clarifying question about carnivore (fiber source) and does not express approval or disapproval of keto itself. The reply frames keto as including plenty of fiber via low-carb vegetables, which may reduce the user’s concern, but there’s no explicit indication they become pro- or anti-keto afterward. With no clear evaluative statement from the target user, the most supported prediction is neutral.""}"
keto_9,"{""stance"":""positive"",""reasoning"":""The target user explicitly endorses keto based on personal experience, saying it feels “good,” “much cleaner,” with “energy all the time.” They respond politely to alternative explanations but do not concede that keto’s benefits are merely from cutting processed foods; instead, they imply keto is distinct (“hard to say it’s the same feeling… eating primarily meat”). Overall, the conversation leaves them supportive of keto rather than neutral or negative.""}"
keto_10,"{""stance"":""neutral"",""reasoning"":""The target user expresses skepticism about divisive nutrition advice and shares a negative experience with a plant-based diet (feeling worse, inadequate protein, muscle loss). However, they do not mention keto directly or endorse it; the only pro-keto framing comes from another user. Given the lack of explicit acceptance or rejection of keto by the target user, the most supported prediction is that they remain neutral toward keto after the conversation, though potentially more open to non-plant-based approaches.""}"
keto_11,"{""stance"":""neutral"",""reasoning"":""The target user argues for mostly whole foods and suggests whole grains can be healthier than bread, indicating no explicit preference for keto. After another user promotes a keto-aligned approach, the target user does not respond with agreement or disagreement, so there’s no clear evidence their stance shifts positively or negatively. Overall they remain focused on whole foods and individual flexibility rather than endorsing or rejecting keto.""}"
keto_15,"{""stance"":""neutral"",""reasoning"":""The target user raises a skeptical point about keto being a long-running “fad” and questions the lack of prominent gold-medalist advocates, suggesting doubt about its performance credibility. They don’t express clear approval or intent to follow keto, and the other user’s pro-keto reply could soften skepticism but there’s no explicit sign the target user is persuaded. Overall the stance remains uncertain/undecided rather than clearly positive or negative.""}"
keto_16,"{""stance"":""neutral"",""reasoning"":""The target user shows curiosity about keto/carnivore by actively asking for examples of athletes who follow these diets, but they also express skepticism about industry influence and criticize industrial meat production (antibiotics, profit motives). They don’t endorse keto’s benefits or reject it; they mainly want information. The other user’s pro-keto arguments may slightly inform them, but there’s no clear sign the target user is persuaded. Overall stance remains information-seeking and mixed rather than clearly positive or negative.""}"
keto_18,"{""stance"":""negative"",""reasoning"":""The target user repeatedly argues that Tom Brady’s diet is not keto, emphasizing that it’s plant-based and includes whole grains, and explicitly states that limiting saturated fat and eating whole wheat is the opposite of keto. They show skepticism toward labeling diets as keto and push back against the idea of overlap, indicating a negative stance toward keto after the exchange.""}"
keto_19,"{""stance"":""negative"",""reasoning"":""The target user argues that Tom Brady’s diet is not keto, emphasizing it is 80% plant-based and closer to Mediterranean/Asian patterns. They explicitly state that limiting saturated fat and eating whole wheat are the opposite of keto, signaling a dismissive/critical view of keto definitions and claims made in the conversation. The other user’s clarification about “Mediterranean keto” doesn’t show any acceptance from the target user, so the stance remains negative.""}"
keto_20,"{""stance"":""negative"",""reasoning"":""The target user repeatedly argues against meat/animal fat and explicitly groups keto with carnivore as restrictive and harmful, claiming animal fats raise “garbage” in the bloodstream leading to diabetes/heart disease. They dismiss pro-meat/pro-keto claims as misinformation/propaganda and maintain a confrontational tone that suggests entrenched opposition rather than openness to keto. Even after the final pro-keto explanation of ketosis and improved markers, there’s no indication the target user accepts it or softens their view, so their post-conversation stance remains negative.""}"
keto_22,"{""stance"":""neutral"",""reasoning"":""The target user never expresses an opinion about keto specifically; they only say that vegan diets are a disadvantage and that “keto being worse is irrelevant,” which dismisses keto comparisons without endorsing or criticizing keto itself. The other user presents pro-keto arguments, but there’s no indication the target user accepts or reacts to them, so there isn’t enough evidence of a positive or negative shift toward keto.""}"
keto_24,"{""stance"":""negative"",""reasoning"":""The target user repeatedly argues that carbs are essential for workout intensity and performance, calls carb demonization “ridiculous,” and rejects the idea that lowering carbs has special weight-loss benefits beyond calories. They only concede keto might help a small subset (e.g., epilepsy/type 1 diabetes) and push back strongly against pro-keto claims. The final pro-keto reply doesn’t show any sign the target user is persuaded, so their stance remains negative toward keto overall.""}"
keto_26,"{""stance"":""negative"",""reasoning"":""The target user explicitly rejects low-carb ideology, calling carb demonization “ridiculous” and stating carbs are essential and should be “non negotiable” for fueling exercise, with only narrow medical exceptions (type 1 diabetes/epilepsy) where keto might help a small few. Although another user argues for keto benefits (metabolic flexibility, blood sugar, inflammation), there’s no indication the target user is persuaded; their strong wording suggests they would remain opposed to keto for most people after the exchange.""}"
keto_27,"{""stance"":""negative"",""reasoning"":""The target user argues against the idea that humans historically thrived on an all-meat/near-zero-plant diet, emphasizing that hominids weren’t typically arctic, that even high-animal-intake groups weren’t strict carnivores, and that year-round leafy greens were important—especially for vitamin C, stating “You will die without vitamin C.” This directly conflicts with keto/carnivore-style claims presented by others. Nothing in the exchange suggests the target user is persuaded by the pro-keto rebuttal; their framing (“Our genetics tell us how we had to eat”) supports a mixed diet rather than ketogenic restriction, implying a negative stance toward keto after the conversation.""}"
keto_28,"{""stance"":""neutral"",""reasoning"":""The target user did not speak in the transcript, so there’s no direct evidence of their opinion changing. While the conversation presents both criticism of keto for peak athletic performance and a defense via targeted keto/metabolic flexibility, we can’t infer which side the target user accepts. With insufficient evidence about the target user’s reaction, the safest prediction is neutral.""}"
keto_30,"{""stance"":""neutral"",""reasoning"":""The target user never speaks in the transcript, so there’s no direct evidence of their opinion on keto or any change after the exchange. Without their statements or reactions, the safest prediction is neutral despite other users arguing both for and against keto.""}"
keto_31,"{""stance"":""negative"",""reasoning"":""The target user consistently argues that carbohydrates are necessary for muscle glycogen and high athletic performance, framing keto as mainly useful for looking strong rather than outperforming. They also describe low-carb physiques as “soft” and less dense, and do not concede to the counterpoints about fat adaptation beyond acknowledging basic ketone/gluconeogenesis mechanics. Given their repeated emphasis that keto reduces performance and muscle fullness, their stance after the exchange remains negative.""}"
keto_32,"{""stance"":""negative"",""reasoning"":""The target user explicitly argues that carbs are necessary for muscle fuel and athletic performance, stating keto may help someone “look strong” but not outperform a carb-fueled athlete, and contrasting influencers with functional strength. The other user’s pro-keto points don’t show any sign of changing the target user’s view in the transcript, so the target user’s stance remains negative toward keto (at least regarding performance/strength outcomes).""}"
keto_33,"{""stance"":""neutral"",""reasoning"":""The transcript includes only another user praising aspects of keto (fat-adaptation, stable energy), but the target user does not appear or express any opinion. With no evidence of the target user’s reaction or change in view, their stance after the conversation cannot be inferred beyond neutral.""}"
keto_34,"{""stance"":""neutral"",""reasoning"":""The target user corrects a factual claim (that Jeff Browning is not currently keto/carnivore and wasn’t carnivore even when keto) but does not express approval or disapproval of keto itself. The other user presents pro-keto arguments (fat adaptation, metabolic flexibility), yet there’s no indication the target user accepts or rejects those claims. With no explicit evaluative language or clear shift in attitude, the most supported prediction is neutral.""}"
keto_36,"{""stance"":""positive"",""reasoning"":""The target user strongly defends the ketogenic diet conceptually and linguistically, emphasizing that producing ketones equals eating a ketogenic diet and showing frustration with people who dispute this. They also imply keto is appropriate beyond a strict 20g carb limit for metabolically flexible people. The other user’s final message reinforces keto’s nuance and benefits (metabolic flexibility, stable energy, appetite control), which would likely further validate the target user’s pro-keto stance rather than weaken it.""}"
keto_43,"{""stance"":""positive"",""reasoning"":""The target user already frames keto as compatible with “real” Mediterranean eating (“Greens are keto” and traditional Mediterranean is “at least low carb”) and dismisses the mainstream Mediterranean diet as “fake,” implying preference for a lower-carb/keto-aligned interpretation. The other user’s reply, while noting Spain isn’t low carb, also validates keto as mirroring nutritious Mediterranean elements (olive oil, seafood, fibrous vegetables) and critiques refined carbs—support that would likely reinforce rather than reduce the target user’s pro-keto stance.""}"
keto_46,"{""stance"":""neutral"",""reasoning"":""The target user does not appear in the transcript and provides no explicit opinion. The conversation presents a mildly positive clarification of keto (more veggies/whole foods; bulletproof coffee optional; benefits like steadier energy), but there’s no evidence of how the target user received or reacted to these points, so their post-conversation stance can’t be inferred beyond neutral.""}"
keto_48,"{""stance"":""negative"",""reasoning"":""The target user expresses skepticism toward keto/carnivore claims, specifically criticizing the community’s tendency to dismiss high LDL and inflammatory markers based on keto-author narratives rather than mainstream medical consensus. While they are polite and acknowledge an individual’s success, their main contribution frames keto/carnivore as potentially misleading and at odds with what most cardiologists consider healthy, indicating an overall negative stance after the exchange.""}"
keto_52,"{""stance"":""positive"",""reasoning"":""The target user strongly defends keto, explicitly rejects the idea that it is a fad, and describes keto (along with fasting/carnivore) as essential for managing their metabolic illness and autoimmune issues—“the only things keeping me out of an early grave.” They frame it as a legitimate medical treatment rather than a weight-loss trend. The other user’s final reply partially validates this therapeutic framing, which would likely reinforce (not weaken) the target user’s already positive stance.""}"
keto_54,"{""stance"":""neutral"",""reasoning"":""The target user’s message supports prioritizing health over influencer fads and introduces the idea that a well-formulated ketogenic diet can be different from dangerous “starvation” or “detox” plans. This suggests openness to keto as a legitimate approach in some contexts, but they don’t clearly endorse it or express personal approval beyond that distinction, so the overall stance remains neutral.""}"
keto_55,"{""stance"":""positive"",""reasoning"":""The target user explicitly says they started keto in April and “really like it,” indicating an already positive stance. The other user reinforces keto’s benefits (easier fasting due to stable hunger, better energy, clothes fitting better), which aligns with the target user’s experience and is likely to further support their favorable view rather than introduce doubts.""}"
keto_56,"{""stance"":""neutral"",""reasoning"":""The target user never speaks in the provided transcript, so there’s no explicit evidence of their opinion about keto or any reaction to others’ comments. Without any stated view or interaction that would indicate being persuaded for or against keto, the safest prediction is that their stance remains neutral.""}"
keto_60,"{""stance"":""neutral"",""reasoning"":""The target user does not appear in the transcript and provides no statements or reactions about keto. With no evidence of their opinions or how the discussion affected them, their post-conversation stance cannot be inferred beyond neutral.""}"
keto_64,"{""stance"":""positive"",""reasoning"":""The target user strongly defends keto throughout the exchange, challenges criticism, corrects misconceptions (high-fat/moderate-protein vs high-protein), and provides counter-studies suggesting reduced inflammation and benefits for PCOS. They downplay negative findings as confounded by obesity/early adaptation effects and frame keto as supportive of libido/testosterone via dietary fat. Nothing in the conversation indicates they were persuaded away from keto; if anything, the later supportive comment about metabolic/hormonal advantages reinforces their pro-keto position.""}"
keto_65,"{""stance"":""positive"",""reasoning"":""The target user argues in favor of keto’s appetite-suppressing effects and better blood sugar stability, and pushes back against the idea that carbs aren’t a problem by emphasizing high carb intake as an “enemy” for carb-intolerant people. They appear convinced keto is beneficial (at least for some), and the supportive final reply reinforces that view rather than challenging it.""}"
keto_68,"{""stance"":""positive"",""reasoning"":""The target user repeatedly defends keto against criticism, argues the “no evidence” claim is due to lack of research rather than negative findings, and cites benefits for diabetes reversal, tumor reduction, and neurological disorders. They also reject the idea that keto is “extreme and unnatural,” framing modern high-carb food environments as the real problem and implying keto aligns better with human evolution. The final message from the other user partially validates keto’s potential, which would likely reinforce (not weaken) the target user’s supportive stance.""}"
keto_70,"{""stance"":""positive"",""reasoning"":""The target user strongly pushes back against the anti-keto framing, explicitly says the other user misunderstands ketosis/keto-adaptation, and lists multiple perceived benefits (prediabetes/diabetes prevention, neurological issues, improved lipid profiles), implying keto is evidence-based rather than “broscience.” The other user later concedes there is legitimate research and metabolic nuance, which would likely reinforce the target user’s already pro-keto position rather than weaken it.""}"
keto_71,"{""stance"":""positive"",""reasoning"":""The target user strongly defends keto throughout the exchange, asserting the brain functions fine on ketones, that the body maintains glucose via basic physiology, and that many people experience improved focus/creativity when keto-adapted. The final message from the other user reinforces and validates the target user’s claims with additional pro-keto arguments (gluconeogenesis, distinction from ketoacidosis, potential cognitive/metabolic benefits), which would likely further solidify the target user’s already favorable view rather than weaken it.""}"
keto_73,"{""stance"":""neutral"",""reasoning"":""The target user never speaks in the transcript, so there’s no explicit opinion to anchor their stance. While other participants provide both supportive points (keto can have benefits if truly in ketosis) and cautionary/critical details (very strict carb limits, difficulty maintaining ketosis, measurement limitations), there’s no evidence of how the target user reacts or is persuaded. With insufficient direct signal about the target user’s attitude after the exchange, the best prediction is neutral.""}"
keto_78,"{""stance"":""neutral"",""reasoning"":""The target user is discussing how to improve an explanation about the glycemic index and the “good carb/bad carb” framing, and agrees it’s a useful way to address that fallacy. They do not explicitly endorse or reject keto itself. Although another user argues keto is effective, the target user’s only stated position is about clarifying carb quality concepts, not expressing a pro- or anti-keto stance. With no direct acceptance or pushback to the pro-keto claims, the most supported prediction is neutral.""}"
keto_79,"{""stance"":""positive"",""reasoning"":""The target user expresses curiosity and enthusiasm about ketosis (“Pretty cool trick”) and does not voice any concerns about keto itself. The other user corrects a misconception but frames exogenous ketones as helpful for making keto easier (focus, appetite suppression, easing keto flu), which likely reinforces a favorable view of the keto diet rather than discouraging it.""}"
keto_81,"{""stance"":""positive"",""reasoning"":""The target user gives conditional support for keto rather than discouraging it: they recommend medical caution only for people with kidney/heart disease and advise doing keto and then checking biomarkers after 6 months. This framing suggests they view keto as generally acceptable/beneficial for healthy individuals when monitored, indicating an overall positive stance after the conversation.""}"
keto_83,"{""stance"":""positive"",""reasoning"":""The target user strongly defends keto throughout the exchange, calling criticisms a “common myth,” asserting keto is “extremely good at sparing muscle,” saying athletes do use it, and recommending keto-specific resources (/r/ketogains and a low-carb performance book). Their tone is confident and promotional rather than doubtful, indicating a clearly positive stance after the conversation.""}"
keto_84,"{""stance"":""neutral"",""reasoning"":""The target user never speaks in the transcript, so there’s no explicit indication of their attitude toward keto. While the conversation includes both cautionary points (keto is strict, easy to fall out of ketosis, cheat days set you back) and supportive points (mental clarity, appetite stabilization, steady energy, encouragement from ketone testing), there’s no evidence of how the target user reacts to or is persuaded by either side. With insufficient information about the target user’s post-conversation view, the safest prediction is neutral.""}"
keto_86,"{""stance"":""neutral"",""reasoning"":""The target user does not appear in the transcript and expresses no explicit opinion about keto. While the conversation content is generally supportive of keto (suggesting it’s doable with a vegetarian partner), there’s no evidence of how the target user reacts or whether their stance changes, so the safest prediction is neutral.""}"
keto_87,"{""stance"":""neutral"",""reasoning"":""The target user never speaks in the provided transcript, so there’s no direct evidence of their opinion or any change in attitude. While the other user criticizes keto as unnecessary and promotes calorie restriction instead, we can’t reliably infer the target user adopted that view. With insufficient evidence, the stance is best classified as neutral.""}"
keto_89,"{""stance"":""neutral"",""reasoning"":""The target user does not appear in the transcript and provides no explicit opinion about keto. While the other user describes a more sustainable, flexible keto approach (carb reload days) in a positive light, there’s no evidence of how the target user reacts or whether their stance changes as a result. With insufficient direct information about the target user’s view after the conversation, the most justified prediction is neutral.""}"
keto_90,"{""stance"":""neutral"",""reasoning"":""The target user never speaks in the transcript, so there’s no explicit indication of their attitude toward keto. Although the other user provides a pro-keto clarification about micronutrients and fruit/vegetable intake, we can’t reliably infer that the target user is convinced or adopts that view. With insufficient evidence of the target user’s reaction or change in opinion, the most appropriate prediction is neutral.""}"
keto_95,"{""stance"":""neutral"",""reasoning"":""The target user never speaks in the transcript, so there’s no direct evidence of their opinion shifting. While the other user presents keto in a somewhat favorable, practical light (net carbs, satiety, fewer crashes), we can’t reliably infer that the target user adopts that view. With insufficient evidence about the target user’s post-conversation attitude, the safest prediction is neutral.""}"
keto_97,"{""stance"":""neutral"",""reasoning"":""The target user did not speak in the transcript, so there is no direct evidence of their opinion. While the other user presents keto in a generally favorable light (potential liver benefits from cutting refined carbs and possible reduced drinking), we cannot reliably infer that the target user adopts this view after the conversation. With insufficient evidence of the target user’s reaction or change in attitude, the safest prediction is neutral.""}"
keto_99,"{""stance"":""neutral"",""reasoning"":""The target user does not appear in the provided transcript and expresses no explicit opinion about keto. With no evidence of their reactions or any change in attitude resulting from the discussion, their post-conversation stance cannot be inferred beyond neutral.""}"
keto_100,"{""stance"":""neutral"",""reasoning"":""The target user does not express any personal opinion or commitment about keto—only asks whether it would be a good fit given their vegetarian diet and current calorie-controlled weight loss. This reflects curiosity and openness but no clear positive or negative stance, so the most supported prediction is neutral.""}"
keto_103,"{""stance"":""neutral"",""reasoning"":""The target user never states an opinion about keto in the transcript, asks no follow-up, and shows no explicit agreement or disagreement. Although the other user presents keto positively (vitamins can help, antidepressants usually don’t interfere, possible mood/metabolic benefits), there’s no evidence the target user is persuaded or reacts, so the safest prediction is neutral.""}"
keto_105,"{""stance"":""neutral"",""reasoning"":""The target user never speaks in the provided transcript, so there’s no explicit evidence of their opinion or any change in attitude. While the other user presents cyclical keto in a positive light (sustainability, metabolic flexibility, recovery), we can’t reliably infer that the target user adopts that view. With insufficient direct evidence, the most defensible prediction is neutral.""}"
keto_106,"{""stance"":""neutral"",""reasoning"":""The target user never appears in the transcript and provides no explicit opinion about keto. With no statements or reactions from the target user, there isn’t enough evidence to infer a positive or negative stance shift after the conversation, so the safest prediction is neutral.""}"
keto_107,"{""stance"":""neutral"",""reasoning"":""The target user never speaks in the transcript, so there’s no direct evidence of their opinion or any change in attitude toward keto. Since we can’t infer the target user’s reaction from other participants’ views alone, the safest prediction is neutral.""}"
keto_108,"{""stance"":""neutral"",""reasoning"":""The target user did not appear in the transcript and provided no explicit opinion or reaction to the keto diet. With no evidence of their views or how the conversation affected them, their stance cannot be inferred beyond neutral.""}"
keto_110,"{""stance"":""neutral"",""reasoning"":""The transcript contains only an OTHER USER asking about doing keto as a vegetarian and musing that it might be sustainable. The TARGET USER does not speak or reveal any opinion, reaction, or shift in attitude. With no explicit stance from the TARGET USER and no evidence of how the discussion influenced them, the best prediction is neutral.""}"
keto_111,"{""stance"":""neutral"",""reasoning"":""The transcript contains only an [OTHER USER] advocating for keto’s potential benefits; the [TARGET USER] does not speak or react. With no explicit response or evidence of the target user being persuaded or resistant, there isn’t enough information to infer a positive or negative stance change, so the most reliable prediction is neutral.""}"
keto_112,"{""stance"":""neutral"",""reasoning"":""The target user never speaks in the provided transcript, so there’s no direct evidence of their opinion or any change in attitude. While the other user presents keto in a mostly positive, balanced way (benefits like mental clarity and stable energy, with a mild caveat about weight loss/beer), we can’t reliably infer that the target user adopted a positive or negative stance from this alone. Therefore the safest prediction is neutral.""}"
keto_113,"{""stance"":""neutral"",""reasoning"":""The target user does not appear in the transcript and provides no explicit reaction or follow-up. Although the other user presents a pro-keto clarification (distinguishing nutritional ketosis from ketoacidosis and citing potential benefits), there is no evidence the target user accepts, rejects, or is influenced by these points. With insufficient information about the target user’s post-conversation view, the safest prediction is neutral.""}"
keto_114,"{""stance"":""neutral"",""reasoning"":""The target user never speaks in the transcript, so there’s no direct evidence of their opinion changing. Although the other user presents keto in a positive, practical light (clean keto, nutrient sources, appetite suppression, sustainability), we can’t reliably infer that the target user adopts that view without any response or reaction from them.""}"
keto_115,"{""stance"":""positive"",""reasoning"":""The target user provides keto-supportive advice (carb shot before strenuous activity) and follows up by suggesting cyclical keto (CKD) as a workable approach for distance running. They engage constructively and seek ways to make keto compatible with endurance sports, and the final reply reinforces potential benefits (metabolic flexibility/endurance), which would likely further strengthen their favorable view.""}"
keto_117,"{""stance"":""neutral"",""reasoning"":""The target user responds in a practical, troubleshooting way (asking about water and salt intake) and treats keto as workable if electrolytes/hydration are managed. However, they don’t express personal approval, enthusiasm, or criticism of keto—only offer possible causes of lethargy—so their stance remains neutral.""}"
keto_118,"{""stance"":""positive"",""reasoning"":""The target user expresses clear support for keto: they’ve personally been keto since November, recommend resources (/r/veganketo and recipe sites), argue ketones can fuel the brain without dietary glucose, and describe keto as helpful for satiety and enabling calorie cuts for weight loss. Their tone is confident and explanatory, with no stated drawbacks beyond practical considerations like adequate protein and moderating protein to avoid stalling weight loss. The other user’s receptive response would likely reinforce, not diminish, the target user’s positive stance.""}"
keto_119,"{""stance"":""neutral"",""reasoning"":""The transcript contains only an enthusiastic message from another user praising keto. The target user ([TARGET USER]) does not appear or express any opinion, questions, agreement, or disagreement, so there’s no evidence of the target user’s stance changing or even being revealed. With insufficient direct evidence about the target user’s view after the conversation, the best prediction is neutral.""}"
keto_120,"{""stance"":""neutral"",""reasoning"":""The target user never speaks in the transcript, so there’s no explicit indication of their opinion shifting. While the other user presents keto (and even partial keto) in a positive light—highlighting benefits like blood sugar stability, fewer cravings, and satiety—there’s no evidence of how the target user reacts or whether they accept or reject these claims. With insufficient direct evidence of the target user’s post-conversation attitude, the most reliable prediction is neutral.""}"
keto_122,"{""stance"":""neutral"",""reasoning"":""The target user never speaks in the transcript, so there’s no direct evidence of their opinion or any reaction to the pro-keto message. While the other user presents a strongly positive experience (diabetes control, satiety, inflammation), we can’t reliably infer that the target user adopts that view. With insufficient evidence of the target user’s post-conversation stance, the safest classification is neutral.""}"
keto_123,"{""stance"":""neutral"",""reasoning"":""The target user did not appear in the transcript or express any opinion about keto. Since there’s no direct evidence of their attitude or how the discussion affected them, the safest prediction is neutral.""}"
keto_124,"{""stance"":""neutral"",""reasoning"":""The transcript only shows another user explaining potential benefits of ketosis (fat burning, efficiency, protein-sparing), but contains no response or expressed opinion from the target user. Without evidence of the target user agreeing, disagreeing, or being persuaded, their post-conversation stance cannot be inferred beyond neutral.""}"
keto_125,"{""stance"":""negative"",""reasoning"":""The target user signals skepticism about keto by asking for reasons not to do it, then strongly asserts veganism as “the healthiest diet,” contrasts it with keto’s typical animal-based framing, and adds ethical/environmental objections. They also use lipid panel results to imply their current approach is superior. Even though another user suggests vegan keto as a compromise, the target user’s confident, dismissive tone toward keto and strong identity/ethical commitment to veganism indicate they would remain opposed rather than become favorable.""}"
keto_126,"{""stance"":""negative"",""reasoning"":""The target user explicitly warns that keto is \""killing you,\"" claims it clogs arteries, and directs others to a site they believe supports anti-keto conclusions. When challenged that the site has nothing about keto, the target user replies \""exactly,\"" implying they see the absence itself as validation rather than reconsidering. Nothing in the exchange indicates openness to the counterarguments or any softening of their view, so their stance remains strongly negative after the conversation.""}"
keto_127,"{""stance"":""negative"",""reasoning"":""The target user explicitly warns that keto is \""killing you,\"" claims it clogs arteries with fat, and directs others to a site they believe supports anti-keto claims. Their follow-up \""exactly\"" reinforces a dismissive/critical attitude rather than openness to pro-keto evidence. Nothing in the exchange suggests they were persuaded by the other user's counterpoints, so their stance remains negative.""}"
keto_130,"{""stance"":""neutral"",""reasoning"":""The target user never speaks in the transcript, so there’s no explicit opinion to evaluate. While the other user presents keto in a positive light (satiety, cravings, blood sugar stability), there’s no evidence the target user accepts or rejects these claims or changes their view. With insufficient information about the target user’s reaction, the safest prediction is neutral.""}"
keto_131,"{""stance"":""neutral"",""reasoning"":""The target user never appears in the transcript and provides no statements or reactions. Although the other user speaks favorably about keto’s sustainability and benefits, there’s no evidence the target user accepted or was persuaded by those points, so the safest prediction is neutral.""}"
keto_132,"{""stance"":""neutral"",""reasoning"":""The target user did not appear in the provided transcript or express any opinion about the keto diet. Since there is no direct evidence of the target user’s views or any interaction that would let us infer how the conversation influenced them, the most appropriate prediction is neutral.""}"
keto_133,"{""stance"":""neutral"",""reasoning"":""The target user never speaks in the transcript, so there’s no direct evidence of their opinion. The only content presented is a cautious, mixed view (potential benefits for blood sugar stability but significant safety concerns and need for medical supervision), which doesn’t clearly push the target user toward a positive or negative stance. With insufficient evidence of the target user’s reaction or change in view, the safest prediction is neutral.""}"
keto_134,"{""stance"":""neutral"",""reasoning"":""The target user does not appear in the provided transcript (only an [OTHER USER] message is shown). Without any statements, reactions, or follow-up from the [TARGET USER], there isn’t enough evidence to infer whether they end up positive or negative toward keto after the conversation. Given missing target-user content, the safest prediction is neutral.""}"
keto_135,"{""stance"":""neutral"",""reasoning"":""The target user never speaks in the provided transcript, so there’s no direct evidence of their attitude toward keto or any change in it. Although the other user presents keto in a positive, reassuring way (clean fats, adequate nutrients, appetite suppression), we can’t reliably infer the target user was persuaded without any response from them. With insufficient evidence, the safest prediction is neutral.""}"
keto_136,"{""stance"":""neutral"",""reasoning"":""There are no messages from the [TARGET USER] in the transcript, so we can’t observe their initial view or any explicit change. While the other user presents keto in a mostly positive, nuanced way (benefits for athletes, cognition, blood sugar), there’s insufficient evidence that the target user adopted that stance. With no direct target-user response, the safest prediction is neutral.""}"
keto_137,"{""stance"":""positive"",""reasoning"":""The target user defends keto as a valid option, describes personal benefits (no sacrifice, improved palate, no carb cravings), and pushes back on claims that it’s extreme. Their tone is supportive and confident about keto’s usefulness depending on the individual, indicating an overall positive stance after the discussion.""}"
keto_138,"{""stance"":""neutral"",""reasoning"":""The target user never speaks in the transcript, so there’s no direct evidence of their opinion shifting. While other participants share strongly positive keto experiences and practical tips (including how to drink alcohol on keto), we can’t reliably infer that the target user adopts that view. With insufficient evidence of the target user’s own stance after the conversation, the best classification is neutral.""}"
keto_139,"{""stance"":""positive"",""reasoning"":""The target user defends keto by suggesting the other user’s negative experience may have been due to electrolyte/nutrient deficiency rather than the diet itself, and shares that supplementing electrolytes solved similar problems for them. Their tone is supportive of keto as workable when done correctly, and the other user’s follow-up partially validates this point, reinforcing a positive stance.""}"
keto_141,"{""stance"":""positive"",""reasoning"":""The target user defends keto as a valid, individualized approach, explicitly says it doesn’t feel like a sacrifice, reports benefits (no carb cravings, improved palate), and challenges claims that keto is “extreme” by arguing removing bread calories is not difficult or extreme. The conversation ends with another user partially conceding keto’s potential benefits, which reinforces rather than undermines the target user’s already favorable view.""}"
keto_143,"{""stance"":""negative"",""reasoning"":""The target user begins by explicitly arguing that a ketogenic diet is not better than a high-carb, plant-based diet for insulin, disease resistance, and weight control, and supports this with multiple citations, including one suggesting ketogenic diets can induce hepatic insulin resistance (in mice) and others favoring high-fiber/high-carb patterns. When challenged, they double down—arguing most people on keto get low fiber and contrasting keto’s typical fiber intake with very high fiber targets (80–100g/day), again citing supportive research. The other user’s defense of keto introduces counterpoints (well-formulated keto, unsaturated fats, glycemic stability), but the target user does not show any softening or acceptance; the conversation ends with the target user’s position still firmly critical. Therefore their post-conversation stance remains negative toward keto.""}"
keto_145,"{""stance"":""negative"",""reasoning"":""The target user challenges core keto claims, citing multiple studies to argue dairy doesn’t reduce weight and that carbohydrates don’t cause diabetes, and also highlights potential harms of ketogenic diets (e.g., hepatic insulin resistance in a cited mouse study). Their tone is skeptical and corrective, and nothing in the exchange indicates they were persuaded by the other user’s rebuttal, so their post-conversation stance is best predicted as negative.""}"
keto_146,"{""stance"":""negative"",""reasoning"":""The target user explicitly argues that a ketogenic diet is not better than a high-carb, plant-based diet for insulin, disease resistance, and weight control, and supports this with multiple citations, including one suggesting keto can induce hepatic insulin resistance. The other user offers a more favorable framing of keto (adherence, satiety, plant-based fats, glucose stability), but there’s no indication the target user is persuaded or softens their position. Given the strong initial anti-keto claim plus extensive supporting evidence and no follow-up concession, the most likely post-conversation stance remains negative.""}"
keto_147,"{""stance"":""negative"",""reasoning"":""The target user opens by warning that keto/super low-carb is likely not a good choice for people with testosterone concerns. When challenged, they reinforce this position with multiple cited mechanisms (thyroid hormone reductions affecting testosterone, inflammation, cortisol effects) and then conclude more forcefully that keto has “true believers,” is not appropriate for everyone—especially older men with testosterone issues—and that pushing it broadly would be “reckless and irresponsible.” The other user’s pro-keto arguments do not elicit any softening or agreement from the target user, so their post-conversation stance remains negative.""}"
keto_148,"{""stance"":""negative"",""reasoning"":""The target user begins by warning that keto/super low-carb diets are likely a bad choice for people with testosterone issues. When challenged, they reinforce this position by citing multiple studies linking low-carb diets to reduced thyroid hormones, inflammation-related testosterone lowering, and cortisol-related testosterone decline. They dismiss anecdotal counterpoints and emphasize risk particularly for older men or those with existing testosterone concerns. The final other-user reply introduces possible benefits, but the target user has already anchored strongly to a cautionary/critical view and shows no sign of being persuaded toward keto.""}"
keto_151,"{""stance"":""negative"",""reasoning"":""The target user begins by warning that keto/super low-carb is likely not a good choice for people with testosterone concerns, and throughout the exchange they defend that position with multiple cited mechanisms (thyroid hormones, inflammation, cortisol) and repeatedly push back against counterarguments. They become increasingly dismissive of the other user’s critiques and end the debate by refusing further discussion, indicating their view has hardened rather than softened. Even though the other user closes with a more conciliatory pro-keto argument, the target user does not acknowledge it, and there’s no evidence they were persuaded—so their post-conversation stance remains negative.""}"
keto_153,"{""stance"":""neutral"",""reasoning"":""The transcript contains only messages from OTHER USER(s) and no statements from the [TARGET USER]. Without any explicit reaction, agreement/disagreement, or follow-up from the target user, there isn’t enough evidence to infer a positive or negative stance shift. The discussion presents both benefits (fat loss, metabolic effects, maintenance with low-carb) and drawbacks/constraints (strict carb limits, performance dip, lifestyle difficulty), which overall would not clearly push an unidentified target user in one direction.""}"
keto_155,"{""stance"":""neutral"",""reasoning"":""The transcript is incomplete and contains only an opening from another user describing their experience and credentials. There is no message from the target user, nor any reaction or stated opinion from them. With no evidence of the target user’s attitude or how they were influenced, the safest prediction is neutral.""}"
keto_156,"{""stance"":""neutral"",""reasoning"":""The target user never appears in the provided transcript and provides no statements or reactions about keto. With no evidence of their views or how the discussion affected them, the most reliable prediction is neutral.""}"
keto_157,"{""stance"":""positive"",""reasoning"":""The target user explicitly defends keto against claims that it’s dangerous and argues it’s closer to a natural “wild” diet than potatoes, showing strong agreement with keto principles. Their tone is confrontational in support of keto, and the follow-up message from another user reinforces their view (ketosis as natural/adaptive), making a positive stance the most likely after the conversation.""}"
keto_158,"{""stance"":""neutral"",""reasoning"":""The target user is new to keto and engages with practical concerns (especially potassium safety and magnesium supplementation) rather than expressing approval or disapproval of the diet itself. They show willingness to continue (supplementing magnesium, asking how to do potassium safely) but also anxiety about risks. Overall, the conversation leaves them cautious but not clearly positive or negative toward keto.""}"
keto_161,"{""stance"":""positive"",""reasoning"":""The target user contrasts liking sugary foods with prioritizing goals and explicitly notes fruit doesn’t help her goals due to obesity and insulin resistance—implying preference for lower-carb approaches. The other user then reinforces that ketosis can be effective for insulin resistance and appetite control, which aligns with the target user’s concerns. Nothing in the exchange suggests the target user rejects keto; the context likely nudges her further toward viewing keto favorably as a tool for her goals.""}"
keto_163,"{""stance"":""negative"",""reasoning"":""The target user repeatedly expresses a strongly unfavorable view of keto, calling it “awful,” “extreme,” and specifically objecting to the no-bread restriction (“No bread is extreme,” “Bread is not the problem”). Although another user offers a nuanced defense (blood sugar/insulin, alternatives), the target user’s responses show entrenched disagreement rather than openness, so their stance after the conversation remains negative.""}"
keto_164,"{""stance"":""negative"",""reasoning"":""The target user explicitly dismisses keto as “awful” and frames it as unnecessary sacrifice compared with a balanced diet and exercise. Although another user offers a sympathetic pro-keto argument (helpful for appetite control and simplicity), there’s no indication the target user is persuaded or softens their view, so their stance remains negative after the conversation.""}"
keto_166,"{""stance"":""negative"",""reasoning"":""The target user explicitly says “Keto sounds awful” and frames it as unnecessary and overly sacrificial compared with a balanced diet plus exercise. Although another user offers a defense of keto’s flexibility and appetite benefits, there’s no indication the target user is persuaded or softens their view, so their stance after the conversation remains negative.""}"
keto_167,"{""stance"":""negative"",""reasoning"":""The target user explicitly says \""Keto sounds awful\"" and frames it as unnecessary sacrifice compared to a balanced diet and exercise. Although another user provides a mild defense of keto as a tool for appetite suppression, there’s no indication the target user is persuaded or softens their view, so their stance remains negative after the conversation.""}"
keto_168,"{""stance"":""positive"",""reasoning"":""The target user defends keto by challenging the idea that fiber research counters it (“it’s one of main rules of keto to eat a lot of fiber”) and asserts a keto-aligned heuristic for fiber intake (“eat it until you are full”). They do not concede any anti-keto points, and the other user’s final reply partially validates keto’s compatibility with high-fiber foods, which would likely reinforce the target user’s pro-keto stance.""}"
keto_169,"{""stance"":""neutral"",""reasoning"":""The target user never speaks in the transcript, so there’s no direct evidence of their opinion. While other participants present a mixed view (keto not superior for fat loss at equal calories, but potentially helpful for appetite/insulin and certain conditions), there’s nothing indicating how the target user received or adopted these points. With insufficient evidence of a shift toward or against keto, the most defensible prediction is neutral.""}"
keto_170,"{""stance"":""neutral"",""reasoning"":""The target user challenges the other person’s claim of being in ketosis, emphasizing that true ketosis requires very low glucose and noting protein’s glucogenic potential, which signals skepticism about keto claims/definitions. However, they don’t argue that keto is harmful or ineffective overall, nor do they reject low-sugar eating; they mainly correct a technical point. After the other user’s rebuttal, the target user hasn’t responded, so there’s no clear evidence their stance shifts to positive or negative—overall it remains neutral (skeptical/technical rather than anti-keto).""}"
keto_173,"{""stance"":""positive"",""reasoning"":""The target user strongly endorses keto, calling it “fun” and “effective,” and explicitly urges others to “Try Keto.” They attribute substantial fat/weight loss, improved lifts, and better mental alertness (plus sleeping less as a perceived benefit) to the diet. Nothing in the subsequent exchange indicates doubt or reconsideration—only a clarification about insomnia—so their post-conversation stance remains clearly positive.""}"
keto_175,"{""stance"":""positive"",""reasoning"":""The target user strongly endorses keto, describing substantial fat/weight loss alongside increased lifts, lower body fat, enjoyment (“fun, effective”), and additional perceived benefits (sleeping less, mental challenge). Nothing in the follow-up question challenges these claims; it reinforces keto advantages, so the user’s stance would remain positive after the conversation.""}"
keto_176,"{""stance"":""positive"",""reasoning"":""The target user is strongly pro-keto: they explicitly advocate “Try Keto,” describe it as “fun, effective,” and cite substantial fat/weight loss with increased max lifts and lower body fat. The other user’s supportive reply reinforces these benefits (recomposition, stable energy, mental clarity), which would likely maintain or further strengthen the target user’s already positive stance.""}"
keto_179,"{""stance"":""positive"",""reasoning"":""The target user already expresses strong enthusiasm and satisfaction with keto (“lost the 10 lbs… Replace bread with bacon? I’m in.”). The rest of the conversation reinforces this with additional success stories, practical substitution tips, and benefits like reduced cravings, better satiety, and stable energy. Nothing challenges or discourages keto, so the target user’s stance would remain (and likely become even more) positive.""}"
keto_180,"{""stance"":""positive"",""reasoning"":""The target user reports clear personal success on keto (lost 10 lbs, enthusiastic about food swaps like bread to bacon) and explicitly says they plan to stay on keto or a “keto lite” version. Although another user questions whether the loss was exclusively belly fat, nothing in the target user’s replies suggests doubt or reconsideration; they instead discuss how to continue (raise calories, increase protein). The final message reinforces keto’s benefits, which would likely further support the target user’s already favorable view.""}"
keto_181,"{""stance"":""positive"",""reasoning"":""The target user reports a successful month on keto with a 10 lb loss they’re happy with, expresses enthusiasm (“Replace bread with bacon? I’m in.”), and explicitly plans to continue keto or “keto lite” going forward. The other user’s supportive comment about visceral fat and recomposition reinforces this, so their post-conversation stance remains positive.""}"
keto_182,"{""stance"":""negative"",""reasoning"":""The target user repeatedly argues keto is extreme/unnatural, lacks evidence for long-term health and longevity, and should not be recommended except possibly for specific high-risk conditions. Even after the other user provides counterpoints about metabolic flexibility and improved cardiovascular markers, the target user’s position remains focused on insufficient long-term evidence and potential risk, with no sign of being persuaded.""}"
keto_183,"{""stance"":""neutral"",""reasoning"":""The target user pushes back on the keto framing by emphasizing that complex carbs (legumes/whole grains) are meaningfully different from processed Western-diet carbs, suggesting skepticism toward lumping all carbs together. They don’t explicitly reject keto, and the other user provides a detailed pro-keto metabolic/therapeutic argument that could soften opposition, but there’s no clear sign the target user accepts it or shifts. Overall, the target user’s post-conversation stance is best predicted as neutral (skeptical but not outright anti-keto).""}"
keto_185,"{""stance"":""neutral"",""reasoning"":""The target user responds with a practical suggestion—read more about keto and cholesterol and request a VAP test—without endorsing or criticizing keto itself. Their comment implies keto may have nuance regarding cholesterol (so not outright negative), but they don’t express personal approval or disapproval. With no further reaction showing a shift, their stance remains neutral.""}"
keto_187,"{""stance"":""neutral"",""reasoning"":""There are no messages from the identified [TARGET USER] in the provided transcript, so there is no direct evidence of their opinion or any change in attitude toward keto. The only visible speaker is [OTHER USER], whose situation (celiac, underweight, paleo) doesn’t allow a reliable inference about the target user’s post-conversation stance.""}"
keto_189,"{""stance"":""neutral"",""reasoning"":""There is no message from the target user in the provided transcript, so we have no direct evidence of their opinion. Although the other user presents keto in a positive light (stable energy, appetite control, therapeutic history), we cannot reliably infer that the target user adopts this view after the conversation. With insufficient evidence of the target user’s reaction or agreement, the most appropriate prediction is neutral.""}"
keto_191,"{""stance"":""neutral"",""reasoning"":""The target user describes prior strict keto with “pretty good results” and continues a low‑carb approach, showing some appreciation for keto’s benefits. However, they emphasize that true ketosis is hard to achieve, requires annoying carb restriction, high fat intake, and strict dedication, and they caution that half‑measures don’t work. After another user adds pro-keto points (appetite suppression, metabolic flexibility), the target user does not explicitly shift more positive or negative. Overall, they remain balanced: acknowledging benefits but highlighting practicality and adherence challenges, so the likely stance after the conversation is neutral.""}"
keto_194,"{""stance"":""neutral"",""reasoning"":""The target user is generally supportive of keto’s potential benefits and reports personal success, but emphasizes that true keto is difficult to maintain, requires strict carb restriction, and that partial adherence won’t deliver the claimed benefits. The reply from the other user adds nuance (metabolic flexibility, protein not necessarily kicking one out, easier re-entry after adaptation) but doesn’t clearly shift the target user to a more enthusiastic or more critical position. Overall, the target user’s post-conversation stance remains balanced: acknowledging benefits while highlighting practical and physiological limitations.""}"
keto_198,"{""stance"":""neutral"",""reasoning"":""The target user does not appear in the transcript and provides no explicit reaction or opinion about keto. While the other user presents a pro-keto clarification (distinguishing nutritional ketosis from ketoacidosis), there is no evidence the target user accepted, rejected, or was influenced by it, so the safest prediction is neutral.""}"
keto_199,"{""stance"":""neutral"",""reasoning"":""The target user acknowledges that higher protein can help preserve muscle during a caloric deficit and strength training, but doesn’t express a clear pro- or anti-keto opinion. The other user presents keto-specific benefits (BHB protein-sparing, insulin sensitivity), yet the target user does not explicitly accept or reject these claims. With no clear endorsement or criticism of keto from the target user after the exchange, their stance is best classified as neutral.""}"
keto_200,"{""stance"":""neutral"",""reasoning"":""The target user never speaks in the transcript, so there’s no direct evidence of their opinion. While other participants are strongly positive about keto (weight loss, reduced hunger/cravings, mental clarity), we can’t reliably infer that the target user adopts that view after the conversation. With insufficient evidence of the target user’s reaction or change in attitude, the best prediction is neutral.""}"
keto_201,"{""stance"":""positive"",""reasoning"":""The target user reports strong personal benefits from keto (lost unwanted visceral fat while maintaining weight, feeling stronger, elimination of migraines and menstrual cramps, improved social anxiety) and explicitly says they “recommend it whole heartedly.” They also downplay keto flu as manageable and describe enjoying keto foods and feeling great, indicating an overall positive stance after the conversation.""}"
keto_202,"{""stance"":""neutral"",""reasoning"":""The target user never speaks in the provided transcript, so there’s no direct evidence of their opinion or any shift in attitude. While the conversation includes a nuanced, partly supportive but cautionary view of keto (benefits if truly in ketosis, but difficult adherence and possible performance drawbacks), we can’t reliably infer how the target user would be influenced. With insufficient evidence about the target user’s reaction, the best prediction is neutral.""}"
keto_204,"{""stance"":""neutral"",""reasoning"":""The target user never speaks in the transcript, so there’s no direct evidence of their opinion. The conversation presents mixed views—one person reports negative side effects and poor long-term results, while another frames keto as potentially useful short-term but questions sustainability. With no indication of how the target user reacts to these points, the safest prediction is a neutral stance after the conversation.""}"
keto_205,"{""stance"":""positive"",""reasoning"":""The target user suggests adding discussion of glycemic index in a keto-related post, implying engagement and a constructive, non-critical attitude toward keto. The other user then strongly reinforces keto’s benefits (stable insulin, fewer energy crashes, improved insulin sensitivity), and there’s no pushback from the target user. Given this supportive context and the target user’s initial helpful contribution, the most likely stance after the exchange is positive.""}"
keto_206,"{""stance"":""neutral"",""reasoning"":""The target user never speaks in the provided transcript, so there’s no direct evidence of their opinion on keto or any change in attitude after the conversation. Without any statements or reactions from the target user, the safest prediction is neutral.""}"
keto_216,"{""stance"":""negative"",""reasoning"":""The target user already reports mixed short-term results but overall a bad experience on keto (grumpy, tired) and poor long-term outcome (regained weight), and explicitly prefers a non-keto low-carb approach with more fruits/vegetables that they say makes them feel better and has led to their lowest weight in years. The other user’s explanation about electrolytes/“keto flu” offers a possible fix, but the target user does not indicate being persuaded; their replies reinforce moving away from keto (whole wheat crust, moderation) rather than returning to ketosis. Overall their stance remains unfavorable toward keto after the exchange.""}"
keto_217,"{""stance"":""negative"",""reasoning"":""The target user reports that while keto caused weight loss, it also made them grumpy and tired, and they regained the weight after stopping. They explicitly say they now avoid keto (low carb but not keto), feel much better, and are at a lower weight than when on keto. The other user offers possible fixes (electrolytes, keto-friendly produce), but the target user’s stated experience and current preference indicate an overall negative stance toward keto after the conversation.""}"
keto_218,"{""stance"":""negative"",""reasoning"":""The target user reports that keto caused persistent negative effects (grumpy and tired), was not sustainable for them, and led to weight regain after stopping. They explicitly prefer a non-keto, low-carb approach with more fruits/vegetables and say they feel better and are now at a lower weight than on keto. Although the other user offers explanations (electrolytes, better-managed keto), there’s no indication the target user is persuaded or reconsidering, so their stance remains negative.""}"
keto_219,"{""stance"":""negative"",""reasoning"":""The target user already reports a personally unfavorable experience with keto (grumpy, tired), weight regain after stopping, and explicitly prefers a non-keto low-carb approach that makes them feel better and has led to their lowest weight in years. The other user offers counterpoints (electrolytes, heart markers, berries/vegetables), but there’s no indication the target user is persuaded; their stated outcomes and current success reinforce a negative stance toward keto after the exchange.""}"
keto_220,"{""stance"":""negative"",""reasoning"":""The target user explicitly endorses the skeptical reply “WATER WEIGHT” with “^ This,” aligning with the view that early keto losses are mostly water weight and implying keto’s effectiveness is overstated. They don’t express any later openness to keto’s longer-term benefits in the thread, so their stance after the conversation remains negative.""}"
keto_221,"{""stance"":""neutral"",""reasoning"":""The target user expresses concern about keto’s sustainability and potential fat regain when reintroducing carbs, indicating uncertainty rather than endorsement or rejection. The reply they receive frames keto as potentially useful and explains water-weight regain, which may reduce their worry, but the target user does not explicitly accept the argument or show enthusiasm. Overall, their stance remains cautious/undecided.""}"
keto_222,"{""stance"":""neutral"",""reasoning"":""The transcript only shows another user presenting pro-keto arguments; the target user’s own statements and reactions are not included. Without evidence of the target user agreeing, disagreeing, or changing their view, their post-conversation stance cannot be inferred and is best classified as neutral.""}"
keto_223,"{""stance"":""neutral"",""reasoning"":""The target user did not speak in the transcript, so there’s no direct evidence of their attitude. While other participants present pro-keto arguments (diabetes reversal, neurological benefits, evolutionary rationale), we can’t reliably infer that the target user adopted those views. With insufficient evidence of a shift, the most justified prediction is neutral.""}"
keto_224,"{""stance"":""neutral"",""reasoning"":""The target user never speaks in the transcript, so there’s no direct evidence of their opinion. While the other user presents a balanced view (no fat-loss advantage at equal calories, but possible adherence/satiety benefits), we can’t reliably infer that the target user adopts a positive or negative stance from this alone. Therefore the most supported prediction is neutral.""}"
keto_226,"{""stance"":""neutral"",""reasoning"":""The target user never speaks in the transcript, so there’s no explicit indication of their opinion on keto. Although the other user presents keto positively (as complementary to intermittent fasting and helpful for hunger/blood sugar control), there’s no evidence the target user accepts or rejects these points, so the safest prediction is neutral.""}"
keto_227,"{""stance"":""neutral"",""reasoning"":""The target user did not appear in the provided transcript and expressed no explicit opinion about keto. While the other user spoke positively about keto, there’s no evidence of the target user adopting or reacting to those claims, so their post-conversation stance can’t be inferred beyond neutral.""}"
keto_230,"{""stance"":""neutral"",""reasoning"":""The target user engages critically with measurement claims (challenging urine ketone strips and distinguishing nutritional ketosis from ketoacidosis) and emphasizes that blood BHB is the reliable confirmation method. They do not express approval or disapproval of keto itself—only skepticism about a specific diagnostic tool and precision around definitions. The other user’s clarifications might reduce concern, but there’s no clear shift to endorsement or rejection of the keto diet.""}"
keto_231,"{""stance"":""neutral"",""reasoning"":""The target user never speaks in the transcript, so there’s no direct evidence of their opinion. The discussion includes both skepticism (concerns about low protein and muscle mass) and a defense of keto (protein-sparing effects, satiety, stable energy), which could balance out. With no explicit reaction from the target user, the safest prediction is neutral.""}"
keto_232,"{""stance"":""neutral"",""reasoning"":""The transcript contains no messages from the person identified as [TARGET USER], so there’s no direct evidence of their initial views or any reaction to the arguments presented. While other users discuss keto’s strictness and ketosis testing (which could sway someone either way), we can’t infer the target user’s post-conversation stance without seeing their participation. Therefore, the safest prediction is neutral due to insufficient evidence.""}"
keto_234,"{""stance"":""neutral"",""reasoning"":""The target user never speaks in the provided transcript, so there’s no direct evidence of their opinion or any change in it. Although the other user presents keto in a positive, heart-health-oriented way, we can’t reliably infer that the target user adopts that view without any response from them.""}"
keto_236,"{""stance"":""neutral"",""reasoning"":""The target user never speaks in the transcript, so there’s no direct evidence of their opinion before or after. While the other user offers a mostly supportive view of keto’s benefits (ketosis, metabolic flexibility, satiety) alongside a critique of arbitrary carb limits, we can’t reliably infer that the target user adopts either stance. With insufficient evidence of the target user’s reaction or change in view, the safest prediction is neutral.""}"
keto_239,"{""stance"":""positive"",""reasoning"":""The target user actively supports keto by offering specific keto-friendly substitutions for pasta and potatoes (zucchini noodles, cauliflower mash) and adds an encouraging tip about Alfredo sauce being acceptable if sugar-free. This shows they’re engaged, knowledgeable, and framing keto as workable rather than problematic, indicating a positive stance after the conversation.""}"
keto_240,"{""stance"":""positive"",""reasoning"":""The target user responds by offering keto-friendly substitutions (zucchini noodles, cauliflower mash) and adds an encouraging tip about enjoying Alfredo sauce as long as it’s sugar-free. This indicates comfort with keto rules, practical engagement, and a supportive attitude toward making the diet work rather than skepticism or reluctance.""}"
keto_243,"{""stance"":""neutral"",""reasoning"":""The target user emphasizes that the best diet is one you can sustain and that individual needs vary, explicitly stating they feel optimal with ~40% of calories from carbs. They don’t express hostility toward keto, acknowledging lower-carb plans work for some, but they position keto/very low carb as not suitable for them. The other user’s pro-keto reply challenges the idea of “needing” carbs, but there’s no evidence the target user accepts that argument or shifts their view. Overall, they remain generally open-minded but personally unconvinced—neutral rather than positive or negative.""}"
keto_245,"{""stance"":""positive"",""reasoning"":""The target user is already interested in keto and is asking whether it’s recommended, expressing a plan to manage insulin and carbs carefully. The reply strongly reassures them that many type 1 diabetics succeed on keto, that it can stabilize blood sugar and simplify management, and endorses gradual carb reduction with monitoring. With no counterarguments presented, the conversation context is likely to increase the target user’s confidence and make their stance more favorable toward trying keto.""}"
keto_250,"{""stance"":""neutral"",""reasoning"":""The target user never speaks in the provided transcript, so there’s no explicit indication of their attitude toward keto. While the other user presents a balanced view (no fat-loss advantage at equal calories, but possible adherence/satiety benefits), there’s insufficient evidence that the target user adopts either a positive or negative stance after hearing it.""}"
keto_251,"{""stance"":""positive"",""reasoning"":""The target user defends keto’s premise (“selling points of keto/paleo”) and argues it can help people eat less overall and afford fresher foods. They also push back on criticism of bacon by reframing it as potentially ‘fresh’ when responsibly sourced, showing alignment rather than skepticism. The final message from another user reinforces keto benefits (satiety, blood sugar stability) without any rebuttal from the target user, which likely maintains or strengthens the target user’s already favorable view.""}"
keto_252,"{""stance"":""positive"",""reasoning"":""The target user gives detailed, supportive keto advice based on personal experience (“When I did keto…”), recommends specific keto-friendly foods/drinks (Bovril, miso soup), explains macros and carb limits, suggests a practical ramp-in approach, and directs others to keto subreddits. Their tone is helpful and encouraging, with no expressed downsides, indicating a positive stance after the conversation.""}"
keto_254,"{""stance"":""neutral"",""reasoning"":""The target user expresses skepticism about standard keto macro guidance, specifically that 20% protein may be sub-optimal for preserving muscle mass. However, they don’t reject keto overall—only question protein recommendations. The reply they receive provides counterpoints (protein-sparing effect, maintenance adequacy, flexibility to eat higher protein and stay in ketosis), which could soften their concern, but there’s no explicit indication the target user is convinced. Overall this leaves them neither clearly pro- nor anti-keto after the exchange.""}"
keto_255,"{""stance"":""neutral"",""reasoning"":""The target user does not appear in the transcript and makes no explicit statements about keto. The conversation is generally supportive and informational about managing electrolytes safely, which could slightly reduce fear, but there’s no evidence of the target user’s reaction or attitude change. With insufficient direct evidence, the most reliable prediction is neutral.""}"
keto_257,"{""stance"":""neutral"",""reasoning"":""The target user never speaks in the provided transcript, so there’s no direct evidence of their opinion about keto or any reaction to the other user’s pro-keto comments. With insufficient information to infer a shift, the safest prediction is neutral.""}"
keto_260,"{""stance"":""positive"",""reasoning"":""The target user defends keto’s appetite-suppressing effects, argues that many keto studies include relatively high protein intakes, and when challenged shifts to additional pro-keto mechanisms (ketones like BHB affecting hunger signals, reduced insulin spikes/blood sugar crashes). Their final message reinforces that ketosis itself likely provides a unique advantage for weight management, indicating an overall favorable stance rather than neutrality or skepticism.""}"
keto_261,"{""stance"":""positive"",""reasoning"":""The target user defends keto research and argues from within the keto literature, disputing criticisms as methodological (DXA bias, glycogen/water supercompensation) rather than rejecting keto itself. They also push back against labeling their work as “broscience” and emphasize they cite most of the keto fat loss/LBM literature. Nothing in their comments indicates a negative view of keto; the debate is about how to measure outcomes fairly, suggesting an overall favorable or supportive stance toward keto after the conversation.""}"
keto_264,"{""stance"":""neutral"",""reasoning"":""The target user never speaks in the provided transcript, so there’s no direct evidence of their opinion or any change in attitude. While the other user presents keto in a positive light (manageable net carbs, steady energy, less hunger), we can’t reliably infer the target user adopted that view without any response from them.""}"
keto_265,"{""stance"":""neutral"",""reasoning"":""The target user consistently argues that not measuring ketones does not discredit keto studies and that studies should reflect how keto is practiced in the real world. They push back strongly against the idea that “true keto” requires ketone testing and dismiss home ketone monitoring as uncommon. This indicates skepticism toward strict/idealized ketogenic claims, but they do not criticize keto’s health effects or say the diet is bad—only that research should evaluate typical adherence. The final other-user message offers a rationale for ketone tracking, but there’s no sign the target user accepts it or shifts position. Overall their stance toward keto itself remains neither clearly pro nor anti, so it’s neutral.""}"
keto_266,"{""stance"":""positive"",""reasoning"":""The target user defends the validity and usefulness of keto-related studies even without measuring blood ketones, arguing that such studies reflect real-world keto practice and outcomes. Their responses consistently push back against criticism and frame keto as practical and relevant, indicating a favorable stance rather than neutrality or skepticism.""}"
keto_267,"{""stance"":""positive"",""reasoning"":""The target user repeatedly defends keto research that doesn’t measure blood ketones, arguing it “doesn’t discredit anything” and that ketone measurement is “irrelevant” because typical keto dieters don’t track it. This indicates they view keto as a legitimate, results-driven diet in real-world practice and resist critiques that would undermine keto studies. Nothing in the exchange suggests they become more skeptical; if anything, they maintain a pro-keto posture focused on practical outcomes.""}"
keto_272,"{""stance"":""positive"",""reasoning"":""The target user consistently defends keto as sustainable and varied when done creatively, dismisses the idea that it’s inherently limiting, and argues that perceived lack of variety is due to poor cooking effort rather than the diet. They cite many keto-friendly foods they eat, validate keto’s physical benefits, and challenge others on why they’d discontinue it, even pointing to ketogains to support lifting on keto. The conversation ends with another user aligning with the target’s pro-keto points, reinforcing the target user’s already favorable stance.""}"
keto_273,"{""stance"":""neutral"",""reasoning"":""The target user never states an opinion about keto, asks no follow-up, and provides no personal reaction. The only content is another user framing 80g carbs as workable low-carb rather than strict keto. With no evidence of the target user agreeing or disagreeing, there isn’t enough to infer a positive or negative stance shift, so neutral is most appropriate.""}"
keto_274,"{""stance"":""negative"",""reasoning"":""The target user repeatedly criticizes keto, calling it “so hard” with “so many rules,” describes it as a “trick,” and expresses fear about its impact on “people’s arteries.” They contrast this with their preferred whole-food plant-based diet as easier, more filling, and healthier. Although another user pushes back with claims of improved cardiac risk factors on low-carb diets, the target user does not soften or revise their view afterward, so their stance remains negative.""}"
keto_275,"{""stance"":""neutral"",""reasoning"":""The target user mainly pushes back on the claim that you “can’t really overeat on fat,” giving vivid examples of easily overeating cheese/salami and other high-fat foods. That signals skepticism toward a common pro-keto talking point (satiety automatically prevents overeating), but they don’t reject keto overall or comment on ketosis’ purported benefits. Their tone is humorous and food-focused rather than evaluative of keto as a diet. The last message introduces pro-keto metabolic arguments, but the target user hasn’t responded to accept or reject them, so there isn’t enough evidence of a clear positive or negative shift—overall stance remains neutral.""}"
keto_277,"{""stance"":""positive"",""reasoning"":""The target user explicitly reports doing “WAY better on keto,” with “far more energy on than off,” including while lifting. They also agree that responses vary by person, but nothing in the ensuing skepticism appears to change their view; if anything, the follow-up acknowledges possible mechanisms (adaptation, electrolytes, inflammation) that could validate the target user’s experience. Overall, the target user remains favorable toward keto.""}"
keto_278,"{""stance"":""neutral"",""reasoning"":""The target user only makes a factual/critical observation that many nuts contain significant carbs, even “keto friendly” ones like almonds. They don’t express approval of keto overall or reject it; their comment is more about practical carb counting within keto than a clear pro- or anti-keto stance. There’s also no evidence they were persuaded by others into a more positive or negative view, so their post-conversation stance remains neutral.""}"
keto_279,"{""stance"":""positive"",""reasoning"":""The target user describes keto as a major turning point in understanding nutrition, reducing cravings for sugar/processed foods, and improving health. They explicitly say they’ve seen “a lot of benefit,” think it’s “still worth doing,” and recommend it at least for cutting. The other user’s supportive reply reinforces these perceived benefits, so the target user’s stance after the conversation remains clearly positive.""}"
keto_281,"{""stance"":""neutral"",""reasoning"":""The target user never states a personal opinion about keto or responds to the pro-keto argument. The only content is another user’s critique and another user’s defense; without any indication of the target user’s agreement, disagreement, or attitude shift, there isn’t enough evidence to infer a positive or negative stance, so neutral is most appropriate.""}"
keto_282,"{""stance"":""positive"",""reasoning"":""The target user already expresses clear benefits from keto (better nutrition awareness, reduced cravings for sugar/processed foods, lifestyle progress, and personal health improvements) and frames it as worthwhile, especially for cutting. The other user reinforces these points with additional purported health and performance benefits (insulin sensitivity, reduced inflammation, steady energy), which would likely further strengthen the target user’s favorable view rather than introduce doubts. Overall stance remains positive after the conversation.""}"
keto_285,"{""stance"":""negative"",""reasoning"":""The target user repeatedly pushes back against pro-keto framing, calling the bacon-based “advantage” argument meaningless and emphasizing that keto offers no unique benefit over CICO because you can eat what you want under any calorie-deficit approach. They also highlight keto restrictions (no chocolate/garlic bread) as a burden. Even when conceding that strict diets can provide a helpful mental framework, they treat that as not specific to keto and not relevant to the original claim, indicating an overall skeptical/negative stance toward keto after the exchange.""}"
keto_287,"{""stance"":""neutral"",""reasoning"":""The target user never speaks in the provided transcript, so there’s no explicit indication of their opinion. While the other user expresses a negative view of keto for bodybuilding, we can’t reliably infer the target user adopted that stance without any response or reaction from them. With insufficient evidence of the target user’s attitude or change in attitude, the safest prediction is neutral.""}"
keto_288,"{""stance"":""neutral"",""reasoning"":""The transcript only shows an OTHER USER criticizing how keto studies were conducted (e.g., too much protein, not true keto). The TARGET USER provides no statements, reactions, or cues about their own view, so there isn’t enough evidence to infer a positive or negative stance change. With no explicit or implied TARGET USER position, the safest prediction is neutral.""}"
keto_289,"{""stance"":""positive"",""reasoning"":""The target user strongly endorses keto based on personal success (“lost 36lbs on keto so far”), attributes weight gain primarily to carbs (“The carbs are the killer”), and dismisses calorie-based objections by arguing that on keto they can “eat all I want and shed lbs” and that calories “don't matter” if not stored as fat. The final message from another user further supports keto with physiological explanations, which would likely reinforce the target user’s already favorable view. Overall their stance after the conversation is clearly positive.""}"
keto_290,"{""stance"":""positive"",""reasoning"":""The target user strongly endorses keto based on personal success (“lost 36lbs on keto so far”) and attributes weight loss specifically to carb restriction (“The carbs are the killer”). Throughout the debate, they defend keto’s underlying mechanism and push back against calorie-balance arguments, indicating conviction rather than doubt. Nothing in the conversation shows them reconsidering; if anything, they become more entrenched in pro-keto beliefs.""}"
keto_291,"{""stance"":""negative"",""reasoning"":""The target user explicitly rejects keto (“No, just no”), calls ketogenic diets “bullshit,” and argues the perceived benefits come from cutting processed foods/sugar and possibly increased exercise rather than ketosis. Nothing in the exchange indicates their view softened; if anything, they reinforce a strongly critical stance.""}"
keto_292,"{""stance"":""negative"",""reasoning"":""The target user explicitly rejects keto (“No, just no”), calls ketogenic diets “bullshit,” and attributes any success to removing processed foods/sugar and possibly adding exercise rather than ketosis itself. Although another user provides a rebuttal citing epilepsy treatment and potential metabolic benefits, there’s no indication the target user is persuaded or softens their view, so their post-conversation stance remains negative.""}"
keto_293,"{""stance"":""negative"",""reasoning"":""The target user explicitly argues that a low-GI, high-carb, high-fiber diet is “infinitely more effective than a keto diet” and adds a critique that long-term keto leads to nutrient deficiencies and is rarely sustained. Although another user counters with the idea of a well-planned, nutrient-dense keto, the target user has already taken a strongly critical position and there’s no indication they were persuaded or softened their view afterward.""}"
keto_295,"{""stance"":""neutral"",""reasoning"":""The target user never speaks in the transcript, so there’s no direct evidence of their opinion. The conversation presents both a strongly negative view (keto is ‘mostly nonsense,’ less satisfying, less muscle fullness) and a rebuttal highlighting potential benefits (satiety, steady energy, insulin sensitivity). With no indication of which side the target user accepts or how persuaded they are, the safest prediction is neutral.""}"
keto_296,"{""stance"":""neutral"",""reasoning"":""The target user does not appear in the provided transcript, so there is no direct evidence of their opinion or any change in attitude after the conversation. With insufficient information about what the target user said or how they reacted, the safest prediction is neutral.""}"
keto_298,"{""stance"":""positive"",""reasoning"":""The target user explicitly endorses keto based on five years of on-and-off experience, stating they’ve “always had more energy and felt great on keto” after the initial keto flu. They also defend keto against common implementation mistakes (going low-carb and low-fat) and question how others did it, indicating a confident, favorable stance that remains positive after the exchange.""}"
keto_299,"{""stance"":""neutral"",""reasoning"":""The target user never states a personal opinion about keto. The conversation presents a mixed view: it criticizes a vocal minority for misinformation (e.g., thinking carbs/insulin alone drive fat loss) while also offering balanced, pro-keto points about satiety, appetite control, and reducing processed carbs. With no explicit reaction from the target user, the best prediction is that they remain neutral overall.""}"
keto_300,"{""stance"":""neutral"",""reasoning"":""The target user never speaks in the transcript, so there’s no direct evidence of their opinion or any shift in attitude. Although another user argues strongly in favor of keto (cravings down, steadier energy, easier adherence), we can’t reliably infer that the target user accepts or adopts that view. With insufficient evidence about the target user’s reaction, the safest prediction is neutral.""}"
keto_301,"{""stance"":""neutral"",""reasoning"":""The target user never speaks in the transcript, so there’s no direct evidence of their personal view shifting. The conversation presents mixed points: some argue keto helps appetite control and satiety, while others counter with evidence that carbs can also increase satiety and that fat may promote passive overconsumption; another user notes keto doesn’t fill them up. Because the discussion is balanced rather than clearly pro- or anti-keto, and we can’t infer the target user adopted any side, the most justified prediction is neutral.""}"
keto_302,"{""stance"":""neutral"",""reasoning"":""The target user explicitly says they have nothing against keto and even use it when cutting, indicating some acceptance of it as a practical tool. However, they strongly criticize a vocal subset of the keto community for making “magic/defies physics” claims about carbs and insulin, which tempers any positivity. Overall, they seem pro-keto-as-a-method but anti-misinformation, resulting in a neutral overall stance after the conversation.""}"
keto_303,"{""stance"":""negative"",""reasoning"":""The target user criticizes a “sizable chunk” of the keto community for believing weight loss is “100% about the carbs,” calls that belief “completely wrong,” and mocks common insulin-related claims. They show skepticism and frustration toward keto rhetoric, and nothing in their replies indicates a shift toward supporting keto after the discussion, so their stance remains negative.""}"
keto_307,"{""stance"":""neutral"",""reasoning"":""The target user never speaks in the transcript, so there’s no direct evidence of their opinion. While other participants criticize keto on health/cholesterol grounds and favor lower-carb or higher-fiber diets, we can’t reliably infer the target user adopted that view. With insufficient evidence of the target user’s post-conversation stance, the best prediction is neutral.""}"
keto_311,"{""stance"":""negative"",""reasoning"":""The target user explicitly criticizes keto proponents, claims “all the LDL is bad,” argues keto increases heart disease risk due to saturated fat/cholesterol/salt, and recommends reducing meat/cheese and fats in favor of fruits, vegetables, and complex carbs. Even after another user cites a study suggesting neutral/improved lipid markers, there’s no indication the target user is persuaded or softens their position. Overall stance remains strongly anti-keto.""}"
keto_318,"{""stance"":""negative"",""reasoning"":""The target user repeatedly rejects keto/low-carb claims, calling them “mythmongers,” “nonsensical junk science,” and warning that high-fat keto will “damage your health.” They insist weight loss is purely calorie-driven and cite an official diabetes organization position statement to argue the science doesn’t support keto, explicitly prioritizing studies over anecdotes. Nothing in the exchange indicates they were persuaded; they maintain and reinforce an anti-keto stance by the end.""}"
keto_320,"{""stance"":""positive"",""reasoning"":""The target user is explicitly enthusiastic about keto (“I’m really fond of Keto”) and argues it is healthy, effective for appetite control and lipid panels, and not strongly linked to heart disease. They provide an extensive pro-keto explanation, emphasize adherence, and counter warnings about kidney failure and athletic performance by distinguishing ketosis from ketoacidosis and citing personal strength/endurance improvements. The final reply from another user reinforces the target user’s position (fat-adaptation, endurance benefits, TKD), which would further support—not weaken—the target user’s already positive stance.""}"
keto_321,"{""stance"":""positive"",""reasoning"":""The target user is explicitly enthusiastic about keto throughout the conversation (“I’m really fond of Keto,” “the beauty of Ketosis,” encourages others to try it), defends its safety/heart-disease concerns, and frames its effects as beneficial (appetite suppression, improved lipid panels, energy). The later reply from the M.D. student partially retracts and adds supportive points (clinical data, hunger hormones, brain using ketones, improved TG/HDL), which would likely reinforce rather than weaken the target user’s already positive stance. No part of the exchange indicates the target user becoming more skeptical.""}"
keto_323,"{""stance"":""positive"",""reasoning"":""The target user explicitly endorses keto (“I’m really fond of Keto”), argues it can be healthy (low-carb veggies, weak link between high fat and heart disease), and claims it improves lipid panels. They provide an extensive, enthusiastic explanation of ketosis’ mechanisms and benefits (appetite suppression, sustained energy, significant weight loss), while framing risks as manageable (eat protein, don’t cheat). Nothing in the conversation challenges or shifts their view, so their stance remains strongly positive after the discussion.""}"
keto_325,"{""stance"":""positive"",""reasoning"":""The target user is strongly pro-keto throughout the conversation: they explicitly say they are “really fond of Keto,” argue it lowers lipid panels, downplay the high-fat/heart-disease link, and give an extended, enthusiastic explanation framing ketosis as “the beauty” of the diet with euphoric benefits (appetite suppression, steady energy, fat loss). They acknowledge downsides (don’t cheat, possible muscle wasting) but treat them as manageable with protein and adherence. Nothing in the exchange challenges or shifts their view; if anything, the follow-up questions align with and reinforce their pro-keto framing, so their stance after the conversation remains positive.""}"
keto_326,"{""stance"":""positive"",""reasoning"":""The target user is explicitly enthusiastic about keto (“I’m really fond of Keto”), defends it against common criticisms (heart disease link is weak, lipid panels can improve), and provides a long, persuasive explanation framing ketosis as beneficial (appetite suppression, energy/euphoria, effective fat burning). They acknowledge manageable risks (cheating, muscle wasting) but still advocate others try it. The other user’s supportive comment reinforces rather than challenges the target user, so the target user’s already-positive stance would remain positive after the conversation.""}"
keto_327,"{""stance"":""positive"",""reasoning"":""The target user is explicitly enthusiastic about keto (“I’m really fond of Keto”), defends it against common criticisms (heart disease link is weak, lipid panels often improve), and frames it as effective and even “beautiful/euphoric” due to appetite suppression and steady energy from fat oxidation. They acknowledge risks (cheating, appetite control off-keto, muscle wasting) but present them as manageable with protein intake and adherence, indicating overall strong support rather than skepticism. Nothing in the conversation suggests their stance would shift away from this pro-keto position.""}"
keto_328,"{""stance"":""positive"",""reasoning"":""The target user is strongly pro-keto throughout the conversation: they explicitly say they’re “really fond of Keto,” argue it improves lipid panels, downplay the fat/heart disease link, and give an enthusiastic, persuasive mechanistic explanation of ketosis and its benefits (appetite control, energy, fat burning). They acknowledge a few risks (cheating, muscle wasting) but frame them as manageable and not unique to keto. Nothing in the exchange challenges their view or causes doubt, so their stance after the conversation remains positive.""}"
keto_329,"{""stance"":""positive"",""reasoning"":""The target user explicitly states they’re “really fond of Keto,” argues it’s healthy when done properly (including vegetables), downplays the high-fat/heart-disease link as weak, and emphasizes benefits like improved lipid panels, appetite suppression, and sustained fat burning. They acknowledge risks (cheating, muscle wasting) but frame them as manageable with protein intake and adherence, and they actively encourage others to try keto. Nothing in the conversation suggests they became more skeptical afterward; if anything, their detailed advocacy reinforces a positive stance.""}"
keto_330,"{""stance"":""positive"",""reasoning"":""The target user explicitly states they are “really fond of Keto,” defends it with biochemical explanations, argues it can be healthy, downplays the fat/heart disease link as weak, and highlights benefits like appetite suppression, improved energy, and improved lipid panels. They acknowledge manageable risks (muscle wasting, coming off keto) but overall strongly advocate for keto and encourages others to try it. The conversation reinforces rather than undermines their pro-keto position, so their stance after the discussion remains positive.""}"
keto_331,"{""stance"":""positive"",""reasoning"":""The target user explicitly states they are “really fond of Keto,” argues it’s healthy when done correctly (healthy low-carb foods, weak link between high-fat diets and heart disease), and emphasizes benefits like hunger suppression, fat burning, improved lipid panels, and sustained energy. They also actively advocate for explaining and promoting keto to others. While they acknowledge risks (cheating/off-keto appetite control, potential muscle wasting) these are framed as manageable and not deal-breakers, reinforcing an overall positive stance.""}"
keto_334,"{""stance"":""positive"",""reasoning"":""The target user explicitly states they are “really fond of Keto,” argues it works (including lowering lipid panels), and provides an extensive pro-keto explanation framing it as natural, effective for appetite control, energy, and fat loss. They acknowledge risks (cheating, muscle wasting) but present them as manageable and not unique, and they encourage others to try it. Nothing in the exchange suggests their stance becomes less favorable afterward.""}"
keto_335,"{""stance"":""positive"",""reasoning"":""The target user is strongly pro-keto throughout the conversation: they describe detailed mechanisms, emphasize benefits like appetite suppression, energy, fat loss, and improved lipid panels, and downplay heart-disease risk as a “weak link.” They explicitly state “I’m really fond of Keto” and encourage others to try it. Nothing in the exchange challenges or shifts their view, so their stance remains positive after the conversation.""}"
keto_336,"{""stance"":""positive"",""reasoning"":""The target user is strongly pro-keto throughout the exchange: they explicitly say they’re “really fond of Keto,” argue it’s healthy and lowers lipid panels, and provide an enthusiastic, persuasive crash course emphasizing benefits like appetite suppression, energy, and fat loss. They acknowledge risks (cheating, muscle wasting) but frame them as manageable with proper protein and adherence, reinforcing an overall favorable view. Nothing in the conversation challenges or shifts their position, so their stance remains positive after the discussion.""}"
keto_337,"{""stance"":""positive"",""reasoning"":""The target user is explicitly enthusiastic about keto (“I’m really fond of Keto”), defends it against common criticisms (claims weak link between high fat and heart disease, cites improved lipid panels), and gives an extended pro-keto biochemical explanation emphasizing benefits like appetite control, energy, and fat loss. They frame risks as manageable (don’t cheat, eat enough protein) rather than reasons to avoid it. The other user’s added anti-inflammatory point reinforces the target user’s pro-keto framing, so their stance after the conversation remains strongly positive.""}"
keto_340,"{""stance"":""positive"",""reasoning"":""The target user expresses strong explicit support for keto: they state they’re “really fond of Keto,” emphasize understanding its biochemistry, argue it can be healthy (including vegetables), downplay the high-fat/heart disease link as weak, and claim it works to lower lipid panels. They frame risks (coming off keto, muscle wasting) as manageable with proper approach (appetite control strategies, adequate protein), and encourage others to try it. The other user’s reinforcing experience (sustainable, improved satiety) aligns with and likely strengthens the target user’s favorable view rather than challenging it.""}"
keto_343,"{""stance"":""positive"",""reasoning"":""The target user is personally following a low-carb/keto approach for Type II diabetes management and reports strong benefits (50 lbs lost, A1C reduced from >11 to 6.2, improved post-meal glucose, reduced medication). Although they reject some popular/more ‘magical’ keto mechanistic claims and attribute much of the effect to reduced calorie intake rather than unique metabolism, they still explicitly call low-carb/keto an “excellent adaptation” for diabetes and describe it as highly beneficial and motivating enough to resume immediately after a health scare. Overall attitude toward keto after the conversation is favorable, just scientifically skeptical about certain explanations.""}"
keto_344,"{""stance"":""positive"",""reasoning"":""The target user expresses skepticism about some mechanistic claims around keto and emphasizes calorie reduction as the primary driver of weight loss, which tempers enthusiasm. However, they explicitly say low-carb/keto is an excellent adaptation for Type II diabetes, state they personally follow it for that reason, and report strong benefits (50 lbs lost, A1C greatly improved) while maintaining the diet. The conversation ends with a supportive reply reinforcing keto’s advantages, and nothing from the target indicates a move away from keto—overall they remain favorable toward keto’s practical effectiveness, especially for blood sugar control.""}"
keto_345,"{""stance"":""positive"",""reasoning"":""The target user is skeptical of some popular keto mechanistic claims and frames weight loss mainly as a calorie-deficit effect, but they explicitly endorse keto/low-carb as an “excellent adaptation” for Type II diabetes and say they personally follow it with strong results (50 lbs lost, A1C improved from >11 to 6.2) and describe it as “highly beneficial.” Despite disagreement on the ‘magic’ explanation, their overall attitude toward keto after the conversation remains favorable due to personal success and continued adherence.""}"
keto_346,"{""stance"":""positive"",""reasoning"":""The target user explicitly reports following low-carb/keto for Type II diabetes and describes it as “highly beneficial,” citing substantial weight loss (50 lbs) and a large A1C improvement. Although they reject some mechanistic claims (calling parts non-mainstream and attributing weight loss mainly to calorie reduction rather than ‘magic’ carb effects), their overall attitude toward keto as a practical, effective approach—especially for blood sugar control—is favorable. The subsequent reply largely reinforces keto’s effectiveness (adding mechanisms like satiety/insulin/TEF), which is more likely to strengthen than weaken the target user’s already positive practical view, even if they remain skeptical of some explanations.""}"
keto_347,"{""stance"":""positive"",""reasoning"":""The target user is personally following low-carb/keto for Type II diabetes management and reports strong benefits (50 lbs lost, A1C down from >11 to 6.2) while not increasing exercise. Although they’re skeptical of some popular/mechanistic claims about keto beyond calorie reduction and call the earlier explanation “hardly mainstream science,” they still endorse keto as an “excellent adaptation” for diabetes and continue to attribute their success to it in practice. The reply they receive adds metabolic arguments but doesn’t appear to shift them toward negativity; overall their post-conversation stance remains favorable based on lived results, with scientific reservations about the ‘magic’ explanations.""}"
keto_348,"{""stance"":""neutral"",""reasoning"":""The target user already follows low-carb/keto for Type II diabetes management and reports strong personal benefits (50 lb loss, A1C down), which suggests some approval of keto as a practical tool for blood sugar control. However, they explicitly reject common keto claims about unique metabolic mechanisms and frame the diet’s weight-loss effect as primarily calorie reduction rather than anything special about carbs. The reply they receive argues for hormonal/metabolic advantages, but there’s no indication the target user is persuaded or changes their skepticism. Net stance after the conversation remains mixed: supportive for diabetes/adhesion reasons but skeptical of broader keto claims—best classified as neutral overall.""}"
keto_349,"{""stance"":""positive"",""reasoning"":""The target user is skeptical of some mechanistic claims about keto (e.g., calling parts of the earlier explanation “hardly mainstream science” and attributing weight loss mainly to lower calorie intake), but they explicitly endorse keto/low-carb as an “excellent adaptation” for Type II diabetes and say they personally follow it. They report strong personal benefits (50 lbs lost, A1C down from >11 to 6.2) and do not express any move away from the diet after the discussion. The reply from another user adds pro-keto hormonal arguments, but there’s no evidence the target user is persuaded by them; still, the target user’s overall stance toward keto after the conversation remains favorable due to continued use and positive outcomes.""}"
keto_350,"{""stance"":""positive"",""reasoning"":""The target user expresses skepticism about some keto claims and frames weight loss primarily as a calorie-intake effect rather than “magical” carb metabolism. However, they explicitly say low-carb/keto is an excellent adaptation for Type II diabetes, that it’s what they personally follow, and that it has been “highly beneficial” with major improvements (50 lb loss and A1C dropping from >11 to 6.2). Even after the conversation, their lived success and endorsement for diabetes management indicate an overall favorable stance toward keto, albeit with a pragmatic, calories-focused interpretation.""}"
keto_351,"{""stance"":""positive"",""reasoning"":""The target user is skeptical of some mechanistic claims about keto (calling it not mainstream and attributing weight loss mainly to reduced calories), but they explicitly state they follow low-carb/keto for Type II diabetes and that it has been “highly beneficial,” citing major weight loss and improved A1C without increased exercise. That indicates an overall favorable stance toward keto as a practical, effective approach for their goals, even if they dispute some proposed explanations. The reply from another user reinforces keto’s hormonal/appetite benefits, which is more likely to validate than reverse the target user’s already positive personal experience.""}"
keto_352,"{""stance"":""positive"",""reasoning"":""The target user expresses skepticism about some mechanistic claims around keto (e.g., calling parts of the explanation “hardly mainstream science” and attributing weight loss largely to reduced caloric intake), but they also explicitly state they follow low-carb/keto for Type II diabetes and describe it as “highly beneficial,” citing major weight loss (50 lbs) and a large A1C improvement. After the conversation, their stance remains favorable toward keto as a practical, effective approach for blood sugar control and weight loss, even if they reject more ‘magical’ metabolic explanations.""}"
keto_354,"{""stance"":""positive"",""reasoning"":""The target user is skeptical of some popular keto mechanistic claims and frames weight loss mainly as calorie reduction, but they explicitly endorse low-carb/keto as an excellent approach for managing Type II diabetes and report strong personal benefits (50 lbs lost, A1C improved dramatically) while continuing to follow it. Overall attitude after the conversation is favorable toward keto as a practical, effective tool (especially for blood sugar control), even if not for the reasons others cite.""}"
keto_355,"{""stance"":""positive"",""reasoning"":""The target user explicitly reports following a low-carb/keto diet for Type II diabetes management and describes it as “highly beneficial,” citing substantial weight loss (50 lbs) and a major A1C improvement (from >11 to 6.2) without increased exercise. Although they reject “magical” metabolic claims and attribute most effects to reduced caloric intake and better satiety, they still endorse keto/low-carb as an excellent adaptation for diabetes and are personally committed to it. The subsequent reply adds plausible non-magic mechanisms (TEF, gluconeogenesis, RMR preservation) that could further reinforce a favorable view rather than undermine it.""}"
keto_356,"{""stance"":""positive"",""reasoning"":""The target user is skeptical of some common keto mechanistic claims and frames weight loss primarily as a result of reduced calorie intake rather than “magical” carb effects. However, they explicitly say low-carb/keto is an excellent adaptation for Type II diabetes, that it’s what they personally follow for that reason, and that it has been highly beneficial (50 lbs lost, A1C down from >11 to 6.2). Despite scientific reservations, their lived experience and continued adherence indicate an overall positive stance toward keto after the conversation.""}"
keto_357,"{""stance"":""positive"",""reasoning"":""The target user explicitly says they follow low-carb/keto for Type II diabetes management and that it has been “highly beneficial,” citing substantial weight loss (50 lbs) and a major A1C improvement (11+ to 6.2) without increased exercise. Although they’re skeptical of keto’s proposed mechanisms beyond appetite/cravings and blood sugar control (framing weight loss as calories-in/calories-out rather than ‘magic’), their lived results and continued adherence indicate an overall favorable stance toward keto after the conversation.""}"
keto_358,"{""stance"":""positive"",""reasoning"":""The target user is skeptical of some keto mechanistic claims and frames weight loss mainly as a calorie-deficit effect, but they explicitly say low-carb/keto is an excellent adaptation for Type II diabetes and that they personally follow it with highly beneficial results (50 lbs lost, A1C from >11 to 6.2). That indicates an overall favorable stance toward keto as a practical, effective approach for their health, even if they reject ‘magical’ explanations.""}"
keto_359,"{""stance"":""positive"",""reasoning"":""The target user is already following a low-carb/keto approach for Type II diabetes and reports strong personal benefits (50 lb loss, A1C down from >11 to 6.2) and explicitly calls low-carb/keto an “excellent adaptation” for diabetes. Although they’re skeptical of keto’s proposed mechanisms and attribute most weight loss to calorie reduction, their lived experience and continued adherence indicate an overall favorable view. The follow-up message provides scientific support for macronutrient differences, which would more likely reinforce than undermine their already-beneficial experience, keeping their stance positive rather than neutral.""}"
keto_360,"{""stance"":""positive"",""reasoning"":""The target user expresses skepticism about some common keto mechanistic claims (e.g., ‘magical behavior’ of carbs, not ‘definitive scientific proof’ for some proposed pathways) and attributes much of keto’s weight-loss effect to reduced calorie intake. However, they explicitly endorse keto/low-carb as ‘an excellent adaptation’ for Type II diabetes, state they personally follow it for that reason, and report it has been ‘highly beneficial’ (50 lbs lost, A1C improved from >11 to 6.2) without increased exercise. Given this strong personal benefit and continued adherence, their overall stance after the conversation is positive despite mechanistic reservations. The follow-up reply from another user attempts to reinforce keto’s metabolic advantages, which would more likely maintain or slightly increase positivity rather than reverse it.""}"
keto_361,"{""stance"":""positive"",""reasoning"":""The target user expresses skepticism about keto’s proposed metabolic “magic” and frames weight loss primarily as calorie reduction, but they explicitly endorse low-carb/keto as an excellent adaptation for type II diabetes and state they personally follow it with highly beneficial results (50 lbs lost, A1C greatly improved) and no increased exercise. The follow-up reply reinforces keto’s usefulness as a tool for appetite/hormonal regulation, which likely maintains or slightly strengthens the target user’s overall favorable view of keto in practice, even if they remain unconvinced about some mechanistic claims.""}"
keto_363,"{""stance"":""positive"",""reasoning"":""The target user expresses skepticism about some keto claims and attributes weight loss mainly to reduced calories, but they explicitly endorse low-carb/keto as an excellent approach for Type II diabetes and state they personally follow it with highly beneficial results (50 lbs lost, A1C improved from >11 to 6.2). Despite disputing “magical” mechanisms, their personal success and continued adherence indicate an overall positive stance toward keto after the conversation.""}"
keto_366,"{""stance"":""positive"",""reasoning"":""The target user explicitly endorses keto’s benefits: hunger suppression, making lower calorie intake easier, and helping people with metabolic syndrome/insulin issues lose weight when standard low-fat/high-carb calorie restriction fails. They frame keto as a ‘genius’ approach that mitigates insulin/blood sugar problems and promotes fat-burning, while acknowledging it’s not magic and still requires effort. Nothing in the conversation suggests they became more skeptical; if anything, the follow-up comment reinforces their pro-keto hormonal/metabolic framing.""}"
keto_367,"{""stance"":""positive"",""reasoning"":""The target user explicitly endorses keto’s effectiveness, calling it “the great thing about keto” due to hunger suppression and describing it as “genius” for helping people with metabolic syndrome who struggle on low-fat/high-carb calorie-reduction diets. They argue keto mitigates insulin/blood sugar issues and helps people enter “fat-burning mode,” while acknowledging it’s not magic and still requires effort. Nothing in the conversation suggests they became more skeptical; the follow-up message reinforces their view.""}"
keto_368,"{""stance"":""positive"",""reasoning"":""The target user expresses multiple pro-keto beliefs: that keto suppresses hunger making reduced intake easier; that it helps people with metabolic syndrome lose weight when low-fat/high-carb calorie restriction fails; and that it addresses insulin/blood sugar issues underlying obesity and type 2 diabetes. They frame keto as ‘genius’ for overcoming metabolic challenges (while noting it’s not magic), indicating an overall favorable stance. The follow-up message from another user reinforces and validates these points (hormonal effects, inflammation, metabolic rate, cognitive benefits), which would likely further strengthen the target user’s positive view rather than undermine it.""}"
keto_369,"{""stance"":""positive"",""reasoning"":""The target user’s only message expresses frustration at “idiotic” questioning and implies they’re aligned with the pro-keto side of the thread (they’re irritated that /r/keto got linked to /r/bestof, attracting argument). They don’t criticize keto itself; instead they commiserate with someone defending it. Given this alignment and the surrounding context of keto being advocated, their stance after the conversation is best predicted as positive (supportive/defensive of keto), not neutral or negative.""}"
keto_370,"{""stance"":""neutral"",""reasoning"":""The target user never speaks in the provided transcript, so there’s no explicit indication of their opinion. While the other user presents a mildly pro-keto framing (blood sugar stability, consistent energy, whole foods), there’s no evidence the target user accepts or rejects these points. With insufficient information about the target user’s reaction, the most reliable prediction is neutral.""}"
keto_371,"{""stance"":""positive"",""reasoning"":""The target user explicitly endorses keto’s benefits: hunger suppression making it easier to sustain 1200–1700 kcal/day, improved fat-burning access via insulin-related mechanisms, and particular usefulness for people with metabolic syndrome who struggle on high-carb/low-fat diets. They defend these claims with scientific framing, cite a study, and argue keto mitigates underlying insulin/blood sugar issues. Nothing in the exchange suggests they became more skeptical; if anything, supportive replies reinforce their pro-keto position.""}"
keto_373,"{""stance"":""positive"",""reasoning"":""The target user provides specific keto carb targets (20g goal, 50g max) and explains how exceeding them can knock someone out of ketosis, which reflects familiarity and an instructional, supportive posture rather than skepticism. They do not express concerns or criticism; instead they help operationalize the diet for others. Given the surrounding pro-keto discussion, their participation aligns with and likely reinforces a favorable view.""}"
keto_374,"{""stance"":""positive"",""reasoning"":""The target user explicitly endorses keto as “a really good diet overall,” cites having read about positive side-effects beyond weight loss, and expresses enthusiasm about the simplicity and satiety of eating high-fat foods without guilt. Nothing in the conversation suggests their view becomes more cautious or negative afterward, so their stance remains clearly positive.""}"
keto_376,"{""stance"":""neutral"",""reasoning"":""The target user never appears in the transcript (no messages labeled [TARGET USER]), so there’s no direct evidence of their opinion or any change after the discussion. While the conversation is generally pro-keto and could be persuasive, without seeing the target user’s reactions or statements, the safest prediction is neutral.""}"
keto_377,"{""stance"":""neutral"",""reasoning"":""The target user is not identifiable in the transcript (no message is labeled [TARGET USER]), so there is no direct evidence of their views or any change in attitude. Given insufficient information about what the target user said or how they reacted to the pro-keto discussion, the safest prediction is neutral.""}"
keto_379,"{""stance"":""neutral"",""reasoning"":""The target user never speaks in the transcript, so there’s no direct evidence of their opinion before or after. While the conversation contains strongly pro-keto explanations and reassurance about risks (appetite control, muscle preservation), we can’t reliably infer that the target user adopts a positive or negative stance from others’ comments alone. With insufficient target-user signals, the safest prediction is neutral.""}"
keto_380,"{""stance"":""neutral"",""reasoning"":""The target user never speaks in the transcript, so there’s no direct evidence of their opinion. The conversation presents both strong pro-keto claims (hormonal regulation, satiety, inflammation/mitochondrial benefits, lipid panels) and skeptical pushback (questioning ‘mainstream science’ and metabolic advantage; emphasizing calorie deficit), plus an anecdotal diabetes success story. With no indication of how the target user reacts to these competing arguments, the safest prediction is that their post-conversation stance remains neutral.""}"
keto_381,"{""stance"":""positive"",""reasoning"":""The target user repeatedly defends keto/very-low-carb eating as safe and viable long-term, explicitly argues carbs are not necessary for life, rejects claims that high fat causes diabetes or that keto raises heart risk, and cites examples (Inuit) plus mechanisms (gluconeogenesis). Their tone is strongly pro-keto and dismissive of anti-keto arguments, indicating a positive stance after the conversation.""}"
keto_382,"{""stance"":""neutral"",""reasoning"":""The target user never speaks in the transcript, so there’s no direct evidence of their opinion or any change in it. While other users strongly advocate for keto and provide reassuring explanations and resources, we can’t reliably infer the target user was persuaded without any response from them. With insufficient evidence of the target user’s attitude after the conversation, the best prediction is neutral.""}"
keto_383,"{""stance"":""neutral"",""reasoning"":""The target user never speaks in the transcript, so there’s no direct evidence of their opinion changing. While the conversation contains strongly pro-keto explanations and encouragement, we can’t reliably infer the target user’s personal reaction or adoption from this alone; therefore the safest prediction is neutral.""}"
keto_385,"{""stance"":""neutral"",""reasoning"":""The transcript contains only messages from other users; the target user does not speak or express any opinion. While the discussion is strongly pro-keto and could be persuasive, there’s no evidence of the target user’s reaction or change in attitude. With insufficient direct evidence, the best prediction is neutral.""}"
keto_386,"{""stance"":""neutral"",""reasoning"":""The target user never explicitly states their own opinion about keto—only asks whether keto’s effectiveness might still be explained by satiety/inflammation mechanisms even if the insulin hypothesis is challenged. That framing is open-minded and exploratory rather than endorsing or rejecting keto, so the best prediction after the conversation is a neutral stance (curious but not committed).""}"
keto_387,"{""stance"":""neutral"",""reasoning"":""The target user never speaks in the transcript, so there’s no direct evidence of their opinion. While the conversation strongly promotes keto (biochemist-style explanation, claimed benefits like appetite suppression and lipid improvements, and framing carbs as harmful), we can’t reliably infer that the target user adopts that view without any response or reaction from them. With insufficient evidence of the target user’s attitude change, the best prediction is neutral.""}"
keto_388,"{""stance"":""neutral"",""reasoning"":""The target user never speaks in the transcript, so there’s no direct evidence of their opinion or any shift in attitude. Although other participants strongly endorse keto and provide persuasive explanations, we can’t reliably infer the target user was convinced or reacted positively/negatively. With insufficient evidence of the target user’s post-conversation view, the best prediction is neutral.""}"
keto_391,"{""stance"":""neutral"",""reasoning"":""The target user never appears in the transcript (only [OTHER USER] messages are shown), so there’s no explicit statement of their opinion. While the conversation contains strongly pro-keto explanations and arguments that could influence someone positively, there’s no evidence of the target user’s reaction or acceptance/rejection. With insufficient direct signal about the target user’s post-conversation view, the most reliable prediction is neutral.""}"
keto_393,"{""stance"":""neutral"",""reasoning"":""The target user did not contribute any statements in the provided transcript, so there is no direct evidence of their attitude toward keto or whether the other user’s positive experience changed their view. With insufficient information about the target user’s response, the best prediction is neutral.""}"
keto_394,"{""stance"":""neutral"",""reasoning"":""There is no message from the target user in the provided transcript, so we have no direct evidence of their opinion or any reaction to the other user’s pro-keto points. Without the target user expressing agreement, disagreement, or a shift in attitude, the safest prediction is neutral.""}"
keto_395,"{""stance"":""positive"",""reasoning"":""The target user reacts favorably to the keto explanation (“Good stuff”) and then advocates a very similar low-sugar/low-grain approach (Whole30), describing substantial personal benefits (20 lbs lost, more energy, better sleep, stronger in the gym, improved digestion). When another user criticizes the approach as unhealthy/fad and calls part of it “bullshit,” the target user pushes back with questions and counterarguments, defends cutting grains/dairy for some people, and frames the diet as a healthy, sustainable change rather than a fad. Overall, the conversation leaves them supportive of keto-like dieting rather than skeptical or indifferent.""}"
keto_396,"{""stance"":""neutral"",""reasoning"":""The target user is not present in the transcript, so there’s no direct evidence of their expressed opinion or any reaction to the pro-keto arguments. Without any statements from the target user or clear indication they were persuaded, the safest prediction is neutral due to insufficient information.""}"
keto_397,"{""stance"":""positive"",""reasoning"":""The target user repeatedly defends ketosis as the brain’s natural/preferable fuel, cites historical necessity and longstanding clinical use in epilepsy, argues ketones are a “less-damaging” fuel than glucose, claims excess glucose contributes to brain/vascular damage and modern mental disorders, and asserts there are no essential carbohydrates. They provide an external pro-keto resource (Peter Attia) and maintain their position through technical pushback, indicating a strongly favorable stance toward keto after the discussion.""}"
keto_399,"{""stance"":""positive"",""reasoning"":""The target user reports personally better results with keto than with calorie restriction: 15 lbs lost in 30 days on keto versus 0 lbs over 2+ weeks at a similar claimed calorie deficit. They defend their tracking accuracy, push back against the “calorie deficit always works” argument, and invoke thyroid issues as a reason standard calorie math can fail in practice. The final reply from another user reinforces the pro-keto framing (hormonal/metabolic advantages), which aligns with and likely further strengthens the target user’s already favorable view. Overall, the target user expresses and maintains a positive stance toward keto.""}"
keto_400,"{""stance"":""positive"",""reasoning"":""The target user consistently defends and encourages keto: they reassure others it’s “not as bad as it sounds,” give practical guidance (avoiding flour/sugar, watching hidden carbs), tailor advice for exercise/weight lifting (ketogains link), and frame carbs as addictive—implying keto is beneficial for appetite control and sustainability. Their responses aim to persuade hesitant participants to adopt or stick with keto, indicating a positive stance after the conversation.""}"
keto_401,"{""stance"":""positive"",""reasoning"":""The target user speaks favorably about keto based on personal experience: they did keto for ~5 months, reached their target weight, and describe keto as making appetite control much easier due to steadier insulin levels and reduced hunger. They frame keto as an effective, practical tool (especially for people with lower willpower) and respond supportively to others choosing it. Although they acknowledge calorie targets matter and they reintroduced carbs, their overall evaluation of keto’s usefulness and effectiveness remains clearly positive after the conversation.""}"
keto_405,"{""stance"":""neutral"",""reasoning"":""The target user never speaks in the transcript, so there’s no direct evidence of their attitude toward keto. The conversation presents strong pro-keto claims (biochem explanation, appetite suppression, improved lipid markers, JAMA link) alongside a forceful anti-keto rebuttal alleging serious health harms and calling it junk science. Because the target user’s reaction isn’t shown and the discussion is polarized with competing arguments, there isn’t enough evidence to infer they end up clearly positive or negative; the safest prediction is neutral.""}"
keto_406,"{""stance"":""neutral"",""reasoning"":""The target user never speaks in the transcript, so there’s no direct evidence of their opinion changing. While other participants strongly advocate for keto and describe benefits (appetite control, weight loss, improved lipid panels, and possible blood sugar stability), without any response from the target user indicating agreement, skepticism, or intent to try it, the safest prediction is that their post-conversation stance remains neutral.""}"
keto_407,"{""stance"":""neutral"",""reasoning"":""The target user repeatedly challenges specific biochemical claims made in defense of keto (especially the framing of muscle as “long-term energy storage”) and shows skepticism toward the other user’s evidence, but they never condemn keto itself or argue against it as a diet. They acknowledge keto adaptation effects on brain glucose needs and remain open to being convinced with credible sources. The last message reframes keto as muscle-sparing, which could soften concern, but there’s no clear acceptance or endorsement from the target user. Overall, the conversation leaves them critical of sloppy pro-keto arguments yet not clearly anti-keto—so their stance is best predicted as neutral.""}"
keto_408,"{""stance"":""neutral"",""reasoning"":""The target user frames keto pragmatically: the key is reducing calories without constant hunger, and keto is “fine” if it achieves that, but other diets are equally good if they do the same. They don’t endorse keto as uniquely superior or reject it; they evaluate it as one workable option among others, indicating a neutral stance.""}"
keto_410,"{""stance"":""neutral"",""reasoning"":""The target user frames keto pragmatically rather than enthusiastically: the key is reducing calories without hunger, and keto is acceptable if it achieves that, but other diets are equally fine if they do. They don’t endorse keto as uniquely superior or reject it; they emphasize sustainability and personal fit, indicating a neutral stance after the conversation.""}"
keto_412,"{""stance"":""negative"",""reasoning"":""The target user explicitly endorses the anti-keto framing that “the problem isn’t carbs, it’s empty carbs,” argues for keeping natural carbs like fruit (with fiber) to avoid insulin spikes, and reinforces that carbs are fine in proper proportion. They do not express interest in ketosis or carb restriction, and their comments push back against the insulin/keto narrative by emphasizing whole foods rather than eliminating carbs. Although another user later defends keto and explains fat-adaptation, there’s no reply from the target user indicating persuasion or openness—so their stance after the conversation remains skeptical/critical of keto rather than supportive.""}"
keto_414,"{""stance"":""positive"",""reasoning"":""The target user explicitly says they have been anti-keto but that their mind is changing after the explanation. They cite seeing convincing results from others, decide to try keto for 8 weeks, and report feeling fine on day 2 with manageable hunger and no unusual training fatigue. Their follow-up questions focus on optimizing keto (calories, fat burners, lifting, realistic loss), indicating engaged interest rather than rejection. Overall, the conversation moves them from skepticism to a willing, optimistic trial stance.""}"
keto_415,"{""stance"":""neutral"",""reasoning"":""The target user never speaks in the transcript, so there’s no direct evidence of their attitude toward keto. While other participants strongly advocate for keto and provide detailed, persuasive explanations and resources, we can’t reliably infer that the target user adopts that view. With insufficient evidence of the target user’s post-conversation position, the safest prediction is neutral.""}"
keto_418,"{""stance"":""neutral"",""reasoning"":""The target user is not present in the transcript and there are no statements from them indicating approval or disapproval of keto. While the other user expresses a positive keto experience (adapted taste buds, steady energy, keto-friendly options), there’s no evidence the target user adopted or reacted to those views, so the safest prediction is neutral.""}"
keto_419,"{""stance"":""neutral"",""reasoning"":""The target user never appears in the transcript and provides no explicit opinion about keto. With no statements or reactions from the target user, there isn’t enough evidence to infer a positive or negative stance change; at most, the context is informational, so the safest prediction is neutral.""}"
keto_420,"{""stance"":""neutral"",""reasoning"":""The target user does not appear in the provided transcript, so there is no direct evidence of their opinion about keto or any reaction to the advice given (black coffee/heavy cream). Without the target user’s statements or engagement, their post-conversation stance toward keto cannot be inferred beyond neutral.""}"
keto_421,"{""stance"":""neutral"",""reasoning"":""The target user never speaks in the provided transcript, so there’s no direct evidence of their opinion or any change in it. Although the other user presents pro-keto arguments (mental clarity, stable energy, nutrient density, satiety), we can’t reliably infer that the target user adopts a positive or negative stance from this alone. With insufficient evidence, the best prediction is neutral.""}"
keto_422,"{""stance"":""neutral"",""reasoning"":""The target user never speaks in the provided transcript, so there’s no direct evidence of their opinion or any shift after the conversation. Without any explicit reaction from the target user, the safest prediction is neutral.""}"
keto_423,"{""stance"":""neutral"",""reasoning"":""The target user never speaks in the transcript, so there’s no explicit indication of their attitude toward keto. While the other user presents keto positively (satiating fats, stable energy, flexible substitutions), there’s no evidence the target user accepts, rejects, or is persuaded by these claims. With insufficient information about the target user’s reaction, the best prediction is neutral.""}"
keto_424,"{""stance"":""neutral"",""reasoning"":""The transcript contains only an [OTHER USER] advocating for keto-friendly coffee and benefits like stable energy and satiety. There is no message from the [TARGET USER], so we have no direct evidence of their opinion or any reaction that would indicate being persuaded or opposed. With insufficient information about the target user’s post-conversation view, the safest prediction is neutral.""}"
keto_425,"{""stance"":""neutral"",""reasoning"":""The target user never speaks in the provided transcript, so there’s no direct evidence of their opinion. Although another user offers a mildly positive, pro-keto framing (sweeteners can help make keto manageable), we can’t reliably infer that the target user adopts that view from this snippet alone. With insufficient information about the target user’s reaction, the most justified prediction is neutral.""}"
keto_426,"{""stance"":""positive"",""reasoning"":""The target user explicitly endorses keto compatibility (“black coffee definitely = keto friendly!”) and frames black coffee as part of their preferred way of consuming it, which aligns with keto practices. Throughout the conversation they engage enthusiastically with keto-adjacent lifestyle choices (avoiding sugar/cream, preference for black coffee) and do not express any doubts or criticisms of keto; the other user’s supportive comparison to keto sustainability is consistent with and likely reinforces the target user’s already favorable view.""}"
keto_429,"{""stance"":""neutral"",""reasoning"":""The target user argues strongly for the calorie-in/calorie-out model and posts many studies suggesting no unique metabolic advantage for low-carb/keto versus other diets when calories and protein are controlled. They explicitly say they’ve done keto and that “it works,” but frame it mainly as a convenient way to reduce calories (via higher satiety) rather than a superior or necessary approach, and they push back on claims that sugar is uniquely “poisoning” or biochemically special. The exchange doesn’t show them becoming more pro- or anti-keto afterward; their position remains that keto can work but isn’t special—overall a neutral stance toward keto.""}"
keto_431,"{""stance"":""positive"",""reasoning"":""The target user explicitly defends staying subscribed to r/keto, states they’ve done keto and that “it works,” and reiterates they “like it.” Although they argue against the idea that sugar has unique fattening ‘metabolic mojo’ and emphasize calories-in/calories-out, they still endorse keto as an effective and useful approach (primarily via higher protein/satiety and easier calorie restriction). The later comment from another user reinforcing keto’s real-world adherence benefits aligns with the target user’s framing rather than challenging it, so their overall stance remains positive toward keto.""}"
keto_434,"{""stance"":""neutral"",""reasoning"":""The target user argues strongly against the idea that sugar/carbs are uniquely fattening and repeatedly emphasizes CICO and studies showing no metabolic advantage for keto. However, they also explicitly say they’ve done keto, that it works, and that they like it (mainly due to protein/satiety). So after the exchange they appear neither anti-keto nor pro-keto as superior—more supportive of keto as a practical tool but skeptical of its special biochemical claims—yielding an overall neutral stance.""}"
keto_435,"{""stance"":""positive"",""reasoning"":""The target user repeatedly affirms that keto works and is likely easier/more effective for typical dieters, calling it a “great way to lose weight,” and agrees with the satiety/adherence explanation. Their pushback is specifically against the claim that carbs/sugar are uniquely fattening or “poison,” not against keto itself. After the exchange, they maintain a supportive view of keto as a practical tool (via satiety and easier calorie restriction), so their stance is positive.""}"
keto_438,"{""stance"":""positive"",""reasoning"":""The target user explicitly says they’ve done keto, that it works, and that they like it, and they tells another user not to unsubscribe from r/keto. Although they argue against the idea that sugar uniquely ‘makes you fat’ and emphasize calories-in/calories-out (and protein/satiety) rather than a special metabolic advantage, they still endorse keto as an effective, likable approach. Nothing in the exchange suggests they became more skeptical of keto; if anything, the final comment from another user reinforces keto’s practical benefits, aligning with the target user’s view that keto can work via adherence/satiety mechanisms.""}"
keto_439,"{""stance"":""neutral"",""reasoning"":""The target user defends a CICO-focused view and explicitly rejects the claim that “sugar makes you fat,” backing it with many studies arguing no special metabolic advantage for keto/low-carb when calories and protein are controlled. However, they also clearly state they’ve done keto, that it works, and that they like it—framing keto as a useful tool largely because of protein/satiety rather than unique carb/insulin biochemistry. After the exchange, their position remains: keto is effective and worth following, but not uniquely superior or necessary—overall a mixed, pragmatic stance rather than strongly pro- or anti-keto.""}"
keto_440,"{""stance"":""positive"",""reasoning"":""The target user argues against the idea that sugar/insulin uniquely causes fat gain and emphasizes CICO, citing many studies showing no metabolic advantage of keto over other diets. However, they explicitly say they’ve done keto, that “it works,” that they “like it,” and they tell someone not to unsubscribe from r/keto. They frame keto as effective largely due to protein and satiety rather than special fat-loss biochemistry. Overall this is a supportive/approving stance toward keto as a practical tool (despite rejecting some pro-keto mechanistic claims), which is best classified as positive rather than neutral or negative.""}"
keto_441,"{""stance"":""neutral"",""reasoning"":""The target user explicitly says they’ve done keto, that it works, and that they like it—so they’re not anti-keto. However, they strongly push back on the core pro-keto framing that sugar/insulin uniquely “makes you fat,” citing many studies to argue no inherent metabolic advantage and emphasizing calories-in/calories-out and satiety as the main mechanism. After the exchange they still recommend staying subscribed to r/keto but with a moderated view of keto as a useful tool rather than superior or uniquely necessary, which is best classified as neutral overall.""}"
keto_446,"{""stance"":""neutral"",""reasoning"":""The target user argues strongly against the idea that sugar/carbs are uniquely fattening and emphasizes “calories in > calories out,” citing many studies suggesting no special metabolic advantage to keto/low-carb over other diets when calories and protein are controlled. However, they also explicitly say they’ve done keto and that “it works,” framing it as a practical tool for calorie restriction rather than something ineffective or harmful. The final other-user message (about adherence/appetite benefits) is compatible with the target user’s view and doesn’t clearly shift them more positive or negative. Overall they remain skeptical of keto’s unique claims but accept it as a workable option → neutral stance.""}"
keto_447,"{""stance"":""neutral"",""reasoning"":""The target user argues strongly against the idea that keto/low-carb has a unique metabolic advantage for fat loss, citing many studies supporting CICO and noting fat is readily stored while carbs require de novo lipogenesis under specific conditions. However, they explicitly say they’ve done keto and it works, and acknowledge cutting carbs can be an effective way to reduce calories and cravings. Their reply about water/sodium retention is more of a corrective to exaggerated claims than an anti-keto stance. After the conversation, they seem to view keto as a viable tool for adherence/appetite control but not superior in principle—overall a neutral stance.""}"
keto_448,"{""stance"":""neutral"",""reasoning"":""The target user argues strongly for CICO and cites many studies claiming no metabolic advantage for keto/low-carb over other diets when calories and protein are controlled. However, they also explicitly state they’ve done keto, that it works, and that cutting carbs/sugar can be an easy way to restrict calories—while rejecting the idea that sugar is uniquely “poison” or that keto is the only way to lose weight. The follow-up message from another user reframes keto as an appetite/adherence tool, which is compatible with the target user’s CICO framing and could make them slightly more receptive, but there’s no clear shift to an overall pro-keto position. Net stance remains neither anti-keto nor pro-keto: neutral.""}"
keto_452,"{""stance"":""neutral"",""reasoning"":""The target user argues strongly against the idea that keto/low-carb has a unique metabolic advantage for fat loss, emphasizing that controlled studies show similar weight loss across macro splits and that “calories in > calories out” is the primary driver. However, they also explicitly say they’ve done keto and that it works, and they acknowledge cutting carbs can be an effective way to reduce calories via satiety. After the exchange, the other user reinforces keto’s practical benefits (satiety, cardiometabolic markers), which aligns with the target user’s own concession about satiety but doesn’t clearly shift them into a pro-keto stance. Overall they remain skeptical of keto as special, while accepting it as a workable option—best classified as neutral.""}"
keto_453,"{""stance"":""neutral"",""reasoning"":""The target user argues strongly for CICO and cites many studies suggesting no unique metabolic advantage for low-carb/keto versus other macronutrient splits when calories and protein are controlled. However, they explicitly state they have done keto and that it works, framing it as a useful way to reduce calories via higher satiety rather than as “magic” or sugar being uniquely fattening. The follow-up message from the other user reinforces this practical, adherence-based view of keto (hunger/craving control), which aligns with the target user’s own caveat. Overall, the target user remains skeptical of keto’s special metabolic claims but not opposed to keto as a tool, yielding a neutral stance.""}"
keto_455,"{""stance"":""neutral"",""reasoning"":""The target user argues strongly against a unique metabolic advantage of keto/low-carb for fat loss, citing many ward studies and emphasizing calories-in/calories-out and satiety rather than insulin-driven fat gain. However, they explicitly state they’ve done keto, that it works, and that cutting carbs can be an effective way to achieve calorie restriction—just not the only way. The follow-up from the other user doesn’t show the target user being persuaded to a more pro-keto stance; if anything, the target user’s position remains that keto is a viable tool but not superior metabolically. Overall this reflects a neutral (pragmatic) stance toward keto rather than positive or negative.""}"
keto_458,"{""stance"":""neutral"",""reasoning"":""The target user argues strongly against the idea that keto/low-carb has a unique fat-loss “metabolic advantage,” citing many studies showing similar weight loss when calories and protein are controlled. They explicitly say they’ve done keto and it works, but frame it mainly as a practical tool for calorie restriction (via satiety) rather than something biochemically special, and caution against viewing sugar as “poison.” The follow-up comment from another user reinforces keto’s appetite and metabolic-marker benefits, which aligns with the target user’s existing view (keto can help adherence), but doesn’t clearly shift them into a more pro-keto stance overall. Net stance after the conversation remains essentially balanced: keto can work, but isn’t uniquely superior—i.e., neutral.""}"
keto_459,"{""stance"":""neutral"",""reasoning"":""The target user argues strongly that keto has no inherent metabolic advantage over other diets when calories and protein are controlled, citing many studies and emphasizing “calories in > calories out.” However, they also explicitly state they’ve done keto and that “it works,” framing it as a practical way to reduce calories by cutting low-satiety carbs/sugar rather than as uniquely necessary or superior. The follow-up comment from another user about appetite regulation aligns with the target user’s own point about satiety, so it’s unlikely to shift them more positive or negative. Overall they remain balanced: keto can be useful, but not special—so their stance is neutral.""}"
keto_460,"{""stance"":""neutral"",""reasoning"":""The target user argues strongly against a unique fat-loss “metabolic advantage” for keto, emphasizing metabolic ward studies and a calories-in/calories-out framework, and pushes back on the idea that sugar is uniquely fattening or “poison.” However, they also explicitly state they’ve done keto and that it works, framing it as a useful tool mainly because it can make calorie restriction easier (via satiety and reduced cravings), not because it’s physiologically superior. The other user’s reply adds potential benefits for adherence and metabolic markers, but there’s no clear sign the target user becomes more pro- or anti-keto beyond their already balanced view. Overall, they end up seeing keto as one workable option among many rather than endorsing or rejecting it.""}"
keto_461,"{""stance"":""neutral"",""reasoning"":""The target user argues against a unique metabolic advantage of keto/low-carb for fat loss, emphasizing evidence that weight change is primarily driven by calorie balance and that controlled studies show similar outcomes across carb/fat ratios. However, they explicitly state they’ve done keto and that it works, framing it as a useful tool for calorie restriction/satiety rather than a fundamentally superior or harmful approach. This mix of skepticism about keto’s special claims but acceptance of its practical usefulness indicates a neutral overall stance after the conversation.""}"
keto_463,"{""stance"":""neutral"",""reasoning"":""The target user expresses caution toward keto: they explicitly would not recommend it as a permanent diet and emphasize that people need complex carbohydrates. They do allow that keto can help as a short-term “course correction,” which is a limited positive. The other user provides pro-keto arguments, but there’s no indication the target user is persuaded or changes their view. Overall this remains a mixed, cautious position rather than clearly positive or negative.""}"
keto_464,"{""stance"":""neutral"",""reasoning"":""The target user never speaks in the provided transcript, so there’s no direct evidence of their view. While the other user makes a strongly pro-keto argument (historical framing, critique of nutrition studies, and claimed improvements in metabolic markers), we can’t reliably infer the target user adopted that stance without any response or indication of agreement/disagreement. With insufficient evidence of the target user’s post-conversation position, the safest prediction is neutral.""}"
keto_467,"{""stance"":""neutral"",""reasoning"":""The target user strongly criticizes processed sugars and explains mechanisms (insulin/leptin, cravings) that are often used to justify low-carb/keto approaches, which suggests some sympathy to keto-style reasoning. However, after pushback they explicitly emphasizes scientific uncertainty, says all structured weight-loss diets can work if adhered to, and frames sugar reduction (not necessarily carb elimination) and nutrient density as the main consensus points. They do not endorse keto as superior, instead treating it as one option among many, so their post-conversation stance is best predicted as neutral.""}"
keto_468,"{""stance"":""neutral"",""reasoning"":""After the exchange, the target user shifts away from a strongly pro–low-carb framing (“sugar makes us fat”) toward a more agnostic, consensus-style position: scientists don’t know everything yet, there’s counter-evidence to all hypotheses, and the main determinant of success is adherence. They explicitly say many structured diets (including low-carb/Atkins) can work, and they focus their strongest endorsement on avoiding processed sugars and eating nutrient-dense foods rather than endorsing keto specifically as superior. This indicates neither clear enthusiasm nor rejection of keto—more a balanced, non-committal stance.""}"
keto_471,"{""stance"":""positive"",""reasoning"":""The target user’s original comment strongly endorses Lustig’s anti-sugar/insulin–leptin framework and explicitly claims that eliminating sugar reverses hunger, cravings, and low energy—claims that align closely with pro-keto reasoning. Although another user counters with many studies arguing no metabolic advantage and emphasizing calories-in/calories-out, the target user does not concede or shift; instead, their edits reinforce that sugar drives overeating and that biochemical factors make simple willpower-based restriction difficult. Given the target user is posting in r/keto, frames sugar reduction as uniquely beneficial, and provides supportive follow-up links/comments defending the underlying premise, their post-conversation stance toward keto would remain positive.""}"
keto_472,"{""stance"":""positive"",""reasoning"":""The target user strongly endorses Lustig’s anti-sugar/insulin-leptin framework and explicitly claims eliminating sugar reverses cravings, increases satiety/energy, and promotes fat loss—points that align closely with ketogenic/very-low-carb thinking. In the follow-up edit, they clarify they’re not arguing a strict ‘carbs uniquely cause fat gain regardless of calories,’ but they still emphasize biochemical appetite regulation and why ‘eat less, move more’ is hard—again supportive of low-carb approaches as a practical solution. Although another user posts many studies arguing no metabolic advantage for low-carb/keto, the target user’s own comments (including linking to r/keto discussion and defending the evolutionary/biochemical rationale) indicate they are not persuaded away from keto; if anything, the pushback likely reinforces their pro-keto stance as they frame the debate around hunger/satiety and hormonal regulation rather than simple calorie accounting.""}"
keto_473,"{""stance"":""positive"",""reasoning"":""The target user strongly endorses Lustig’s anti-sugar/anti-high-carb framework (insulin/leptin feedback loop, cravings, low satiety) and explicitly highlights benefits of eliminating sugar like increased satiety, energy, and fat/weight loss—claims commonly aligned with keto/low-carb thinking. They also engage deeply in r/keto context defending the relevance of carb-driven mechanisms and biochemical constraints on 'eat less, move more.' The other user’s mild critique doesn’t appear to shift the target user’s position, so their stance after the conversation remains positive toward keto.""}"
keto_474,"{""stance"":""positive"",""reasoning"":""The target user presents an extended argument that sugar/carbs drive overeating via insulin–leptin dynamics and explicitly claims eliminating sugar has “the complete opposite effect” (more satiety, energy, fewer cravings, more fat/weight loss). That framing aligns strongly with low-carb/keto principles and implies approval of carbohydrate restriction as a solution. The other user then reinforces this by explicitly positioning ketogenic dieting as a way to break the cycle, which fits and likely strengthens the target user’s already supportive stance rather than challenging it.""}"
keto_475,"{""stance"":""positive"",""reasoning"":""The target user strongly endorses Lustig’s argument that sugar/carbs drive overeating and fat gain via insulin–leptin dynamics, and explicitly praises eliminating sugar for increasing satiety, energy, and reducing cravings—core claims commonly used to support keto/low-carb eating. They posted in r/keto, link to additional pro-keto discussions, and frame high carb intake as maladaptive in modern environments. The other user’s reply further reinforces keto as biologically aligned and beneficial, with no pushback from the target user shown. Overall, the conversation context and the target user’s own statements indicate a positive stance toward keto.""}"
keto_479,"{""stance"":""positive"",""reasoning"":""The target user repeatedly defends keto’s benefits (especially longer-lasting satiety and easier weight loss) and challenges calorie-only explanations, suggesting they believe keto has meaningful advantages beyond simple calorie restriction. Although they become skeptical of the other user’s motives at one point, the final reply validates keto’s mechanisms (blood sugar stability, reduced hunger, sustainability), which likely reinforces the target user’s pro-keto view rather than weakening it.""}"
keto_481,"{""stance"":""negative"",""reasoning"":""The target user repeatedly argues there is “nothing magic about a keto diet,” that weight/fat loss is still determined by calories in vs. calories out, and explicitly criticizes the keto community’s framing of carbs as uniquely fattening or “evil.” While they do concede “keto works” and have tried it, they position it mainly as a compliance tool for reducing intake (satiety) rather than a beneficial or superior approach, and their tone is dismissive toward keto dogma. Overall this reflects a skeptical-to-disapproving stance toward keto as a special diet, i.e., negative rather than positive endorsement.""}"
keto_482,"{""stance"":""positive"",""reasoning"":""The target user explicitly argues that sugar undermines satiety and makes maintaining a calorie deficit much harder, and that keto is “so damn successful” because it aligns better with natural appetite regulation. They contrast their miserable experience on low-fat dieting (constant hunger) with their current avoidance of sugar/carbs as staples (“I’m done with that”), indicating a clear preference for keto/low-carb as a sustainable approach. The final reply from another user reinforces the target user’s point about satiety and appetite hormones, which would likely further strengthen the target user’s pro-keto stance rather than weaken it.""}"
keto_487,"{""stance"":""neutral"",""reasoning"":""The target user never states their own opinion about keto; they only ask whether they should unsubscribe from r/keto. The replies they receive are mixed but generally moderate: one commenter argues keto works but rejects strong anti-sugar/biochemical claims, and another says keto can be a useful tool mainly because it improves satiety and adherence, while still emphasizing calorie deficit. This context would likely leave the target user seeing keto as potentially helpful but not uniquely necessary—i.e., a neutral stance rather than clearly positive or negative.""}"
keto_490,"{""stance"":""neutral"",""reasoning"":""The target user never states their own opinion about keto, nor do they respond in a way that signals agreement or disagreement. The only explicit stance in the transcript is from another user praising keto and shirataki noodles, but there’s no evidence the target user adopts that view after the conversation. With insufficient information about the target user’s reaction or change in attitude, the most defensible prediction is neutral.""}"
keto_491,"{""stance"":""neutral"",""reasoning"":""There is no message from the [TARGET USER] in the provided transcript, so we have no direct evidence of their opinion or any reaction to the pro-keto testimony from the other user. Without the target user’s statements, we can’t infer a clear positive or negative stance change attributable to the conversation, so the safest prediction is neutral.""}"
keto_492,"{""stance"":""neutral"",""reasoning"":""The transcript only shows another user making pro-keto arguments and addressing concerns (keto flu, heart health, restrictiveness), but the target user never speaks. Without any explicit reaction or evidence of acceptance/rejection by the target user, there isn’t enough basis to infer a positive or negative stance change, so neutral is most appropriate.""}"
keto_494,"{""stance"":""neutral"",""reasoning"":""The target user never speaks in the provided transcript, so there is no direct evidence of their attitude toward keto after the conversation. While the other user strongly defends keto and highlights health benefits, we can’t reliably infer that the target user adopts that view without any response or reaction from them. Therefore the safest prediction is neutral.""}"
keto_495,"{""stance"":""neutral"",""reasoning"":""The target user never speaks in the provided transcript, so there’s no direct evidence of their opinion changing. While the other user offers reassuring, pro-keto points (healthier fat choices, reduced cravings, flexibility), we can’t reliably infer the target user’s acceptance or rejection of these arguments. With insufficient evidence of the target user’s stance after the conversation, the safest classification is neutral.""}"
keto_499,"{""stance"":""neutral"",""reasoning"":""The target user only asks a clarifying/skeptical question about whether long-term keto evidence should exist given Atkins’ longevity. They do not express approval or disapproval of keto, and while the reply provides pro-keto reassurance, there’s no explicit indication the target user is persuaded. With no clear endorsement or rejection after the exchange, the most supported prediction is neutral.""}"
keto_500,"{""stance"":""neutral"",""reasoning"":""The target user is generally skeptical that lifestyle changes alone can treat many conditions and explicitly says that for autoimmune disease “some diets are helpful, though probably not keto,” indicating a mild negative lean toward keto in that context. However, they do not directly reject keto overall, and the other user presents several pro-keto medical arguments (appetite suppression, inflammation pathways, epilepsy use) that could moderate the target user’s skepticism. With no follow-up from the target user showing acceptance or rejection, the most supported prediction is an overall neutral stance after the conversation.""}"
keto_501,"{""stance"":""neutral"",""reasoning"":""The transcript contains only another user strongly advocating for keto and criticizing mainstream approaches, but the target user never speaks or expresses agreement/disagreement. With no direct evidence of the target user’s reaction or change in view, their post-conversation stance can’t be inferred beyond neutral.""}"
