conv_id,response
spacexipo_0,"{""stance"":""neutral"",""reasoning"":""The target user pushes back on the idea that SpaceX would be used to “bail out” X/xAI and emphasizes that valuation/IPO proceeds reflect projected future value, suggesting they’re not inherently alarmed by the merger or by loss-making growth strategies. However, they never express explicit support for a SpaceX IPO itself (e.g., wanting it to happen or viewing it as a good investment), and the discussion stays focused on definitions and financial losses rather than endorsing or opposing an IPO. With no clear pro-IPO or anti-IPO statement, the most supported stance is neutral.""}"
spacexipo_3,"{""stance"":""neutral"",""reasoning"":""The target user does not appear in the provided transcript and makes no explicit statements about the SpaceX IPO. While the other user acknowledges concerns and begins to argue in favor of an IPO, there is insufficient evidence of how (or whether) the target user is influenced by this partial response. Without direct input from the target user, the safest prediction is neutral.""}"
spacexipo_4,"{""stance"":""neutral"",""reasoning"":""The target user never speaks in the provided transcript, so there’s no direct evidence of their opinion or any change in it. While the other user presents a balanced view (risks of quarterly pressure vs. benefits of more capital), without the target user’s reactions it’s not possible to infer a clear positive or negative stance; thus neutral is the safest prediction.""}"
spacexipo_5,"{""stance"":""negative"",""reasoning"":""The target user frames a potential SpaceX/xAI IPO as a \""subsidized money grab\"" and ties it to Musk chasing payouts rather than creating value. Their tone is sarcastic (\""Enjoy the ride\"") and they express distrust of Musk’s motives and business trajectory, with no counterpoint in the conversation that appears to soften or reverse that view.""}"
spacexipo_6,"{""stance"":""neutral"",""reasoning"":""The target user expresses clear concern about dilution affecting their SpaceX equity but does not state any view on whether a SpaceX IPO would be good or bad. The discussion centers on dilution mechanics and fairness to early employees rather than the desirability of an IPO itself, so there isn’t enough evidence to infer a positive or negative stance toward a SpaceX IPO overall.""}"
spacexipo_7,"{""stance"":""positive"",""reasoning"":""The target user frames the IPO/valuation as a major achievement (“1.25 trillion dollar valuation and likely the second most expensive ipo”) and then explicitly predicts strong upside (“3-5 trillion in 5 years”). They do not echo the other user’s criticisms and instead maintain an optimistic outlook about SpaceX’s valuation trajectory, indicating a positive stance toward the SpaceX IPO after the conversation.""}"
spacexipo_8,"{""stance"":""positive"",""reasoning"":""The target user is clearly skeptical of private valuations and unhappy about dilution into xAI, but they explicitly frame an IPO as the mechanism that will reveal “the real value.” They don’t reject the idea of an IPO; they welcome it as a necessary price-discovery and accountability event. The final reply they receive reinforces that an IPO is the “ultimate benchmark,” which likely strengthens their view that an IPO is desirable—even if they remain negative about the merger/dilution itself.""}"
spacexipo_9,"{""stance"":""negative"",""reasoning"":""The target user is skeptical of SpaceX’s private valuation, calling it effectively arbitrary and suggesting shareholders shouldn’t be “thrilled” with the arrangement. They view the dilution/structure as unfavorable and imply that only an IPO could reveal the real value—indicating distrust and a negative attitude toward the current IPO/valuation narrative rather than enthusiasm for it.""}"
spacexipo_10,"{""stance"":""negative"",""reasoning"":""The target user explicitly states they are fully confident SpaceX “does NOT have what it takes” and lacks an immediate pipeline to justify its valuation, and they reject waiting 10+ years. The final reply from another user partially validates the long time horizon concern rather than strongly persuading them otherwise, so the target user’s stance remains negative after the conversation.""}"
spacexipo_11,"{""stance"":""neutral"",""reasoning"":""The transcript contains no messages from the [TARGET USER], only from other users discussing price drops and valuation concerns. Without any explicit reaction or identifiable comments from the target user, there isn’t enough evidence to infer their post-conversation attitude toward a SpaceX IPO, so the safest prediction is neutral.""}"
spacexipo_12,"{""stance"":""positive"",""reasoning"":""The target user expresses intent to invest $10k in the SpaceX IPO and frames outcomes optimistically (accepts a capped loss but hopes it climbs). The follow-up caution about volatility might make them adjust tactics, but it doesn’t indicate reduced interest in buying—more a refinement of risk management—so their overall stance remains positive.""}"
spacexipo_13,"{""stance"":""positive"",""reasoning"":""The target user expresses an intention to invest $10k in the SpaceX IPO and frames outcomes optimistically: accepting a capped loss as “at least I tried” and explicitly hoping for upside (“if it climbs, then great”). The follow-up caution about IPO volatility doesn’t elicit any pushback or change from the target user, so their stance remains generally favorable toward participating in the IPO, albeit with risk management.""}"
spacexipo_15,"{""stance"":""neutral"",""reasoning"":""There is no message from the [TARGET USER] in the provided transcript, so we have no direct evidence of their view or how they reacted to the other user’s comments about valuation and long-term sustainability. Without the target user’s statements, the safest prediction is that their stance remains indeterminate/neutral.""}"
spacexipo_16,"{""stance"":""neutral"",""reasoning"":""The target user expresses a momentum-driven view—gains matter more than fundamentals—and doesn’t show any explicit opinion about a SpaceX IPO specifically. The other user’s caution about thin margin of safety and valuation risk could temper enthusiasm for high-multiple IPOs, but there’s no clear indication the target user applies that to SpaceX or changes their stance. With no direct SpaceX IPO sentiment stated, the best prediction is neutral.""}"
spacexipo_17,"{""stance"":""positive"",""reasoning"":""The target user is strongly bullish on a SpaceX IPO, arguing valuation is driven by Starship’s monopoly-like potential in launch plus Starlink/comm satellites, not AI. They explicitly state “The stock will be worth more than I paid for it at the IPO” and defend long-term, indefinite growth once Starship is operational. Although other users raise concerns about market size and valuation speed, the target user shows no sign of being persuaded and reiterates confidence in long-term upside, indicating a positive stance after the conversation.""}"
spacexipo_18,"{""stance"":""positive"",""reasoning"":""The target user is strongly pro–SpaceX IPO: they explicitly say they already bought the stock, expect it to be “almost always worth more” than their IPO price, and argue SpaceX will have a durable monopoly-like moat if Starship works. Despite acknowledging volatility, delays, and an AI bubble component, they remain confident the launch/Starlink/Starshield fundamentals will outweigh that and view Starship operational status as a major upside catalyst (“massive pay day”). The conversation’s pushback does not soften their view; it mostly reinforces their commitment and confidence.""}"
spacexipo_19,"{""stance"":""positive"",""reasoning"":""The target user repeatedly defends investing in a SpaceX IPO with a 10+ year horizon, cites Musk’s track record, believes satellite demand and SpaceX’s lead will drive future growth, and explicitly calls it a worthwhile long-term retirement bet despite acknowledging risks and counterarguments about valuation and competition. The later cautionary reply may temper expectations but doesn’t shift them away from optimism.""}"
spacexipo_20,"{""stance"":""positive"",""reasoning"":""The target user reports being up $50/share one week after the IPO, signaling satisfaction with the IPO performance and implicitly validating their decision to buy/hold. Their tone is confident and slightly triumphant, and nothing in the conversation suggests they were dissuaded afterward; if anything, the other user’s congratulations reinforces a favorable view.""}"
spacexipo_21,"{""stance"":""negative"",""reasoning"":""The target user explicitly calls the SpaceX IPO valuation “absurd,” describes Musk as a “scammer” engaging in “financial manipulation,” and argues investors are being sold “piles of trash.” Even though they acknowledge SpaceX is promising, their overall view of the IPO is strongly skeptical and critical, and the other user’s clarification doesn’t appear to shift that stance.""}"
spacexipo_22,"{""stance"":""neutral"",""reasoning"":""The target user never states an opinion about a SpaceX IPO directly. The only expressed sentiment is frustration that “spcx ruined it,” which refers to a SpaceX-exposure fund’s volatility rather than SpaceX going public. The reply reframes the issue as market correction and notes strong demand for eventual IPO exposure, which could soften the frustration, but there’s not enough evidence that the target user becomes clearly supportive or opposed to a SpaceX IPO.""}"
spacexipo_24,"{""stance"":""positive"",""reasoning"":""The target user explicitly defends a high SpaceX valuation by arguing it should be valued on future growth rather than current earnings and draws a favorable parallel to Tesla’s earlier skepticism, implying they expect strong upside and view the IPO valuation optimism as justified.""}"
spacexipo_25,"{""stance"":""neutral"",""reasoning"":""The target user only says they were reassured by redditors that the stock will collapse after IPO, implying concern and a somewhat negative expectation, but they don’t explicitly endorse that view or express their own opinion beyond repeating what others said. The replies introduce nuance (timing around insider unlocks, volatility being normal, long-term fundamentals), which could temper the collapse narrative. With no clear follow-up from the target user showing agreement or disagreement, the most supported prediction is that they end up uncertain/mixed rather than clearly positive or negative.""}"
spacexipo_26,"{""stance"":""positive"",""reasoning"":""The target user argues strongly in favor of buying/holding post-IPO, citing clear excess demand (\""500% demand above float\"") and dismissing bearish narratives about insiders dumping shares as \""silly.\"" Their comments indicate confidence that demand will support the stock and skepticism toward claims of an imminent drop, suggesting a positive stance toward the SpaceX IPO after the conversation.""}"
spacexipo_27,"{""stance"":""negative"",""reasoning"":""The target user expresses strong distrust and hostility toward the IPO, claiming Q2 numbers will be “fabricated,” calling the process a “public Madoff,” and framing retail investors as exit liquidity for insiders. Nothing in the conversation indicates their view softens; they double down on manipulation/dilution concerns rather than acknowledging regulatory/audit safeguards.""}"
spacexipo_28,"{""stance"":""negative"",""reasoning"":""The target user expresses strong distrust of the IPO and the company’s post-IPO behavior, alleging fabricated Q2 numbers, describing the lock-up/release plan as a “public Madoff,” and framing the valuation support as dependent on retail being used as exit liquidity. The other user’s reply about SEC/auditor oversight doesn’t appear to change the target user’s view; it directly contradicts them but there’s no indication the target user is persuaded. Overall, the target user’s stance after the conversation is clearly negative.""}"
spacexipo_29,"{""stance"":""negative"",""reasoning"":""The target user expresses clear skepticism about the IPO’s fundamentals and intent: they call it a low-float, dumb-money-driven run-up, describe valuation as “insane,” say it’s “definitely a rug pull for the early investors,” and explicitly state “medium term I am shorting this.” While another user counters with institutional-demand and funding arguments, there’s no indication the target user changes their view, so their post-conversation stance remains negative.""}"
spacexipo_30,"{""stance"":""neutral"",""reasoning"":""The target user defends the idea that scarcity and high demand can justify a high current price and doesn’t express concern about fundamentals, but they also don’t explicitly endorse the IPO as a good investment or express optimism about SpaceX’s long-term value. Their responses focus on market mechanics (“it still is being applied”) rather than a clear pro-IPO or anti-IPO position, so the most supported classification is neutral.""}"
spacexipo_32,"{""stance"":""neutral"",""reasoning"":""The target user only provided a detailed, factual lock-up/unlock schedule and did not express approval or disapproval of a SpaceX IPO. The context is skeptical about valuation and share unlock risk, but the target user’s contribution is informational rather than evaluative, so there isn’t enough evidence they end up positive or negative after the exchange.""}"
spacexipo_35,"{""stance"":""neutral"",""reasoning"":""The target user only provided a factual, detailed lock-up schedule and did not express approval, excitement, skepticism, or intent to buy/sell. While the surrounding discussion is bearish about valuation and unlock risk, the target user’s contribution is informational rather than evaluative, and there’s no clear evidence they adopted a positive or negative stance afterward.""}"
spacexipo_36,"{""stance"":""positive"",""reasoning"":""The target user is strongly bullish throughout the conversation: they argue SpaceX has strong fundamentals, emphasize a “global launch monopoly,” cite high YoY revenue growth, rely on underwriter/Goldman projections to justify valuation, and repeatedly mock skeptics while bragging about being up ~60% post-IPO. Nothing in the later exchange suggests they became more cautious; if anything, the other user’s partial concession reinforces the target user’s pro-IPO view.""}"
spacexipo_37,"{""stance"":""positive"",""reasoning"":""The target user repeatedly defends buying the IPO on “fundamentals,” cites SpaceX’s innovation, launch-cost reductions, and Starlink’s potential, and describes actively holding/adding shares with stop-losses. Even after pushback (including a clarification that they’re conflating SpaceX with xAI), there’s no indication they change their mind—only that their rationale is challenged. With no explicit concession or reversal, their post-conversation stance remains overall supportive/optimistic toward the SpaceX IPO.""}"
spacexipo_38,"{""stance"":""positive"",""reasoning"":""The target user repeatedly defends buying the IPO on fundamentals (innovation, major launch-cost reductions, Starlink market potential), reports making money, and expresses willingness to buy more on dips. Even after others raise valuation/debt concerns, the target user dismisses the criticism and maintains confidence, indicating an overall positive stance after the conversation.""}"
spacexipo_39,"{""stance"":""positive"",""reasoning"":""The target user repeatedly expresses enthusiasm about buying the IPO on “fundamentals,” citing SpaceX’s innovation, launch-cost reductions, and Starlink’s potential, and says they’re already in the IPO and would buy more on a dip. Although the final reply corrects their confusion between SpaceX and xAI/Grok and challenges parts of their thesis, there’s no indication the target user accepts the correction or changes their view; their prior comments show strong conviction and ongoing willingness to hold/add. So their post-conversation stance is best predicted as still positive (even if somewhat challenged).""}"
spacexipo_40,"{""stance"":""positive"",""reasoning"":""The target user repeatedly defends buying the IPO on fundamentals, highlighting SpaceX’s innovation, launch cost reductions, and Starlink’s market potential. They dismiss criticisms about valuation/debt, emphasize the company can afford upfront infrastructure costs, and note they are already making money while planning to buy more on a dip. The conversation ends with reinforcement of their optimistic long-term thesis, so their stance remains positive.""}"
spacexipo_41,"{""stance"":""positive"",""reasoning"":""The target user explicitly states they bought the IPO “based on fundamentals,” cites SpaceX’s innovation, major launch-cost reductions, and Starlink’s potential, and describes an ongoing plan to hold/trade with stop losses and even buy more on a crash. Although other participants challenge the valuation and purchasing-power assumptions, there’s no sign the target user concedes or changes course; their expressed intent remains bullish (willing to accumulate), so their post-conversation stance is still positive.""}"
spacexipo_42,"{""stance"":""positive"",""reasoning"":""The target user repeatedly expresses optimism about SpaceX’s fundamentals (innovation, major launch cost reductions, Starlink potential), states they bought at the IPO, and even wants to buy more if it drops. Although another user corrects them that Grok/xAI is separate and challenges the valuation logic, there’s no sign the target user is persuaded to turn cautious; their trading behavior (stop losses) shows risk management but not reduced enthusiasm. Overall, their stance remains positive after the conversation.""}"
spacexipo_43,"{""stance"":""positive"",""reasoning"":""The target user repeatedly defends buying the SpaceX IPO on “fundamentals,” citing major launch-cost reductions, Starlink’s broadband potential, and expressing intent to hold/add more on dips with stop-losses. Although another user challenges their assumptions and a later reply clarifies that some AI/data-center points may belong to xAI rather than SpaceX, the target user does not concede or show reduced enthusiasm; their stated plan and conviction remain bullish overall.""}"
spacexipo_44,"{""stance"":""positive"",""reasoning"":""The target user expresses clear enthusiasm for buying the IPO on “fundamentals,” citing SpaceX’s innovation, major launch-cost reductions, and Starlink’s potential, and says they hope to buy more if it drops. Although another user challenges their assumptions and a later reply corrects them about confusing SpaceX with xAI, the target user does not show any sign of backing off; their comments remain confident and bullish, focused on long-term potential and continued accumulation.""}"
spacexipo_45,"{""stance"":""positive"",""reasoning"":""The target user repeatedly defends buying the IPO on fundamentals, highlights SpaceX’s innovation and launch-cost reductions, sees strong potential in Starlink’s market, and expresses willingness to buy more on a dip. They dismiss concerns about valuation mix by emphasizing long-term infrastructure buildout and affordability. The final reply they receive reinforces their long-term moat/infrastructure thesis, which would likely maintain or strengthen their pro-IPO stance.""}"
spacexipo_46,"{""stance"":""positive"",""reasoning"":""The target user explicitly states they bought the IPO based on fundamentals, praises SpaceX’s innovation, launch-cost reductions, and Starlink’s market potential, and indicates they would buy more on a dip. They defend high upfront infrastructure costs as justified long-term investment. Nothing in the conversation appears to shift them away from this bullish view; if anything, the final reply reinforces their thesis.""}"
spacexipo_47,"{""stance"":""positive"",""reasoning"":""The target user explicitly states they are buying based on fundamentals, cites SpaceX’s innovation, major launch cost reductions, and Starlink’s market potential as reasons for confidence, and describes already participating in the IPO with an intent to buy more on dips. The follow-up discussion reinforces their fundamental thesis and only raises a tactical concern about stop-loss tightness, which doesn’t appear to reduce their overall enthusiasm.""}"
spacexipo_48,"{""stance"":""positive"",""reasoning"":""The target user explicitly expresses bullish, fundamentals-based support for the SpaceX IPO, citing innovation, major launch cost reductions, and Starlink’s market potential. They state they bought the IPO, are performing well so far, and would buy more on a dip. The conversation reinforces rather than challenges their view, with the other user validating their long-term thesis, so their stance remains positive.""}"
spacexipo_49,"{""stance"":""positive"",""reasoning"":""The target user explicitly supports buying the SpaceX IPO on fundamentals, citing major launch cost reductions and Starlink’s market potential, and reports having already bought at IPO with an intent to buy more on dips. The follow-up from the other user largely validates these points and reinforces the long-term value thesis, so the target user’s stance remains clearly positive after the conversation.""}"
spacexipo_50,"{""stance"":""positive"",""reasoning"":""The target user explicitly states they are buying the IPO based on fundamentals, praises SpaceX’s innovation, cites major launch-cost reductions and Starlink’s market potential, and describes continuing to hold/add (using stop losses and hoping to buy more on a dip). The other user’s reply validates this perspective rather than challenging it, so there’s no conversational pressure pushing the target user toward neutrality or negativity.""}"
spacexipo_51,"{""stance"":""positive"",""reasoning"":""The target user explicitly expresses bullish, fundamentals-based support for the SpaceX IPO, citing major cost reductions in launches, Starlink’s market potential, and stating they bought the IPO shares, are doing well so far, and would buy more on a dip. The follow-up from the other user validates these points and reinforces the target user’s confidence rather than challenging it, so their stance remains positive after the conversation.""}"
spacexipo_52,"{""stance"":""positive"",""reasoning"":""The target user repeatedly expresses strong enthusiasm for buying the IPO, explicitly says they bought it “based on fundamentals,” cites SpaceX’s launch cost reductions and Starlink’s potential, and describes an active strategy to hold/add more on dips. Although other users challenge their claims and clarify that some AI/data-center points relate to xAI rather than SpaceX, the target user does not concede or express doubt about the IPO; their tone remains defensive and committed. Overall, the conversation is unlikely to shift them away from their pro-IPO view, so their stance remains positive.""}"
spacexipo_53,"{""stance"":""neutral"",""reasoning"":""The target user did not express any explicit opinion about the SpaceX IPO in the provided transcript. The only message shown is from another user advising general caution around IPO volatility and hype. Without any response from the target user indicating agreement, disagreement, or enthusiasm, there isn’t enough evidence to infer a positive or negative stance, so the most accurate prediction is neutral.""}"
spacexipo_57,"{""stance"":""neutral"",""reasoning"":""The target user raises a concern that an IPO could lead employees to cash out and leave, potentially harming leadership continuity. They don’t express a clear pro- or anti-IPO position beyond that risk. The reply they receive offers plausible mitigations (lock-ups, vesting, retention packages), which would likely temper the concern rather than push them strongly negative. Overall, their stance remains cautious but not clearly opposed or supportive.""}"
spacexipo_58,"{""stance"":""neutral"",""reasoning"":""The target user never speaks in the provided transcript, so there’s no explicit indication of their attitude toward a SpaceX IPO or any reaction to the other user’s caution about post-IPO drops and volatility. With insufficient evidence of the target user’s view or any demonstrated shift, the safest prediction is neutral.""}"
spacexipo_59,"{""stance"":""neutral"",""reasoning"":""The target user never states an opinion about whether a SpaceX IPO is good or bad, nor do they express excitement or opposition toward it. Their comments (waiting to buy after an expected post-IPO selloff and acknowledging others have better info) reflect a timing/strategy discussion rather than a clear positive or negative stance toward the IPO itself. The conversation adds context about lock-up periods but doesn’t indicate it changes the target user’s overall attitude beyond caution, so the stance remains neutral.""}"
spacexipo_60,"{""stance"":""neutral"",""reasoning"":""The target user never speaks in the provided transcript, so there is no explicit indication of their view on a SpaceX IPO. The only visible message discusses general IPO volatility and valuation corrections without clearly endorsing or opposing a SpaceX IPO specifically. With no evidence of the target user’s reaction or change in attitude, the safest prediction is neutral.""}"
spacexipo_61,"{""stance"":""neutral"",""reasoning"":""The target user never expresses an opinion about a SpaceX IPO, only a clarification about private secondary transactions and terminology. There’s no explicit support for or opposition to an IPO, and no conversational cues indicating their stance shifted as a result of the exchange.""}"
spacexipo_62,"{""stance"":""neutral"",""reasoning"":""The target user is focused on timing a post-IPO dip rather than expressing enthusiasm or pessimism about SpaceX as an investment. They initially expect multiple selloffs and plan to buy later, and then acknowledge others provided better information, adjusting expectations about timing but not indicating increased excitement or distrust. Overall this reflects a wait-and-see, strategy-driven posture rather than clearly positive or negative sentiment toward the IPO.""}"
spacexipo_63,"{""stance"":""positive"",""reasoning"":""The target user is planning to buy SpaceX shares after an expected post-IPO selloff (“That’s when I will buy”), indicating interest and a generally favorable view of investing in the IPO. Although they acknowledge others provided better info and that their research was limited, they explicitly say their “general sentiment remains the same,” and nothing in the conversation suggests they became skeptical or opposed—only more calibrated about timing/lock-up mechanics.""}"
spacexipo_64,"{""stance"":""neutral"",""reasoning"":""The target user expresses an intention to buy SpaceX after an expected post-IPO selloff, suggesting interest but not clear enthusiasm for the IPO itself. They also acknowledge their limited research and that others provided better information, which tempers their confidence in the original claim. Overall, they remain cautious and focused on timing/volatility rather than expressing a clearly positive or negative view of the IPO.""}"
spacexipo_72,"{""stance"":""neutral"",""reasoning"":""The transcript contains only an [OTHER USER] discussing stock gains, volatility, and caution in general terms, with no statements from the [TARGET USER] and no direct mention of SpaceX or an IPO. With no evidence of the target user’s opinion or any clear influence on them regarding a SpaceX IPO, the most defensible prediction is neutral.""}"
spacexipo_73,"{""stance"":""neutral"",""reasoning"":""There is no message from the target user in the provided transcript, so we have no direct evidence of their view. While the other user expresses cautious interest (expecting a post-IPO correction and planning a limit buy), we cannot reliably infer that the target user adopted a positive or negative stance from this alone. With insufficient evidence of the target user’s reaction or change in opinion, the most defensible prediction is neutral.""}"
spacexipo_74,"{""stance"":""neutral"",""reasoning"":""The target user pushes back on the most alarmist anti-IPO claim (calling the bond sale routine debt arbitrage) and agrees bonds aren’t a venue for meme-style speculation, indicating a sober, finance-informed view rather than hostility. However, they don’t express enthusiasm for the IPO or defend SpaceX’s valuation/IPO itself beyond that clarification, so their overall stance remains neither clearly positive nor negative.""}"
spacexipo_76,"{""stance"":""negative"",""reasoning"":""The target user repeatedly calls the IPO valuation “absolutely idiotic,” “totally unreasonable,” and driven by “hype and Elon” rather than fundamentals. They emphasize large losses, extreme cash burn, slowing growth, and an unjustifiable $1.75T/100x revenue valuation, and they dismiss pro-IPO arguments as “baseless” and “hopium.” The final reply from the other user partially concedes the risks and frames it as a speculative bet, which aligns with (and does not soften) the target user’s already strongly negative stance toward the IPO.""}"
spacexipo_77,"{""stance"":""negative"",""reasoning"":""The target user repeatedly calls the IPO valuation “absolutely idiotic,” “totally reasonable… lol,” and “pure hopium,” emphasizing concrete negatives: huge net loss, decelerating growth, massive cash burn, and an extreme $1.75T/100x revenue valuation. Even after the other user offers a more numbers-based bull case (Starlink utility + Starship cost reductions + future high-margin recurring revenue), the target user’s position is firmly anchored in skepticism and demands substantiated valuation justification, with no indication they are persuaded. Their stance remains negative toward the SpaceX IPO.""}"
spacexipo_79,"{""stance"":""neutral"",""reasoning"":""The target user expresses skepticism about the idea of a SpaceX IPO (at a $1.75T valuation) going “parabolic,” questioning the plausibility rather than endorsing or opposing the IPO itself. After the other user’s clarification, there’s no follow-up from the target user indicating increased enthusiasm or increased opposition—only their initial doubt about exaggerated upside claims. With no explicit support or rejection of the IPO, the most supported stance is neutral.""}"
spacexipo_82,"{""stance"":""positive"",""reasoning"":""The target user consistently defends SpaceX’s potential and pushes back on the ‘pump and dump’/overvaluation framing by analogizing to Amazon/Meta-style long-run winners. They argue SpaceX has already achieved seemingly impossible disruption (orders-of-magnitude launch cost reductions, beating incumbents) and explicitly endorse the idea that it can address massive global and off-world industries. Even after the other user softens to a ‘priced in’ concern, the target user’s comments remain strongly bullish rather than cautious, implying a positive stance toward a SpaceX IPO.""}"
spacexipo_83,"{""stance"":""neutral"",""reasoning"":""The target user expresses sarcasm and frustration (“Oh no who could have expected this!!”), but doesn’t explicitly mention SpaceX going public, investing, or an IPO. The other user reframes the situation as broader market volatility rather than a SpaceX-specific issue, which could soften negativity. With no clear statement about the IPO itself, the most supported stance is neutral.""}"
spacexipo_84,"{""stance"":""negative"",""reasoning"":""The target user’s exclamation (“Oh no who could have expected this!!”) is sarcastic and signals frustration or disapproval about the IPO outcome, implying it was predictably bad. The other user reinforces a cautious framing (scrutiny, volatility, valuation risk), which would likely maintain or strengthen the target user’s negative view rather than shift it positive.""}"
spacexipo_86,"{""stance"":""negative"",""reasoning"":""The target user dismisses Musk-related hype as ineffective now, calls the “space datacenter pump” ‘all bs,’ and implies these moves are manipulative pump-and-dump cycles. Nothing in the conversation suggests they became more optimistic about an eventual SpaceX IPO; if anything, the follow-up reinforces skepticism about hype-driven valuation.""}"
spacexipo_87,"{""stance"":""positive"",""reasoning"":""The target user defends the idea of profiting from the move, calls the thread bait, and emphasizes SpaceX is still up from IPO. They also cite their own successful trade (bought at 140, sold at 190) and note they’d still be up if they held, indicating confidence/approval of the IPO performance rather than skepticism.""}"
spacexipo_89,"{""stance"":""neutral"",""reasoning"":""The target user expresses skepticism about upside (“how are they gonna make it pump? what upside is there?”), indicating doubt rather than enthusiasm. After the reply, they are presented with plausible growth drivers (Starlink scaling, Starship milestones), but the target user does not respond with agreement or increased excitement. With no explicit shift toward optimism or further negativity, the best prediction is a neutral stance after the conversation.""}"
spacexipo_91,"{""stance"":""neutral"",""reasoning"":""The target user does not appear in the provided transcript and there are no explicit statements from them about SpaceX IPO. While the other user offers a mildly pro-fundamentals framing (SpaceX is different from AI hype), there’s no evidence of how the target user reacts or whether their stance shifts. With insufficient direct evidence, the best prediction is neutral.""}"
spacexipo_92,"{""stance"":""negative"",""reasoning"":""The target user repeatedly argues the IPO is massively overvalued (94x trailing revenue), calls it “the most ridiculous IPO in history,” and says there is no financial case for it. They explicitly reject the risk/return profile (only ~2x in 4 years with high key-man and political risk) and prefer other space stocks they already own. Even after another user offers a more nuanced long-term ‘infrastructure/moat’ framing, nothing indicates the target user softens; their closing implies they still expect it not to ‘moon’ and view it as propped up by hype/corruption. Overall stance remains strongly negative.""}"
spacexipo_93,"{""stance"":""negative"",""reasoning"":""The target user is strongly bearish on a SpaceX IPO. They argue SpaceX has negative PE, is burdened by short-maturity debt, and is structurally unprofitable, framing the IPO as a last resort to avoid bankruptcy. They cite S-1 filings as evidence that both SpaceX and Starlink are failing, warn against the ‘stock will only go up’ narrative, and criticize prior optimistic assumptions about profitability and Starship progress. The replies from others do not appear to soften their view; they double down after pushback.""}"
spacexipo_94,"{""stance"":""neutral"",""reasoning"":""The target user never speaks in the transcript, so there’s no direct evidence of their opinion. The conversation contains both strong caution (“obvious trap”) and a counterargument highlighting Starlink revenue/positive cash flow and growth potential, which could pull in opposite directions. With no indication of which side the target user accepts, the best prediction is a neutral stance.""}"
spacexipo_95,"{""stance"":""neutral"",""reasoning"":""The transcript contains only an [OTHER USER] discussing NASDAQ listing rule changes and lock-up tranches. There is no message from the [TARGET USER], nor any explicit opinion, reaction, or behavioral cue indicating the target user’s view on a SpaceX IPO. With insufficient evidence of the target user’s stance or how they were influenced, the most defensible prediction is neutral.""}"
spacexipo_96,"{""stance"":""neutral"",""reasoning"":""The transcript contains only an [OTHER USER] discussing insider sell-offs and float increases in general terms; there are no statements from the [TARGET USER] at all. With no explicit opinion from the target user and no evidence of how they reacted to or were persuaded by the discussion, there isn’t enough information to infer a positive or negative stance toward a SpaceX IPO.""}"
spacexipo_97,"{""stance"":""negative"",""reasoning"":""The target user strongly argues against investing in a SpaceX IPO, calling it “exit liquidity,” criticizing Elon’s behavior as a volatility and governance risk, warning about pensioners being harmed, and emphasizing a valuation asymmetry that makes upside unlikely versus downside. They explicitly conclude “My money goes to RocketLab,” indicating a firmly negative stance toward the SpaceX IPO after the conversation.""}"
spacexipo_98,"{""stance"":""neutral"",""reasoning"":""The target user never states an opinion about participating in or valuing the SpaceX IPO, nor do they react to the other users’ bullish arguments. With no explicit stance or engagement that indicates persuasion, there isn’t enough evidence to label them positive or negative, so the best prediction is neutral.""}"
spacexipo_99,"{""stance"":""neutral"",""reasoning"":""The transcript contains only an [OTHER USER] message discussing general IPO lock-up/insider sell-off volatility and explicitly notes SpaceX specifics aren’t confirmed. There is no statement or reaction from the [TARGET USER], so there isn’t enough evidence to infer a clearly positive or negative stance toward a SpaceX IPO after the conversation.""}"
spacexipo_100,"{""stance"":""neutral"",""reasoning"":""The transcript only contains an [OTHER USER] explaining general IPO access limitations for retail investors and does not include any message from the [TARGET USER]. With no explicit opinion or reaction from the target user, there isn’t enough evidence to infer a positive or negative stance toward a SpaceX IPO, so the most reliable prediction is neutral.""}"
spacexipo_104,"{""stance"":""negative"",""reasoning"":""The target user strongly rejects buying in at the implied valuation, calling 80x sales 'absolutely crazy,' emphasizing likely dilution and unfavorable VC preferred terms that disadvantage common/secondary buyers. The other user offers a bullish counterpoint (Starlink/Starship upside), but nothing in the transcript indicates the target user is persuaded or softens their view, so their stance remains negative toward a SpaceX IPO at such valuations.""}"
spacexipo_105,"{""stance"":""negative"",""reasoning"":""The target user strongly rejects buying in at current implied valuations, calling 80x sales “absolutely crazy,” emphasizing likely dilution and unfavorable VC terms for common/secondary buyers, and concluding “no way.” The other user largely validates these concerns and frames upside as speculative, which would reinforce rather than soften the target user’s skepticism toward a SpaceX IPO at such pricing.""}"
spacexipo_106,"{""stance"":""neutral"",""reasoning"":""The target user never speaks in the provided transcript, so there’s no direct evidence of their opinion or any change in it. While other participants discuss Reddit negativity and SpaceX’s operational milestones, there’s insufficient information to infer how the target user is influenced or what stance they hold toward a SpaceX IPO.""}"
spacexipo_107,"{""stance"":""negative"",""reasoning"":""The target user consistently argues that a SpaceX IPO at a ~$2T valuation is “massively overinflated,” will likely underperform the tech index for the next 10–30 years, and advises waiting for it to tank before considering entry. They emphasize low margins/high capex in launch and Starlink, claim SpaceX loses money, and dismiss xAI/Grok as uncompetitive and a weak basis for valuation. Nothing in the conversation shifts them toward optimism; if anything, they double down on the view that SpaceX won’t be a near-to-midterm profit winner and is a poor investment at IPO pricing.""}"
spacexipo_108,"{""stance"":""negative"",""reasoning"":""The target user consistently argues the IPO valuation (~$2T) is “massively overinflated,” expects SpaceX to underperform the tech index over 5–30 years, and advises waiting for it to “tank” before considering an entry. They also dismiss key bullish drivers (Starlink margins/capex, launch as low-margin, xAI/Grok as uncompetitive and loss-making) and conclude there’s “no reason to invest” at the IPO price. Nothing in the conversation shifts them toward optimism; if anything, they double down on a bearish view of both fundamentals and expected returns.""}"
spacexipo_109,"{""stance"":""negative"",""reasoning"":""The target user consistently argues that a SpaceX IPO at roughly a $2T valuation is massively overinflated and likely to underperform the tech index over 5–10 years (and even more so over longer horizons). They repeatedly emphasize low margins in launch/Starlink, weak profitability, skepticism about xAI/Grok competitiveness, and expect downside once lockups expire and float increases. Nothing in the conversation shifts them toward openness; if anything, the other user’s speculative ASI/LEV arguments reinforce the target’s view that the thesis is detached from near-term cash flows and moat durability. By the end, the target user reiterates underperformance expectations and sets reminders to compare returns, indicating a firmly negative stance.""}"
spacexipo_110,"{""stance"":""negative"",""reasoning"":""The target user consistently argues that a ~$2T SpaceX IPO valuation is “massively overinflated,” expects it to underperform the tech index for 5–30 years, and recommends not buying at IPO (or waiting for it to “tank” post-lockup for a better entry). They dismiss Starlink/launch as low-margin, claim SpaceX loses money, and view the AI (xAI/Grok) component as uncompetitive and value-destructive. Nothing in the exchange softens their view; if anything, they double down in response to the other user’s optimism and first-day price action.""}"
spacexipo_111,"{""stance"":""positive"",""reasoning"":""The target user repeatedly argues in favor of SpaceX as a long-term, high-upside investment, emphasizing future cash flows from Starlink/defense/space infrastructure and even AI spillover (xAI), and dismisses concerns about current profitability and valuation. They explicitly state they plan to buy SpaceX at IPO (alongside other AI names), call it a potential “space monopoly,” and interpret strong first-day trading as evidence against bearish claims. Although they acknowledge it could fall due to lockups/float dynamics, they maintain confidence that it’s not an “exit scam” and that demand and moats (infrastructure, government ties) support the thesis. Overall, the conversation reinforces rather than weakens their pro-IPO stance.""}"
spacexipo_112,"{""stance"":""positive"",""reasoning"":""The target user repeatedly argues in favor of SpaceX as a long-term, high-upside investment tied to Starlink, defense, space infrastructure, and even AI/ASI-driven future growth. They dismiss concerns about valuation/underperformance, explicitly say they plan to buy SpaceX at IPO, and interpret the strong first-day trading as evidence against the bearish thesis (even while acknowledging lockup/float dynamics). The conversation does not meaningfully reduce their enthusiasm; if anything, they become more committed and defensive of the bullish case.""}"
spacexipo_113,"{""stance"":""positive"",""reasoning"":""The target user consistently argues in favor of SpaceX as a long-term, high-upside investment tied to future space infrastructure, Starlink/defense, and even AI via xAI. They dismiss concerns about near-term underperformance and valuation, emphasize SpaceX’s moat (infrastructure, government ties), and explicitly state they’re likely to buy at IPO and won’t “turn down its astronomical potential.” The conversation doesn’t soften their view; if anything, they become more committed, reframing critiques as additional support for the thesis.""}"
spacexipo_114,"{""stance"":""neutral"",""reasoning"":""The target user expresses confidence in SpaceX as a business, but explicitly says they don’t buy IPOs and plans to wait about a year after any IPO to evaluate. The later comments focus on Tesla’s performance and Musk’s fundraising rather than increasing enthusiasm for participating in a SpaceX IPO. Overall they remain cautiously interested in SpaceX but not inclined to buy at IPO, yielding a neutral stance toward the IPO itself.""}"
spacexipo_121,"{""stance"":""neutral"",""reasoning"":""The target user never states an opinion about a SpaceX IPO or even speaks in the transcript. The discussion is mixed—some users are skeptical about hype and an “Elon premium,” while others argue Elon’s track record and xAI advantages justify value—but there’s no evidence the target user adopts either view. With no explicit stance or interaction from the target user, the best prediction is neutral.""}"
spacexipo_122,"{""stance"":""neutral"",""reasoning"":""The target user pushes back on skepticism by noting that lofty valuations can be justified by expected future growth, but they don’t explicitly endorse buying into a SpaceX IPO or express enthusiasm about it. Their comment is a general defense of growth-based valuation logic (in the context of xAI/Elon premium), not a clear positive or negative stance on a SpaceX IPO specifically, so the most supported classification is neutral.""}"
spacexipo_123,"{""stance"":""positive"",""reasoning"":""The target user explicitly states they bought into the SpaceX IPO/pre-IPO shares and wants to hold long-term, framing SpaceX’s execution (reusable rockets, Starlink) as objectively beneficial and competitively defensible. Throughout the exchange they strongly reject skepticism about valuation/competition, emphasize SpaceX’s launch dominance and cost advantage, and challenge critics to short if they disagree—showing reinforced confidence rather than doubt. The conversation ends with the other user softening their critique without changing the target user’s expressed conviction, so the target user’s stance remains strongly positive.""}"
spacexipo_124,"{""stance"":""positive"",""reasoning"":""The target user explicitly states they are an Elon Musk fan, already bought into the SpaceX IPO/hold pre-IPO shares, and wants to hold long-term while SpaceX executes on reusable rockets and Starlink-like services. Their comments frame SpaceX’s achievements and goals as objectively good and worth investing in, and the other user’s reply reinforces this view by validating SpaceX’s impact on spaceflight economics. This strongly indicates a positive stance after the conversation.""}"
spacexipo_128,"{""stance"":""neutral"",""reasoning"":""The target user expresses skepticism about the IPO valuation (“60-70 still seems like way too much”) and a negative view of Elon Musk (“nutjob”), while also acknowledging Musk’s strong follower-driven hype (“cult-like following. Look at the IPO”). They don’t clearly endorse buying or avoiding the IPO outright; they mainly note overvaluation risk alongside recognition of market enthusiasm. Overall this points to a cautious, mixed view rather than clearly positive or negative.""}"
spacexipo_129,"{""stance"":""neutral"",""reasoning"":""The target user expresses skepticism about the valuation (saying $60–70 is “way too much”) and a negative view of Elon personally (“nutjob”), but also acknowledges the market enthusiasm driven by his “cult-like following” and references the IPO’s momentum. They don’t clearly endorse or oppose investing in a SpaceX IPO overall—more wary than enthusiastic, but not outright negative about the IPO itself—so the most supported stance is neutral.""}"
spacexipo_132,"{""stance"":""neutral"",""reasoning"":""The transcript contains only another user’s comments and provides no explicit statements, reactions, or follow-up from the [TARGET USER]. Without any evidence of the target user’s prior view or how they responded to the pro-Starlink/IPO argument, there isn’t enough information to infer a positive or negative stance shift, so the safest prediction is neutral.""}"
spacexipo_133,"{""stance"":""negative"",""reasoning"":""The target user argues SpaceX’s profitability depends on Starlink and that Starlink’s future growth hinges on Starship, which they describe as failing key milestones and being “just a giant firework.” This framing implies high business risk and skepticism about near-term viability—factors that typically translate into a negative stance toward a SpaceX IPO. The other user offers partial counterpoints (V2 Mini, iterative development, other revenue), but nothing in the transcript shows the target user accepting these mitigations or softening their position, so their post-conversation stance remains negative.""}"
spacexipo_134,"{""stance"":""neutral"",""reasoning"":""The target user never speaks in the provided transcript, so there’s no explicit indication of their attitude toward a SpaceX IPO. The only message presented is from another user offering a balanced view (liquidity vs. capital needs, high valuation risk vs. growth potential), which doesn’t clearly push the target toward either enthusiasm or opposition. With no evidence of the target user’s reaction or change in view, the most defensible prediction is neutral.""}"
spacexipo_135,"{""stance"":""positive"",""reasoning"":""The target user explicitly endorses the pro-IPO/pro-long-term-investing view (“This.”) and argues that early losses didn’t prevent Tesla from becoming an enormous winner, using Tesla’s IPO returns as a persuasive analogy. Although another user provides a caution about SpaceX’s already-high valuation limiting upside, the target user doesn’t respond with doubt or reversal. Overall, the target user remains bullish/optimistic toward a SpaceX IPO as a long-term opportunity.""}"
spacexipo_136,"{""stance"":""positive"",""reasoning"":""The target user strongly endorses the pro-IPO/long-term-bull case by explicitly agreeing (“This.”) with the comparison to Tesla, emphasizing that early losses didn’t matter and citing Tesla’s massive IPO-to-present returns as a lesson. Although another user raises a valuation/return-ceiling counterargument, the target user does not concede or soften their view in the transcript. Given their framing that critics ‘think about the future like someone who is poor,’ they’re likely to remain optimistic about SpaceX’s long-term upside despite the valuation point.""}"
spacexipo_137,"{""stance"":""negative"",""reasoning"":""The target user repeatedly emphasizes that the space/launch business is a very small part of the claimed TAM, has low revenue relative to the implied valuation, and is operating at a loss. They argue that to justify a ~$1.75T valuation the launch business would need to grow “a LOT,” signaling skepticism toward IPO pricing and prospects. While others introduce a ‘moat’ narrative, the target user does not adopt it and maintains a valuation-gap critique, so their post-conversation stance remains negative.""}"
spacexipo_138,"{""stance"":""neutral"",""reasoning"":""The target user did not provide any explicit opinion about a SpaceX IPO in the transcript. The only message (from another user) frames the IPO as complex, capital-intensive, and risky but potentially rewarding; without any response from the target user, there’s insufficient evidence to infer a positive or negative stance shift, so neutral is most appropriate.""}"
spacexipo_139,"{""stance"":""neutral"",""reasoning"":""The target user did not provide any explicit opinion in the transcript. The only visible content is another user raising a balanced point about speculation vs. fundamentals (Starlink, etc.), which could be taken either way. With no direct statement or reaction from the target user, there isn’t enough evidence to infer a positive or negative stance, so the most reliable prediction is neutral.""}"
spacexipo_140,"{""stance"":""positive"",""reasoning"":""The target user consistently defends the SpaceX IPO as an attractive bet despite acknowledging a “rich” valuation and “priced to perfection” risk. They argue there is meaningful upside driven by Starlink, launch dominance, government/defense contracts, Starship economics, and future space infrastructure, rejecting claims of “no upside” and framing it as a founder-led, market-creating company similar to past big winners. Nothing in the conversation appears to shift them toward skepticism; if anything, the final reply from another user partially validates their thesis, reinforcing a positive stance.""}"
spacexipo_141,"{""stance"":""positive"",""reasoning"":""The target user compares SpaceX’s rich valuation favorably to Tesla’s and implies that high valuation can still lead to outsized returns. They emphasize SpaceX’s unique industry advantage and explicitly credit Elon as the key reason the company works, suggesting confidence in execution and investor acceptance of his control. The other user reinforces these bullish points with supportive examples (Tesla IPO returns, SpaceX moat), which would likely further strengthen the target user’s already optimistic view. Overall, the target user’s stance after the conversation is positive toward a SpaceX IPO despite acknowledging valuation risk.""}"
spacexipo_142,"{""stance"":""positive"",""reasoning"":""The target user argues that a rich valuation isn’t a deterrent (citing Tesla’s success), emphasizes SpaceX’s unique industry position, and credits Elon Musk as the key reason the business “works,” implying confidence that the market will continue to support it despite valuation concerns. The other user reinforces this framing, likely strengthening the target user’s pro-IPO outlook rather than tempering it.""}"
spacexipo_143,"{""stance"":""neutral"",""reasoning"":""The target user focuses on the general principle that investors should understand and potentially change index strategies if an index’s inclusion rules/methodology don’t match their preferences. They discuss S&P 500 criteria and push back on misconceptions about indices, but they never express a view about SpaceX specifically or an IPO being good/bad. The conversation doesn’t provide enough evidence that they became more favorable or unfavorable toward a SpaceX IPO, so the most supported stance is neutral.""}"
spacexipo_144,"{""stance"":""neutral"",""reasoning"":""The target user never speaks in the transcript, so there’s no direct evidence of their view on a SpaceX IPO. The conversation contains mixed signals—some users dismiss concern and emphasize diversification/‘VOO and chill,’ while others highlight valuation and index-impact risks—so the net inferred influence on the target user is ambiguous. With insufficient evidence of a clear positive or negative lean after the discussion, the most reliable prediction is neutral.""}"
spacexipo_145,"{""stance"":""neutral"",""reasoning"":""The target user never states a clear opinion about SpaceX IPO itself in the transcript. The conversation acknowledges skepticism and valuation concerns but also counters that index exposure would likely be limited due to free-float weighting and market price discovery. With no explicit endorsement or rejection from the target user and mixed arguments presented, the most supported prediction is that the target user remains neutral after the discussion.""}"
spacexipo_146,"{""stance"":""neutral"",""reasoning"":""The target user never speaks in the transcript, so there’s no explicit opinion to update. While other participants suggest the IPO could ‘skyrocket’ and point to strong fundamentals (government contracts, Starlink growth), there’s no evidence the target user adopts those views. With insufficient signal about the target user’s reaction, the best prediction is neutral.""}"
spacexipo_147,"{""stance"":""negative"",""reasoning"":""The target user emphasizes a “high probability of a price correction” shortly after the IPO and views the accelerated index inclusion as increasing unwanted risk, even suggesting switching funds to avoid that exposure. This indicates a cautious-to-unfavorable outlook toward participating in the SpaceX IPO rather than enthusiasm or neutrality.""}"
spacexipo_148,"{""stance"":""negative"",""reasoning"":""The target user focuses on risks and structural issues around a SpaceX IPO rather than expressing enthusiasm: they argue S&P 500 inclusion could happen quickly, that profitability rules are being loosened, and—most importantly—that the 6‑month lockup would prevent “true price discovery,” implying the post-IPO market could be distorted. Their tone is cautionary and skeptical, and nothing in the conversation suggests they become more favorable afterward.""}"
spacexipo_149,"{""stance"":""negative"",""reasoning"":""The target user signals skepticism toward buying SpaceX at IPO: they suggest shorting it and explicitly say they are “not buying at IPO.” Although they will hold their pre-IPO Series E shares through the IPO for tax reasons and expect the IPO price to be higher than their entry price, that reflects confidence in their existing position rather than a positive stance toward the IPO as an investment opportunity. Overall, their attitude toward the IPO for new buyers is negative.""}"
spacexipo_150,"{""stance"":""negative"",""reasoning"":""The target user explicitly advocates becoming an active investor specifically to short the SpaceX IPO, which indicates a bearish expectation about its performance. The other user’s reply cautions about the mechanics and risks of shorting but does not challenge the underlying skepticism, so there’s no clear evidence the target user’s negative stance would shift.""}"
spacexipo_152,"{""stance"":""negative"",""reasoning"":""The target user explicitly urges others to exit immediately and calls the valuation massively overvalued, stating it may never reach $2T again even over 30 years. The other user’s tempered response acknowledges the high-risk and challenges rather than strongly rebutting, which is unlikely to shift the target user away from their strongly bearish view.""}"
spacexipo_153,"{""stance"":""positive"",""reasoning"":""The target user defends SpaceX’s fundamentals (correcting revenue misconceptions, citing Falcon 9 launch cadence and Starlink revenue), argues that orders-of-magnitude accuracy matters for investing, and states they own shares and are “excited to see what happens.” They acknowledge hype/speculation exists but push back on the idea it’s ‘all nonsense,’ implying confidence in SpaceX’s prospects post-IPO rather than skepticism.""}"
spacexipo_154,"{""stance"":""neutral"",""reasoning"":""The target user expresses belief in SpaceX’s ability to grow and challenges the idea that an IPO would necessarily cause a major drop, which leans mildly positive. However, they frame their view as “uneducated” and ask questions rather than stating a firm pro-IPO position. The reply they receive emphasizes IPO price discovery and potential volatility/corrections, which could temper optimism. Overall, there isn’t clear evidence they end up decisively positive or negative after the exchange, so neutral is most supported.""}"
spacexipo_156,"{""stance"":""neutral"",""reasoning"":""The target user never speaks in the provided transcript, so there’s no explicit evidence of their view on a SpaceX IPO. The only message is a general investing framework about valuation and portfolio risk, which could be taken either positively or negatively depending on the user’s priors. With no direct reaction from the target user, the safest prediction is neutral.""}"
spacexipo_157,"{""stance"":""neutral"",""reasoning"":""The target user never expresses an opinion in the provided transcript. The only message shown is from another user emphasizing caution and uncertainty around a SpaceX/Starlink IPO (waiting for predictable cash flow, capital-intensive risks). Without any stated reaction from the target user, there isn’t enough evidence to infer a positive or negative stance shift, so neutral is the safest prediction.""}"
spacexipo_158,"{""stance"":""neutral"",""reasoning"":""The target user never speaks in the provided transcript, so there is no explicit indication of their attitude toward a SpaceX IPO or any clear evidence of how the discussion changed their view. With insufficient information about their prior stance or reaction to the financial-focused reframing, the safest prediction is neutral.""}"
spacexipo_160,"{""stance"":""negative"",""reasoning"":""The target user argues that SpaceX should be evaluated like a high-risk growth IPO, not like the S&P 500, and explicitly states that a 3x return on an IPO would be “AWFUL,” especially for institutional buyers expecting steep ROI from initial allocations. They also echo the view that mega-cap IPOs are likely overpriced and mainly benefit private holders cashing out. Although another user offers a moderating perspective about scale making 3x meaningful, the target user does not concede and maintains a skeptical framing, indicating a negative stance toward the SpaceX IPO.""}"
spacexipo_161,"{""stance"":""negative"",""reasoning"":""The target user repeatedly frames SpaceX’s growth as built on taxpayer money and argues Musk “shouldn’t get shit,” implying strong opposition to an IPO on fairness/entitlement grounds. They reject counterarguments that government money was primarily contracts for services, insist the valuation is inflated, and use hostile language rather than showing persuasion or softening. Nothing in the exchange suggests their view became more favorable; if anything, they double down after providing a source and dismissing the other user’s explanation.""}"
spacexipo_162,"{""stance"":""negative"",""reasoning"":""The target user is strongly opposed to a SpaceX IPO throughout the exchange, repeatedly framing SpaceX as built on taxpayer money and arguing Musk \""shouldn’t get shit.\"" They reject the counterargument that government money was largely contracts for services, insist the valuation is inflated, and continue using hostile language rather than showing any persuasion or softening. The final other-user explanation doesn’t elicit any concession from the target user, so their post-conversation stance remains negative.""}"
spacexipo_163,"{""stance"":""negative"",""reasoning"":""The target user expresses strong opposition to SpaceX going public, framing it as unjust because they believe it was built on taxpayer subsidies (“He shouldn’t get shit”). Even after another user explains the funding was largely contract-based and notes Musk’s personal investment, the target user has not shown any sign of softening or agreement, so their stance remains negative.""}"
spacexipo_164,"{""stance"":""negative"",""reasoning"":""The target user explicitly objects to SpaceX going public, framing it as taxpayer-subsidized and saying “He shouldn’t get shit,” which is a strong negative stance. The other user offers a counterpoint about competitive contracts and cost savings, but there’s no indication the target user is persuaded or softens their view, so the stance remains negative.""}"
spacexipo_165,"{""stance"":""negative"",""reasoning"":""The target user is strongly skeptical of a $1.5T SpaceX IPO valuation, explicitly arguing it’s ‘priced in absolute perfection,’ that retail would be ‘exit liquidity,’ and that the return hurdle is unrealistically high (needing something like $20T for a 10x). The other user largely validates these concerns rather than rebutting them, so there’s no conversational pressure pushing the target user toward optimism. Net stance remains negative after the exchange.""}"
spacexipo_166,"{""stance"":""negative"",""reasoning"":""The target user consistently argues that a $1.5T SpaceX IPO would be wildly overvalued, with capped upside and large downside, framing retail buyers as exit liquidity. They reject the idea of a ‘guaranteed pop,’ emphasize greater-fool dynamics, low-float manipulation, lock-up expiry risk, and that retail likely can’t access IPO allocations. The other user ultimately concedes many of these points, reinforcing the target user’s skeptical/negative stance rather than shifting it toward neutral or positive.""}"
spacexipo_167,"{""stance"":""neutral"",""reasoning"":""The target user never states a personal view on investing in a SpaceX IPO. The conversation presents a skeptical framing (overpriced, mostly an exit for private investors, limited upside vs early-stage gains) but also a counterpoint that a public listing can still offer a regulated way to participate in a more mature, proven business (analogous to investing in the Mag 7). With no explicit endorsement or rejection from the target user and mixed persuasive cues, the most supported prediction is a neutral stance.""}"
spacexipo_168,"{""stance"":""positive"",""reasoning"":""The target user dismisses the bearish valuation argument by citing past skepticism around Uber and Facebook and calling critics “stupidly wrong,” indicating confidence that similar doubts about SpaceX IPO valuation will be proven wrong. The follow-up message adds nuance about starting valuation but doesn’t show the target user conceding, so their stance remains pro-IPO rather than neutral or negative.""}"
spacexipo_171,"{""stance"":""neutral"",""reasoning"":""The target user never speaks in the transcript, so there’s no explicit opinion to anchor their stance. The discussion presented is mixed—acknowledging a predictable outcome but warning about forced index-fund buying and potential overpricing—so without evidence of the target user adopting either view, the safest prediction is neutral.""}"
spacexipo_177,"{""stance"":""negative"",""reasoning"":""The target user expresses sustained skepticism about Starlink/SpaceX as an IPO-worthy trillion-dollar story: they question Starlink’s ability to meet demand, expect telcos to cut prices, emphasize limited moat due to multiple LEO competitors and replicable tech, and highlight geopolitical/national-security risks that could lead to blocking or government-backed rivals. While they concede profitability is possible, they explicitly doubt massive valuation upside and see margin pressure—overall implying a negative stance toward the SpaceX IPO as an investment thesis after the conversation.""}"
spacexipo_178,"{""stance"":""negative"",""reasoning"":""The target user frames the IPO/index inclusion mechanics as \""undermining index funds\"" via manipulated float and is frustrated that discussion is being suppressed. They argue index providers are changing rules (seasoning periods, float requirements) in a way that suggests skepticism and distrust toward such IPOs entering indexes. Nothing in the conversation indicates their view became more favorable; the other user validates the critique, which likely reinforces the target user’s negative stance toward a SpaceX IPO (especially if structured to game float/index inclusion).""}"
spacexipo_179,"{""stance"":""neutral"",""reasoning"":""The target user discusses how value/fundamental ETFs reduce exposure to hype IPOs and notes that cap-weighted indexes like VTI would include SpaceX gradually via float-adjusted mechanics. They don’t express approval or disapproval of a SpaceX IPO itself—only matter-of-fact commentary about index inclusion timing and mechanics, and they don’t adopt the other user’s concern about manipulation. With no explicit sentiment toward SpaceX IPO and only technical discussion, the most supported stance is neutral.""}"
spacexipo_180,"{""stance"":""neutral"",""reasoning"":""The target user acknowledges that SpaceX (and similar large growth IPOs) has “major technological achievements that are real” and explicitly says they can understand why growth investors would like the stock even at high valuations—signaling some openness. However, they also identify as a value investor and do not express personal enthusiasm or intent to invest, framing it more as a legitimate opportunity for others rather than a positive endorsement. The conversation doesn’t show a clear shift into support or opposition, so their post-conversation stance is best classified as neutral.""}"
spacexipo_181,"{""stance"":""neutral"",""reasoning"":""The target user criticizes float-based index dynamics and the lack of discussion around them, but explicitly says they do not think these IPOs are insiders using a counter-strategy and acknowledges the companies’ technological achievements as real and legitimately attractive to growth investors. They also identify as a value investor and do not express clear enthusiasm or opposition to participating in such IPOs. Overall, their view toward a SpaceX IPO would likely be cautious/analytical rather than supportive or hostile.""}"
spacexipo_183,"{""stance"":""neutral"",""reasoning"":""The target user does not appear in the provided transcript, and there are no explicit statements or reactions from them about SpaceX IPO. The conversation shown focuses on index funds, float manipulation, and moderation on another subreddit, without mentioning SpaceX specifically. With no direct evidence of the target user’s opinion or any discussion content clearly shaping their view on a SpaceX IPO, the safest prediction is neutral.""}"
spacexipo_184,"{""stance"":""negative"",""reasoning"":""The target user consistently dismisses the bullish framing around SpaceX, focuses on P/E as a hard filter, explicitly says triple‑digit P/E is not investable, and argues a hypothetical $1.5T IPO valuation would take ~188 years of earnings to justify—using this to call the IPO price effectively absurd. The later reply acknowledging future growth doesn’t shift the target user’s expressed view, so their post-conversation stance remains negative toward a SpaceX IPO at likely valuations.""}"
spacexipo_185,"{""stance"":""negative"",""reasoning"":""The target user repeatedly emphasizes valuation skepticism, specifically focusing on P/E at the IPO price and stating that a triple-digit P/E is “not investable.” While another user offers a counterpoint about reinvestment and Amazon/Netflix-style growth, the target user does not show any sign of being persuaded or softening their view. Overall, the conversation leaves them opposed to buying into a likely high-valuation SpaceX IPO.""}"
spacexipo_188,"{""stance"":""neutral"",""reasoning"":""The target user is skeptical of hype and focused on valuation discipline, explicitly asking for the P/E at the IPO price and dismissing “leaders in their space” as insufficient. However, they do not express a clear pro- or anti-SpaceX IPO view beyond wanting earnings/valuation data, and the reply provides no concrete numbers to shift them. With no explicit endorsement or rejection of the IPO, the most supported stance is neutral (cautious/undecided pending financials).""}"
spacexipo_190,"{""stance"":""negative"",""reasoning"":""The target user frames IPOs as liquidity events that “usually go down after ipo” and praises strategies that delay IPO inclusion to avoid that drop. They also express satisfaction about avoiding Tesla exposure, indicating skepticism toward high-valuation, hype-driven names often associated with SpaceX’s peer set. Nothing in the conversation shifts them toward viewing an eventual SpaceX IPO favorably; if anything, the discussion reinforces their preference to avoid IPO exposure.""}"
spacexipo_192,"{""stance"":""neutral"",""reasoning"":""The target user never states an opinion about a SpaceX IPO, and the only content provided is another user explaining how limited free float would reduce immediate index-fund impact. Without any explicit reaction or further dialogue from the target user, there isn’t enough evidence to infer a positive or negative stance shift.""}"
spacexipo_193,"{""stance"":""neutral"",""reasoning"":""The target user discusses how float-adjusted indexing would limit SpaceX’s immediate weight in VTI and explains the mechanics of float updates and rebalancing. They do not express approval or disapproval of a SpaceX IPO, nor indicate they would invest or avoid it; the comments are technical and liquidity-focused rather than evaluative.""}"
spacexipo_194,"{""stance"":""negative"",""reasoning"":""The target user remains skeptical and dismissive of SpaceX’s valuation case, arguing SpaceX must manufacture demand for launches (via Starlink and future “space data centers”), framing past growth narratives as hype, and explicitly stating Starlink profitability is “still not enough for 1.2T valuation.” They imply the company would need to make the world dependent on Starlink to justify such a valuation. Despite other users offering bullish counterarguments, the target user’s replies show no softening—only continued doubt—so their post-conversation stance toward a SpaceX IPO is negative.""}"
spacexipo_201,"{""stance"":""neutral"",""reasoning"":""The target user expresses interest in SpaceX but clear hesitation about buying at the IPO due to expected volatility and insider selling, saying they’ll have a hard time jumping in at the beginning. The other user’s point about prior secondary liquidity slightly reduces the insider-exit concern, but there’s no indication the target user becomes eager or more opposed—so their stance remains cautious/undecided overall.""}"
spacexipo_202,"{""stance"":""neutral"",""reasoning"":""The target user expresses interest in SpaceX’s IPO but clear hesitation about buying at the start due to expected insider selling and early volatility. The reply somewhat alleviates the ‘pent-up liquidity’ concern by noting SpaceX’s history of secondary sales, but there’s no indication the target user becomes eager or shifts to a clearly positive view. Overall they remain cautious and undecided rather than supportive or opposed.""}"
spacexipo_203,"{""stance"":""neutral"",""reasoning"":""The target user expresses interest in SpaceX but is wary of the IPO’s early trading due to expected insider selling and volatility, saying they’ll have a hard time buying at the beginning. The other user provides a mildly positive counterpoint (cash flow, Starlink revenue) that could temper concerns, but there’s no indication the target user changes their cautious posture. Overall they remain watchful and undecided rather than clearly positive or negative.""}"
spacexipo_209,"{""stance"":""positive"",""reasoning"":""The target user focuses on how to profit from selling quickly after buying in the IPO, downplaying restrictions by noting brokers can’t stop you from selling and framing the main consequence as only a temporary lockout from future IPOs. This implies they view participating as an opportunity for “good profit,” suggesting a generally favorable/positive stance toward the SpaceX IPO rather than skepticism or neutrality.""}"
spacexipo_210,"{""stance"":""neutral"",""reasoning"":""The target user never speaks in the transcript, so there is no direct evidence of their view on a SpaceX IPO. The conversation itself is mixed—highlighting potential short-term windfall but emphasizing high risk, limited retail access to IPO pricing, volatility, and uncertainty—so without the target user’s reactions, the safest prediction is that their stance remains neutral.""}"
spacexipo_211,"{""stance"":""positive"",""reasoning"":""The target user repeatedly argues that SpaceX is a strong long-term play and even calls it “a steal at current price,” defending its valuation and comparing it favorably to Rocket Lab. Although the other user corrects them on market cap/valuation differences, there’s no sign the target user concedes or becomes skeptical; their expressed view remains bullish on buying/IPO value.""}"
spacexipo_212,"{""stance"":""positive"",""reasoning"":""The target user repeatedly argues SpaceX is a “no brainer” long-term investment, believes the industry has vast untapped growth, and explicitly says they plan to buy IPO shares (~$2K). Even after the other user clarifies SpaceX’s much larger valuation and the ‘priced in’ concern, there’s no indication the target user changes their view—at most, they frame it as conditional on believing in space’s future, which still implies they personally see it as undervalued and worth buying.""}"
spacexipo_214,"{""stance"":""neutral"",""reasoning"":""The target user’s own views are not present in the transcript, so there’s no direct evidence of their stance before or after the conversation. The other user offers a mildly pro-IPO framing (rare retail access, equal footing with institutions) while still acknowledging skepticism and risk, which could nudge sentiment slightly positive, but without any response from the target user there isn’t enough to infer a clear positive or negative stance change. As a result, the best prediction is neutral.""}"
spacexipo_216,"{""stance"":""negative"",""reasoning"":""The target user expresses strong annoyance and dismissal toward the IPO, framing it as overhyped and not worth caring about (“just an IPO,” “literally nothing is going to happen,” “I honestly don’t care,” “stop pretending…”). Even after another user explains how index funds could indirectly buy SpaceX and why selling may be costly, the target user does not show any shift toward enthusiasm or support—at most the reply addresses mechanics, not interest. Overall their attitude remains hostile/negative toward the SpaceX IPO discourse and significance.""}"
spacexipo_219,"{""stance"":""negative"",""reasoning"":""The target user repeatedly argues that an IPO and SpaceX’s entanglement with xAI/AI data centers would ‘absolutely doom the company,’ citing diversion of focus/resources from Mars, inheriting unprofitable AI-bubble risk, increased pressure for profit margins post-IPO, and Starship’s lagging readiness for rapid reuse. They reject the optimistic counterarguments (that AI money could accelerate Starship) and double down that AI data centers won’t work and AI companies won’t become profitable. The other user’s final message largely validates the target user’s concerns about reuse/heat-shield readiness, reinforcing rather than softening the target user’s negative stance.""}"
spacexipo_220,"{""stance"":""neutral"",""reasoning"":""The target user expresses unease (“doesn't mean I have to like it”) about a major strategic shift (SpaceX–xAI integration), but they also acknowledge they understand the rationale. The follow-up message frames the move as strategically sensible and potentially funding SpaceX’s core mission, which could soften negativity. However, there’s no explicit endorsement of an IPO or clear statement that they oppose it—only discomfort with direction—so the most supported prediction is a neutral stance toward a SpaceX IPO after this exchange.""}"
spacexipo_221,"{""stance"":""neutral"",""reasoning"":""The target user never speaks in the provided transcript, so there’s no direct evidence of their opinion shifting. The only visible message frames an IPO as generally positive but with caveats (lock-ups, volatility), which could be read either way; without the target user’s reaction, the safest prediction is neutral.""}"
spacexipo_222,"{""stance"":""positive"",""reasoning"":""The target user is strongly pro–SpaceX IPO, explicitly telling others to “STFU and buy some stock at IPO,” and argues Musk’s track record makes believers rich. Nothing in the subsequent reply appears to shift their view; it only raises cautious concerns about merger risk, but the target user’s prior message is emphatic and confident, indicating a positive stance toward the IPO after the conversation.""}"
spacexipo_224,"{""stance"":""neutral"",""reasoning"":""The target user never states an opinion about a SpaceX IPO, investing, or whether going public would be good or bad. The discussion centers on Mars colonization strategy (in-space industry, orbital data centers) and acknowledges financial risks (capital needs, debt) while also noting potential strategic synergies with AI. That mix could be read as cautiously balanced rather than clearly supportive or opposed to an IPO, so there isn’t enough evidence to infer a positive or negative stance.""}"
spacexipo_225,"{""stance"":""neutral"",""reasoning"":""The target user never speaks in the transcript, so there’s no explicit indication of their view on a SpaceX IPO. While other participants raise negative concerns (debt/unprofitability being attached to SpaceX and potential shareholder harm) and one offers a partial counterpoint about synergy, there’s no evidence of how the target user reacts or whether their stance shifts. With insufficient direct signal about the target user’s attitude after the discussion, the most defensible prediction is neutral.""}"
spacexipo_226,"{""stance"":""neutral"",""reasoning"":""The transcript only contains an [OTHER USER] message discussing a potential SpaceX–xAI merger and its rationale (vertical integration). There are no statements from the [TARGET USER], nor any explicit reactions or cues about their attitude toward a SpaceX IPO. With no evidence of the target user’s view or how they were influenced, the safest prediction is neutral.""}"
spacexipo_227,"{""stance"":""neutral"",""reasoning"":""The target user never speaks in the provided transcript, so there’s no explicit indication of their view. The only content presented is another user weighing both pros (capital influx for Mars mission) and cons (public-market quarterly pressure harming flexibility), which does not clearly push the target user toward either support or opposition. With insufficient evidence of the target user’s stance or any shift, the most defensible prediction is neutral.""}"
spacexipo_228,"{""stance"":""neutral"",""reasoning"":""The target user dismisses the initial negative take as “Dramatic,” signaling they don’t share the strong pessimism. However, they don’t explicitly express support for an IPO either, and the follow-up message lays out credible concerns without showing the target user accepting or rejecting them. With no clear pro-IPO endorsement or anti-IPO agreement from the target user, the most supported stance is neutral.""}"
spacexipo_229,"{""stance"":""negative"",""reasoning"":""The target user expresses concern that SpaceX is a high-risk investment that “bent the rules” to get into an index, pulling in passive flows and potentially creating a systemic dynamic similar to pre-crash financial products if replicated. They frame the IPO/index inclusion as risky and potentially harmful, and nothing in the conversation indicates they were persuaded away from that view.""}"
spacexipo_230,"{""stance"":""neutral"",""reasoning"":""The target user never states a clear opinion about a SpaceX IPO in the transcript. The conversation provides reassurance that an IPO would likely keep SpaceX financially separate from other Musk ventures, which could reduce concerns, but there’s no explicit indication the target user adopts a positive or negative stance as a result. With insufficient direct evidence of the target user’s view after the exchange, the most justified prediction is neutral.""}"
spacexipo_231,"{""stance"":""negative"",""reasoning"":""The target user explicitly states they “couldn't care less” about SpaceX’s IPO and argues against investing in individual stocks in general, favoring passive ETFs as safer and less work. Nothing in the conversation suggests they became more interested in or favorable toward a SpaceX IPO; if anything, the other user’s reply reinforces the target user’s preference for ETFs and skepticism about individual stock timing.""}"
spacexipo_232,"{""stance"":""negative"",""reasoning"":""The target user remains enthusiastic about SpaceX/Starlink as a business, but is strongly opposed to the IPO as framed because they believe the valuation is dominated by xAI hype (they cite xAI as a huge portion of the IPO value and losing billions), and they explicitly criticize Elon’s recent actions as “trashing” good businesses and “tanking” SpaceX with a polarizing AI chatbot. Their willingness to buy is conditional on xAI being removed and valuation lowered, so their stance toward the SpaceX IPO after the conversation is negative.""}"
spacexipo_233,"{""stance"":""neutral"",""reasoning"":""The target user never states an opinion about a SpaceX IPO, investing, or whether going public is good/bad. The conversation focuses on large operating/net losses and heavy capex, with a mild optimistic note that an Anthropic deal could improve the picture. That mix of concern (losses) and optimism (future improvement) suggests no clear pro- or anti-IPO stance can be inferred, so the most supported prediction is neutral.""}"
spacexipo_234,"{""stance"":""neutral"",""reasoning"":""The target user never expresses an opinion about a SpaceX IPO, nor do they react to or engage with the clarification provided. The only content is informational (SpaceX is separate from X/Twitter), which doesn’t indicate enthusiasm or opposition toward an IPO, so there’s insufficient evidence to infer a positive or negative stance.""}"
spacexipo_235,"{""stance"":""negative"",""reasoning"":""The target user expresses strong skepticism about the financial sustainability behind the AI-related revenue that’s being discussed alongside SpaceX’s business, repeatedly demanding “Show me the money” and explicitly stating “I’m not investing in a business that’s propped up by paper money.” They compare the situation to prior bubbles (dotcom/crypto/NFTs) and frame the valuation narrative as hype-driven like a meme stock. While they acknowledge Starlink was once believable, they now distrust the expanded TAM claims and imply the growth story is inflated by speculative AI economics. Nothing in the conversation suggests they were reassured enough to become supportive of an IPO; if anything, the replies reinforce their risk concerns rather than changing their mind.""}"
spacexipo_236,"{""stance"":""neutral"",""reasoning"":""The target user treats the IPO as “more consequential and potentially riskier,” signaling caution rather than enthusiasm about a SpaceX IPO. They don’t express a desire for or against an IPO outright; instead they downplay panic about a merger and view Musk’s financial engineering as pragmatic. The other user adds a balanced caution about regulatory/political scrutiny, reinforcing a measured, risk-aware posture. Overall, the target user appears neither clearly supportive nor opposed to a SpaceX IPO after the exchange.""}"
spacexipo_237,"{""stance"":""positive"",""reasoning"":""The target user downplays concerns about an xAI–SpaceX merger and frames it as largely harmless (likely siloed operations, reversible if one fails). They explicitly call Musk’s move to capitalize on AI hype a “bargain” and emphasize the IPO as the bigger issue but not in a condemning way—more as a consequential/riskier event than a bad one. Overall their tone suggests approval/acceptance of the IPO-related strategy rather than opposition.""}"
spacexipo_239,"{""stance"":""positive"",""reasoning"":""The target user expresses strong bullish expectations about SpaceX/Starlink’s IPO prospects, emphasizing SpaceX’s $150B private valuation, forecasting Starlink as the larger and faster-growing revenue/profit driver, and predicting a ~$100B market cap on day one post-IPO. The other user reinforces this view, which would likely further solidify the target user’s positive stance.""}"
spacexipo_240,"{""stance"":""neutral"",""reasoning"":""The target user does not appear in the provided transcript, so there is no direct evidence of their opinion or any change in stance. With insufficient information about what they said or how they reacted to others’ arguments, the safest prediction is neutral.""}"
spacexipo_241,"{""stance"":""negative"",""reasoning"":""The target user is skeptical of the rumored $800B valuation and the IPO narrative, explicitly rejecting that Starlink can justify $800B and questioning the rapid valuation jump. Even after another user offers a counterargument (Starshield/DoD contracts), the target user has not shown any shift toward optimism about the IPO; their last stated position remains doubt about the valuation premise driving the IPO talk.""}"
spacexipo_243,"{""stance"":""neutral"",""reasoning"":""The target user never speaks in the provided transcript, so there’s no explicit opinion to anchor their stance. While the other user presents bullish fundamentals (market dominance, launch cadence, Starship infrastructure) that could sway someone positively, there’s no evidence the target user accepts or rejects these points. With insufficient signal of the target user’s reaction, the most defensible prediction is neutral.""}"
spacexipo_244,"{""stance"":""neutral"",""reasoning"":""The target user never states an opinion about a SpaceX IPO or whether it would be good/bad to invest. The conversation they received is balanced: it acknowledges valuation upside from speculative markets (space-based data centers/AI) but emphasizes major technical and cost hurdles that complicate the business case. With no explicit reaction from the target user and the discussion presenting both optimism and skepticism, there isn’t enough evidence to infer a clearly positive or negative stance, so neutral is the best prediction.""}"
spacexipo_245,"{""stance"":""neutral"",""reasoning"":""The transcript provides no statements from the target user and contains no clear indication of their opinion on a SpaceX IPO. The only visible content is another user discussing space-based AI data centers and engineering hurdles, which is not directly about an IPO and gives insufficient evidence to infer the target user’s post-conversation stance. Therefore the safest prediction is neutral.""}"
spacexipo_246,"{""stance"":""negative"",""reasoning"":""The target user argues strongly against selling/IPOing Starlink (a likely IPO path tied to SpaceX) to fund Mars colonization, calling it “really, really silly” and emphasizing Starlink’s enormous long-term growth and strategic value as interplanetary communications infrastructure. They frame Starlink as a future ‘money printer’ and mock the idea that others would build competing networks, implying SpaceX should retain control rather than go public/divest. The later reply from another user largely validates this view, reinforcing the target user’s anti-IPO stance rather than moderating it.""}"
spacexipo_247,"{""stance"":""negative"",""reasoning"":""The target user argues strongly that selling/IPOing Starlink (the plausible IPO path for SpaceX) would be a “really, really silly idea,” emphasizing Starlink’s enormous long-term strategic and revenue value for Mars and broader space exploration infrastructure. They frame Starlink as a future ‘money printer’ whose growth would accelerate with off-world expansion, implying an IPO would prematurely give up a critical asset. The follow-up from another user acknowledges the trade-off but doesn’t appear to shift the target user’s view; if anything, it reinforces that the IPO rationale is short-term capital needs versus long-term value, and the target user’s stance is clearly on the side of retaining Starlink rather than IPOing it.""}"
spacexipo_248,"{""stance"":""neutral"",""reasoning"":""The target user never speaks in the provided transcript, so there’s no direct evidence of their view. While the other user presents a balanced take (benefits of funding/liquidity vs. risks of short-term public-market pressure), we can’t reliably infer how the target user would be influenced. With insufficient evidence of a positive or negative stance shift, the safest prediction is neutral.""}"
spacexipo_249,"{""stance"":""positive"",""reasoning"":""The target user repeatedly argues that a Starlink/SpaceX-related IPO could make sense and be beneficial: they propose a split to keep risky R&D private while taking the more stable commercial Starlink side public, cite a Reuters report about considering an IPO, and emphasize advantages like cash infusion to accelerate deployment and rewarding investors while advancing long-term goals. While they acknowledge uncertainty and Elon’s preference for staying private, they continue to defend feasibility (e.g., Elon retaining control via voting shares) and do not adopt the opposing view that an IPO is impossible. Overall this indicates a favorable stance toward the IPO idea after the conversation.""}"
spacexipo_250,"{""stance"":""positive"",""reasoning"":""The target user argues that a Starlink/SpaceX split could make an IPO viable and even advantageous, emphasizing that a mature Starlink as a commercial ISP could be stable, less vulnerable to shorts, and that an IPO cash infusion could accelerate deployment and deter competitors. They explicitly note that SpaceX/Elon/investors could benefit from a stock sale that rewards investors and advances long-term goals. While they acknowledge Musk’s dislike of public markets and the benefits of remaining private for risky R&D, they consistently frame an IPO (for Starlink specifically) as potentially the best strategic option, indicating an overall positive stance after the discussion.""}"
spacexipo_251,"{""stance"":""positive"",""reasoning"":""The target user repeatedly argues in favor of a Starlink/SpaceX-related IPO as sensible and beneficial: they propose a spin-off structure to isolate risky R&D from a public entity, cite Reuters confirmation that an IPO is being considered, and emphasize advantages like cash infusion to accelerate deployment, reward investors, and advance long-term goals. They acknowledge Musk’s dislike of public markets but frame it as not disqualifying for Starlink’s stable operations. The conversation ends with another user largely validating their distinctions, reinforcing rather than undermining the target user’s pro-IPO view.""}"
spacexipo_252,"{""stance"":""positive"",""reasoning"":""The target user repeatedly argues in favor of a Starlink/SpaceX-related IPO under the right structure (spinning off the stable ISP operations while keeping risky R&D private). They explicitly cite benefits like a cash infusion to accelerate deployment, rewarding investors, and advancing long-term goals, while acknowledging Musk’s preference for private companies but framing Starlink as an exception. The conversation ends with another user validating this nuanced pro-IPO rationale, reinforcing rather than weakening the target user’s supportive stance.""}"
spacexipo_254,"{""stance"":""negative"",""reasoning"":""The target user repeatedly argues that an IPO (even for Starlink) is unlikely and undesirable because Musk strongly prefers private ownership, citing Musk’s own statements about public markets being “manic-depressive” and pointing to the Tesla “funding secured” episode as evidence. They conclude they’d be “incredibly surprised” if Musk takes another company public. The other user introduces a rationale for a Starlink spin-off IPO, but it doesn’t elicit any shift from the target user; the target user’s stance remains skeptical/against the IPO idea.""}"
spacexipo_257,"{""stance"":""neutral"",""reasoning"":""The target user never speaks in the transcript, so there’s no direct evidence of their attitude toward a SpaceX/Starlink IPO. While other participants express excitement and interest in getting in early, we can’t reliably infer that the target user adopts that view from the provided conversation alone.""}"
spacexipo_258,"{""stance"":""neutral"",""reasoning"":""The target user is analytically exploring how a Starlink IPO/spin-off could fund SpaceX (launch/hardware fees vs dividends) and questioning whether it would hinder Elon’s Mars-funding plan if outside shareholders capture cashflows. They acknowledge possible mechanisms but emphasize the inefficiency of dividends after selling a large stake and don’t express clear enthusiasm or opposition—more uncertainty and tradeoff evaluation than a positive or negative stance.""}"
spacexipo_259,"{""stance"":""neutral"",""reasoning"":""The target user is analytically exploring how an IPO/spin-off could work (funding flows, fiduciary constraints, potential restructuring) and expresses curiosity and concern about whether Starlink profits could still support Mars. They don’t express approval or disapproval of a SpaceX/Starlink IPO itself—only questions and speculative benefits/risks—so their stance remains neutral after the exchange.""}"
spacexipo_260,"{""stance"":""neutral"",""reasoning"":""The transcript only contains a message from another user discussing Starlink cadence, Starship risks, and SpaceX’s track record. The target user’s own statements are not present, so there’s no direct evidence of their opinion or any observable shift in attitude toward a SpaceX IPO. With insufficient information about the target user’s reaction, the safest prediction is neutral.""}"
spacexipo_261,"{""stance"":""positive"",""reasoning"":""The target user argues in favor of a Starlink IPO structure as beneficial to SpaceX: they suggest SpaceX can retain control via a majority stake, receive dividends, and—crucially—use the IPO’s cash infusion to accelerate Starlink deployment to stay ahead of competitors. Their comments emphasize strategic advantages and downplay concerns about dividends/public ownership, indicating an overall supportive stance toward the IPO idea after the discussion.""}"
spacexipo_262,"{""stance"":""neutral"",""reasoning"":""The target user discusses a potential Starlink spin-off and argues SpaceX could still benefit financially by retaining majority control and receiving dividends. This shows interest in mechanisms around a Starlink IPO, but they do not express a clear pro- or anti-IPO view about SpaceX itself going public. The follow-up from the other user adds nuance about tax/fiduciary issues but doesn’t clearly push the target user toward enthusiasm or opposition. Overall, the target user’s stance toward a SpaceX IPO remains indeterminate rather than clearly positive or negative.""}"
spacexipo_268,"{""stance"":""neutral"",""reasoning"":""The target user does not appear in the provided transcript and makes no explicit statements about an IPO. With no direct evidence of their views or any interaction showing persuasion or reaction, there isn’t enough information to infer a positive or negative stance change. Therefore, the safest prediction is neutral.""}"
spacexipo_270,"{""stance"":""negative"",""reasoning"":""The target user argues that Tesla’s extremely high P/E means it is not currently “wildly profitable” and frames such valuations as overvaluation relative to actual profitability. They extend the same logic to SpaceX, estimating a very high P/E at a $1T IPO and concluding it would be among the most overvalued companies. The subsequent replies largely validate the target user’s point rather than changing their view, reinforcing a skeptical/negative stance toward a SpaceX IPO valuation.""}"
spacexipo_271,"{""stance"":""neutral"",""reasoning"":""The target user expresses disappointment and concern that the IPO funds won’t go toward model-agnostic infrastructure, implying a skeptical/negative reaction initially. However, the other user’s clarification that the $60B is stock-based (not cash from IPO proceeds) directly reduces the basis for that concern and suggests the IPO capital could still fund the “shovels” strategy. With no further response from the target user confirming continued negativity, the most defensible prediction is that their stance shifts to (or remains) neutral rather than clearly positive or negative.""}"
spacexipo_272,"{""stance"":""neutral"",""reasoning"":""The target user expresses disappointment that funds from an assumed IPO would be used to push Musk’s AI model rather than model-agnostic infrastructure, implying a skeptical/negative lean. However, the reply corrects a key premise (the $80B is valuation/secondary sales, not new cash to deploy) and reframes infrastructure/model work as potentially still producing broadly useful “shovels.” With no follow-up from the target user, the most likely post-conversation stance is moderated to neutral rather than firmly negative or positive.""}"
spacexipo_276,"{""stance"":""neutral"",""reasoning"":""The target user treats a high valuation/IPO context as making stock a cheap currency (“basically free”), but then concedes nuance about real costs and seems to misunderstand the IPO status/cash raised. After being corrected that there hasn’t been an IPO and that valuation ≠ cash (and dilution is a real cost), there’s no clear expression of enthusiasm for or opposition to a SpaceX IPO—just a discussion about financing mechanics—so the likely stance remains neutral.""}"
spacexipo_277,"{""stance"":""positive"",""reasoning"":""The target user repeatedly asserts strong confidence that SpaceX will IPO at an extremely high valuation and quickly rank among the top 10 most valuable companies, explicitly saying the stock “will not tank” after the IPO. They argue Musk can set the initial IPO valuation and cite “21 banks” lining up as validation, and the final reply from another user partially affirms their view, reinforcing rather than weakening their optimism.""}"
spacexipo_280,"{""stance"":""neutral"",""reasoning"":""The target user never speaks in the transcript, so there’s no explicit opinion to infer. While the other participants discuss the valuation as very high but potentially justifiable via Starlink’s telecom potential, there’s no evidence of how the target user reacts or whether they become more supportive or skeptical. With insufficient signal, the safest prediction is neutral.""}"
spacexipo_281,"{""stance"":""positive"",""reasoning"":""The target user argues strongly in favor of the SpaceX IPO, framing it as a major cash infusion ($75B) that would accelerate—not hinder—the Mars mission. They rebut concerns about fiduciary duty constraints, emphasize the controlled structure (only 5% floated, ~80% voting control retained), and explicitly conclude that going public “will only help them get to Mars.” The conversation ends with another participant conceding the target user’s points, reinforcing the target user’s pro-IPO stance rather than weakening it.""}"
spacexipo_285,"{""stance"":""positive"",""reasoning"":""The target user argues enthusiastically for an IPO (even if framed around Starlink rather than SpaceX directly), emphasizing huge valuation upside, near-limitless growth, lack of competitors, and explicitly saying SpaceX would be “mad not to” sell a large stake. The follow-up reply from another user largely validates this as a logical strategic move, which would likely reinforce—not weaken—the target user’s pro-IPO stance.""}"
spacexipo_304,"{""stance"":""neutral"",""reasoning"":""There is no explicit statement from the target user in the provided transcript, and the only content shown is another user acknowledging concerns but presenting potential benefits (capital acceleration, dual-class shares). Without any direct reaction from the target user or clear evidence of persuasion, the safest prediction is that the target user remains neutral after the conversation.""}"
spacexipo_328,"{""stance"":""negative"",""reasoning"":""The target user dismisses SpaceX’s IPO significance relative to an OpenAI IPO, emphasizes that SpaceX has credible competition (Rocket Lab), and adds a clear negative sentiment toward Musk (“unlike something owned by Musk”). They frame rockets as niche entertainment compared to AI’s broad impact and adoption. The other user offers a balancing counterpoint (Starlink/Starship advantages), but there’s no indication the target user is persuaded or softens their view, so their stance remains negative.""}"
spacexipo_330,"{""stance"":""positive"",""reasoning"":""The target user expresses clear bullishness and commitment to the trade tied to the SpaceX IPO: they say they’re “all in,” note the stock is “pumping aftermarket,” and explicitly state they are “bullish for the two weeks leading up to the IPO” with a plan to cash out at $10. The other user’s caution about volatility and de-risking doesn’t appear to change the target user’s outlook; it merely adds risk-management context while the target maintains a profit-target strategy around the IPO run-up.""}"
spacexipo_337,"{""stance"":""positive"",""reasoning"":""The target user is strongly bullish: they dismiss Reddit negativity as FUD, expect the IPO to at least double, and believe SpaceX could sustain a $2T+ valuation for years (comparing it to Tesla’s durability). The follow-up message reinforces rather than challenges this optimism, so their stance remains positive after the conversation.""}"
spacexipo_339,"{""stance"":""negative"",""reasoning"":""The target user repeatedly frames a SpaceX IPO as unable to be supported and as a likely trigger for a broader tech/AI-driven bubble bursting, implying they expect harmful market consequences. The other user offers a moderating view (revenue streams, contracts, IPO as a test), but there’s no indication the target user is persuaded or softens their position, so their stance remains negative.""}"
spacexipo_348,"{""stance"":""neutral"",""reasoning"":""The target user frames a SpaceX IPO as a likely circus of hype, extreme volatility, and retail investor overreaction, which signals skepticism about the trading dynamics and valuation. However, they also concede that long-term holders who ignore the noise could still end up outperforming, implying they don’t think SpaceX is doomed or a bad long-term bet. The reply from the other user reinforces this long-term/psychology framing rather than pushing the target user more positive or negative. Overall, the target user’s stance remains mixed and observational rather than clearly supportive or opposed.""}"
spacexipo_349,"{""stance"":""neutral"",""reasoning"":""The target user frames a SpaceX IPO as a hype-driven, highly volatile event with overvaluation risk, meme/tweet-driven price swings, and retail panic—showing skepticism about the public-market dynamics. However, they also acknowledge a plausible long-term upside for patient investors (“forgot their password for 15 years end up outperforming”). The reply reinforces the long-term thesis while conceding volatility, which doesn’t clearly push the target user into either enthusiastic support or outright opposition. Net stance remains mixed/uncertain rather than clearly positive or negative.""}"
spacexipo_353,"{""stance"":""negative"",""reasoning"":""The target user explicitly agrees with the bearish take, calling it “facts,” and states the IPO will “literally mark the peak of this bubble” and is being rushed before it bursts. The follow-up reply offers a more nuanced pro-SpaceX argument, but the target user provides no indication of being persuaded or softening their view, so their post-conversation stance remains negative toward the IPO.""}"
spacexipo_354,"{""stance"":""negative"",""reasoning"":""The target user expresses strong disdain for current valuations and explicitly says they “can’t wait for this bubble to burst,” indicating a bearish view toward hype-driven pricing typical of an IPO. The other user’s reply validates skepticism rather than challenging it, so there’s no conversational pressure shifting the target user toward a more favorable view.""}"
spacexipo_355,"{""stance"":""negative"",""reasoning"":""The target user expresses strong skepticism and hostility toward high valuations and hype, saying they “can’t wait for this bubble to burst,” which implies a bearish view on the market enthusiasm around a SpaceX IPO. The other user offers context (Starlink revenue, contracts) but does not elicit any shown change in the target user’s attitude, so the post-conversation stance remains negative.""}"
spacexipo_361,"{""stance"":""negative"",""reasoning"":""The target user explicitly characterizes the IPO as an “exit liquidity event,” says insiders are “salivating to dump their shares,” and calls the $1.75T valuation “complete nonsense,” indicating strong skepticism and a bearish view on buying into the IPO. The follow-up message largely validates these concerns rather than rebutting them, so there’s no clear reason to expect their stance to soften after the conversation.""}"
spacexipo_362,"{""stance"":""negative"",""reasoning"":""The target user dismisses the IPO as “nonsense” and says it’s worth less than half of what is being promoted, indicating a strongly negative view on valuation and hype. The other user’s reply acknowledges risk and offers a long-term-growth framing, but there’s no sign the target user is persuaded or softens their stance, so the stance remains negative.""}"
spacexipo_364,"{""stance"":""negative"",""reasoning"":""The target user expresses clear skepticism and disapproval of a SpaceX IPO, asserting that IPO proceeds would be diverted to fund xAI’s heavy cash burn (“right into the AI black hole”). This frames the IPO as a mechanism to extract public/investor money for an unrelated, unprofitable venture. Although another participant counters that SpaceX and xAI are legally separate and IPO funds would typically stay within SpaceX, the target user does not concede or soften their view in the transcript. Overall, their post-conversation stance remains negative toward a SpaceX IPO.""}"
spacexipo_365,"{""stance"":""negative"",""reasoning"":""The target user reacts strongly against the idea that hype will persist, emphasizing massive ongoing losses (“red ink as far as the eye can see”), extreme cash burn at xAI, Twitter’s lack of profitability, increased valuation (“asking price just doubled”), and that these issues will act as an “anchor” on SpaceX/Starlink. Their language (“hard pass” framing, “Are you on crack?”) signals a firmly negative stance toward a SpaceX IPO after the conversation, with no indication of being persuaded otherwise.""}"
spacexipo_370,"{""stance"":""neutral"",""reasoning"":""The target user starts strongly positive, saying they plan to invest heavily in the IPO. However, the reply emphasizes that there’s no official IPO date, warns about IPO volatility, and recommends waiting for an S-1 and valuation details. With no follow-up from the target user showing continued enthusiasm or pushback, the most likely post-conversation stance shifts from impulsively positive to more cautious/undecided, i.e., neutral.""}"
spacexipo_374,"{""stance"":""neutral"",""reasoning"":""The target user expresses skepticism that investors will exit other space stocks to chase a huge SpaceX IPO, indicating doubt about IPO-driven capital rotation rather than enthusiasm or opposition to the IPO itself. They do not state that an IPO is bad or good—only that a mass exodus is unlikely. The other user’s argument could modestly challenge that view, but there’s no evidence the target user accepts it or changes position, so their stance toward the SpaceX IPO remains essentially neutral.""}"
spacexipo_375,"{""stance"":""neutral"",""reasoning"":""The target user never speaks in the provided transcript, so there’s no direct evidence of their view on a SpaceX IPO or any reaction to the other user’s argument. With insufficient information to infer a shift in attitude, the most reliable prediction is neutral.""}"
spacexipo_376,"{""stance"":""negative"",""reasoning"":""The target user repeatedly frames a potential SpaceX IPO at a ~$2T valuation as an \""absurd\"" hype-driven pump aimed at retail, explicitly contrasting it with much smaller IPOs and arguing that Musk’s success is more about inflating valuations than underlying company performance. They emphasize valuation ratios and cite Tesla as an example of stock price divorced from fundamentals, implying the same dynamic would apply to SpaceX. Nothing in the conversation suggests they were persuaded to soften this view, so their stance remains negative.""}"
spacexipo_377,"{""stance"":""negative"",""reasoning"":""The target user explicitly frames the SpaceX IPO as a hype-driven 'trap,' emphasizing that a $2T valuation is absurd and driven by fanboys rather than fundamentals. They reinforce this with a broader critique of Musk-related valuations (Tesla’s high P/E despite declining metrics), implying SpaceX would be similarly overvalued and pumped. The other user’s counterpoint about SpaceX/Starlink dominance doesn’t elicit any softening from the target user in the transcript, so the most likely post-conversation stance remains negative.""}"
spacexipo_378,"{""stance"":""negative"",""reasoning"":""The target user highlights the enormous proposed $2T valuation with profanity and contrasts it to Reddit’s much smaller IPO valuation, implying skepticism that retail investors would have meaningful upside. The follow-up from another user validates that skepticism rather than challenging it, reinforcing a negative stance toward the SpaceX IPO.""}"
spacexipo_379,"{""stance"":""negative"",""reasoning"":""The target user repeatedly argues Starlink’s total addressable market is too small to justify IPO-scale expectations (e.g., doubts it can reach $100B+ revenue, highlights unrealistic subscriber math, and compares to very cheap fiber alternatives). They also imply skepticism about Starlink’s $50 pricing being potentially IPO-driven. While another user offers a plausible counterpoint (higher-ARPU aviation/maritime/government), the target user does not concede or soften their view in the transcript, so their stance remains negative after the conversation.""}"
spacexipo_380,"{""stance"":""negative"",""reasoning"":""The target user explicitly argues Starlink’s total addressable market is small and that there is “no scenario” where it scales to $100B+ revenue, which implies skepticism about SpaceX/Starlink’s growth narrative that would underpin an attractive IPO. The follow-up message offers counterpoints (enterprise, defense, direct-to-cell), but the target user does not concede or soften their view, so the most likely stance after the exchange remains negative.""}"
spacexipo_381,"{""stance"":""negative"",""reasoning"":""The target user repeatedly argues SpaceX would be “insanely overvalued” at ~120–150x sales, with lower margins and higher execution risk than Reddit, and explicitly doubts it can reach a reasonable P/E (e.g., 20) within a few years. They also frame the upside as limited (e.g., only ~2x in 10 years to reach fair value) and challenge optimistic assumptions by demanding detailed numbers on costly space data-center maintenance. The other user’s reply acknowledges the extreme multiple and high execution risk, which aligns with (and likely reinforces) the target user’s skepticism rather than shifting them positive.""}"
spacexipo_396,"{""stance"":""neutral"",""reasoning"":""The target user never speaks in the transcript, so there’s no explicit indication of their attitude toward a SpaceX/Starlink IPO. The conversation provides context about IPO access and SEC rules but doesn’t contain any reaction from the target user that would let us infer a positive or negative stance. With insufficient evidence of their post-conversation view, the safest prediction is neutral.""}"
spacexipo_398,"{""stance"":""negative"",""reasoning"":""The target user explicitly states SpaceX will “definitely never” IPO and argues that going public would be an “Achilles heel” because it would force shareholder/profit focus and undermine SpaceX’s fast-moving, failure-embracing innovation culture. They further reinforce that Starlink is the cash-generating alternative to a SpaceX IPO, indicating a clear preference against SpaceX going public.""}"
spacexipo_400,"{""stance"":""neutral"",""reasoning"":""The target user focuses on S&P 500 inclusion rules, emphasizing SpaceX’s lack of profitability and arguing it should not receive an exception (citing Tesla’s path). This expresses skepticism about special treatment and notes financial losses, but it doesn’t clearly indicate support or opposition to a SpaceX IPO itself—only to immediate index inclusion—so their stance toward the IPO remains neutral.""}"
spacexipo_405,"{""stance"":""negative"",""reasoning"":""The target user repeatedly expresses strong skepticism and hostility toward Musk and Starlink, calling Starlink effectively dead, alleging revenue/customer growth issues, and framing an IPO as a pressured “exit” from a “burning trashcan” due to overpromising and underdelivering. Even after another user provides counterpoints (breakeven cash flow, millions of subscribers, first-mover advantage), the target user’s prior statements indicate a firmly negative view with no sign of being persuaded, so their stance toward a SpaceX/Starlink IPO remains negative.""}"
spacexipo_406,"{""stance"":""negative"",""reasoning"":""The target user reacts with strong anger and distrust, calling the situation “blatant financial corruption” and insisting the issues are “all laid out in the S-1,” implying they believe the IPO/filing reveals serious misconduct or red flags. Nothing in the conversation shows them softening or expressing optimism; they remain convinced something is wrong with the deal/valuation, so their stance toward a SpaceX IPO after this exchange is negative.""}"
spacexipo_407,"{""stance"":""neutral"",""reasoning"":""The target user never speaks in the transcript, so there’s no direct evidence of their view. While other participants present both strongly negative and cautiously positive arguments, there’s not enough information to infer how (or whether) the target user is persuaded either way. Therefore the safest prediction is neutral.""}"
spacexipo_408,"{""stance"":""negative"",""reasoning"":""The target user explicitly characterizes the IPO investment as “supporting a con man’s scam,” indicating a strongly negative view. The other user provides counterpoints about SpaceX’s achievements and contracts, but there’s no follow-up from the target user showing softened skepticism or persuasion, so the most likely post-conversation stance remains negative.""}"
spacexipo_410,"{""stance"":""negative"",""reasoning"":""The target user frames a SpaceX IPO as an overvalued event engineered to force passive funds/retirement accounts to buy in as “exit liquidity” for insiders, calling it a “shitty IPO” and warning of significant liquidity drain and potential large drops. Even after learning the allocation might be smaller (~0.8%), they maintain that it’s still a “massive” problem. The final reply from another user mildly reassures via float-adjustment and rebalancing, but the target user’s last stated view remains strongly skeptical and critical, indicating a negative stance toward the IPO.""}"
spacexipo_411,"{""stance"":""negative"",""reasoning"":""The target user argues SpaceX would IPO at a massively inflated valuation and that rule changes will force passive/index funds (retirement accounts) to buy, effectively providing “exit liquidity” for insiders like Elon at the public’s expense. They reinforce this view with claims about broad index impacts and a link supporting the forced-buying narrative. Although another user counters with profitability/index hurdles and growth/funding rationale, the target user does not show any sign of being persuaded, so their stance remains negative after the conversation.""}"
spacexipo_412,"{""stance"":""negative"",""reasoning"":""The target user frames a SpaceX IPO as harmful to ordinary investors: they argue rule changes will force passive/index funds to buy SpaceX at “massively inflated valuations,” turning retirement accounts into “exit liquidity” for insiders (specifically Elon Musk). Their language is strongly critical and skeptical of valuation and fairness, indicating a negative stance. The other user’s corrective reply might soften the factual claim, but there’s no evidence the target user accepts it or changes view, so the post-conversation stance remains negative.""}"
spacexipo_413,"{""stance"":""negative"",""reasoning"":""The target user expresses strong opposition to a SpaceX IPO, framing it as an overvalued ‘exit liquidity’ event where rule changes force passive retirement funds to buy at inflated prices, effectively transferring wealth from retirees to insiders. They quantify expected losses and broaden the critique to other mega-IPO ‘bubble’ risks. The other user’s rebuttal about float-adjusted weighting and profitability requirements doesn’t elicit any softening from the target user in the transcript, so their post-conversation stance remains negative.""}"
spacexipo_414,"{""stance"":""negative"",""reasoning"":""The target user argues that SpaceX will IPO at a “massively inflated valuation,” and that rule changes will effectively force passive/index retirement accounts to buy it, turning retirees into “exit liquidity” for Elon Musk and other insiders. They quantify expected portfolio damage (1–2% from SpaceX alone, potentially 3–4% with similar IPOs) and frame it as money being ‘taken’ from retirees. Even after another user offers a balancing perspective about index representativeness and diversification, the target user’s language and repeated emphasis on overvaluation and forced buying indicate a strongly negative stance toward the SpaceX IPO.""}"
spacexipo_415,"{""stance"":""negative"",""reasoning"":""The target user expresses a strongly negative view of a SpaceX IPO, arguing it would be “massively inflated,” that passive/retirement funds will be forced to buy due to rule changes, and framing it as Elon using retirees as “exit liquidity.” The other user’s reply offers counterpoints (profitability requirements, pricing-in, transparency), but there’s no indication the target user accepts or softens their position. Given the intensity and specificity of the target user’s concerns, their stance after the conversation remains negative.""}"
spacexipo_416,"{""stance"":""negative"",""reasoning"":""The target user frames a SpaceX IPO as harmful to ordinary investors, arguing passive retirement funds will be forced to buy at “massively inflated valuations” and calling it “exit liquidity” for Elon. Nothing in the conversation suggests they soften this view; the other user offers a technical rebuttal, but there’s no indication the target user accepts it. So their post-conversation stance remains negative toward a SpaceX IPO.""}"
spacexipo_417,"{""stance"":""negative"",""reasoning"":""The target user repeatedly frames the SpaceX IPO as a harmful, overvalued event driven by rule changes that force passive retirement funds (S&P 500/QQQ) to buy at inflated prices, calling it \""exit liquidity\"" for Elon and emphasizing forced buying and massive overvaluation. They do not show any softening in response to the counterargument about index intent and transparency; instead they reiterate fast-track inclusion rules. Overall their stance remains negative after the conversation.""}"
spacexipo_420,"{""stance"":""negative"",""reasoning"":""The target user expresses clear skepticism about the IPO valuation, calling $135 potentially overvalued and characterizing a 100x earnings multiple as foolish. Although the other user responds respectfully and frames the valuation as potentially justified by Starlink/high-growth expectations, the target user’s comments indicate a firmly negative stance toward the IPO at that valuation, with no sign of being persuaded to a neutral or positive view.""}"
spacexipo_423,"{""stance"":""positive"",""reasoning"":""The target user strongly endorses SpaceX’s long-term prospects and mission, explicitly calling it potentially “one of the biggest companies on earth,” framing investment as “noble” and necessary for humanity’s expansion, and expressing willingness to buy/hold despite expecting an IPO spike/overpricing. While other participants raise valuation and competition concerns, there’s no indication the target user is persuaded away from their bullish, pro-IPO outlook; they remain motivated by the frontier narrative and future growth potential.""}"
spacexipo_424,"{""stance"":""positive"",""reasoning"":""The target user expresses strong enthusiasm for SpaceX’s future scale and mission, calling it potentially one of the biggest companies on Earth and framing investment as a ‘noble’ necessity for human expansion. They acknowledge IPO overpricing/spike risk but still view it as a worthwhile long-term holding. No follow-up from the target user indicates they were persuaded by the skeptical replies, so their stance remains positive.""}"
spacexipo_426,"{""stance"":""positive"",""reasoning"":""The target user is strongly enthusiastic about SpaceX’s future scale and mission, framing it as essential for humanity’s expansion and a ‘noble’ long-term investment. They acknowledge IPO overvaluation and volatility (expecting a 300–400% spike and later correction) but still argue it’s worth owning and fits current market norms. The later reply from another user is cautious but partially validating, and nothing in the exchange suggests the target user’s conviction weakens; if anything, they double down on the pro-IPO, pro-investment stance.""}"
spacexipo_427,"{""stance"":""negative"",""reasoning"":""The target user repeatedly expresses strong opposition to Musk-related overvaluation (“overpriced musk garbage”), calls pro-IPO arguments “moronic,” and emphasizes that sane markets value companies on FCF rather than “dreams,” indicating they view a SpaceX IPO as speculative and likely overpriced. The final reply from another user is measured but doesn’t show evidence of changing the target user’s view, so their stance remains negative.""}"
spacexipo_429,"{""stance"":""positive"",""reasoning"":""The target user repeatedly argues that SpaceX has an unmatched moat (reusable rockets + Starlink), downplays dilution/lockups, and explicitly states “I’ll be buying.” Throughout the debate they defend the IPO framing (AI/TAM emphasis) as normal marketing rather than deception, and they maintain strong conviction in SpaceX’s growth potential (even suggesting future mining/energy). Even when confronted with skepticism about AI valuation and technical hurdles, their responses remain combative but consistently bullish, indicating the conversation does not weaken their pro-IPO stance.""}"
spacexipo_430,"{""stance"":""positive"",""reasoning"":""The target user repeatedly defends SpaceX’s IPO framing and valuation logic, argues the company has an unmatched moat (reusable rockets + Starlink), dismisses accusations of prospectus “lying” as misunderstanding IPO marketing, and explicitly states “I’ll be buying.” Even after extended pushback about AI hype, debt/losses, Starship delays, and space data-center economics, the target user doubles down on the long-term vision (Starship cost reductions, lunar manufacturing, space infrastructure) and maintains a confident, committed pro-investment position. The final other-user message is more conciliatory but doesn’t prompt any visible softening or reversal from the target user, so their stance remains positive.""}"
spacexipo_442,"{""stance"":""negative"",""reasoning"":""The target user expresses strong skepticism and criticism toward a SpaceX IPO: they argue the ‘early Musk’ investor base is gone, cite Musk’s controversies and reputational decline, expect meaningful competition (especially from China) to erode SpaceX’s edge, and claim Starlink is the only profitable asset while other ventures are money pits or speculative fantasies. Nothing in the conversation indicates the target user is persuaded toward a more favorable view, so their stance remains negative.""}"
spacexipo_443,"{""stance"":""negative"",""reasoning"":""The target user is strongly opposed to the SpaceX IPO, explicitly calling the rule changes a sign of a bad deal and saying they would not buy it “unless forced at gunpoint.” The replies attempt to downplay the impact as small and “fearmongering,” but there’s no indication the target user accepts those counterarguments or softens their view, so their stance remains negative after the conversation.""}"
spacexipo_444,"{""stance"":""negative"",""reasoning"":""The target user is strongly skeptical of a SpaceX IPO and remains so after the exchange. They argue the investor base that once supported Musk is gone, cite reputational/political baggage, rising competition (China), and claim only Starlink is meaningfully profitable while other ventures are \""money pits.\"" They also express distrust of the IPO process, framing it as being pushed onto index/401k investors and explicitly state they wouldn’t buy it voluntarily. The other user’s clarifications about 401k mechanics and SpaceX revenue sources don’t elicit any softening from the target user, so the post-conversation stance stays negative.""}"
spacexipo_445,"{""stance"":""negative"",""reasoning"":""The target user repeatedly characterizes a SpaceX IPO as “ridiculous,” argues the core rocket business is a money-pit driven by R&D, and says the only meaningful revenue source is Starlink which they expect to face rising competition (especially from China). They also express strong distrust of Musk’s current reputation and view the IPO as hype-driven (comparing it to crypto/ETF fads). The other user’s more balanced reply doesn’t elicit any softening from the target user, so their post-conversation stance remains negative.""}"
spacexipo_446,"{""stance"":""negative"",""reasoning"":""The target user expresses strong skepticism and distrust toward a SpaceX IPO, framing it as a mistake to expect enthusiastic Musk-era investors to return. They cite Musk’s personal controversies, data/security concerns, and declining public appeal, and argue that SpaceX faces rising competition (especially from China) and that most of the bundled ventures are money pits, with only Starlink seen as meaningfully profitable. Although another user offers a more optimistic operational/market counterpoint, there’s no indication the target user is persuaded; the target user’s language and detailed criticisms suggest they remain opposed after the exchange.""}"
spacexipo_447,"{""stance"":""negative"",""reasoning"":""The target user expresses strong skepticism and distrust toward Elon Musk and the current investor appeal, citing controversies, perceived operational decline, and competitive threats from China. They argue most of a potential SpaceX IPO package would be money-losing or speculative, with only Starlink as a viable moneymaker. Although the other user offers moderating points (Shotwell’s execution, SpaceX’s lead, Starlink spin-off, stable contracts), there’s no indication the target user is persuaded or softens their view, so their stance remains negative after the conversation.""}"
spacexipo_450,"{""stance"":""positive"",""reasoning"":""The target user argues strongly in favor of SpaceX’s long-term upside and justifies extremely large future valuations (e.g., $14T–$25T by 2040 and even $100T in a best-case scenario). They frame SpaceX as a unique “planetary/solar system entity” with potential dominance in global telecom (Starlink), space compute, orbital energy, and eventual expansion into mining/colonization, explicitly calling it a moonshot industry with outsized payoffs. The tone is enthusiastic and forward-looking rather than cautious, indicating a positive stance toward the IPO after the conversation.""}"
spacexipo_451,"{""stance"":""positive"",""reasoning"":""The target user argues strongly in favor of SpaceX’s long-term upside, explicitly modeling a Meta-like 14–15x valuation expansion and asserting SpaceX can “moon shot” by dominating multiple future industries (global telecom, space compute, orbital energy, robotics, mining/colonization), even floating $10T–$100T possibilities. They frame SpaceX as a uniquely scalable, execution-driven, civilization-level company and dismiss comparables like Microsoft/Walmart as too small. The follow-up about regulatory risk doesn’t appear to change their outlook; it mainly adds caveats rather than undermining the target user’s bullish thesis.""}"
spacexipo_454,"{""stance"":""neutral"",""reasoning"":""The target user is clearly skeptical of a SpaceX IPO at a $1.75T valuation, emphasizing historically low expected IPO returns, lack of profitability, and bubble-like conditions—so they are not positive. However, they also acknowledge it could be a big winner, would likely end up in their index funds anyway, and they’d be happy if it succeeds. The later discussion doesn’t show them becoming more optimistic or more hostile; it mainly reinforces their cautious, wait-and-see view. Overall this lands as neutral (cautious/skeptical but not outright negative).""}"
spacexipo_455,"{""stance"":""neutral"",""reasoning"":""The target user never explicitly states enthusiasm or opposition to a SpaceX IPO. The tone of the thread is skeptical/cautious about IPOs and lofty valuations without profitability, emphasizing bubble risk and uncertainty, but it also allows that SpaceX could be an exception and would likely end up in index funds anyway. Given this mix of caution and openness—and no clear commitment either way—the most likely stance after the conversation is neutral (watchful, not pro- or anti-IPO).""}"
spacexipo_456,"{""stance"":""neutral"",""reasoning"":""The target user never states a clear opinion about investing in or supporting a SpaceX IPO. Their comments are mainly sarcastic and skeptical toward others’ claims (“arbiter of truth,” “random Reddit guys”) and they ask to be pitched on how SpaceX will make them rich, implying doubt rather than enthusiasm. The later reply praising SpaceX’s uniqueness could soften skepticism, but there’s no evidence the target user is convinced or shifts to a positive or negative stance, so neutral is the best prediction.""}"
spacexipo_457,"{""stance"":""neutral"",""reasoning"":""The target user never states an opinion in the provided transcript, and the only visible content is another user acknowledging skepticism about high valuation projections and noting risks. With no explicit target-user reaction or additional context showing persuasion, there isn’t enough evidence to infer a clear positive or negative stance shift, so neutral is the safest prediction.""}"
spacexipo_458,"{""stance"":""neutral"",""reasoning"":""There is no explicit statement from the [TARGET USER] in the provided transcript, and the only visible message (from another user) presents a balanced view of upside vs. execution risk without a clear push toward optimism or pessimism. With insufficient evidence of the target user’s expressed opinion or how they reacted, the most defensible prediction is neutral.""}"
spacexipo_461,"{""stance"":""neutral"",""reasoning"":""The target user criticizes shifting index rules and the blurring line between passive and active investing, expressing general distrust/concern about index methodology changes. However, they never mention SpaceX, an IPO, or any view on whether SpaceX should go public. The conversation stays at a high level about passive investing mechanics, so there isn’t enough evidence to infer a positive or negative stance toward a SpaceX IPO specifically.""}"
spacexipo_463,"{""stance"":""neutral"",""reasoning"":""The target user never speaks in the transcript, so there’s no explicit indication of their view on the SpaceX IPO. The surrounding discussion is mixed—acknowledging concerns about a very fast index inclusion timeline and potential volatility, while also implying SpaceX is large/established and will likely be added to indices anyway. With no direct reaction from the target user, the safest prediction is neutral.""}"
spacexipo_464,"{""stance"":""neutral"",""reasoning"":""The target user does not appear in the provided transcript and offers no explicit opinion about a SpaceX IPO. While the other user discusses both risks (possible valuation adjustment downward) and positives (operational milestones), there is no evidence of how the target user reacts or whether their stance shifts, so the safest prediction is neutral.""}"
spacexipo_465,"{""stance"":""neutral"",""reasoning"":""The target user’s own statements are not present in the transcript, so there’s no direct evidence of their attitude toward a SpaceX IPO. The only content is another user addressing concerns about transparency and offering a partial reassurance (institutional due diligence), which could mildly reduce skepticism but doesn’t clearly shift the target user to a pro-IPO or anti-IPO position. With insufficient evidence of the target user’s post-conversation view, the safest prediction is neutral.""}"
spacexipo_469,"{""stance"":""negative"",""reasoning"":""The target user frames a SpaceX IPO under the proposed Nasdaq rule changes as corrupt and harmful, explicitly warns it would enrich Musk (“Elon will become a trillionaire”) and urges complaints to regulators to stop/delay the changes. Nothing in the conversation suggests their view softened; the replies largely validate their concerns, likely reinforcing a negative stance toward a SpaceX IPO (at least under these conditions).""}"
spacexipo_471,"{""stance"":""negative"",""reasoning"":""The target user repeatedly objects to changing index rules in a way that appears tailored to Musk/SpaceX, emphasizing that the existing rule “exists for a reason,” calling the situation “seriously shady,” and criticizing Musk having influence over independent index management. Even after another user offers a strategic rationale (competition for listings), the target user’s framing remains distrustful and concerned about rule-bending, implying a negative stance toward the SpaceX IPO in this context.""}"
spacexipo_473,"{""stance"":""neutral"",""reasoning"":""The target user expresses concern about an IPO because they believe SpaceX is entangled with xAI and Twitter, calling them expensive money-losers, but also says SpaceX alone would be fine—showing no blanket opposition to a SpaceX IPO. The reply they receive counters their main worry by emphasizing legal/financial separation and IPO disclosure requirements, which could alleviate their concern, but the target user doesn’t explicitly accept that rebuttal. Net result: mixed/uncertain rather than clearly positive or negative.""}"
spacexipo_474,"{""stance"":""negative"",""reasoning"":""The target user repeatedly frames the situation as a deliberate “pump” to secure a higher IPO valuation (“pumping up the stock,” “ensuring a good IPO price,” questioning the conveniently timed announcement). Even after acknowledging the investment’s huge returns, their tone remains skeptical and implies manipulation rather than genuine value creation. The other user’s clarification may soften the suspicion slightly, but there’s no sign the target user accepts it or becomes supportive, so the post-conversation stance remains negative.""}"
spacexipo_475,"{""stance"":""negative"",""reasoning"":""The target user argues the announced compute deal is largely optics meant to justify inflated valuations, explicitly calls the situation a “bubble,” highlights incentives for Google to talk up commitments ahead of the IPO, and downplays the real commitment as only ~10% of the headline figure. They frame the IPO as potentially propped up by marketing/financial engineering rather than fundamentals, indicating a skeptical/negative stance toward the SpaceX IPO after the conversation.""}"
spacexipo_476,"{""stance"":""negative"",""reasoning"":""The target user repeatedly frames the SpaceX IPO as part of a broader bubble, emphasizing incentives for Google to hype commitments to support a much higher valuation. They explicitly argue the announced deal is mostly optics (only ~10% real commitment), suggest stakeholders are incentivized to make bullish public statements ahead of the IPO, and imply the IPO’s success is being 'justified by any means necessary.' Even after the other user concedes it may be 'a bit of both,' the target user’s position remains fundamentally skeptical/critical of the IPO dynamics rather than supportive.""}"
spacexipo_477,"{""stance"":""negative"",""reasoning"":""The target user emphasizes SpaceX’s size and hype as a source of systemic risk, repeatedly framing the IPO narrative as potentially overpromised and vulnerable to “actual physical and engineering limitations.” Their central concern is that if investors realize the “AI + space infrastructure” story can’t deliver, it could spill over into broader markets and the AI sector. Nothing in the exchange indicates increased confidence or enthusiasm about the IPO; the reply they receive partially validates the risk framing, reinforcing skepticism rather than alleviating it.""}"
spacexipo_478,"{""stance"":""neutral"",""reasoning"":""The target user points out a mechanical issue—Nasdaq potentially applying a 3x multiplier that could inflate SpaceX’s benchmark weight beyond its tradable float—citing an external analysis. This reads as a caution about index/flow dynamics rather than an explicit approval or disapproval of the IPO itself. The other user responds with mitigating factors (caps/rebalances), which could temper the concern. With no clear statement that the IPO is good or bad overall, the most supported stance is neutral.""}"
spacexipo_483,"{""stance"":""negative"",""reasoning"":""The target user dismisses the IPO’s attractiveness by emphasizing the mismatch between revenue and the proposed valuation and noting decelerating growth, implying they view the IPO as unjustifiably overpriced. The follow-up message offers speculative upside, but there’s no indication the target user is persuaded, so their stance remains negative.""}"
spacexipo_484,"{""stance"":""neutral"",""reasoning"":""The target user never speaks in the provided transcript, so there’s no explicit opinion to infer. While the surrounding discussion is skeptical of Musk’s overpromising versus delivery, there’s insufficient evidence that the target user adopts a negative (or positive) view of a SpaceX IPO specifically after this conversation.""}"
spacexipo_488,"{""stance"":""negative"",""reasoning"":""The target user is highly skeptical of the IPO narrative, calling the space-datacenter/AI angle “complete nonsense” and explicitly labeling it a “grift” meant to hijack the AI bubble to inflate the stock price for IPO gains. While they see large value in Starlink, they frame the rest as speculative and risky, and their tone suggests the conversation reinforces distrust rather than increasing optimism about an IPO.""}"
spacexipo_489,"{""stance"":""negative"",""reasoning"":""The target user values SpaceX primarily through Starlink (suggesting it could justify a very large valuation) but is strongly dismissive of the AI/space-datacenter narrative, calling it “complete nonsense,” “a grift,” and accusing SpaceX of hijacking the AI bubble to inflate the stock price ahead of an IPO. Even after conceding space-compute can technically work, they emphasize it won’t be cost-effective and frame the IPO-related timing as opportunistic. The other user’s more nuanced edge-compute argument doesn’t elicit any softening from the target user in the transcript, so their post-conversation stance toward the IPO remains negative (skeptical/critical of IPO hype and motives).""}"
spacexipo_490,"{""stance"":""negative"",""reasoning"":""The target user is highly skeptical of the IPO narrative and sees the orbital AI/datacenter angle as “complete nonsense,” explicitly calling it a “grift” to hijack the AI bubble and inflate the IPO valuation. While they acknowledge Starlink could justify a very large valuation on its own, their overall post-conversation view of the IPO is negative because they believe the AI positioning is primarily hype designed to maximize IPO gains.""}"
spacexipo_516,"{""stance"":""positive"",""reasoning"":""The target user is explicitly bullish on the IPO catalyst, suggesting holding until June 12 could make many people retire and describing the potential for the “biggest green candle” while stating they’re “riding in the sunset with calls.” Although they acknowledge uncertainty (“or nothing”), they remain committed to an aggressive long position, indicating an overall positive stance toward the SpaceX IPO after the conversation.""}"
spacexipo_520,"{""stance"":""positive"",""reasoning"":""The target user expresses strong enthusiasm and pride about SpaceX being a profitable private rocket company (“Get fucked haters”), indicating a highly favorable view. The other user adds nuance about EBITDA vs net profit but still frames it as a major milestone, which would more likely reinforce than dampen the target user’s optimism. Overall, the target user’s stance toward a SpaceX IPO after this exchange would remain positive.""}"
spacexipo_524,"{""stance"":""neutral"",""reasoning"":""The target user expresses skepticism that a SpaceX IPO could follow the same disappointing, bag-holder trajectory as VCX, which is a negative signal. However, they also show strong interest in owning SpaceX/Anthropic exposure (wanting to buy more at certain prices and actively seeking ways to access private shares), implying they see upside and would participate if possible. The conversation ends on regulatory/transfer hurdles rather than changing their view on SpaceX’s prospects, leaving their overall stance mixed rather than clearly positive or negative.""}"
spacexipo_525,"{""stance"":""neutral"",""reasoning"":""The target user expresses skepticism that a SpaceX IPO could “take the exact same trajectory” as a hyped, overpriced VC vehicle (implying downside risk), but also shows strong interest in owning SpaceX/Anthropic and believes Elon’s ventures “turn to gold,” even trying to find ways to buy pre-IPO shares. The conversation ends on regulatory/transfer constraints rather than changing their view on the IPO’s merits, leaving them mixed rather than clearly bullish or bearish overall.""}"
spacexipo_529,"{""stance"":""positive"",""reasoning"":""The target user signals strong willingness to buy more if the price drops (“backing up the truck”), dismisses concerns about valuation/profitability, and shows no indication of being swayed by the other user’s skepticism. Their responses suggest continued bullishness toward investing in SpaceX at/under that level after the conversation.""}"
spacexipo_530,"{""stance"":""negative"",""reasoning"":""The target user expresses clear discomfort and aversion: they are “legitimately weirded out” by the IPO-related marketing and explicitly state, “I want nothing to do with any of it.” The other user’s reply normalizes the notifications and suggests opting out, but does not provide persuasive pro-IPO arguments that would likely shift the target user’s view. Overall, the target user’s stance remains negative toward engaging with the SpaceX IPO.""}"
spacexipo_533,"{""stance"":""negative"",""reasoning"":""The target user expresses clear discomfort and distrust toward the IPO-related promotion, saying they are 'legitimately weirded out' and explicitly 'want nothing to do with any of it.' The other user’s clarification that SpaceX hasn’t announced an IPO may reduce confusion, but it doesn’t counter the target user’s aversion; if anything, it reinforces skepticism about hype and marketing. Overall stance remains negative toward a SpaceX IPO.""}"
spacexipo_538,"{""stance"":""neutral"",""reasoning"":""The target user provides no explicit opinion in the transcript, and the only visible message is from another user acknowledging high risk and uncertainty while mildly supporting SpaceX as the best exposure to a long-term goal. With no direct reaction from the target user, there isn’t enough evidence to infer a positive or negative stance shift, so neutral is most justified.""}"
spacexipo_539,"{""stance"":""positive"",""reasoning"":""The target user expects strong retail demand and explicitly predicts the stock will go up in the short term “like most IPOs do,” indicating a bullish/positive stance toward the SpaceX IPO after the conversation. The follow-up reply reinforces (rather than challenges) that view.""}"
spacexipo_541,"{""stance"":""negative"",""reasoning"":""The target user frames a SpaceX IPO as “unprecedentedly dumb,” argues it will be forced into ETFs to enable wealth transfer from 401ks to Musk, and calls index-weighting adjustments “bullshit.” Nothing in the thread suggests their view softened; they continue emphasizing manipulation and distorted price discovery, indicating a negative stance after the conversation.""}"
spacexipo_542,"{""stance"":""negative"",""reasoning"":""The target user expresses strong skepticism and hostility toward a SpaceX IPO, calling a potential $2T IPO “unprecedentedly dumb,” arguing that “realistic price discovery” has been made impossible, and claiming the IPO/ETF inclusion would be used to transfer wealth from 401(k) holders to “muskrat’s pockets.” While another user offers a moderating rebuttal about index inclusion standards and transparency, the target user’s language and framing are emphatically negative and there’s no indication they were persuaded to soften their view.""}"
spacexipo_543,"{""stance"":""negative"",""reasoning"":""The target user expresses strong opposition to a SpaceX IPO, calling a $2T IPO \""unprecedentedly dumb,\"" framing forced ETF inclusion as a wealth transfer from 401(k)s to Musk, and describing the situation as something to \""avoid.\"" The other user’s rebuttal about index eligibility requirements doesn’t elicit any softening from the target user (no follow-up agreement or change), so the most supported prediction is that the target user remains negative after the exchange.""}"
spacexipo_544,"{""stance"":""positive"",""reasoning"":""The target user is strongly bullish, explicitly predicting the stock will “moon for the next 24 months minimum” and pushing back against concerns about long-term underperformance. They cite Musk’s track record (implicitly Tesla) as evidence that a Musk-linked IPO won’t ‘crash and burn.’ The other user’s caution about valuation and index inclusion introduces some counterpoints, but nothing in the target user’s replies indicates they accepted or softened their view, so their stance remains positive after the conversation.""}"
spacexipo_559,"{""stance"":""negative"",""reasoning"":""The target user argues that SpaceX is aiming to IPO around ~100x sales and that the space/communications TAM is not large enough to justify SpaceX’s implied valuation (citing a ~$1.5T figure). They further note SpaceX’s own positioning (via an S-1 reference) leans on AI to justify the market cap rather than core space segments, implying skepticism about the IPO valuation and rationale. Nothing in the exchange indicates their view becomes more favorable; the final reply from the other user largely validates the target user’s concerns.""}"
spacexipo_560,"{""stance"":""negative"",""reasoning"":""The target user explicitly says they are \""not going to touch spacex\"" despite expecting an IPO pop, argues SpaceX is overvalued, and highlights multiple downside risks (Starlink competition, AI division cash burn, reliance on Starlink profits). They also contrast Rocket Lab as the better-run, more focused company and criticize Musk’s leadership. The other user’s counterpoints don’t appear to change the target user’s view, so their post-conversation stance toward a SpaceX IPO remains negative.""}"
spacexipo_562,"{""stance"":""positive"",""reasoning"":""The target user repeatedly argues strongly in favor of SpaceX/Starlink’s durable competitive advantage and long-term margin dominance, emphasizing vertical integration, Starship-driven cost reductions, and the inability of competitors to match Starlink’s economics. Although they note SpaceX is “overvalued,” their overall posture toward participating in a SpaceX IPO is supportive (viewing it as a powerful, defensible business with major upside), and the conversation ends with another user conceding the strength of the target user’s argument—reinforcing rather than weakening their pro-IPO stance.""}"
spacexipo_563,"{""stance"":""positive"",""reasoning"":""The target user repeatedly pushes back against negative IPO framing (“largest bagholding event”), expresses strong confidence in immediate upside (“first day will 100x”), and argues SpaceX has clear product/value superiority (“reusable rockets alone clears all other… I just see value in a product”). The final reply from another user largely validates SpaceX’s competitive advantage and only adds a valuation caution, which doesn’t appear to change the target user’s pro-SpaceX view. Overall their stance remains positive toward a SpaceX IPO.""}"
spacexipo_564,"{""stance"":""negative"",""reasoning"":""The target user argues SpaceX’s IPO would be structured to exploit retail investor FOMO and sentiment-driven pricing rather than fundamentals, likening it to a meme-stock/Ponzi dynamic. They frame the small float as ‘tokens’ that can inflate paper valuation and enable Musk to borrow against an exaggerated market cap—calling it an ‘infinite money glitch.’ Even after pushback, they double down that the offered stake is ‘insignificant’ in ownership terms and that Musk wants retail dominance specifically to avoid fundamentals-based institutional pricing. Nothing in the exchange indicates their view softened; if anything, they reinforced their skepticism.""}"
spacexipo_566,"{""stance"":""negative"",""reasoning"":""The target user explicitly states that Tesla is one of the worst investments and that SpaceX will be worse, attributing this to the high valuation Elon has been stating. They also downplay SpaceX’s competitive moat (“There is no magic”) and push back on the ‘effective monopoly’ claim by emphasizing global competition. Nothing in the conversation indicates they were persuaded by the counterarguments about reusability, launch dominance, or Starlink; their skepticism about valuation and competitive advantage remains intact, so their stance toward a SpaceX IPO stays negative.""}"
spacexipo_567,"{""stance"":""negative"",""reasoning"":""The target user repeatedly argues SpaceX is not profitable once Starship costs and especially xAI/X losses are included, frames an IPO as a rush to “cash in on retail investors before the collapse,” and dismisses counterclaims of profitability with arithmetic showing a net loss. The conversation ends with the other user conceding the math and validating the concern, reinforcing (not softening) the target user’s negative view toward a SpaceX IPO.""}"
spacexipo_571,"{""stance"":""positive"",""reasoning"":""The target user expresses optimism about the SpaceX IPO’s performance, explicitly stating there’s a “really good chance for it to go up.” Nothing in the subsequent discussion challenges or undermines that view, so their stance remains positive after the conversation.""}"
spacexipo_572,"{""stance"":""neutral"",""reasoning"":""The target user starts highly skeptical of a ~$1.75T IPO valuation, explicitly questioning where a 35x revenue increase would come from and downplaying Mars as a near-term driver. After the conversation, they’re presented with plausible bullish mechanisms (Starlink rapid customer growth, Starship-driven launch cost collapse enabling much larger telecom capture and broader ‘space infrastructure’ roles). However, the target user does not respond with agreement or changed conviction, and the arguments remain speculative relative to their valuation concerns. Net effect: some potential softening via a clearer bull thesis, but insufficient evidence of a shift to positive or negative—best classified as neutral.""}"
spacexipo_573,"{""stance"":""neutral"",""reasoning"":""The target user remains skeptical about the IPO valuation and repeatedly asks what concrete near- to mid-term growth drivers justify a ~$1.75T market cap, explicitly doubting Mars as a revenue source and questioning whether satellites/internet/government contracts can support that scale. The final reply offers a plausible growth narrative (Starlink TAM + Starship cost disruption enabling new industries), which could modestly soften their view by giving a framework, but the target user does not express agreement or enthusiasm afterward. With no explicit shift to optimism and continued emphasis on valuation concerns, their post-conversation stance is best predicted as neutral rather than positive or negative.""}"
spacexipo_574,"{""stance"":""neutral"",""reasoning"":""The target user is highly skeptical of a trillion-plus IPO valuation and questions where 35x revenue growth would come from, expressing doubt about Mars as a business case and about launch/internet/government contracts justifying the price. The reply offers a plausible growth narrative (Starlink scaling into global telecom and new Starship-enabled markets), which could soften the skepticism slightly, but there’s no indication the target user is convinced—so their post-conversation stance is best predicted as neutral rather than clearly negative or positive.""}"
spacexipo_575,"{""stance"":""neutral"",""reasoning"":""The target user remains highly skeptical about a trillion-plus IPO valuation, explicitly questioning where a 35x revenue increase would come from and downplaying Mars as a realistic near-term driver. The other user offers a plausible bullish narrative (Starlink telecom scale, Starship lowering launch costs enabling new markets), but the target user has not responded with agreement or changed view. Given only this exchange, there isn’t enough evidence that the explanation persuaded them; their stance after the conversation is best predicted as neutral rather than clearly negative or positive.""}"
spacexipo_576,"{""stance"":""neutral"",""reasoning"":""The target user does not appear in the provided transcript and makes no explicit statements about a SpaceX IPO. While the conversation mentions potential upside (Tesla-like growth) versus selling early for security, there’s no evidence of the target user adopting a positive or negative view as a result. With insufficient information about the target user’s reaction, the most defensible prediction is neutral.""}"
spacexipo_584,"{""stance"":""negative"",""reasoning"":""The target user expresses clear skepticism and expects retail investors to lose money, predicting an immediate post-IPO drop, manipulative pumping on contract news, and another crash around the first earnings report. The other user mildly counters with long-term fundamentals, but nothing in the target user’s remarks indicates softened concern or increased optimism, so their stance remains negative after the conversation.""}"
