conv_id,response
spacexipo_0,"{""stance"":""positive"",""reasoning"":""The target user defends SpaceX’s financial strength and rejects the idea that it would need to use IPO money as a bailout, emphasizing that SpaceX is “wildly profitable” with “50% margins” on “20-25B” revenue and potentially “30B-40B” this year. This reflects a confident, favorable view of SpaceX’s prospects in the context of an IPO.""}"
spacexipo_3,"{""stance"":""positive"",""reasoning"":""The target user expresses enthusiasm and optimism about the IPO, agreeing it will happen and predicting major positive outcomes afterward (e.g., Tesla merging and becoming the biggest company in the world in 5 years).""}"
spacexipo_4,"{""stance"":""positive"",""reasoning"":""The target user expresses enthusiasm about SpaceX’s IPO, implying it will be highly profitable and regrettable to miss, highlighting expected strong profits and industry impact.""}"
spacexipo_5,"{""stance"":""negative"",""reasoning"":""The target user characterizes the potential SpaceX/xAI IPO as Musk’s “next subsidized money grab,” implying distrust and a critical view of the IPO rather than support or enthusiasm.""}"
spacexipo_6,"{""stance"":""negative"",""reasoning"":""The target user expresses concern about dilution of their pre-IPO SpaceX equity (“can absolutely assure you people are concerned about dilution”) and responds dismissively to attempts to downplay it (“pointless and filled with gaps… But no thanks, actually”), indicating a negative sentiment toward the situation around SpaceX equity/IPO dynamics rather than enthusiasm for it.""}"
spacexipo_7,"{""stance"":""positive"",""reasoning"":""The target user highlights the IPO/valuation as impressive (\""1.25 trillion dollar valuation\"" and \""likely the second most expensive ipo\""), predicts substantial future growth (\""3-5 trillion in 5 years\""), and responds approvingly from an investing perspective (\""We’re in a stocks sub. So yeah\""), indicating a bullish/positive stance toward a SpaceX IPO.""}"
spacexipo_8,"{""stance"":""positive"",""reasoning"":""The target user expresses skepticism about SpaceX’s private valuation and the merger/dilution, and explicitly says an IPO would reveal SpaceX’s “real value” (“IPO will show what the real value is”), implying support for having SpaceX go public to get transparent market pricing.""}"
spacexipo_9,"{""stance"":""positive"",""reasoning"":""The target user views an IPO as beneficial for revealing SpaceX’s true market value, criticizing current private valuations as speculative and manipulated (“numbers Elon pulls from his ass”) and stating that “IPO will show what the real value is” and that “Exposure to public trading will tell us what the actual valuation is.” While they are negative about dilution and the xAI arrangement, they imply the IPO is the needed corrective.""}"
spacexipo_10,"{""stance"":""negative"",""reasoning"":""The target user repeatedly expresses strong skepticism about the company’s valuation and prospects, saying it “does NOT have what it takes,” has “NOTHING backing it,” and predicting the IPO stock will fall well below the starting price (into the $60–$70 range) before being worth buying. They explicitly refuse to wait 10+ years and frame the investment as too risky at current prices.""}"
spacexipo_11,"{""stance"":""negative"",""reasoning"":""The target user repeatedly predicts the IPO stock will keep falling sharply (down to $73 or even ~$62), calls it a 'bag holders delight,' and emphasizes that buyers will be left holding losses—indicating a strongly negative view toward the SpaceX IPO.""}"
spacexipo_12,"{""stance"":""negative"",""reasoning"":""The target user says the IPO valuation is still too high and expects the price to drop to “double digit values” after it settles, indicating skepticism about buying at IPO levels (despite considering a short-term trade).""}"
spacexipo_13,"{""stance"":""neutral"",""reasoning"":""The target user discusses buying shares around the IPO mainly as a short-term trading opportunity with a stop-loss, indicating openness but not strong enthusiasm. They also say they may buy long-term only after a few months when “the dust settles,” suggesting a cautious, wait-and-see attitude rather than clearly positive or negative sentiment toward the SpaceX IPO.""}"
spacexipo_15,"{""stance"":""negative"",""reasoning"":""The target user is skeptical about the IPO’s prospects, predicting it may not rise, could crash quickly due to day traders, and then languish for a long time. They also suggest it’s priced at maximum value already and largely relies on Elon Musk’s name, implying limited fundamental upside.""}"
spacexipo_16,"{""stance"":""positive"",""reasoning"":""The target user expresses enthusiasm for participating in the SpaceX IPO, emphasizing they are up 50%, expecting a day-1 hype pump, viewing IPO pops as having positive expected value, and calling it 'as close to free money as anyone can get' (with allocation shares), despite acknowledging it’s driven by hype rather than fundamentals.""}"
spacexipo_17,"{""stance"":""positive"",""reasoning"":""The target user is explicitly bullish on a SpaceX IPO, arguing valuation is driven by Starship and a durable launch/communications moat. They state they expect the launch and comm-sat businesses to “keep climbing indefinitely” once Starship is operational and directly predict: “The stock will be worth more than I paid for it at the IPO.” They acknowledge AI hype may reset but remain confident long-term due to Starship, Starlink/Starshield growth, and heavy R&D investment paying off over 10–15 years.""}"
spacexipo_18,"{""stance"":""positive"",""reasoning"":""The target user repeatedly expresses strong bullishness about a SpaceX IPO investment: they say they already bought the stock, expect it to be “almost always…worth more than I paid,” predict it will trend upward after early volatility, and believe Starship success will create a durable launch monopoly and trigger a “massive pay day.” They dismiss AI as a bubble but still argue launch/Starlink/Starshield growth will outweigh it and make the investment profitable over time.""}"
spacexipo_19,"{""stance"":""positive"",""reasoning"":""The target user expresses strong long-term bullishness about investing in the SpaceX IPO, stating they are holding for 10+ years and expect the IPO valuation to look small in a decade. They argue SpaceX leads in satellites with growing demand, believe Musk has a strong track record and ‘wins’ in business, and explicitly call the investment a worthwhile long-term bet for retirement despite acknowledging it is a gamble.""}"
spacexipo_20,"{""stance"":""positive"",""reasoning"":""The target user reports being up $50/share from the IPO, says they are holding the stock until retirement (15–20 years), plans to buy more if it drops under $150, and discusses lockup-related timing without expressing concern—indicating a bullish, long-term positive stance toward the SpaceX IPO.""}"
spacexipo_21,"{""stance"":""negative"",""reasoning"":""The target user says SpaceX is “not worth this absurd IPO valuation” and portrays the IPO as driven by Elon Musk’s “financial manipulation,” packaging “trash” from other ventures to sell to investors who are misled by a “cult of personality.” This indicates a clearly negative stance toward the SpaceX IPO (especially its valuation and motives).""}"
spacexipo_22,"{""stance"":""negative"",""reasoning"":""The target user criticizes the post-IPO environment, saying SpaceX absorbed $70B in IPO capital and implying the market previously had “dumb money” buying “rocket stocks at these insane valuations.” This conveys a negative view of the SpaceX IPO and its effects on valuations and investor behavior.""}"
spacexipo_24,"{""stance"":""positive"",""reasoning"":""The target user defends valuing SpaceX on future growth rather than current earnings, cites Tesla as precedent, and explicitly says they plan to make money on SpaceX as they did with Tesla. They frame criticism as politically motivated and express confidence that investing against mainstream sentiment will bring “instant wealth,” indicating a bullish/positive stance toward the SpaceX IPO.""}"
spacexipo_25,"{""stance"":""negative"",""reasoning"":""The target user expects a major drop in SpaceX’s stock value, saying they were reassured it will collapse after an IPO and adding that the price would collapse if Elon dies, implying skepticism about the stability and durability of its valuation.""}"
spacexipo_26,"{""stance"":""positive"",""reasoning"":""The target user argues there is extremely strong demand relative to the float (e.g., “500% demand above float,” “5:1 people waiting to get in,” and “over subscribed by an order of magnitude”) and dismisses bearish claims that insiders will dump shares or that the IPO is mainly an exit for insiders, implying confidence in the IPO’s strength and outlook.""}"
spacexipo_27,"{""stance"":""negative"",""reasoning"":""The target user describes the IPO as a 'public Madoff,' alleges Q2 numbers will be 'pretty much fabricated' to prop up valuation, argues the stock has 'no fundamentals' and is driven by artificial scarcity sold to 'scalpers and fanboys,' and warns a market correction could be 'crushing.' These statements strongly indicate a negative stance toward the SpaceX IPO.""}"
spacexipo_28,"{""stance"":""negative"",""reasoning"":""The target user portrays the IPO as manipulative and fraudulent, claiming Q2 numbers will be “fabricated,” comparing the release strategy to a “public Madoff,” and arguing Musk will use levers to prop up the price, treat company assets as a “piggy bank” for loans, and potentially spin off valuable parts to resell to shareholders. These statements strongly indicate a negative stance toward the SpaceX IPO.""}"
spacexipo_29,"{""stance"":""negative"",""reasoning"":""The target user argues the IPO is driven by 'dumb money,' calls the valuation (P/S) 'insane' with no meaningful P/E, says it is 'definitely a rug pull for the early investors,' and explicitly states they plan to short it in the medium term—indicating a negative stance toward the SpaceX IPO.""}"
spacexipo_30,"{""stance"":""positive"",""reasoning"":""The target user argues that high demand and low supply will drive the IPO price up and says you could make money by buying after the IPO because \""people are going to buy it,\"" indicating a bullish/pro-IPO stance focused on expected post-IPO buying pressure.""}"
spacexipo_32,"{""stance"":""negative"",""reasoning"":""The target user says the situation 'feels like a game where the best way to win is to not play,' implying they view participating in the IPO/trading around it as unfavorable and something to avoid.""}"
spacexipo_35,"{""stance"":""neutral"",""reasoning"":""The target user does not express an opinion on whether the SpaceX IPO is good or bad. They provide factual details about lock-up/share release timelines and then make a joking, non-directional comment about the unpredictability of price moves (“50% chance it pops before you buy, 50% chance it pops after you sell”), which implies uncertainty rather than positive or negative sentiment.""}"
spacexipo_36,"{""stance"":""positive"",""reasoning"":""The target user strongly supports the SpaceX IPO, arguing it has strong fundamentals as a “global launch monopoly” with a durable infrastructure moat and high forward growth. They cite rapid revenue compounding, underwriter/prospectus projections, and claim the valuation is rational on forward metrics. They also state they personally bought on day 1 and brag about being up ~60%, defending the stock against “rugpull”/overvaluation criticism.""}"
spacexipo_37,"{""stance"":""positive"",""reasoning"":""The target user expresses strong enthusiasm for buying the IPO, explicitly saying they’re buying based on fundamentals and praising the company’s innovation, cost reductions in space launch, and Starlink’s potential. They also describe confidence in future growth, plan to buy more if the price drops, and report they’re ‘having good luck’ with their position—overall indicating a clearly positive stance toward the SpaceX IPO.""}"
spacexipo_38,"{""stance"":""positive"",""reasoning"":""The target user expresses strong confidence in buying the SpaceX IPO based on fundamentals and innovation, citing major launch cost reductions and Starlink’s potential. They report making money so far, plan to buy more if it drops, and say they’ve been waiting for the IPO and believe the company will create significant long-term value.""}"
spacexipo_39,"{""stance"":""positive"",""reasoning"":""The target user expresses strong enthusiasm and confidence in buying the SpaceX IPO, citing fundamentals like innovation, major cost reductions in space launch, Starlink’s potential, and stating they already bought at IPO, are doing well, and would buy more if it drops.""}"
spacexipo_40,"{""stance"":""positive"",""reasoning"":""The target user expresses strong confidence in buying the IPO based on SpaceX’s fundamentals and future potential (innovation, major launch cost reductions, Starlink’s value). They state they bought the IPO, are managing the position with stop losses, are making money, and would buy more on a dip—indicating an overall favorable stance despite acknowledging it may be “not so wise.”""}"
spacexipo_41,"{""stance"":""positive"",""reasoning"":""The target user expresses strong bullish sentiment toward the SpaceX IPO, saying they bought the IPO based on fundamentals, praising SpaceX’s innovation, cost reductions in launch, Starlink’s potential, and later arguing the company has major AI training capabilities with big partners like Microsoft and Google. They also indicate they would buy more if the price drops.""}"
spacexipo_42,"{""stance"":""positive"",""reasoning"":""The target user repeatedly expresses bullish sentiment about the SpaceX IPO, saying they are buying based on fundamentals, praising SpaceX’s innovation and cost reductions in space launch, highlighting Starlink’s potential, stating they participated in the IPO and have been doing well, and indicating they would buy more if the price drops.""}"
spacexipo_43,"{""stance"":""positive"",""reasoning"":""The target user expresses clear enthusiasm and confidence about investing in the SpaceX IPO, saying they are buying based on fundamentals, praising SpaceX’s innovation and cost reductions in space launches, highlighting Starlink’s potential, noting they participated in the IPO, and stating they would buy more if the price drops. Even when challenged, they continue defending the company’s strength and prospects.""}"
spacexipo_44,"{""stance"":""positive"",""reasoning"":""The target user expresses strong support for buying the IPO, explicitly saying they are buying based on fundamentals and praising SpaceX’s innovation, cost reductions in launches, and Starlink’s potential. They also state they participated in the IPO, are doing well so far, and would buy more if it drops, indicating a clearly positive stance toward the SpaceX IPO.""}"
spacexipo_45,"{""stance"":""positive"",""reasoning"":""The target user expresses strong support for buying the SpaceX IPO based on fundamentals, praising its innovation, cost reductions in space launch, Starlink’s potential, and revenue from government/enterprise contracts. They state they bought the IPO, are doing well so far, and would buy more on a dip, defending near-term losses as normal due to heavy infrastructure investment.""}"
spacexipo_46,"{""stance"":""positive"",""reasoning"":""The target user expresses clear optimism about SpaceX’s fundamentals and future potential, citing innovation, major cost reductions in space launches, and Starlink’s value. They explicitly say they bought the IPO, are doing well so far, would buy more if it drops, and defend the company’s heavy spending as necessary investment for future returns.""}"
spacexipo_47,"{""stance"":""positive"",""reasoning"":""The target user expresses strong optimism about SpaceX’s fundamentals and future potential, praising its innovation, cost reductions in space launches, and Starlink’s market opportunity. They actively participated in the IPO, report trading it successfully, and say they would buy more on a dip, indicating a clearly positive stance toward the SpaceX IPO.""}"
spacexipo_48,"{""stance"":""positive"",""reasoning"":""The target user expresses strong optimism about the SpaceX IPO, saying they are buying based on fundamentals, praising the company’s innovation and cost reductions in space launch, highlighting Starlink’s potential, reporting they participated in the IPO and have been doing well, and stating they would buy more if the price crashes.""}"
spacexipo_49,"{""stance"":""positive"",""reasoning"":""The target user expresses strong optimism about the SpaceX IPO, saying they are buying based on fundamentals, praising SpaceX’s innovation, cost reductions in space launches, and Starlink’s potential. They actively trade and add shares on dips, describing their experience as “doing pretty good” and calling their profit a meaningful gain, indicating a favorable stance.""}"
spacexipo_50,"{""stance"":""positive"",""reasoning"":""The target user expresses strong optimism about the SpaceX IPO, saying they are buying based on fundamentals, praising the company’s innovation, cost reductions in space launch, and Starlink’s market potential. They also report actively trading and accumulating more shares, and even state they would buy more if the price crashes.""}"
spacexipo_51,"{""stance"":""positive"",""reasoning"":""The target user expresses clear enthusiasm for investing in the SpaceX IPO, citing strong fundamentals like innovation, major launch cost reductions, and Starlink’s market potential. They state they bought the IPO, have been doing well, and would buy more if the price drops, indicating a favorable view.""}"
spacexipo_52,"{""stance"":""positive"",""reasoning"":""The target user explicitly says they bought at the IPO “based on fundamentals,” praises the company’s innovation and cost reductions in space launch, highlights Starlink’s potential, reports they are “doing pretty good so far,” and adds that if the stock “crashes down I hope to get some more.” Despite arguing about related AI/compute points, their overall sentiment toward buying/holding the IPO is clearly favorable.""}"
spacexipo_53,"{""stance"":""negative"",""reasoning"":""The target user endorses the idea of steering clear of IPOs in general and cites Warren Buffett’s rare involvement as a reason not to focus on IPOs, implying a negative stance toward participating in a SpaceX IPO.""}"
spacexipo_57,"{""stance"":""negative"",""reasoning"":""The target user highlights significant downside risks around the SpaceX IPO, including concerns about employees cashing out and leaving (hurting operations) and especially that the company is heavily dependent on Elon Musk, citing risks like Musk dying or political retaliation leading to seizure. This framing is cautionary and implies skepticism rather than optimism about the IPO.""}"
spacexipo_58,"{""stance"":""neutral"",""reasoning"":""The target user comments that in those IPOs the company was valued more realistically, but does not explicitly express approval or disapproval of a SpaceX IPO or indicate a clear sentiment toward it.""}"
spacexipo_59,"{""stance"":""neutral"",""reasoning"":""The target user comments on IPO mechanics (no minimum holding period and that many sold quickly for a 20% gain) without expressing approval or disapproval of SpaceX going public or recommending buying/avoiding it. The tone is factual and focused on trading behavior rather than a clear positive or negative view of the SpaceX IPO.""}"
spacexipo_60,"{""stance"":""neutral"",""reasoning"":""The target user discusses IPO trading behavior and criticizes uninformed retail investors for holding too long, but does not express a clear positive or negative opinion about the SpaceX IPO itself (e.g., whether it’s good/bad to invest in or whether it’s over/undervalued). The comments are about retail investor behavior around IPOs generally rather than SpaceX specifically.""}"
spacexipo_61,"{""stance"":""neutral"",""reasoning"":""The target user discusses IPO trading dynamics and notes many investors likely profited by buying early and selling in the initial spike. However, they do not express a clear positive or negative view about a SpaceX IPO specifically—only general commentary on how IPOs often spike and then settle back toward pre-IPO levels.""}"
spacexipo_62,"{""stance"":""neutral"",""reasoning"":""The target user discusses expected post-IPO selloffs and a plan to buy later, but then walks back confidence, saying they were 'just talking shit' and that others had better info. They express interest in more information rather than clear support or opposition to the SpaceX IPO.""}"
spacexipo_63,"{""stance"":""positive"",""reasoning"":""The target user plans to buy SpaceX shares after the IPO selloff (“That’s when I will buy”), indicating interest and a generally favorable view of investing in the IPO, even though they expect short-term selloffs and acknowledge limited research.""}"
spacexipo_64,"{""stance"":""neutral"",""reasoning"":""The target user discusses expected post-IPO selloffs and plans to buy later (in December), but does not express clear approval or disapproval of the SpaceX IPO itself—only a trading strategy and uncertainty about details.""}"
spacexipo_72,"{""stance"":""neutral"",""reasoning"":""The target user talks about taking a profit on their IPO shares and paying taxes, but does not express a clear positive or negative opinion about a SpaceX IPO itself—only a pragmatic focus on locking in gains.""}"
spacexipo_73,"{""stance"":""neutral"",""reasoning"":""The target user cites a statistic from Grok that many IPOs underperform the broader market over three years and adds \""Your mileage may vary,\"" which conveys caution and uncertainty rather than clear support or opposition toward a SpaceX IPO.""}"
spacexipo_74,"{""stance"":""neutral"",""reasoning"":""The target user corrects a claim that the IPO is a 'smash and grab' by explaining the bond sale is normal corporate refinancing, and discusses bonds vs. stocks in a matter-of-fact way. They neither praise the IPO as a good opportunity nor criticize it as a bad one, showing a mostly analytical, neutral stance.""}"
spacexipo_76,"{""stance"":""negative"",""reasoning"":""The target user repeatedly criticizes the proposed SpaceX IPO valuation as unjustified, calling it “totally reasonable” sarcastically, an “absolutely idiotic IPO,” and arguing the financials (net loss, cash burn, slowing growth) don’t support a $1.75T valuation. They dismiss bullish arguments as “baseless… hopium,” say any pump would be due to hype/Elon rather than fundamentals, and express disdain for investors buying into the IPO.""}"
spacexipo_77,"{""stance"":""negative"",""reasoning"":""The target user repeatedly criticizes the proposed SpaceX IPO valuation as absurd and unjustified, citing decelerating growth, net losses, heavy cash burn, and an implied >100x revenue multiple. They explicitly call it an “absolutely idiotic IPO,” demand substantive numerical justification, and reject bullish arguments as “baseless” and “hopium,” while acknowledging the company is “cool” but not worth the IPO price.""}"
spacexipo_79,"{""stance"":""negative"",""reasoning"":""The target user expresses skepticism and dismissal about the idea of a massive SpaceX IPO “going parabolic,” saying it “doesn’t even make sense” and calling it “La La Land,” implying a negative view toward the IPO hype/prospects.""}"
spacexipo_82,"{""stance"":""positive"",""reasoning"":""The target user defends SpaceX’s high valuation and growth potential, compares skepticism about SpaceX to early skepticism about Amazon/Meta/Uber, highlights SpaceX’s cost and innovation advantages (e.g., orders-of-magnitude launch cost reductions), and frames the IPO valuation as justified by projected future addressable markets rather than hype. Overall, they express strong confidence in SpaceX’s prospects, implying a favorable stance toward a SpaceX IPO.""}"
spacexipo_83,"{""stance"":""negative"",""reasoning"":""The target user expresses pessimism about IPO outcomes, saying this kind of downturn \""always happens with IPOs\"" and attributing it to insiders selling and slowly cashing out over the next 6 months, implying a negative view toward the SpaceX IPO.""}"
spacexipo_84,"{""stance"":""negative"",""reasoning"":""The target user describes IPO pops as leading to 'ridiculous valuations' that then 'crater back below initial offering,' indicating a skeptical/negative view toward IPOs like a potential SpaceX IPO.""}"
spacexipo_86,"{""stance"":""positive"",""reasoning"":""The target user indicates they participated in the IPO (“I got IPO shares”) and expresses satisfaction/approval based on profiting from it (“sold them… at a higher price… Isn’t the point… to make money??”), implying a favorable stance toward the SpaceX IPO as an opportunity to profit, despite earlier skepticism about Musk-related ‘pumps’.""}"
spacexipo_87,"{""stance"":""positive"",""reasoning"":""The target user treats the SpaceX IPO as a profitable opportunity, noting the stock is 'still up decently from IPO' and sharing that they bought at 140 and sold at 190 (and would still be up if they hadn’t sold). This reflects an overall favorable view toward the IPO’s performance and money-making potential despite acknowledging a recent drop.""}"
spacexipo_89,"{""stance"":""negative"",""reasoning"":""The target user is skeptical of investing in the SpaceX IPO, questioning how it could \""pump\"" and repeatedly emphasizing that the implied $1.75T valuation is unjustifiably large and \""so overpriced it’s hard to believe,\"" indicating a negative stance toward the IPO.""}"
spacexipo_91,"{""stance"":""negative"",""reasoning"":""The target user criticizes the SpaceX IPO valuation as extremely overpriced, highlighting a ~94x revenue multiple and calling it far richer than Reddit’s IPO, concluding that SpaceX makes Reddit look like a 'bargain bin.' This implies a negative stance toward the IPO/pricing.""}"
spacexipo_92,"{""stance"":""negative"",""reasoning"":""The target user argues SpaceX’s IPO valuation is wildly unjustified (≈$1.75T on ~$18.7B trailing revenue, ~94–100x sales), calls it “the most ridiculous IPO in history,” “a trap,” and “asinine,” and says there’s no financial argument to defend it. They explicitly say they wouldn’t buy it, citing limited upside vs. high risk and dependence on Elon and politics.""}"
spacexipo_93,"{""stance"":""negative"",""reasoning"":""The target user repeatedly characterizes a SpaceX IPO as a red flag driven by financial distress, citing negative PE, heavy short-maturity debt, and structural unprofitability. They call SpaceX (including Starlink) a “failing company,” argue it was “either bankruptcy or IPO,” warn that assuming the stock will rise makes it “extra dangerous,” and criticize the business model as a high-capex, low-margin operation facing increasing competition.""}"
spacexipo_94,"{""stance"":""negative"",""reasoning"":""The target user argues that SpaceX loses money, has relied on emergency debt, and that a large portion of IPO proceeds would go to repay creditors. They emphasize debt as a major risk that could lead to bankruptcy and wipe out shareholder value, indicating a strongly negative view of a SpaceX IPO.""}"
spacexipo_95,"{""stance"":""neutral"",""reasoning"":""The target user does not express clear support or opposition to the SpaceX IPO; they emphasize uncertainty and potential volatility, suggesting it could go up or down and will involve many unknowns rather than taking a positive or negative view.""}"
spacexipo_96,"{""stance"":""negative"",""reasoning"":""The target user describes the IPO as a \""tangled mess\"" involving \""cocaine power and shared interests\"" akin to a \""Mafia organization,\"" and suggests insiders are protected by regulatory rule-bending and complex share insurance schemes. This strongly implies distrust and a negative view of the SpaceX IPO.""}"
spacexipo_97,"{""stance"":""negative"",""reasoning"":""The target user strongly criticizes the SpaceX IPO, calling it “spoonfeeding its IPO to exit liquidity,” warning it could “hijack pensioners’ future,” and describing SpaceX as “loss-making crap” with a major valuation asymmetry (more downside than upside). They argue Elon’s behavior will cause volatility and conclude “My money goes to RocketLab,” indicating a negative stance toward investing in the SpaceX IPO.""}"
spacexipo_98,"{""stance"":""negative"",""reasoning"":""The target user pushes back against the claim that the SpaceX IPO will 'triple immediately,' calling it unrealistic and highlighting that it would imply an absurd ~$5.25T valuation right away. This skepticism indicates a negative stance toward the idea of a big immediate IPO run-up.""}"
spacexipo_99,"{""stance"":""positive"",""reasoning"":""The target user plans to buy SpaceX IPO shares through Fidelity before trading begins and expects a gain (hoping for ~30%). They discuss timing a sale to profit while avoiding insider sell-off pressure, indicating a favorable, profit-seeking view of the IPO rather than skepticism or disinterest.""}"
spacexipo_100,"{""stance"":""neutral"",""reasoning"":""The target user is interested in participating in the SpaceX IPO for a modest short-term gain (expects ~30% and at most ~50% pop) but explicitly rejects bullish expectations like a doubling and emphasizes valuation constraints. This reflects a cautious, pragmatic view rather than strong enthusiasm or opposition.""}"
spacexipo_104,"{""stance"":""negative"",""reasoning"":""The target user argues SpaceX is massively overvalued (\""80x sales\"" at a $127B valuation) and explicitly refuses to invest/buy employee shares (\""Yeah, no way. NOoooo freaking way\""). They also warn about likely dilution and unfavorable VC deal terms, indicating a clearly negative stance toward participating in or valuing a SpaceX IPO at these levels.""}"
spacexipo_105,"{""stance"":""negative"",""reasoning"":""The target user views SpaceX’s valuation as excessively high (\""80x sales... absolutely crazy\"") and explicitly rejects investing at that price (\""Yeah, no way. NOoooo freaking way\""). They also cite expected dilution and unfavorable VC terms (preferreds/clawbacks) as additional reasons for skepticism about an IPO investment, despite acknowledging SpaceX is a great company.""}"
spacexipo_106,"{""stance"":""positive"",""reasoning"":""The target user says they were already planning to invest in the SpaceX IPO and adds that the negativity is 'another vote in favor of it,' indicating a favorable view and expectation of success.""}"
spacexipo_107,"{""stance"":""negative"",""reasoning"":""The target user consistently argues that buying SpaceX at an implied ~$2T valuation is “downright silly,” expects it to underperform the tech index for 5–30 years, views SpaceX/Starlink/launch as low-margin and capital-intensive, claims SpaceX “actually loses money,” dismisses xAI/Grok as uncompetitive and unlikely to realize the TAM, and advises not to invest at IPO price (or to wait for a much lower entry after it tanks).""}"
spacexipo_108,"{""stance"":""negative"",""reasoning"":""The target user consistently argues that buying SpaceX at an implied ~$2T valuation is “downright silly,” predicts it will underperform the tech index over the next 5–10+ years, and recommends not investing (or waiting until after it “tanks” for a better entry). They also claim SpaceX/Starlink/launch are low-margin businesses, SpaceX ‘actually loses money,’ and dismiss the xAI/Grok-based valuation thesis as uncompetitive and ‘dead in the water.’ Overall sentiment toward the SpaceX IPO as an investment is strongly negative.""}"
spacexipo_109,"{""stance"":""negative"",""reasoning"":""The target user repeatedly argues that buying SpaceX at a ~$2T valuation is “downright silly,” expects it to underperform the tech index over the next 5–10 years (and even worse over longer horizons), and advises not to invest at IPO pricing—suggesting waiting for it to “tank” after lockups expire. They also dismiss key bullish drivers (Starlink margins, launch economics, xAI/Grok competitiveness) and frame the IPO as massively overinflated.""}"
spacexipo_110,"{""stance"":""negative"",""reasoning"":""The target user consistently argues that a SpaceX IPO at ~2T valuation is massively overinflated and likely to underperform the tech index/market for the next 5–10+ years. They claim SpaceX (and Starlink/launch) are low-margin, capital-intensive businesses, that SpaceX ‘actually loses money,’ and that the prospectus valuation leans heavily on xAI/Grok which they view as uncompetitive and ‘dead in the water.’ They repeatedly advise not to buy at IPO, expect it to ‘tank’ after lockups/float normalize, and recommend waiting for a much lower entry or buying the index/other AI winners instead.""}"
spacexipo_111,"{""stance"":""positive"",""reasoning"":""The target user repeatedly argues that SpaceX has “astronomical potential,” describes it as a future “space monopoly,” and says they plan to likely buy at IPO and hold long term. They defend the valuation by emphasizing future cash flows from Starlink/defense/space infrastructure and even xAI, and they cite the IPO’s strong first-day performance as evidence it’s a decent opportunity. Overall their comments are strongly pro–SpaceX IPO, despite acknowledging it could fall later.""}"
spacexipo_112,"{""stance"":""positive"",""reasoning"":""The target user repeatedly argues in favor of investing in a SpaceX IPO, emphasizing massive long-term upside and multiple future profit drivers (Starlink, defense, launch dominance, AI/xAI tie-ins, lunar/mars infrastructure). They explicitly call it a “smart investment,” say they will “likely [buy] SpaceX whenever their IPO’s release,” and state they won’t “turn down its astronomical potential.” They also defend the IPO’s early price increase and reject claims it’s an ‘exit scam,’ indicating an overall bullish stance despite acknowledging it could fall later.""}"
spacexipo_113,"{""stance"":""positive"",""reasoning"":""The target user repeatedly argues that SpaceX has huge long-term upside and multiple future cash-flow paths (Starlink, defense, launch dominance, AI/xAI, lunar/mars infrastructure), compares it to Amazon/Tesla-style growth investing, calls it a potential “space monopoly,” and explicitly says they plan to likely buy SpaceX at IPO and won’t “turn down its astronomical potential.” While they ask questions about IPO timing/entry price and say they haven’t invested yet, their overall sentiment and intent toward the SpaceX IPO is clearly favorable.""}"
spacexipo_114,"{""stance"":""neutral"",""reasoning"":""The target user expresses confidence in SpaceX as a business, suggesting a generally favorable view, but explicitly says they do not buy IPOs and plan to wait and evaluate later rather than participate in a SpaceX IPO. This indicates neither clear support nor opposition to the IPO itself.""}"
spacexipo_121,"{""stance"":""negative"",""reasoning"":""The target user is highly critical and dismissive of the IPO, calling it irrational and expressing frustration (“whatever the fuck this IPO is”), implying they view the SpaceX IPO negatively rather than as a positive investment opportunity.""}"
spacexipo_122,"{""stance"":""positive"",""reasoning"":""The target user defends the high valuation logic as driven by expected future growth, calls it a 'growth stock,' and expresses belief that SpaceX-related areas (space, data centers, AI) will shape the next 50 years—indicating optimism toward the IPO pricing and prospects rather than skepticism or opposition.""}"
spacexipo_123,"{""stance"":""positive"",""reasoning"":""The target user explicitly says they bought into the SpaceX IPO / hold pre-IPO shares and want to hold long term. They argue SpaceX is executing exceptionally well (reusable rockets, saving government billions, enabling ventures and Starlink) and strongly reject claims that competitors can easily catch up, showing clear confidence and enthusiasm about SpaceX’s prospects as an investment.""}"
spacexipo_124,"{""stance"":""positive"",""reasoning"":""The target user explicitly says they bought into the SpaceX IPO/pre-IPO shares and wants to hold them long-term, expressing strong confidence in SpaceX’s execution and viewing its achievements (reusable rockets, cost savings, enabling ventures, internet access) as objectively good—indicating a clearly positive stance toward the SpaceX IPO.""}"
spacexipo_128,"{""stance"":""negative"",""reasoning"":""The target user implies skepticism about the IPO’s valuation (saying $60–70 is “way too much”) and attributes any enthusiasm to an “Elon premium” and a “cult-like following,” while also calling Elon a “nutjob.” This suggests a negative view of the SpaceX IPO rather than optimism about it.""}"
spacexipo_129,"{""stance"":""negative"",""reasoning"":""The target user expresses skepticism about the IPO’s valuation, saying even $60–70 “seems like way too much,” and attributes any high pricing to an “Elon premium” and cult-like following rather than fundamentals. They also call Elon a “nutjob,” reinforcing a generally unfavorable view tied to the IPO hype.""}"
spacexipo_132,"{""stance"":""negative"",""reasoning"":""The target user acknowledges Starlink is a real business but expresses skepticism about the IPO itself, saying it is not priced appropriately and warning of considerable future competition, implying a bearish view on the SpaceX IPO valuation and prospects.""}"
spacexipo_133,"{""stance"":""negative"",""reasoning"":""The target user argues SpaceX’s profitability is fragile and overly dependent on Starlink and an unproven Starship, calling Starship “a giant firework” that has failed key milestones. They also portray a major Google deal as a cancellable, paper-only arrangement meant to “boost the ipo sale” and suggest investors want “retail bagholders,” implying distrust and a strongly negative view of a SpaceX IPO.""}"
spacexipo_134,"{""stance"":""negative"",""reasoning"":""The target user criticizes modern IPOs as occurring late, with private equity waiting to exit only after most growth potential has already been extracted, implying skepticism toward the SpaceX IPO as primarily an exit for insiders rather than an attractive opportunity for public investors.""}"
spacexipo_135,"{""stance"":""positive"",""reasoning"":""The target user argues in favor of investing in a SpaceX IPO, comparing it to Tesla’s long-term gains and stating that even if SpaceX achieves only a fraction of Tesla’s growth it would still significantly outperform inflation and the S&P 500 (e.g., calling it potentially a 6x multiplier vs SPY). This indicates optimism and a pro-IPO/investment stance.""}"
spacexipo_136,"{""stance"":""positive"",""reasoning"":""The target user argues in favor of investing in a SpaceX IPO, comparing it to Tesla’s long-term gains and emphasizing that even much smaller returns than Tesla would still “win” by beating inflation and outperforming the S&P 500 (e.g., claiming even 10% of Tesla-like performance would still be a strong multiple). This reflects an optimistic, pro-IPO stance.""}"
spacexipo_137,"{""stance"":""negative"",""reasoning"":""The target user says they were initially excited to buy into a dominant, profitable space launch/satellite internet business, but now views the IPO negatively because the company \""got greedy\"" by adding/leaning into xAI to chase higher valuation multiples, turning it into a \""wildly unprofitable capex monster.\""""}"
spacexipo_138,"{""stance"":""neutral"",""reasoning"":""The target user does not express approval or disapproval of a SpaceX IPO; they only indicate curiosity about its post-IPO risk-adjusted performance (Sharpe ratio), which is an evaluative but non-committal stance.""}"
spacexipo_139,"{""stance"":""neutral"",""reasoning"":""The target user expects a typical short-term IPO pop but is uncertain about longer-term performance, noting potential heavy selling by legacy private investors and a possible price drop. They do not express clear enthusiasm or opposition, instead emphasizing unpredictability.""}"
spacexipo_140,"{""stance"":""positive"",""reasoning"":""The target user argues that despite a rich valuation, SpaceX is a proven, founder-led company with substantial upside driven by Starlink, launch dominance, government/defense contracts, Starship economics, and future markets. They reject the idea there is “no upside,” defend the investment thesis beyond current revenue, and suggest the narrative and execution could still generate strong returns, indicating an overall favorable stance toward a SpaceX IPO.""}"
spacexipo_141,"{""stance"":""positive"",""reasoning"":""The target user draws a bullish comparison to Tesla’s IPO despite a “rich” valuation, emphasizes SpaceX’s unique advantages and Elon Musk’s leadership as key reasons it will work, and endorses the idea of buying and holding such IPOs by highlighting how a Tesla IPO investment massively outperformed the S&P 500.""}"
spacexipo_142,"{""stance"":""positive"",""reasoning"":""The target user argues that even if a SpaceX IPO valuation is \""rich,\"" that doesn’t make it a bad investment and it could still go higher. They emphasize narrative, vision, and Elon’s leadership as legitimate drivers of value, say SpaceX is more established than Tesla was, and suggest that concerns about valuation are already priced in and shouldn’t deter longer-horizon investors.""}"
spacexipo_143,"{""stance"":""negative"",""reasoning"":""The target user criticizes the idea that SpaceX would be listed despite not meeting standard index inclusion criteria, implying disapproval of SpaceX’s IPO/listing and viewing it as an improper exception to established rules.""}"
spacexipo_144,"{""stance"":""negative"",""reasoning"":""The target user highlights concerns about SpaceX being fast-tracked into the Nasdaq 100 and rule changes (shorter inclusion window and altered float requirements), then cites multiple IPO examples that suffered major post-IPO declines (Aston Martin down 75% by day 90; Robinhood, pets.com, Deliveroo similar). This implies skepticism and a negative stance toward the SpaceX IPO.""}"
spacexipo_145,"{""stance"":""negative"",""reasoning"":""The target user calls the IPO valuation dynamics \""exactly the problem\"" and warns that SpaceX being fast-tracked into indexes exposes investors to a \""post ipo crash,\"" indicating concern and a negative view of the SpaceX IPO.""}"
spacexipo_146,"{""stance"":""negative"",""reasoning"":""The target user raises concerns about SpaceX receiving exceptions and warns that adding the company to indexes in the risky first weeks after an IPO is problematic, indicating a skeptical/negative stance toward the SpaceX IPO.""}"
spacexipo_147,"{""stance"":""neutral"",""reasoning"":""The target user does not express approval or disapproval of SpaceX going public itself. Instead, they discuss IPO mechanics and risk, warning of a likely early price correction and questioning index rule changes that would allow SpaceX into an index sooner, implying caution about investing immediately after the IPO rather than a clear pro- or anti-IPO stance.""}"
spacexipo_148,"{""stance"":""negative"",""reasoning"":""The target user expresses skepticism about the SpaceX IPO process, arguing that S&P 500 rule changes are being fast-tracked ahead of the IPO and that the 6-month lockup means there “can’t be any true price discovery,” implying concern about fairness/valuation rather than enthusiasm.""}"
spacexipo_149,"{""stance"":""neutral"",""reasoning"":""The target user is not planning to buy at the IPO (suggesting skepticism about IPO pricing) but will hold their pre-IPO Series E position through the IPO expecting the market price to be higher and citing willingness to tolerate post-IPO drops. This reflects a mixed, pragmatic view rather than clearly positive or negative sentiment toward the SpaceX IPO itself.""}"
spacexipo_150,"{""stance"":""negative"",""reasoning"":""The target user implies a desire to bet against SpaceX (“short it”) and explicitly says they will not buy SpaceX at IPO (“I choose not to buy it at IPO”), indicating an unfavorable stance toward participating in the SpaceX IPO.""}"
spacexipo_152,"{""stance"":""negative"",""reasoning"":""The target user urges others to sell immediately, calls the IPO/stock extremely overvalued, and claims it may never reach its prior valuation again, reinforcing a strongly negative view.""}"
spacexipo_153,"{""stance"":""positive"",""reasoning"":""The target user defends SpaceX’s fundamentals (correcting low revenue claims, citing frequent Falcon 9 launches and Starlink revenue), says investors expect it to be massive, and explicitly states they own shares and are “excited to see what happens,” indicating an overall favorable view toward a SpaceX IPO.""}"
spacexipo_154,"{""stance"":""neutral"",""reasoning"":""The target user expresses mixed views: they believe in SpaceX’s ability to grow and think Musk hype plus U.S. government reliance could support valuation, but they also explicitly say they don’t have much belief that SpaceX can become truly that profitable. Overall this is cautious/uncertain rather than clearly supportive or opposed to a SpaceX IPO.""}"
spacexipo_156,"{""stance"":""positive"",""reasoning"":""The target user expresses clear interest in buying SpaceX after the IPO price settles (“then I'd absolutely buy”) and treats SpaceX/Elon Musk as potentially stronger than typical IPOs. Although they worry about an initial post-IPO drop and consider selling some shares at IPO, their overall sentiment is favorable toward owning the stock.""}"
spacexipo_157,"{""stance"":""negative"",""reasoning"":""The target user refers to the SpaceX IPO as \""nonsense\"" and says they \""honestly wish [they] wouldn't have to deal with\"" it, indicating a negative attitude toward the IPO situation.""}"
spacexipo_158,"{""stance"":""negative"",""reasoning"":""The target user is worried about the IPO, expressing distrust of the xAI deal and suggesting the IPO is mainly a way to funnel money into xAI rather than SpaceX, which they see as a risk/weight on SpaceX stock. While they respect SpaceX’s executive team, their stated concern and lack of trust around the IPO’s purpose implies a negative stance toward the SpaceX IPO.""}"
spacexipo_160,"{""stance"":""negative"",""reasoning"":""The target user argues SpaceX would be judged like a high-risk growth IPO and says that even a 3x return on such an IPO would be “AWFUL,” implying they view the prospective SpaceX IPO as unattractive/poor-return (especially for institutional first-allotment buyers).""}"
spacexipo_161,"{""stance"":""negative"",""reasoning"":""The target user strongly opposes a SpaceX IPO, arguing SpaceX was built with taxpayer subsidies/government funding and therefore Musk “shouldn’t get” to profit privately. They criticize the valuation as “over inflated,” claim taxpayers bear the costs without getting corresponding benefits, and conclude “SpaceX isn’t worth the paper it prints on,” indicating a clearly negative stance toward the IPO.""}"
spacexipo_162,"{""stance"":""negative"",""reasoning"":""The target user strongly opposes a SpaceX IPO, arguing SpaceX was developed using taxpayer money/government funding and therefore Musk “shouldn’t get” to profit from going public. They repeatedly frame the IPO as unfair enrichment from public funds and express hostile sentiment toward Musk and the valuation.""}"
spacexipo_163,"{""stance"":""negative"",""reasoning"":""The target user opposes a SpaceX IPO, arguing it was built with taxpayer subsidies rather than Elon Musk’s own money and saying he “shouldn’t get” anything from going public, indicating strong negative sentiment toward the IPO.""}"
spacexipo_164,"{""stance"":""negative"",""reasoning"":""The target user opposes a SpaceX IPO, arguing it was heavily taxpayer-subsidized (government funding and FCC subsidies) and implying it should be treated as a publicly owned taxpayer enterprise; they express strong resentment that the owner “shouldn’t get” anything from an IPO.""}"
spacexipo_165,"{""stance"":""negative"",""reasoning"":""The target user argues that a $1.5T SpaceX IPO valuation is excessively high, implying retail investors would be ‘exit liquidity’ and that the valuation already prices in near-perfect performance for decades. They emphasize that to achieve returns comparable to past IPO winners (Facebook/Uber), SpaceX would need to reach implausibly large future valuations ($20T–$25T), and they cite historical post-IPO drawdowns to warn that buyers could be underwater for years.""}"
spacexipo_166,"{""stance"":""negative"",""reasoning"":""The target user argues the $1.5T IPO valuation is wildly overpriced, leaving retail investors as exit liquidity for insiders. They repeatedly reject claims of a “guaranteed pop,” emphasize capped upside vs massive downside, describe low-float pops as manufactured, warn about lock-up expirations and insider selling, and say retail will likely buy after the pop at an inflated price—overall expressing strong skepticism and a negative stance toward participating in the SpaceX IPO at that valuation.""}"
spacexipo_167,"{""stance"":""positive"",""reasoning"":""The target user mocks and dismisses the argument that a SpaceX IPO would have “no more room to grow,” implying they believe there is still meaningful upside and that the IPO could be worth investing in.""}"
spacexipo_168,"{""stance"":""positive"",""reasoning"":""The target user dismisses concerns about an overvalued SpaceX IPO by arguing that similar skepticism around Uber and Facebook IPOs was \""stupidly wrong\"" and that critics of SpaceX could be proven wrong in the same way, implying optimism toward the IPO.""}"
spacexipo_171,"{""stance"":""negative"",""reasoning"":""The target user condemns the IPO as “ridiculous,” “wildly criminal,” and “based on bullshit,” portraying it as a scheme to enrich Musk and exploit the middle class, indicating strong opposition to the SpaceX IPO.""}"
spacexipo_177,"{""stance"":""negative"",""reasoning"":""The target user is skeptical about the SpaceX/Starlink investment thesis implied in an IPO context. They argue Starlink lacks a strong moat, faces pricing pressure and credible competition (telcos, cable, other LEO networks, Amazon), and see “trillion dollar company” claims as unlikely. While they think Starlink can be profitable, they view comparisons to Tesla as overblown and explicitly note that SpaceX itself is the stronger ‘Tesla-like’ story—but that isn’t what would be IPO’d, implying a negative stance toward the SpaceX IPO narrative as discussed.""}"
spacexipo_178,"{""stance"":""negative"",""reasoning"":""The target user expresses concern that a SpaceX IPO could involve manipulating the public float to 'squeeze index funds,' calls it harmful to index funds, and frames SpaceX as a 'bad fruit' that could 'ruin the bunch,' indicating a negative stance toward the SpaceX IPO.""}"
spacexipo_179,"{""stance"":""neutral"",""reasoning"":""The target user discusses index inclusion mechanics around IPOs and says the rapid inclusion/float-rule change is “mostly…a non-issue,” focusing on how indexes/ETFs can adjust. They do not express clear enthusiasm or opposition to a SpaceX IPO itself, only a largely dismissive view of the indexing impact.""}"
spacexipo_180,"{""stance"":""neutral"",""reasoning"":""The target user does not express a clear positive or negative view on a SpaceX IPO specifically. They push back on the idea that these IPOs are insider manipulation and note that rational investors could view Elon Musk (despite flaws) as an asset due to valuable government-contract connections, but they do not explicitly endorse or oppose a SpaceX IPO or investing in it.""}"
spacexipo_181,"{""stance"":""neutral"",""reasoning"":""The target user does not express a clear favorable or unfavorable view of a SpaceX IPO specifically. They discuss IPOs generally, noting they are high-valuation growth stocks with real technological achievements that many believe in, and that growth investors could like them at these prices. However, they also state that insiders ‘of course… are trying to get out’ when something is overpriced and hits a high, implying skepticism about insider motives. Overall, their comments suggest a mixed/analytical view rather than a distinctly positive or negative stance toward a SpaceX IPO.""}"
spacexipo_183,"{""stance"":""neutral"",""reasoning"":""The target user does not express approval or disapproval of a SpaceX IPO. They give practical, matter-of-fact guidance about ignoring the noise, the likely small index weight, and that only a portion of value would be floated and reflected in ETFs—indicating a neutral, informational stance rather than positive or negative sentiment.""}"
spacexipo_184,"{""stance"":""negative"",""reasoning"":""The target user is skeptical of a SpaceX IPO valuation and indicates they would not invest if it came at a very high (triple-digit) P/E. They argue that a hypothetical $1.5T IPO would be wildly overvalued—taking '188 years' of earnings to justify—and compare buying at that price to paying $7.5M for a Honda Accord, implying strong negative sentiment toward the IPO at such valuations.""}"
spacexipo_185,"{""stance"":""negative"",""reasoning"":""The target user dismisses hype about SpaceX being a leader and focuses on valuation, explicitly stating they “don’t think triple digit P/E is investable” and asking for the IPO P/E. They accept exposure to high P/E only indirectly through index funds, implying they would avoid buying SpaceX IPO at a high valuation.""}"
spacexipo_188,"{""stance"":""negative"",""reasoning"":""The target user is skeptical of the SpaceX IPO due to valuation concerns, focusing on P/E at the IPO price and implying SpaceX’s IPO P/E is excessively high (noting it would be ~3x Facebook’s), which signals a negative stance toward buying or supporting the IPO at that price.""}"
spacexipo_190,"{""stance"":""negative"",""reasoning"":""The target user describes IPOs as typically going down after listing and frames them as liquidity events for private capital, implying skepticism toward investing at IPO. They express satisfaction about avoiding certain high-profile companies via their fund choices, reinforcing a generally negative view toward buying into companies at IPO, which would apply to a SpaceX IPO.""}"
spacexipo_192,"{""stance"":""negative"",""reasoning"":""The target user expresses distrust toward a SpaceX IPO, arguing that major investors (especially Musk) could control and manipulate the price and that Musk would likely try to 'juice' the IPO. This implies a negative stance toward the IPO due to perceived risk of price manipulation.""}"
spacexipo_193,"{""stance"":""neutral"",""reasoning"":""The target user discusses how float-adjusted indexes like VTI/VOO would include only the tradable portion of SpaceX after an IPO and explains index mechanics. They advise retail investors not to focus on IPOs or single-stock news, without expressing positive or negative sentiment about SpaceX itself.""}"
spacexipo_194,"{""stance"":""negative"",""reasoning"":""The target user is skeptical of SpaceX’s fundamentals and the implied IPO valuation. They argue SpaceX must create “artificial demand” (Starlink, future ‘space data centers’) to justify its launch capabilities, question how many launches exist without Starlink, and say Starlink profits still don’t justify a ~$1.2T valuation. They mock the idea that investors are always right, claim SpaceX’s growth is constrained by physics as a hardware business (not capable of sustained exponential growth like software), criticize Musk’s aggressive growth promises, and warn that xAI involvement could lead to negative cash flow and inability to compete with major AI spenders—overall implying the IPO would be overvalued/risky.""}"
spacexipo_201,"{""stance"":""negative"",""reasoning"":""The target user is skeptical about buying SpaceX at IPO, expecting insider/employee selling pressure (“exit liquidity”) and calling the projected valuation “really aggressive.” While they acknowledge it could perform like Tesla and cause regret for not buying early, their overall stance is cautious and reluctant to jump in at the beginning.""}"
spacexipo_202,"{""stance"":""neutral"",""reasoning"":""The target user expresses curiosity and caution about the IPO’s initial trading, noting concerns about insider exit liquidity and saying they’ll have a hard time buying in at the beginning. They ask questions about private-market liquidity and others’ plans, but do not clearly endorse or oppose the IPO overall.""}"
spacexipo_203,"{""stance"":""neutral"",""reasoning"":""The target user expresses respect for Elon and interest in investing in SpaceX, but is cautious about buying at the IPO due to concerns about a high valuation, insider selling/exit liquidity pressure, and recent IPOs performing poorly early on. They plan to wait rather than jump in at launch.""}"
spacexipo_209,"{""stance"":""neutral"",""reasoning"":""The target user discusses IPO trading mechanics and suggests waiting because they expect a lower entry price later (possibly $70–80), indicating caution rather than enthusiasm or opposition. They don’t express a clear positive or negative view on the IPO itself, just a plan to hold off and reassess.""}"
spacexipo_210,"{""stance"":""neutral"",""reasoning"":""The target user focuses on expected pricing and trading dynamics (e.g., open likely around $180, $135 at open unlikely) without expressing approval, excitement, or criticism of the SpaceX IPO itself. Their comments are analytical and uncertain rather than clearly positive or negative.""}"
spacexipo_211,"{""stance"":""positive"",""reasoning"":""The target user argues there is a \""clear long play\"" in SpaceX, says \""SpaceX is a steal at current price\"" if you believe in sector growth, and repeatedly defends SpaceX as reasonably valued versus competitors. They also state investors \""will still get value with ipo,\"" indicating an overall favorable view of the SpaceX IPO.""}"
spacexipo_212,"{""stance"":""positive"",""reasoning"":""The target user argues SpaceX is not overvalued, calls it a “no brainer stock” if you believe in the future of space, and says there’s a “clear long play.” They also state they plan to buy IPO shares (“throw $2K on it”) and conclude it’s undervalued if space is the future, indicating a favorable stance toward the SpaceX IPO.""}"
spacexipo_214,"{""stance"":""negative"",""reasoning"":""The target user is skeptical and critical of the SpaceX IPO, implying it’s being offered to retail because institutions are avoiding it due to an “outrageous valuation” and not wanting to hold “Elon’s bags,” suggesting retail investors would be left with overpriced shares.""}"
spacexipo_216,"{""stance"":""neutral"",""reasoning"":""The target user dismisses the controversy around a SpaceX IPO and argues it’s not a big deal (“It’s just an IPO… I honestly don’t care”), emphasizing that people can choose not to buy it and criticizing claims that it’s “oppression.” They don’t express enthusiasm for investing in SpaceX or opposition to the IPO itself—mainly indifference and frustration with the discourse—so the stance is neutral.""}"
spacexipo_219,"{""stance"":""negative"",""reasoning"":""The target user argues the SpaceX IPO (and related AI/xAI tie-in) would “absolutely doom the company,” citing that it would divert attention/resources from Mars and Starship, saddle SpaceX with xAI’s debt/unprofitability, tie SpaceX to an AI bubble, and increase pressure to focus on profit margins. They also express skepticism that space-based AI data centers will work and believe Starship rapid reuse is far from ready, so an IPO-driven pivot would not help and would likely harm SpaceX’s core goals.""}"
spacexipo_220,"{""stance"":""neutral"",""reasoning"":""The target user describes the potential IPO in a matter-of-fact way, noting it fits Elon’s pattern of high-risk bets and speculating on a larger valuation and major capital raise. They do not express clear approval or disapproval of a SpaceX IPO itself—only observations about strategy and scale.""}"
spacexipo_221,"{""stance"":""positive"",""reasoning"":""The target user says it is \""probably good\"" for early stockholders if they sell into the IPO due to hype, and even for long-term holders it is only \""slightly less good\"" and \""not an overall negative,\"" indicating an overall positive stance toward the IPO.""}"
spacexipo_222,"{""stance"":""positive"",""reasoning"":""The target user strongly endorses Elon’s track record and explicitly urges others to invest, saying “STFU and buy some stock at IPO,” while praising SpaceX’s rockets as “the best the world has ever seen.” This indicates a clearly positive stance toward a SpaceX IPO.""}"
spacexipo_224,"{""stance"":""positive"",""reasoning"":""The target user expresses strong optimism about SpaceX’s prospects, comparing xAI/Tesla’s early unprofitability and stating they plan to buy as much SpaceX stock as possible at IPO, implying confidence it will perform well rather than harm the company.""}"
spacexipo_225,"{""stance"":""positive"",""reasoning"":""The target user explicitly says they \""Cant wait for the SpaceX IPO\"" and plans to \""throw more money his way,\"" indicating enthusiasm and intent to invest in the IPO.""}"
spacexipo_226,"{""stance"":""negative"",""reasoning"":""The target user expresses disapproval of the scenario around a SpaceX IPO, arguing that while it would raise a lot of money, much of it would be diverted to prop up xAI (which they view as uncompetitive), leaving less funding for SpaceX’s Mars mission. This implies they view a SpaceX IPO—especially tied to xAI—as a bad outcome.""}"
spacexipo_227,"{""stance"":""negative"",""reasoning"":""The target user argues the IPO funds could be consumed by a money-sink (xAI), making Mars plans and broader space capability enhancements “much less likely,” implying a pessimistic view of the IPO’s impact on SpaceX’s core mission.""}"
spacexipo_228,"{""stance"":""positive"",""reasoning"":""The target user dismisses concerns about an IPO as \""Dramatic\"" and frames IPOs as a necessary funding mechanism for SpaceX’s Mars goal (\""This is just more money for Mars\""). They express trust in Elon Musk to manage finances (\""I trust Elon to balance a budget\"") and explicitly accept the IPO if it helps reach Mars (\""If this is the path to Mars, then so be it\"").""}"
spacexipo_229,"{""stance"":""negative"",""reasoning"":""The target user frames the SpaceX IPO as a high-risk product engineered to pull in passive index money and warns it could become “a similar case” to CDOs from the housing crash. They also accuse SpaceX of lobbying/bending rules and “setting the rules throughout this IPO,” implying distrust and a negative view of the IPO’s structure and impact.""}"
spacexipo_230,"{""stance"":""negative"",""reasoning"":""The target user implies the SpaceX IPO is driven by undesirable \""other shit\"" being rolled into SpaceX, suggesting skepticism and disapproval of the IPO’s motivation rather than enthusiasm for investing.""}"
spacexipo_231,"{""stance"":""negative"",""reasoning"":""The target user explicitly says they \""couldn't care less about SpaceX's IPO\"" and argues against investing in individual stocks (preferring passive ETFs), implying disinterest and a negative attitude toward participating in or valuing the IPO.""}"
spacexipo_232,"{""stance"":""negative"",""reasoning"":""The target user is skeptical of investing in a SpaceX IPO at the proposed valuation because they believe a large portion is driven by xAI/AI hype rather than SpaceX/Starlink fundamentals. They say they’d be “all in” only if xAI were cut out and the valuation were lower, and criticize recent AI-focused decisions as “killing the core business,” indicating a negative stance toward the IPO as presented.""}"
spacexipo_233,"{""stance"":""neutral"",""reasoning"":""The target user discusses strategic considerations around a potential SpaceX IPO (investor pressure, whether Musk might divest xAI/X, bear vs bull cases) in an analytical tone. They do not express personal approval or disapproval of the IPO itself, only note how losses and control dynamics could affect post-IPO decisions.""}"
spacexipo_234,"{""stance"":""neutral"",""reasoning"":""The target user explains the ownership history and claims SpaceX acquired/absorbed X/Twitter and xAI ahead of an IPO, noting it increases the IPO’s asset base and narrative scope but also brings significant losses. They do not express approval or disapproval of the IPO itself—only descriptive analysis with mixed implications.""}"
spacexipo_235,"{""stance"":""negative"",""reasoning"":""The target user is highly skeptical of the business fundamentals tied to SpaceX’s growth narrative (especially AI-driven TAM claims), repeatedly demands “show me the money,” compares the current AI enthusiasm to past bubbles (dotcom/crypto/NFT), and explicitly says they’re not investing in a hype-propped business that could evaporate after buying shares. While they acknowledge Starlink was once believable, their overall tone toward investing via an IPO is distrustful and bearish.""}"
spacexipo_236,"{""stance"":""neutral"",""reasoning"":""The target user doesn’t express clear support or opposition to a SpaceX IPO itself. They only note that an IPO would be “much more consequential and potentially riskier,” which signals caution about the risks, but they do not say it should or shouldn’t happen.""}"
spacexipo_237,"{""stance"":""neutral"",""reasoning"":""The target user treats the IPO as \""more consequential and potentially riskier\"" than the xAI/SpaceX merge and does not express enthusiasm or opposition to the IPO itself. Their comments focus on downplaying the merger concerns and noting Musk could use AI hype to raise cash, but they don’t clearly endorse or condemn SpaceX going public—only implying it carries higher risk.""}"
spacexipo_239,"{""stance"":""positive"",""reasoning"":""The target user emphasizes SpaceX/Starlink’s large and growing valuation and forecasts a very high Starlink market cap ($100B) on IPO day 1, highlighting strong revenue/profit growth expectations—implying an optimistic view of a SpaceX/Starlink IPO.""}"
spacexipo_240,"{""stance"":""negative"",""reasoning"":""The target user dismisses the idea of an IPO in the current market, saying \""only a fool would IPO in this current market,\"" which strongly implies a negative stance toward doing a SpaceX IPO now.""}"
spacexipo_241,"{""stance"":""negative"",""reasoning"":""The target user is skeptical about the rumored SpaceX IPO narrative and especially the implied $800B valuation, repeatedly arguing that Starlink (and even potential DoD contracts) cannot justify such a jump in valuation, calling the contracts “pocket change” and rejecting the $800B figure as unsupported.""}"
spacexipo_243,"{""stance"":""neutral"",""reasoning"":""The target user is very bullish on SpaceX long-term (predicting it could exceed $10T), but is skeptical about the current valuation jump tied to IPO rumors, suggesting it may be a tactic to entice investors and that recent operational progress doesn’t justify the higher valuation. This mixes positive views of the company with caution/criticism about the IPO-related valuation dynamics.""}"
spacexipo_244,"{""stance"":""neutral"",""reasoning"":""The target user discusses SpaceX’s valuation and notes that the “carrot of IPO within a year” may be driving investor enthusiasm, but explicitly adds it “may or may not materialize.” They do not clearly express approval or disapproval of a SpaceX IPO itself—only that it influences valuation—so their stance toward the IPO is best characterized as neutral.""}"
spacexipo_245,"{""stance"":""positive"",""reasoning"":""The target user expresses surprise that others aren’t connecting space-based data centers to SpaceX’s “huge valuation jump + IPO rumor,” implying they see the IPO rumor and valuation increase as credible and driven by strong growth prospects. This reflects a favorable/optimistic view toward the SpaceX IPO rather than skepticism or opposition.""}"
spacexipo_246,"{""stance"":""negative"",""reasoning"":""The target user argues strongly against selling/IPOing Starlink as part of funding Mars efforts, calling it a \""really, really silly idea\"" and rejecting the premise that Starlink’s growth potential would be limited at that stage. They emphasize Starlink’s long-term strategic and revenue value (especially for Mars communications) and therefore imply opposition to an IPO/divestment of SpaceX assets like Starlink.""}"
spacexipo_247,"{""stance"":""negative"",""reasoning"":""The target user argues strongly against selling/IPOing Starlink (the likely IPO vehicle for SpaceX), calling it a “really, really silly idea” and emphasizing Starlink’s massive future growth and strategic importance (especially for Mars infrastructure). This indicates opposition to a SpaceX/Starlink IPO rather than support.""}"
spacexipo_248,"{""stance"":""negative"",""reasoning"":""The target user agrees with concerns about going public and indicates they don’t expect a SpaceX IPO until much later (after consistent human missions to Mars), implying reluctance toward or opposition to an IPO in the near term.""}"
spacexipo_249,"{""stance"":""positive"",""reasoning"":""The target user argues that an IPO/spin-off of Starlink could make sense once it’s in stable commercial operations, saying it “shouldn’t really be a problem” to split off and go public, and that “the cash infusion of an IPO might be the best way to speed up deployment” while potentially benefiting SpaceX, Elon, and investors. They also note Musk could still retain control after an IPO and conclude with an open but generally favorable view (“we’ll see how it plays out”).""}"
spacexipo_250,"{""stance"":""positive"",""reasoning"":""The target user argues that spinning off Starlink for an IPO “shouldn’t really be a problem” once it’s in commercial operations, and explicitly frames an IPO as potentially beneficial: it could provide a “cash infusion” to speed deployment, help fend off competition, and allow SpaceX/Elon/investors to “benefit from a good stock sale” that rewards investors and supports long-term goals. While they acknowledge risks and agree with counterpoints about FUD, their overall stance is that an IPO could be a good/advantageous move under the right conditions.""}"
spacexipo_251,"{""stance"":""positive"",""reasoning"":""The target user argues that spinning off Starlink and taking it public “shouldn’t really be a problem” if it’s a stable, profitable operations/ISP business, and repeatedly frames an IPO as beneficial: a way to raise capital to accelerate deployment, deter competition, and potentially reward SpaceX/Elon/investors via a strong stock sale. While acknowledging Musk’s preference for private companies and the benefits of SpaceX staying private for risky R&D, the user consistently supports the idea that a Starlink IPO could make strategic and financial sense.""}"
spacexipo_252,"{""stance"":""positive"",""reasoning"":""The target user argues that a Starlink/SpaceX-related IPO could make sense once Starlink is in stable commercial operations, saying it 'shouldn't really be a problem' to split off and go public and that 'the cash infusion of an IPO might be the best way to speed up deployment.' They add that SpaceX/Elon/investors could benefit from a stock sale that rewards investors and supports long-term goals, indicating overall supportive sentiment toward an IPO (at least for Starlink).""}"
spacexipo_254,"{""stance"":""negative"",""reasoning"":""The target user argues that Starlink/SpaceX going public is unlikely and undesirable, emphasizing Elon Musk’s stated preference for private companies and warning that a Starlink IPO would be vulnerable to volatility, FUD/disinformation, and controversy that could hurt valuation—concluding these risks are enough reason to keep it private.""}"
spacexipo_257,"{""stance"":""negative"",""reasoning"":""The target user expects the (Starlink/SpaceX-related) IPO to be \""ridiculously highly priced\"" and to surge to an even more \""ridiculous\"" trading price, implying skepticism and a negative view of the IPO’s valuation and attractiveness.""}"
spacexipo_258,"{""stance"":""neutral"",""reasoning"":""The target user discusses strategic implications of a Starlink IPO (keeping SpaceX private, dividends, ownership percentages, capex realization) and expresses mixed views: they acknowledge an IPO could accelerate Starlink, but worry it could limit using Starlink income to fund Mars and segregate Mars plans. They do not clearly endorse or oppose the IPO overall, ending with cautious optimism rather than a firm stance.""}"
spacexipo_259,"{""stance"":""neutral"",""reasoning"":""The target user discusses possible structures (SpaceX staying private while Starlink goes public, potential spin-offs, and capex/launch-service revenue flows) in an analytical way. They raise concerns about whether a public Starlink could fund Mars due to investor/regulatory pressures, but they do not express clear approval or disapproval of a SpaceX IPO itself—mainly evaluating implications and feasibility.""}"
spacexipo_260,"{""stance"":""positive"",""reasoning"":""The target user speaks favorably about the prospect of an IPO, suggesting it could raise a large amount of money (\""could fetch them anywhere from 2 to 10 B$ easily\"") and expressing confidence that SpaceX would retain control and benefit (\""With 80% holding still with SpaceX I'm sure they will buy SpaceX launches for the foreseeable future!\"").""}"
spacexipo_261,"{""stance"":""positive"",""reasoning"":""The target user argues that an IPO/spin-out of Starlink (while SpaceX retains control) could provide a “huge cash infusion” to accelerate Starlink deployment, gain market share faster, and ultimately generate substantial profits (via dividends back to SpaceX). They emphasize the value of speeding up global internet coverage and see public funding as advantageous rather than problematic.""}"
spacexipo_262,"{""stance"":""positive"",""reasoning"":""The target user highlights benefits of an IPO, calling it a “massive infusion right now” and discussing how SpaceX could keep control and financially benefit (e.g., via dividends). This indicates a generally favorable view of pursuing an IPO (at least for Starlink) as a worthwhile tradeoff.""}"
spacexipo_268,"{""stance"":""positive"",""reasoning"":""The target user expresses disappointment that SpaceX isn’t IPOing now (“It’s a shame it isn’t IPOing right now”) and suggests it would benefit from current market enthusiasm (“link it to the Tesla hype train”), indicating a favorable view of a SpaceX IPO.""}"
spacexipo_270,"{""stance"":""negative"",""reasoning"":""The target user frames a potential SpaceX IPO valuation as extremely overvalued relative to profitability, estimating a very high P/E (~200x) and calling it among the most overvalued companies. They also push back on the idea that such companies are 'wildly profitable,' implying skepticism toward the IPO valuation and prospects.""}"
spacexipo_271,"{""stance"":""neutral"",""reasoning"":""The target user discusses hopes about how IPO funds would be used and expresses disappointment that the strategy is different, but they do not clearly endorse or oppose the SpaceX IPO itself. Their comments are about preferred allocation of raised capital and a correction of misunderstanding, not a direct stance on the IPO.""}"
spacexipo_272,"{""stance"":""neutral"",""reasoning"":""The target user discusses hoping the IPO proceeds would fund model-agnostic infrastructure and notes that Musk wants his AI model to catch up, but they do not express clear approval or disapproval of the SpaceX IPO itself; their comments are more about preferred use of funds and a factual correction acknowledgment.""}"
spacexipo_276,"{""stance"":""negative"",""reasoning"":""The target user calls aspects of the IPO “sus,” specifically noting that SpaceX sold only a small portion of the company and implying skepticism about the structure/valuation. While they acknowledge the IPO raised a lot of cash, their explicit characterization as suspicious indicates an overall negative stance.""}"
spacexipo_277,"{""stance"":""positive"",""reasoning"":""The target user expresses confidence that SpaceX will be extremely successful in an IPO, stating that “SpaceX will be in the top 10 most valued companies a week after the IPO” and arguing the stock “will not tank” after the IPO. These statements indicate an optimistic, pro-IPO outlook.""}"
spacexipo_280,"{""stance"":""positive"",""reasoning"":""The target user pushes back against skepticism about a high SpaceX IPO valuation, comparing it to doubters of the Reddit IPO that later rose significantly. They also argue that valuing companies on future performance is normal, implying the high valuation could be justified rather than “insanely high” or unrealistic.""}"
spacexipo_281,"{""stance"":""positive"",""reasoning"":""The target user defends the SpaceX IPO as beneficial, arguing that raising $75B while floating only 5% and retaining ~80% voting control will not hinder Mars ambitions. They explicitly state, 'This will only help them get to Mars,' and rebut claims that public-company fiduciary duties would force SpaceX to abandon non-revenue goals like Mars colonization.""}"
spacexipo_285,"{""stance"":""neutral"",""reasoning"":""The target user does not express a clear opinion about a SpaceX IPO itself. They discuss Starlink IPO mechanics and valuations, and mention that raising large sums (e.g., via selling a small percentage) could be a 'game changer' for funding a Mars city, but this is speculative and framed around Starlink rather than advocating for or against a SpaceX IPO.""}"
spacexipo_304,"{""stance"":""positive"",""reasoning"":""The target user says 'riding the hype train until the SpaceX IPO is better,' indicating they view the IPO as a positive opportunity to benefit from pre-IPO hype, even though they also consider post-IPO puts a good strategy.""}"
spacexipo_328,"{""stance"":""negative"",""reasoning"":""The target user downplays SpaceX’s significance versus an OpenAI IPO, emphasizes that SpaceX has serious competition (Rocket Lab ‘quickly catching up’), and adds a negative jab about Musk-owned companies being less respected, implying an unfavorable view of SpaceX relative to alternatives.""}"
spacexipo_330,"{""stance"":""positive"",""reasoning"":""The target user expresses strong optimism and intent to invest heavily, saying they are 'all in,' noting the stock is 'pumping aftermarket,' stating they are 'bullish for the two weeks leading up to the IPO,' planning to cash out at a higher price, and predicting a short squeeze and that it will 'go parabolic.'""}"
spacexipo_337,"{""stance"":""positive"",""reasoning"":""The target user dismisses bearish sentiment as FUD and explicitly expects strong post-IPO performance, saying they’d be surprised if it doesn’t at least double from the IPO price and suggesting it could remain above a very high valuation for years (comparing it to Tesla). They also mock short-sellers, implying confidence in the stock.""}"
spacexipo_339,"{""stance"":""negative"",""reasoning"":""The target user portrays the SpaceX IPO as an unsustainable trigger that could help burst a broader tech/AI-driven bubble, saying it will \""crash the market\"" and that SpaceX \""probably can't support this IPO.\""""}"
spacexipo_348,"{""stance"":""neutral"",""reasoning"":""The target user mainly jokes about the hype, volatility, and panic-selling behavior that would surround a SpaceX IPO (overvaluation, big swings, Reddit meltdowns), without clearly endorsing or opposing the IPO itself. They imply long-term holders could still do well, but the overall tone is observational/satirical rather than supportive or critical of the IPO.""}"
spacexipo_349,"{""stance"":""neutral"",""reasoning"":""The target user jokes about the hype, volatility, and irrational investor behavior around a potential SpaceX IPO (overvaluation, dumps, panic selling, meme-driven rebounds) without clearly endorsing or opposing the IPO itself. They imply long-term holding could still win ('people who forgot their password for 15 years end up outperforming'), but overall the tone is observational/satirical rather than pro- or anti-IPO.""}"
spacexipo_353,"{""stance"":""negative"",""reasoning"":""The target user agrees that SpaceX is overpriced, calls the IPO a marker of the peak of a bubble being rushed before it bursts, and dismisses buying it at a $1T+ valuation as not real investing—indicating a clearly negative stance toward the SpaceX IPO.""}"
spacexipo_354,"{""stance"":""negative"",""reasoning"":""The target user calls it a \""bubble\"" and says they \""can’t wait for this bubble to burst,\"" explicitly labeling it \""the most overvalued hyped IPO ever.\"" This indicates a strongly negative stance toward the SpaceX IPO.""}"
spacexipo_355,"{""stance"":""negative"",""reasoning"":""The target user is critical of the IPO hype, dismisses current valuations, calls it a bubble they “can’t wait…to burst,” and says buying at IPO to hold is “ludicrous,” implying they view the SpaceX IPO as overvalued and not a good long-term entry point.""}"
spacexipo_361,"{""stance"":""negative"",""reasoning"":""The target user portrays the SpaceX IPO as an overvalued “exit liquidity event,” calling the valuation “complete nonsense,” claiming insiders/PE are eager to “dump their shares,” and predicting a staged sell-off once index/fund buying supports the price—overall expressing skepticism and a bearish view of the IPO.""}"
spacexipo_362,"{""stance"":""negative"",""reasoning"":""The target user dismisses the offering as 'nonsense' and says it’s worth far less than advertised, characterizing it as not a real IPO but a 'dump on retail and your 401k' designed to benefit private equity firms. This indicates a strongly negative stance toward the SpaceX IPO.""}"
spacexipo_364,"{""stance"":""negative"",""reasoning"":""The target user portrays a SpaceX IPO as a way to funnel IPO proceeds into xAI’s heavy cash burn, calling it an “AI black hole,” implying they view the IPO as a negative move that would divert SpaceX-generated money to prop up xAI rather than benefit SpaceX investors.""}"
spacexipo_365,"{""stance"":""negative"",""reasoning"":""The target user strongly criticizes the financial outlook tied to a SpaceX IPO, emphasizing massive ongoing losses ('red ink as far as the eye can see'), xAI burning '$1B per month,' Twitter never making money under Elon, and that the valuation/asking price 'just doubled.' They argue these burdens become an 'anchor' on Starlink and SpaceX’s core business and call it 'absurd' to say the move won’t dampen IPO interest, indicating a negative stance toward the IPO.""}"
spacexipo_370,"{""stance"":""positive"",""reasoning"":""The target user says they’re \""going to throw racks at that IPO,\"" indicating strong enthusiasm and intent to invest significantly in the SpaceX IPO, despite acknowledging some uncertainty with \""hope for the best\"" and \""We’ll see.\""""}"
spacexipo_374,"{""stance"":""positive"",""reasoning"":""The target user corrects the IPO valuation upward (to ~$2.45T) and argues that “space is the next secular trend,” expressing strong optimism about the sector’s prospects. While they deny that people will exit other space names to chase the IPO, they do not criticize SpaceX itself; the overall tone implies bullishness toward the SpaceX IPO hype/valuation and space-related investing.""}"
spacexipo_375,"{""stance"":""positive"",""reasoning"":""The target user argues that the IPO 'will change the world' and dismisses negative personal attacks on Elon as irrelevant, indicating strong optimism about the SpaceX IPO’s impact.""}"
spacexipo_376,"{""stance"":""negative"",""reasoning"":""The target user frames a SpaceX IPO at a $2T valuation as an “absurd” pumped valuation aimed at fanboys/retail who ignore fundamentals, likening it to bubble/ponzi-like market dynamics. They criticize evaluating success via net worth/valuation rather than company performance and imply the IPO would be a trap driven by stock-pumping rather than justified fundamentals.""}"
spacexipo_377,"{""stance"":""negative"",""reasoning"":""The target user criticizes SpaceX’s planned IPO valuation as wildly inflated (\""$2 fucking TRILLIONS\""), argues it’s driven by stock-pumping and fanboy demand rather than company fundamentals, compares it unfavorably to mega-caps with far greater products/penetration and income, and explicitly calls it \""a big pump & dump.\""""}"
spacexipo_378,"{""stance"":""negative"",""reasoning"":""The target user criticizes the proposed SpaceX IPO valuation as wildly inflated/absurd, pointing out that a $2T valuation makes huge upside (e.g., 10x) unrealistic and comparing it to nearly the entire NASDAQ’s valuation. This implies a negative stance toward the IPO at that valuation.""}"
spacexipo_379,"{""stance"":""negative"",""reasoning"":""The target user argues Starlink’s total addressable market is too small to justify SpaceX’s implied valuation, repeatedly questioning whether pricing is being lowered to boost IPO metrics and stating there is “no scenario” for Starlink to scale to $100B+ revenue. They dismiss the idea that the market can support a ~$1.5T valuation, implying skepticism toward an IPO at such valuations.""}"
spacexipo_380,"{""stance"":""negative"",""reasoning"":""The target user is skeptical about the investment case for a SpaceX/Starlink IPO, arguing Starlink’s total addressable market is small, that it cannot scale to $100B+ revenue, and implying current pricing is already minimized to boost subscriber numbers ahead of an IPO while ongoing satellite replacement/launch costs make scaling economics challenging.""}"
spacexipo_381,"{""stance"":""negative"",""reasoning"":""The target user repeatedly argues SpaceX would be \""insanely overvalued\"" (\""120–150x sales\""), has lower margins and higher execution risk than Reddit, and says it would take a long time to reach reasonable valuation metrics (e.g., PE 20). They also conclude that even optimistic revenue outcomes imply only ~2x upside over 10 years, calling it \""hardly a good investment case.\""""}"
spacexipo_396,"{""stance"":""positive"",""reasoning"":""The target user is extremely enthusiastic about participating in a SpaceX/Starlink IPO, stating they would \""move heaven and earth\"" to qualify, \""dump every penny\"" into it at IPO price, and expects large gains (\""300-700%\"")—indicating a strongly positive stance toward the IPO.""}"
spacexipo_398,"{""stance"":""negative"",""reasoning"":""The target user argues SpaceX should 'definitely never' IPO because being public would force shareholder/profit pressures that would be an 'Achilles heel' for SpaceX’s fast-moving, failure-embracing innovation culture. They frame Starlink as a better alternative to raise cash, implying opposition to a SpaceX IPO.""}"
spacexipo_400,"{""stance"":""negative"",""reasoning"":""The target user emphasizes that SpaceX is unprofitable and loses money each year, argues it should not get special treatment or rule changes, and implies the IPO valuation is not attractive at current levels (only saying it might be a 'pretty good deal' at a much lower ~$350B valuation). Overall, they express skepticism/criticism rather than enthusiasm toward the SpaceX IPO.""}"
spacexipo_405,"{""stance"":""negative"",""reasoning"":""The target user is strongly critical of Musk’s leadership and Starlink’s prospects, calling Starlink effectively dead with likely revenue/customer growth issues, and suggesting SpaceX may be rushing an IPO due to internal pressure to exit a “burning trashcan.” They frame the IPO as a hurried exit amid overpromising/underdelivering and increased competition, indicating a negative stance toward the SpaceX IPO.""}"
spacexipo_406,"{""stance"":""negative"",""reasoning"":""The target user views the SpaceX IPO as driven by irrational hype and potential financial corruption, calls the valuation ($1.75T) unjustified by the prospectus financials, says it sets a dangerous market precedent, refuses to invest due to it being a 'messy stock,' and explicitly hopes it 'crashes and burns.'""}"
spacexipo_407,"{""stance"":""negative"",""reasoning"":""The target user challenges the rationality of the IPO valuation and expresses skepticism that it would rise, implying a negative stance toward the SpaceX IPO.""}"
spacexipo_408,"{""stance"":""negative"",""reasoning"":""The target user strongly criticizes the SpaceX IPO as a financial “con,” saying the valuation is “beyond laughable,” the S-1 is unrealistic, and calling the IPO “an abomination and a disgrace to the markets.” They indicate they would only consider investing if it were priced much lower ($150–$200bn) and disclosures were more credible.""}"
spacexipo_410,"{""stance"":""negative"",""reasoning"":""The target user argues SpaceX’s IPO would be bought by passive/index funds at “massively inflated valuations,” calls it a “massive overvaluation,” and describes it as Elon using retirement accounts as “exit liquidity.” They warn it could drain liquidity and refer to it as a “single shitty IPO,” and they discuss excluding SpaceX from index-like investing—indicating a clearly negative stance toward the SpaceX IPO.""}"
spacexipo_411,"{""stance"":""negative"",""reasoning"":""The target user argues SpaceX will be bought by passive retirement funds at “massively inflated valuations,” calls it “massive overvaluation,” and claims Elon is using retirees as “exit liquidity” due to index-rule changes—clearly expressing a negative view of a SpaceX IPO.""}"
spacexipo_412,"{""stance"":""negative"",""reasoning"":""The target user argues that rule changes will force passive/index funds (and thus retirement accounts) to buy SpaceX after an IPO at “massively inflated valuations,” calling it “massive overvaluation” and portraying it as Elon/rich investors using retirees as “exit liquidity.” They warn shareholders may withhold selling until index funds are forced to buy, implying manipulation and a bubble-like dynamic.""}"
spacexipo_413,"{""stance"":""negative"",""reasoning"":""The target user portrays a SpaceX IPO as harmful and unfair to ordinary investors, arguing that rule changes will force passive/index funds (and thus retirement accounts) to buy SpaceX at “massively inflated valuations.” They describe it as rich insiders (specifically Elon Musk) using retirees as “exit liquidity,” predict losses to retirement portfolios (1–2% from SpaceX alone, potentially more with other IPOs), and repeatedly frame the IPO as overvalued and bubble-like.""}"
spacexipo_414,"{""stance"":""negative"",""reasoning"":""The target user portrays a SpaceX IPO as harmful and overvalued, arguing rule changes will force passive/index retirement funds to buy at “massively inflated valuations,” effectively using retirees as “exit liquidity.” They estimate meaningful retirement losses (1–2% from SpaceX alone) and describe it as a forced “donation” of weeks of expected market growth, indicating clear negative sentiment toward the IPO.""}"
spacexipo_415,"{""stance"":""negative"",""reasoning"":""The target user argues that SpaceX would be bought by passive/index funds at “massively inflated valuations” due to rule changes that fast-track index inclusion, calling it “artificially inflated” and framing it as Elon/rich people using retirement accounts as “exit liquidity.” This reflects a strongly negative view of a SpaceX IPO (overvalued and harmful to ordinary investors).""}"
spacexipo_416,"{""stance"":""negative"",""reasoning"":""The target user portrays a SpaceX IPO as harmful to ordinary investors, arguing that passive/retirement funds will be forced to buy at “massively inflated valuations,” calling it “exit liquidity” for rich insiders (Elon) and saying indices will be “filled with shit due to forced buying.” Even after conceding the ETF impact may be smaller than thought, they remain unhappy about forced inclusion and valuation.""}"
spacexipo_417,"{""stance"":""negative"",""reasoning"":""The target user portrays the SpaceX IPO as a harmful, overvalued event driven by rule changes that force passive/retirement funds to buy at inflated prices. They call it ‘exit liquidity’ for rich insiders (Elon), describe the situation as effectively unavoidable for retirement accounts, and explicitly agree with another user calling it ‘criminal’ and saying retirement funds will pay the price.""}"
spacexipo_420,"{""stance"":""negative"",""reasoning"":""The target user is skeptical and critical of a SpaceX (\""SPCX\"") IPO, implying it would be overvalued (e.g., \""100x earnings is foolish\"" and \""$135 not overvalued enough?\"") and comparing it to late-cycle/1999-style IPO behavior that traps retail investors before a market correction. They suggest the IPO is being launched near a top and expect a market pop that would harm pensions/401ks and investors in Tesla/SpaceX.""}"
spacexipo_423,"{""stance"":""positive"",""reasoning"":""The target user speaks very favorably about SpaceX’s future, calling it potentially “one of the biggest companies on earth,” a key driver of the “next frontier,” and something worth investing in despite expecting an overhyped IPO spike. They frame owning the stock as a long-term, noble necessity for expansion into space and dismiss skepticism as “haters,” indicating an overall supportive/positive stance toward a SpaceX IPO.""}"
spacexipo_424,"{""stance"":""positive"",""reasoning"":""The target user is strongly optimistic about SpaceX’s future, calling it potentially one of the biggest companies on Earth (and Mars), describing expansion into space as a necessary and noble endeavor, and expressing willingness to invest for the long-term despite expecting an initial IPO price spike. Although they note the IPO will be tough and SpaceX might be better staying private, they still frame the IPO as a means to secure immense funding and support SpaceX’s mission, indicating an overall positive stance toward a SpaceX IPO.""}"
spacexipo_426,"{""stance"":""positive"",""reasoning"":""The target user expresses strong enthusiasm for a SpaceX IPO, calling SpaceX a future mega-company and framing investment as supporting space exploration and humanity’s future. They acknowledge an expected speculative IPO spike/overvaluation but still defend the valuation context and argue it’s worth backing long-term, indicating an overall favorable stance toward the IPO.""}"
spacexipo_427,"{""stance"":""negative"",""reasoning"":""The target user opposes a SpaceX IPO and views it as likely to be overpriced, calling Musk-related investments \""overpriced musk garbage.\"" They dismiss pro-IPO arguments as \""moronic,\"" emphasize valuing companies by free cash flow rather than \""dreams,\"" and accuse another user of shilling for SpaceX ahead of the IPO.""}"
spacexipo_429,"{""stance"":""positive"",""reasoning"":""The target user is strongly pro–SpaceX IPO: they argue SpaceX has an unmatched moat in reusable rockets/Starlink, believe Starship will further reduce costs, downplay dilution risk, defend IPO marketing/AI framing as normal, outline bullish future expansion (AI/space data centers/mining/energy), and explicitly state “I’ll be buying.”""}"
spacexipo_430,"{""stance"":""positive"",""reasoning"":""The target user is strongly bullish on a SpaceX IPO: they argue SpaceX has an unmatched moat in reusable rockets and Starlink, believe Starship will further reduce launch costs, downplay dilution/lockup concerns, and repeatedly defend the company’s growth narrative (including AI and potential future businesses). They explicitly state “I’ll be buying,” indicating a positive investment stance toward the IPO.""}"
spacexipo_442,"{""stance"":""negative"",""reasoning"":""The target user argues that a SpaceX IPO would be a mistake to expect strong investor enthusiasm, portrays Musk as “washed out,” and says most of the IPO package would be money pits with only Starlink making money, alongside concerns about competition and distrust of Musk’s motives (“money for him personally, not for you”).""}"
spacexipo_443,"{""stance"":""negative"",""reasoning"":""The target user is strongly opposed to the SpaceX IPO, arguing that changing NASDAQ rules to fast-track index inclusion would \""funnel\"" passive 401(k) money into the offering, creating a captive pool of buyers. They say this signals the IPO isn’t a great deal on its merits and explicitly state they would not buy it \""unless forced at gunpoint.\""""}"
spacexipo_444,"{""stance"":""negative"",""reasoning"":""The target user argues a SpaceX IPO would be a bad investment, saying the company’s fundamentals are “flawed,” that most of the business (besides Starlink) is a “money pit” or losing money, and that competition (e.g., China) is catching up. They also express distrust and disapproval of the IPO being pushed into major indexes/retirement-linked funds and explicitly state they “wouldn’t buy it at my own volition.”""}"
spacexipo_445,"{""stance"":""negative"",""reasoning"":""The target user repeatedly criticizes the idea of a SpaceX IPO as a “mistake” and “ridiculous,” frames SpaceX (rockets) as a money pit driven by R&D, says only Starlink makes money while other parts are “money pits,” emphasizes rising competition (China) threatening Starlink, compares the IPO to “adding crypto in ETFs” (calling it dumb), and labels the plan “outright diabolical” aimed at accessing people’s 401k money.""}"
spacexipo_446,"{""stance"":""negative"",""reasoning"":""The target user is skeptical and critical of a SpaceX IPO, calling it “spacex junk,” arguing most of the business (besides Starlink) is a money pit, and saying valuation would need to drop substantially (~$400B) to be realistic. They also cite rising Chinese competition in reusable launches and explicitly state they will only buy ETFs that do not include SpaceX.""}"
spacexipo_447,"{""stance"":""negative"",""reasoning"":""The target user is strongly skeptical and critical of a SpaceX IPO, calling it a mistake to expect enthusiastic Musk investors now, arguing SpaceX will face increasing competition, claiming most parts beyond Starlink are money pits or fantasies, and implying the IPO is timed at an all-time high before a crash while sarcastically urging someone to invest in the 'fools ipo.'""}"
spacexipo_450,"{""stance"":""positive"",""reasoning"":""The target user argues SpaceX could grow from a ~$1T IPO valuation to multi-trillion (even $10T–$25T, with upside to $100T) by dominating new industries (global telecom, space compute, orbital energy, mining/colonization). They describe it as a unique “moonshot” with large payoffs and a “stab at the sci‑fi future,” indicating strong optimism toward the IPO.""}"
spacexipo_451,"{""stance"":""positive"",""reasoning"":""The target user argues SpaceX could plausibly grow from a ~$1T IPO valuation to $14–25T by 2040, calls it a unique 'moon shot' industry leader with potential to dominate global telecom and space compute, and even suggests long-term upside to $100T via mining/colonization. They frame monopoly/breakup risk as still a 'good position to be in' and emphasize large payoffs from SpaceX’s vision and execution, indicating a strongly bullish stance toward the IPO.""}"
spacexipo_454,"{""stance"":""negative"",""reasoning"":""The target user is skeptical about the SpaceX IPO as an investment: they say “We won’t” find out soon (implying the hype won’t pan out), note IPOs have low expected returns and that gains are mostly luck/speculation, and argue a $1.75T valuation with no profitability amid high P/E ratios would require unsustainably rising values without a bubble popping (“Possible? Sure. Likely? Probably not”). While they’d be happy if it succeeded and acknowledge it may end up in their index funds, their overall sentiment toward the IPO’s prospects/valuation is negative.""}"
spacexipo_455,"{""stance"":""negative"",""reasoning"":""The target user argues SpaceX’s valuation is “bullshit,” opposes giving it a “fast track to index liquidity,” characterizes Elon Musk/SpaceX as a “conman” trying to cash out, and advocates “shorting the IPO” to stop it—strongly negative toward a SpaceX IPO.""}"
spacexipo_456,"{""stance"":""negative"",""reasoning"":""The target user calls the valuation and IPO premise \""fugazi\"" and a \""garbage public offering,\"" argues the run-up is driven by insiders/VCs exploiting illiquidity and the promise of an IPO to \""make insiders rich,\"" and predicts the stock could tank dramatically (\""tank 90 percent\"") and that the market will not support growth beyond $2T—overall strongly negative toward a SpaceX IPO.""}"
spacexipo_457,"{""stance"":""negative"",""reasoning"":""The target user is skeptical and critical of the SpaceX IPO valuation, calling it an overestimate and questioning how SpaceX’s value could jump from ~$120B to an implied ~$1.7T in two years. They also suggest opposing the IPO/Elon by investing in a competitor ($ASTS), implying a negative attitude toward the IPO.""}"
spacexipo_458,"{""stance"":""negative"",""reasoning"":""The target user is skeptical and critical of SpaceX’s IPO valuation, arguing Starlink could be significantly disrupted by ASTS, pointing to a much lower recent private-market valuation ($120B) versus a far higher implied IPO valuation, and describing the IPO narrative as inflated TAM claims and “selling speculation” rather than fundamentals.""}"
spacexipo_461,"{""stance"":""negative"",""reasoning"":""The target user criticizes the SpaceX IPO structure and process, objecting to fast-tracked index inclusion, insiders being allowed to cash out on day one (bypassing typical lockups), and governance terms that sharply limit shareholder rights and accountability (supervoting shares, mandatory arbitration, curtailed proposals). These statements imply a strongly unfavorable view of the IPO for investors.""}"
spacexipo_463,"{""stance"":""negative"",""reasoning"":""The target user criticizes the SpaceX IPO structure as designed to eliminate shareholder power and accountability (supervoting shares, mandatory arbitration, limits on proposals/lawsuits), and expresses skepticism that forcing pension funds to invest without governance rights will “go well.”""}"
spacexipo_464,"{""stance"":""negative"",""reasoning"":""The target user implies skepticism about the IPO, suggesting Musk can effectively set the pre-IPO valuation via confidential filing and highlighting mechanisms (waiving typical lockups, fast-track index inclusion) that could let insiders quickly sell on day one—framing the IPO as potentially engineered for insider cash-out and a likely valuation decline.""}"
spacexipo_465,"{""stance"":""negative"",""reasoning"":""The target user highlights multiple aspects of the IPO process as problematic: accelerated/limited price discovery, removal of profitability requirements, allowing insiders to cash out immediately, and governance terms that curb shareholder rights and concentrate control with Musk. By emphasizing these as concerning and citing criticism about a 'total lack of accountability,' they strongly imply a negative stance toward the SpaceX IPO.""}"
spacexipo_469,"{""stance"":""negative"",""reasoning"":""The target user frames a potential SpaceX IPO as enabled by “corrupt rule changes” that would let Elon Musk become a trillionaire and would force passive funds/retirement investors to buy a thin-float mega-IPO before proper price discovery. They provide templates and links to complain to Nasdaq/SEC/regulators specifically to object to changes that would facilitate SpaceX going public and early index inclusion, indicating opposition rather than support.""}"
spacexipo_471,"{""stance"":""negative"",""reasoning"":""The target user is strongly critical and suspicious of the proposed fast-tracking/exception process around a SpaceX IPO, arguing rules exist for a reason and shouldn’t be changed to accommodate Musk. They describe the situation as 'seriously shady,' 'extremely not typical,' potentially 'corrupt,' and reference accusations of trade-sanctions violations, indicating a negative stance toward the SpaceX IPO (at least as it’s being handled).""}"
spacexipo_473,"{""stance"":""negative"",""reasoning"":""The target user argues that SpaceX now contains xAI and Twitter/X, which they describe as very expensive money-losing businesses, and says this is unfair to SpaceX investors. They imply they would be fine with an IPO of only SpaceX, but view the IPO negatively if it includes these unprofitable assets.""}"
spacexipo_474,"{""stance"":""negative"",""reasoning"":""The target user suggests the IPO is being artificially boosted, calling the contract an attempt to 'pump up the stock' and 'ensure a good IPO price,' implying opportunistic timing and manipulation rather than organic value. They also inject broader criticism of Musk’s ventures (e.g., environmental harm, political influence), reinforcing a skeptical/negative view toward the SpaceX IPO.""}"
spacexipo_475,"{""stance"":""negative"",""reasoning"":""The target user frames the SpaceX IPO as part of a broader market “bubble,” argues incentives are driving hype to justify valuations, and implies publicized commitments are inflated (only ~10% truly committed). They suggest stakeholders may be motivated to make optimistic statements ahead of the IPO and express concern that the IPO’s success is being manufactured to support high valuations rather than fundamentals.""}"
spacexipo_476,"{""stance"":""negative"",""reasoning"":""The target user is skeptical of the SpaceX IPO, framing it as part of a broader market “bubble” where growth is being “justified by any means necessary.” They imply incentives for stakeholders (e.g., Google) to hype agreements to support an inflated IPO valuation, downplay announced deal sizes as mostly non-binding (“actual commitment is only ~10%”), and compare the situation to dotcom-era overvaluation where it took decades for valuations to recover. Overall, they view the IPO valuation narrative as potentially inflated and risky rather than attractive.""}"
spacexipo_477,"{""stance"":""negative"",""reasoning"":""The target user expresses concern that SpaceX’s size and hype could make it a systemic risk once included in major indexes, questions whether its “AI + space infrastructure” narrative can realistically deliver due to physical/engineering limits, and says their instincts feel “very very wrong,” indicating a skeptical/negative stance toward the SpaceX IPO.""}"
spacexipo_478,"{""stance"":""negative"",""reasoning"":""The target user criticizes the IPO/index mechanics as “artificial value inflation,” says it will “inflate SpaceX’s effective benchmark weight,” and calls it “so f*ing evil,” indicating a negative stance toward the SpaceX IPO despite acknowledging it as “genius.”}"
spacexipo_483,"{""stance"":""negative"",""reasoning"":""The target user is skeptical of the IPO, arguing the valuation is wildly disconnected from current revenue (\""tiny fraction of their IPO valuation\"") and noting growth is decelerating year-over-year, implying the IPO would be overvalued and unattractive.""}"
spacexipo_484,"{""stance"":""negative"",""reasoning"":""The target user calls Musk a \""total loser\"" and \""a fraud,\"" says they’ve long called him \""ENRON Musk,\"" and explicitly states that the \""IPO prospectus just reinforces how fraudulent this IPO is,\"" indicating a strongly negative stance toward a SpaceX IPO.""}"
spacexipo_488,"{""stance"":""negative"",""reasoning"":""The target user views the IPO-related AI/datacenter-in-orbit narrative as a cynical attempt to exploit the AI bubble, calling it “complete nonsense” and a “grift,” and says SpaceX is “pretending to be an AI company” to “inflate their stock price to maximise their IPO gains.” They also doubt the plan will happen and expect it to be shelved after IPO money is raised, indicating a negative stance toward the SpaceX IPO.""}"
spacexipo_489,"{""stance"":""negative"",""reasoning"":""The target user argues SpaceX is \""a rocket company pretending to be an AI company\"" and calls the orbiting datacenter/space-compute pitch \""complete nonsense\"" and a \""grift\"" meant to hijack the AI bubble to inflate the stock price ahead of an IPO. While they see Starlink as potentially valuable, they emphasize massive risks and criticize the IPO-driven hype.""}"
spacexipo_490,"{""stance"":""negative"",""reasoning"":""The target user calls SpaceX’s AI/datacenters-in-orbit narrative a “complete nonsense” plan timed with IPO rumors, describes it as a “grift” and says SpaceX is “pretending to be an AI company” to “hijack the AI bubble to inflate their stock price to maximise their IPO gains.” Although they think Starlink alone could justify a very high valuation, their overall sentiment toward the IPO context is strongly critical and distrustful.""}"
spacexipo_516,"{""stance"":""positive"",""reasoning"":""The target user is enthusiastic and optimistic about the IPO as a wealth-making catalyst, saying it could \""retire a whole lot of people\"" and expressing intent to hold through June 12 and take a high-risk bullish position (\""riding in the sunset with calls,\"" \""If we win let’s win big\"").""}"
spacexipo_520,"{""stance"":""positive"",""reasoning"":""The target user is strongly supportive of SpaceX and its prospects, celebrating it as a profitable private rocket company and dismissing critics. They express confidence that SpaceX is profitable by standard accounting metrics and imply optimism about an IPO and the transparency it would bring.""}"
spacexipo_524,"{""stance"":""negative"",""reasoning"":""The target user says they have a feeling a SpaceX IPO is “going to take the exact same trajectory” as VCX, which they describe as having many “bag holders,” implying an expectation of a hyped, overvalued IPO followed by poor performance for buyers. Although they’re interested in getting exposure to SpaceX privately, their only explicit sentiment about the IPO itself is pessimistic.""}"
spacexipo_525,"{""stance"":""negative"",""reasoning"":""The target user explicitly says they have a feeling the SpaceX IPO is “going to take the exact same trajectory” as VCX, which they describe as having “SO many bag holders,” implying an overhyped, overpriced IPO that leaves investors holding losses. While they show interest in accessing SpaceX shares pre-IPO, their expressed expectation for the IPO outcome itself is pessimistic.""}"
spacexipo_529,"{""stance"":""positive"",""reasoning"":""The target user signals strong buying interest in the IPO/stock, saying they would “back up the truck” and be “a big buyer” if it drops below $100, indicating a favorable view and willingness to invest despite valuation complaints.""}"
spacexipo_530,"{""stance"":""negative"",""reasoning"":""The target user expresses strong discomfort and rejection of the IPO promotion, saying they are “legitimately weirded out,” that it’s “so fucking weird” and “creepy” how platforms are “shilling it collectively,” and explicitly states: “I want nothing to do with any of it.”""}"
spacexipo_533,"{""stance"":""negative"",""reasoning"":""The target user explicitly says they are \""legitimately weirded out\"" by the IPO promotion, \""want nothing to do with any of it,\"" and \""not interested,\"" suggesting they believe banks are trying to offload unwanted allocations onto retail investors (\""buy the bags\"").""}"
spacexipo_538,"{""stance"":""negative"",""reasoning"":""The target user says SpaceX 'is not worth what they're attempting to IPO at' and additionally criticizes xAI as a 'malignant tumour,' indicating a negative stance toward the SpaceX IPO (overvalued and undesirable).""}"
spacexipo_539,"{""stance"":""positive"",""reasoning"":""The target user expects SpaceX to rise after the IPO, saying “It’s going up short term like most IPOs do” and implying strong initial demand from retail buyers (“dumbest friends…they’ll all say yes”).""}"
spacexipo_541,"{""stance"":""negative"",""reasoning"":""The target user calls the IPO “unprecedentedly dumb,” argues it will be used to force SpaceX into ETFs to transfer wealth from 401ks to Musk, criticizes Nasdaq’s weighting changes as “bullshit,” and concludes it’s “plain old fraud,” indicating a strongly negative stance toward the SpaceX IPO.""}"
spacexipo_542,"{""stance"":""negative"",""reasoning"":""The target user calls the idea of a $2-trillion SpaceX IPO \""unprecedentedly dumb,\"" argues it would be forced into ETFs, and frames it as a mechanism to transfer wealth from 401(k) investors into Elon Musk’s pockets. They also imply skepticism about passive investors being harmed and only grant SpaceX a limited 'semblance of a business model' in comparison to OpenAI, not as an endorsement of the IPO.""}"
spacexipo_543,"{""stance"":""negative"",""reasoning"":""The target user criticizes the SpaceX IPO as \""unprecedentedly dumb,\"" calls the process \""insanity at best, criminal at worst,\"" and argues it will be forced into ETFs in a way that transfers wealth from 401(k)s to Elon Musk, indicating a strongly negative stance.""}"
spacexipo_544,"{""stance"":""positive"",""reasoning"":""The target user is strongly bullish, insisting the stock will “moon for the next 24 months minimum,” rejecting claims it will “crash and burn,” and arguing Musk’s ventures are “booming and ahead of the curve,” implying optimism toward a SpaceX IPO and its post-IPO performance.""}"
spacexipo_559,"{""stance"":""negative"",""reasoning"":""The target user is skeptical of a SpaceX IPO at the implied valuation, stating SpaceX is 'trying to IPO at 100x sales' and arguing the space TAM is not large enough to justify SpaceX’s valuation. They cite SpaceX leaning on a $20T+ AI TAM (per an S-1) rather than space/communications to justify the market cap, implying the IPO valuation is inflated or unjustified.""}"
spacexipo_560,"{""stance"":""negative"",""reasoning"":""The target user repeatedly characterizes SpaceX as overvalued (cites ~93 P/S on a 1.75T market cap), highlights major business risks (future Starlink competition, a money-losing AI division, and reliance on Starlink for profits), and explicitly says they \""are not going to touch spacex\"" despite expecting an IPO pop driven by hype/low float/ETF flows. Overall sentiment toward participating in the SpaceX IPO is clearly unfavorable.""}"
spacexipo_562,"{""stance"":""neutral"",""reasoning"":""The target user is bullish on SpaceX/Starlink’s competitive advantages (expects strong margins, believes competitors’ economics don’t work, and sees Starship reducing costs further), but explicitly says SpaceX is overvalued and concludes they are “definitely not touching either stock at these valuations,” indicating no current willingness to invest in a SpaceX IPO at the proposed pricing.""}"
spacexipo_563,"{""stance"":""positive"",""reasoning"":""The target user expresses strong optimism about the SpaceX IPO’s near-term performance, saying it will be a “100x” first day and calling it “the best IPO flipping opportunity this year.” Although they explicitly say they won’t hold long-term, they still view SpaceX as having superior value (reusable rockets) versus other space launch companies, indicating a positive stance toward the IPO (at least as a trade).""}"
spacexipo_564,"{""stance"":""negative"",""reasoning"":""The target user portrays a SpaceX IPO as a manipulative scheme aimed at exploiting retail investors (“cash-cow,” “fanboys,” “FOMO”) to inflate valuation on “vibes” rather than fundamentals, calling the shares effectively “tokens” and describing the outcome as an “infinite money glitch.” This indicates strong disapproval of the IPO.""}"
spacexipo_566,"{""stance"":""negative"",""reasoning"":""The target user repeatedly argues SpaceX would be a worse investment than Tesla, cites Elon’s stated valuation as too high, rejects the idea of a durable monopoly/‘magic’ advantage, and explicitly says the IPO will be priced for 10x–20x earnings growth that ‘is never going to happen,’ indicating a negative stance toward the SpaceX IPO.""}"
spacexipo_567,"{""stance"":""negative"",""reasoning"":""The target user argues SpaceX is not profitable, cites large and growing costs/debts (Starship costs, xAI/X losses), claims an IPO would be a rushed cash-in on retail investors before a collapse, and repeatedly insists the merger would absorb huge debts—overall expressing strong opposition to a SpaceX IPO.""}"
spacexipo_571,"{""stance"":""positive"",""reasoning"":""The target user expresses optimism about the SpaceX IPO’s performance, stating there’s a “really good chance for it to go up,” and does not voice any negative sentiment—only clarifies that the IPO price isn’t published yet.""}"
spacexipo_572,"{""stance"":""negative"",""reasoning"":""The target user is skeptical that SpaceX’s IPO valuation is justified. They repeatedly question whether SpaceX can achieve or monetize Mars ambitions, doubt that current businesses (satellite launches, Starlink, government contracts) support a ~$1.75T valuation, and highlight the implausibility of proposed growth (needing ~35x revenue). They also dismiss speculative ideas like space data centers as technically and economically unrealistic (e.g., cooling in a vacuum, material/launch costs).""}"
spacexipo_573,"{""stance"":""negative"",""reasoning"":""The target user is skeptical of the SpaceX IPO valuation, repeatedly questioning what future prospects could justify an almost $2T market cap, doubting Mars colonization as a realistic revenue driver, and challenging whether satellites/internet/government contracts or even lunar missions could scale revenues ~35x. They emphasize unproven capabilities and see the growth story as unclear, implying a negative stance toward the IPO at that valuation.""}"
spacexipo_574,"{""stance"":""negative"",""reasoning"":""The target user is skeptical of a SpaceX IPO at a ~$1.75T valuation, repeatedly questioning what business prospects could justify it. They doubt Mars colonization timelines and feasibility, argue satellite launches/internet/government contracts don’t support that market cap, and point out Starlink can’t realistically capture enough of the ~$714B ISP market to warrant a valuation more than 2x the entire market.""}"
spacexipo_575,"{""stance"":""negative"",""reasoning"":""The target user is skeptical of a SpaceX IPO at a ~$1.75T valuation, repeatedly questioning what business prospects could justify it. They doubt Mars-related revenue potential, question whether current lines (launches, Starlink, government contracts) are worth that much, and explicitly say “I don’t see it” regarding Starlink’s ability to support the valuation, citing fiber’s advantages and high ongoing satellite replacement costs.""}"
spacexipo_576,"{""stance"":""negative"",""reasoning"":""The target user predicts the SpaceX IPO stock will \""have a pretty good start and then completely collapse\"" and argues Elon is rushing the IPO before Starship is revealed as \""non commercially viable,\"" indicating a pessimistic view of the IPO’s prospects.""}"
spacexipo_584,"{""stance"":""negative"",""reasoning"":""The target user predicts the SpaceX IPO will crash shortly after release, manipulate retail investors, briefly pump on news, then crash again at the first earnings report—indicating an overall pessimistic view of the IPO.""}"
