conv_id,response
spacexipo_0,"{""stance"":""neutral"",""reasoning"":""The target user pushes back on the “bailout” narrative and argues losses don’t necessarily imply failure, emphasizing future value and market share. However, they never explicitly express enthusiasm for a SpaceX IPO or investing in it, and the last message introduces potentially concerning losses without the target user responding. Overall, the conversation shows skepticism toward anti-IPO/bailout claims but not clear pro-IPO support, so the most supported stance is neutral.""}"
spacexipo_3,"{""stance"":""neutral"",""reasoning"":""The provided transcript contains no substantive conversation content—only a placeholder from another user and no messages from the target user. With no explicit opinion or contextual cues indicating how the target user might be influenced, there is insufficient evidence to infer a positive or negative stance toward a SpaceX IPO, so the stance is best classified as neutral.""}"
spacexipo_4,"{""stance"":""neutral"",""reasoning"":""The target user never speaks in the provided transcript, so there’s no direct evidence of their attitude toward a SpaceX IPO or any change in stance from the conversation. With only another user expressing disappointment, we can’t reliably infer the target user’s view, so neutral is the safest prediction.""}"
spacexipo_5,"{""stance"":""negative"",""reasoning"":""The target user frames the potential SpaceX/xAI IPO as a \""subsidized money grab\"" and implies it’s primarily a scheme to benefit Musk rather than a value-creating event. Nothing in the subsequent replies appears to change that view, so their stance remains negative.""}"
spacexipo_6,"{""stance"":""neutral"",""reasoning"":""The target user expresses concern about dilution of their SpaceX equity and reacts sarcastically to being “clarified” to, but they never state any view about an IPO specifically (e.g., wanting it, opposing it, or expecting it to be good/bad). The discussion focuses on dilution mechanics and interpersonal sniping rather than the merits of a SpaceX IPO, so there isn’t enough evidence to infer a clearly positive or negative post-conversation stance toward the IPO itself.""}"
spacexipo_7,"{""stance"":""positive"",""reasoning"":""The target user pushes back against negative framing by highlighting a $1.25T valuation and the prospect of a huge IPO, and then explicitly predicts SpaceX could be worth $3–5T in five years. That indicates optimism about SpaceX’s future value and, by extension, a favorable stance toward a SpaceX IPO despite the other user’s criticism.""}"
spacexipo_8,"{""stance"":""positive"",""reasoning"":""The target user expresses skepticism about private valuations and explicitly says an IPO will reveal SpaceX’s “real value,” implying they view an IPO as a desirable mechanism for price discovery and liquidity. While they are negative about the current dilution/merger arrangement and xAI, that criticism is paired with a pro-IPO sentiment rather than opposition to an IPO itself.""}"
spacexipo_9,"{""stance"":""neutral"",""reasoning"":""The target user is skeptical of private valuations and the merger/dilution, but explicitly frames the IPO as a mechanism to reveal the “real value” rather than expressing enthusiasm or opposition to an IPO itself. They don’t indicate they want or don’t want an IPO—only that it would clarify pricing—so their stance toward a SpaceX IPO is best classified as neutral.""}"
spacexipo_10,"{""stance"":""negative"",""reasoning"":""The target user explicitly states they are fully confident SpaceX \""does NOT have what it takes\"" and lacks an immediate pipeline to justify its valuation, and they reject waiting 10+ years for it to become worthwhile. Even after another user argues the competition won’t be close, the target user doubles down: \""I am not going to\"" wait. This indicates a firmly negative stance after the conversation.""}"
spacexipo_11,"{""stance"":""neutral"",""reasoning"":""The transcript contains only comments from other users expressing cynicism about an eventual IPO (retail as exit liquidity, valuation too high), but the target user never speaks. With no direct evidence of the target user’s view or how they reacted, their post-conversation stance can’t be reliably inferred, so it is best classified as neutral.""}"
spacexipo_12,"{""stance"":""positive"",""reasoning"":""The target user expresses an intention to invest $10k in the SpaceX IPO and frames the outcome optimistically (limited downside via stop loss, upside if it climbs). The other user’s caution is about risk management rather than discouraging the IPO itself, so it’s unlikely to shift the target user to negative; overall the target user remains inclined to participate.""}"
spacexipo_13,"{""stance"":""neutral"",""reasoning"":""The target user expresses a tentative, risk-managed interest in buying ($10k with a stop loss) and is open to upside, but frames it as a short-term trade rather than conviction. The other user warns against this approach and suggests only buying with long-term belief, which likely dampens enthusiasm. Overall, the target user’s stance remains cautious/undecided rather than clearly positive or negative.""}"
spacexipo_15,"{""stance"":""neutral"",""reasoning"":""The target user never speaks in the provided transcript, so there is no direct evidence of their opinion. The other user offers a mixed take (overvaluation but likely initial rally), which doesn’t clearly imply the target user would end up positive or negative. With insufficient information about the target user’s reaction, the safest prediction is neutral.""}"
spacexipo_16,"{""stance"":""neutral"",""reasoning"":""The target user defends ignoring fundamentals and cites being up 50%, signaling comfort with speculative upside rather than concern about valuation. However, the discussion is about an overvalued stock in general, not SpaceX specifically, and the other user’s rebuttal frames it as gambling without evidence the target user accepts or rejects that critique. With no explicit mention of SpaceX IPO and no clear shift in attitude shown, the most supported stance toward a SpaceX IPO is neutral.""}"
spacexipo_17,"{""stance"":""positive"",""reasoning"":""The target user is explicitly bullish on SpaceX’s IPO outcome: they argue valuation is driven by Starship/launch and commsats, predict those segments will “keep climbing indefinitely” once Starship is operational, and state plainly, “The stock will be worth more than I paid for it at the IPO.” Even after others challenge the TAM, valuation math, and competitive dynamics, the target user continues defending long-term demand expansion and does not concede or soften their view. This indicates a positive stance after the conversation.""}"
spacexipo_18,"{""stance"":""positive"",""reasoning"":""The target user is strongly pro–SpaceX IPO: they say they already bought the stock, expect it to be worth more than they paid, predict it will trend upward after early volatility, and argue SpaceX has a durable monopoly/moat via Starship/launch + Starlink/Starshield. They dismiss AI hype as irrelevant/bubbly but still believe launch/comm sats will grow enough that it “washes out” and becomes a “massive pay day” when Starship goes operational. The hostile pushback from others doesn’t soften their view; it reinforces their confidence and willingness to bet on long-term success.""}"
spacexipo_19,"{""stance"":""positive"",""reasoning"":""The target user repeatedly defends buying/holding SpaceX long term (10+ years), argues SpaceX leads in satellites and that demand will grow, and frames the IPO as a worthwhile retirement bet despite acknowledging it’s a gamble. Even after others challenge valuation, competition, and the AI narrative, the target user does not back off—he concedes analytical risks but maintains optimism about outsized future returns. This indicates an overall positive stance toward participating in the SpaceX IPO.""}"
spacexipo_20,"{""stance"":""positive"",""reasoning"":""The target user reports being up $50/share from the IPO a week later, which indicates satisfaction and a favorable view of the investment outcome. There’s no expressed concern or skepticism afterward, so their stance toward the SpaceX IPO appears positive.""}"
spacexipo_21,"{""stance"":""negative"",""reasoning"":""The target user explicitly calls the SpaceX IPO valuation “absurd,” frames Musk as a “scammer” engaging in “financial manipulation,” and suggests the IPO would be used to offload “trash” (X and Grok AI) onto investors. Even while acknowledging SpaceX as Musk’s “most promising venture,” their overall view of the IPO is strongly distrustful and critical, indicating a negative stance after the conversation.""}"
spacexipo_22,"{""stance"":""neutral"",""reasoning"":""The transcript contains no messages from the explicitly identified [TARGET USER], only comments from other users about “spcx” affecting a pump. Without any expressed opinion or reaction from the target user, there isn’t enough evidence to infer their stance toward a SpaceX IPO, so neutral is the safest prediction.""}"
spacexipo_24,"{""stance"":""positive"",""reasoning"":""The target user defends the high valuation by arguing SpaceX should be valued on future growth rather than current earnings and explicitly compares it to Tesla’s earlier skepticism, implying they view the IPO valuation as justified or at least promising. The subsequent critical reply from another user doesn’t show the target user backing off, so their stance remains positive.""}"
spacexipo_25,"{""stance"":""negative"",""reasoning"":""The target user says they were reassured the stock will collapse after the IPO, indicating an expectation of poor post-IPO performance. The other users mainly critique the vagueness of the prediction but don’t provide a bullish counterargument, so there’s little in the conversation to shift the target user away from a pessimistic view.""}"
spacexipo_26,"{""stance"":""positive"",""reasoning"":""The target user expresses clear bullishness toward the IPO, citing “500% demand above float,” arguing there’s strong unmet buying interest (“5:1 people waiting to get in”), and rejecting the idea that insiders will dump shares en masse. Their tone is confident and dismissive of bearish narratives (“Kick the can, move the goalposts”), indicating a positive stance after the conversation despite another user’s warning about valuation and a potential rug pull.""}"
spacexipo_27,"{""stance"":""negative"",""reasoning"":""The target user expresses strong distrust and hostility toward the IPO, calling the lockup/release strategy a \""public Madoff,\"" claiming Q2 numbers will be \""pretty much fabricated,\"" and framing the process as insiders dumping \""garbage bags\"" onto retail/401Ks to maintain an inflated valuation. This indicates a firmly negative stance toward the SpaceX IPO after the conversation.""}"
spacexipo_28,"{""stance"":""negative"",""reasoning"":""The target user is strongly distrustful of the IPO and company governance, claiming Q2 numbers will be “fabricated,” describing the lockup/release plan as a “public Madoff,” and framing the valuation as being propped up by retail so insiders can offload shares. This indicates a firmly negative stance toward the SpaceX IPO after the conversation.""}"
spacexipo_29,"{""stance"":""negative"",""reasoning"":""The target user argues the IPO is driven by “dumb money,” calls the valuation metrics (P/S) “insane,” describes it as a likely “rug pull for the early investors,” and explicitly says they plan to short it in the medium term. Even acknowledging possible long-run dominance, they frame it as gambling rather than investing, indicating an overall negative stance after the conversation.""}"
spacexipo_30,"{""stance"":""neutral"",""reasoning"":""The target user argues that high demand and low share supply explain the valuation and insists this dynamic is being applied, but they don’t explicitly endorse investing in a SpaceX IPO or claim the valuation is justified on fundamentals. Their responses are more about describing market mechanics and pushing back on the other user’s critique rather than expressing optimism or pessimism about the IPO’s prospects, so their stance remains effectively neutral.""}"
spacexipo_32,"{""stance"":""neutral"",""reasoning"":""The target user only provides factual details about lock-up/vesting and share release schedules without expressing approval, excitement, skepticism, or intent to buy/sell. While the surrounding conversation is bearish about post-lockup downside, the target user’s tone remains informational rather than endorsing that view, so there isn’t enough evidence they are positive or negative after the exchange.""}"
spacexipo_35,"{""stance"":""neutral"",""reasoning"":""The target user only provides detailed factual information about lock-up/share release timelines and does not express any opinion about the SpaceX IPO’s valuation, prospects, or desirability. Their tone is informational rather than supportive or critical, and there’s no clear indication they adopt the negative framing from other users. With no explicit sentiment or implied judgment, the most defensible stance is neutral.""}"
spacexipo_36,"{""stance"":""positive"",""reasoning"":""The target user repeatedly argues strongly in favor of SpaceX’s IPO valuation using growth-equity logic, forward revenue/EBITDA projections, and claims of a durable monopoly/moat. They also state they personally bought day 1 and are “up 60%,” mocking skeptics and encouraging them not to buy out of jealousy—behavior consistent with an enthusiastic, bullish stance rather than neutral or negative. Even the sarcastic “Do not purchase it ever” is framed as taunting opponents, not genuine caution.""}"
spacexipo_37,"{""stance"":""positive"",""reasoning"":""The target user repeatedly defends buying the IPO on “fundamentals,” cites SpaceX’s launch cost reductions and Starlink’s potential, and describes active investing behavior (holding, setting stop losses, hoping to buy more on a dip). Even after pushback and skepticism from others, they double down with additional bullish claims rather than expressing doubt, so their stance remains positive after the conversation.""}"
spacexipo_38,"{""stance"":""positive"",""reasoning"":""The target user repeatedly defends buying the SpaceX IPO on fundamentals (innovation, launch cost reductions, Starlink potential), states they already bought at IPO and are profiting, and dismisses criticisms as not affecting their decision. While they acknowledge it may be 'not so wise,' their continued confidence and satisfaction with gains indicate an overall positive stance after the conversation.""}"
spacexipo_39,"{""stance"":""positive"",""reasoning"":""The target user repeatedly defends the investment thesis and expresses ongoing intent to buy more (already bought at IPO, using stop-losses, and hopes to add if it drops). Even after pushback questioning Starlink affordability and Grok enterprise adoption, the target user doubles down with additional bullish claims about AI, data centers, and scaling rather than showing doubt or retreating. The conversation doesn’t shift them toward skepticism; it reinforces their conviction, so their stance remains positive.""}"
spacexipo_40,"{""stance"":""positive"",""reasoning"":""The target user repeatedly defends buying the SpaceX IPO on fundamentals (innovation, launch cost reductions, Starlink potential), states they participated in the IPO, and reports making money with stop-loss risk management. Even after hearing criticisms (valuation driven by xAI, IPO funds used to pay debt, long path to profitability), they dismiss the concerns and maintain a confident, profit-focused attitude (“my… decision is making me money”). This indicates a continued positive stance rather than neutral or negative.""}"
spacexipo_41,"{""stance"":""positive"",""reasoning"":""The target user explicitly states they are buying the IPO based on fundamentals, cites SpaceX’s innovation, launch cost reductions, and Starlink’s potential, and says they’ve already bought in and would buy more if it drops. While other users challenge the valuation and Starlink’s addressable market, there’s no indication the target user concedes or changes their view; their stated plan and conviction remain bullish.""}"
spacexipo_42,"{""stance"":""positive"",""reasoning"":""The target user repeatedly defends buying the SpaceX IPO on “fundamentals,” citing innovation, launch-cost reductions, Starlink’s potential, and claiming strong AI/enterprise capabilities and infrastructure advantages. Even when challenged sharply about Starlink affordability and valuation, they double down rather than express doubt, and they describe actively holding/adding with stop-loss risk management. Nothing in the exchange indicates they became less favorable; if anything, they reinforce a bullish view.""}"
spacexipo_43,"{""stance"":""positive"",""reasoning"":""The target user expresses strong bullishness toward the SpaceX IPO, explicitly saying they bought the IPO based on fundamentals and praising SpaceX’s innovation, launch cost reductions, and Starlink’s potential. Even after being challenged about market cap and Starlink affordability, they double down with additional (though questionable) claims about enterprise AI, Grok computing power, and massive data centers, reinforcing rather than weakening their confidence. Their behavior (setting stop losses, hoping to buy more on a dip) also indicates continued positive stance after the conversation.""}"
spacexipo_44,"{""stance"":""positive"",""reasoning"":""The target user is strongly pro‑IPO throughout: they explicitly say they bought the IPO, are buying based on fundamentals, cite SpaceX’s innovation, launch cost reductions, and Starlink’s potential, and indicate they want to buy more if it dips. Even when challenged, they double down with additional bullish claims (enterprise AI operations, Grok compute, massive data centers, rapid build capability) rather than expressing doubt. The last question from another user does not show the target user reconsidering, so their stance remains positive.""}"
spacexipo_45,"{""stance"":""positive"",""reasoning"":""The target user repeatedly defends buying the SpaceX IPO on fundamentals, highlighting innovation, launch-cost reductions, and Starlink’s potential, and describes already participating in the IPO with stop-losses and willingness to buy more on a dip. While other users challenge the valuation and current value production, the target user’s replies remain supportive and do not show any shift toward skepticism, so their stance remains positive after the conversation.""}"
spacexipo_46,"{""stance"":""positive"",""reasoning"":""The target user repeatedly defends buying the SpaceX IPO on fundamentals (innovation, launch-cost reductions, Starlink’s potential) and describes already participating in the IPO with an active trading plan, even expressing willingness to buy more on a dip. While other users challenge the valuation and near-term value generation, the target user’s responses remain supportive and do not show doubt or a shift away from their bullish view.""}"
spacexipo_47,"{""stance"":""positive"",""reasoning"":""The target user explicitly expresses a fundamentals-based bullish view, highlighting SpaceX’s innovation, major launch cost reductions, and Starlink’s market potential. They state they bought at the IPO, are actively managing the position with stop losses, and would like to buy more if it drops. The follow-up discussion only tweaks risk management (stop-loss tightness) and does not introduce arguments that would reduce their enthusiasm, so their stance remains positive.""}"
spacexipo_48,"{""stance"":""positive"",""reasoning"":""The target user explicitly expresses enthusiasm for buying the IPO based on SpaceX’s fundamentals and long-term innovation (cost reductions in launches, Starlink’s potential). They report already buying the IPO, using stop losses, doing well so far, and even hoping to buy more if it drops—indicating a clearly positive stance after the conversation.""}"
spacexipo_49,"{""stance"":""positive"",""reasoning"":""The target user explicitly expresses enthusiasm for SpaceX’s fundamentals (innovation, major launch cost reductions, Starlink market potential), states they bought at the IPO, reports doing well, and even says they’d like to buy more if it dips. The brief skepticism from another user doesn’t appear to change their view; they remain confident and opportunistic.""}"
spacexipo_50,"{""stance"":""positive"",""reasoning"":""The target user expresses clear enthusiasm for SpaceX’s fundamentals (innovation, major launch cost reductions, Starlink’s market potential), states they bought the IPO, reports doing well, and even says they hope to buy more if it drops. The other user’s “gambling establishment” remark doesn’t show any shift in the target user’s view, so their stance remains positive.""}"
spacexipo_51,"{""stance"":""positive"",""reasoning"":""The target user explicitly expresses enthusiasm for SpaceX’s fundamentals (innovation, cost reductions in launches, Starlink’s market potential) and reports already buying at the IPO with an intent to accumulate more on dips. The other user’s dismissive reply doesn’t show any sign of changing the target user’s view, so the stance remains positive.""}"
spacexipo_52,"{""stance"":""positive"",""reasoning"":""The target user repeatedly defends buying the IPO on “fundamentals,” cites SpaceX’s innovation, launch-cost reductions, and Starlink’s potential, and says they already bought the IPO and would buy more on a dip. Even when challenged, they double down rather than expressing doubts, so their stance remains positive after the conversation.""}"
spacexipo_53,"{""stance"":""neutral"",""reasoning"":""The target user never speaks in the provided transcript, so there’s no explicit opinion to infer. While the other user suggests avoiding IPOs (a negative-leaning caution), there’s insufficient evidence that the target user adopts that view or changes stance, so the safest prediction is neutral.""}"
spacexipo_57,"{""stance"":""neutral"",""reasoning"":""The target user only raises a concern about potential employee sell-offs leading to loss of key staff (“who will be running SpaceX?”) but does not state any view on investing in or supporting a SpaceX IPO. The comment reflects mild skepticism about post-IPO dynamics, yet there’s not enough to conclude an overall negative stance toward the IPO itself rather than just a question about operational risk.""}"
spacexipo_58,"{""stance"":""neutral"",""reasoning"":""The target user never speaks in the provided transcript, so there’s no explicit opinion to infer. The only message is a general comment that an IPO correction is typical and ‘not unexpected,’ which doesn’t clearly push the target user toward enthusiasm or opposition. With insufficient evidence of the target user’s view or any shift, the safest prediction is neutral.""}"
spacexipo_59,"{""stance"":""neutral"",""reasoning"":""The target user never expresses an opinion about whether a SpaceX IPO is good or bad, or whether they would want to invest. They only ask a factual question about the required holding/lockup period for early holders (“OGs”), which indicates information-seeking rather than a positive or negative stance. There’s no evidence the conversation shifts their attitude toward the IPO itself.""}"
spacexipo_60,"{""stance"":""neutral"",""reasoning"":""The transcript contains only an [OTHER USER] commenting that the asset was overvalued and that retail traders were hit, but there is no message from the explicitly identified [TARGET USER]. With no evidence of the target user’s views or reaction after the conversation, their stance toward a SpaceX IPO cannot be inferred and is best classified as neutral.""}"
spacexipo_61,"{""stance"":""neutral"",""reasoning"":""The target user did not express any opinion about a SpaceX IPO or react to the other user's IPO trading outcome. With no evidence of the target user's sentiment or persuasion from the brief context, their stance is best classified as neutral.""}"
spacexipo_62,"{""stance"":""neutral"",""reasoning"":""The target user expresses interest in buying after expected post-IPO selloffs (suggesting some willingness to invest), but also acknowledges their initial view may be based on limited research and that others provided better information. They don’t clearly state enthusiasm or opposition to a SpaceX IPO itself—only a cautious, wait-and-see trading approach—so the overall stance after the conversation is best classified as neutral.""}"
spacexipo_63,"{""stance"":""positive"",""reasoning"":""The target user expresses an intention to buy SpaceX after the IPO, specifically planning to purchase during an expected post-IPO selloff/lockup-related dip (“That’s when I will buy”). While they acknowledge others provided better info and they haven’t researched deeply yet, they explicitly state their general sentiment remains the same and do not express opposition to the IPO itself—only a timing strategy. This indicates an overall favorable (positive) stance toward participating in the IPO.""}"
spacexipo_64,"{""stance"":""neutral"",""reasoning"":""The target user is discussing IPO mechanics (expected selloffs/lock-up timing) and a plan to buy after a presumed December selloff, but they do not express clear enthusiasm or opposition to a SpaceX IPO itself. Their edit shows uncertainty and openness to better information rather than a firm pro- or anti-IPO stance, so the overall stance is best classified as neutral.""}"
spacexipo_72,"{""stance"":""neutral"",""reasoning"":""The target user never speaks in the provided transcript, so there is no direct evidence of their opinion on a SpaceX IPO. While the other user expresses a skeptical view about stock gains and volatility, it’s not explicitly tied to SpaceX nor enough to infer the target user adopted that stance. With insufficient evidence, the safest prediction is neutral.""}"
spacexipo_73,"{""stance"":""neutral"",""reasoning"":""The target user never speaks in the provided transcript, so there’s no direct evidence of their opinion on a SpaceX IPO or any reaction to the other user’s strategy. With insufficient information to infer a shift in attitude, the most reliable classification is neutral.""}"
spacexipo_74,"{""stance"":""neutral"",""reasoning"":""The target user pushes back on the most negative framing (calling the IPO a “smash and grab”) by arguing the bond sale is normal corporate refinancing and acknowledging debt arbitrage is common. However, they also emphasize that bonds won’t support a “meme run up” and contrast bonds as safe/steady versus stocks as speculative, which doesn’t signal enthusiasm for the IPO as an investment. Overall they appear pragmatic and corrective rather than bullish or bearish, leaving their stance effectively neutral.""}"
spacexipo_76,"{""stance"":""negative"",""reasoning"":""The target user repeatedly argues the IPO valuation is unjustifiable, calling it “absolutely idiotic,” “completely baseless,” and driven by “hype and Elon” rather than financials. They cite specific financial red flags (losses, decelerating growth, cash burn, extreme revenue multiple) and dismiss counterarguments (TAM, long-term dominance claims) as “hopium” and “make believe,” showing a firmly negative stance that does not soften over the conversation.""}"
spacexipo_77,"{""stance"":""negative"",""reasoning"":""The target user repeatedly criticizes the IPO valuation as unjustified, citing specific financial metrics (net loss, decelerating growth, cash burn, extreme revenue multiple) and calling it an “absolutely idiotic IPO.” They dismiss bullish arguments as “baseless” and “hopium” and explicitly state they have not seen any substantive, numbers-based counterargument. The final pro-Starlink/Starship comment from another user does not elicit any softening from the target user, so their stance remains negative after the conversation.""}"
spacexipo_79,"{""stance"":""neutral"",""reasoning"":""The target user expresses skepticism about the idea of a massive ($1.75T) IPO going “parabolic,” but does not clearly state a favorable or unfavorable view of a SpaceX IPO itself. The brief reply from the other user doesn’t appear to meaningfully shift the target user’s position, leaving their overall stance best classified as neutral.""}"
spacexipo_82,"{""stance"":""positive"",""reasoning"":""The target user consistently defends SpaceX’s high valuation and rejects the “pump and dump” framing, comparing SpaceX to past winners like Amazon/Meta and arguing that early skepticism is common. They explicitly claim SpaceX is uniquely positioned to address massive global (and beyond-Earth) industries and cite its cost breakthroughs and ability to beat incumbents as justification. Nothing in the exchange suggests they soften or reconsider; they remain bullish despite concerns about valuation size.""}"
spacexipo_83,"{""stance"":""neutral"",""reasoning"":""The target user only expresses generic surprise (“Oh no who could have expected this!!”) without mentioning SpaceX, an IPO, or any opinion about investing. The other user attributes the event to broader market/geopolitical factors, which doesn’t clearly push the target user toward optimism or pessimism about a SpaceX IPO. With no explicit or implied stance on a SpaceX IPO, the best prediction is neutral.""}"
spacexipo_84,"{""stance"":""neutral"",""reasoning"":""The target user’s comment is sarcastic (“Oh no who could have expected this!!”) but doesn’t specify whether they view the SpaceX IPO itself positively or negatively—only that some outcome was predictable. The other user’s reply about market unpredictability doesn’t clearly push the target user toward optimism or pessimism about the IPO, so there isn’t enough evidence to infer a definite stance beyond neutral.""}"
spacexipo_86,"{""stance"":""negative"",""reasoning"":""The target user dismisses Musk-driven hype as ineffective now, calls the prior “space datacenter pump” 'all bs,' and frames it as a fast-collapsing pump-and-dump. The follow-up comments reinforce a cynical view (dumping, bagholders, luck/musical chairs), which would likely further entrench the target user’s skepticism toward a SpaceX IPO rather than improve it.""}"
spacexipo_87,"{""stance"":""positive"",""reasoning"":""The target user expresses a generally favorable/profitable view of the SpaceX IPO: they note the stock is “still up decently from IPO,” cite their own successful trade (bought at 140, sold at 190), and frame the thread as bait rather than evidence the IPO was bad. While they acknowledge it can go down, their comments overall indicate confidence and satisfaction with the IPO’s performance rather than skepticism or dislike.""}"
spacexipo_89,"{""stance"":""neutral"",""reasoning"":""The target user expresses skepticism about upside (“how are they gonna make it pump? what upside is there?”), indicating a cautious/negative lean initially. The other user offers a bullish argument (SpaceX outperforming competitors like New Glenn), which could modestly improve perception, but the target user does not respond with agreement or changed intent. With no explicit shift toward buying or optimism after the exchange, the best prediction is neutral overall.""}"
spacexipo_91,"{""stance"":""neutral"",""reasoning"":""The target user never speaks in the provided transcript, so there’s no explicit indication of their attitude toward a SpaceX IPO. While the other user presents strongly negative arguments (bubble hype, bankruptcy risk, AI-driven pitch), there’s no evidence the target user accepts or rejects these claims, so the safest prediction is neutral.""}"
spacexipo_92,"{""stance"":""negative"",""reasoning"":""The target user repeatedly argues the SpaceX IPO is massively overvalued (≈94x revenue), calls it “the most ridiculous IPO in history,” says it’s propped up by corruption/cult hype rather than financials, and explicitly rejects the risk/reward (only ~2x upside in 4 years while hinging on Elon and politics). Nothing in the conversation appears to soften their view; they remain strongly opposed to buying at the proposed valuation.""}"
spacexipo_93,"{""stance"":""negative"",""reasoning"":""The target user repeatedly argues SpaceX is structurally unprofitable with negative PE, heavy short-maturity debt, and implies the IPO is driven by desperation (“bankruptcy or IPO”). They cite S-1 filings to label it a “failing company,” reject the bullish Starlink narrative, and warn that assuming the stock will go up makes it “extra dangerous.” Nothing in the exchange suggests they softened; they doubled down when challenged.""}"
spacexipo_94,"{""stance"":""neutral"",""reasoning"":""The target user never speaks in the transcript, so there’s no explicit indication of their view. While the conversation contains strong negative arguments about a SpaceX IPO (capital intensity, losses, dilution risk) and a counterpoint citing Reddit’s IPO performance, there’s insufficient evidence that the target user adopts either position. With no observable reaction or stated preference, the safest prediction is neutral.""}"
spacexipo_95,"{""stance"":""neutral"",""reasoning"":""The target user never speaks in the provided transcript, so there’s no explicit opinion to anchor their stance. While the other user presents a bullish thesis (rule change forcing index buying and a likely run-up until lock-up releases), there’s no evidence the target user accepts or rejects it. With no observable reaction or prior stance, the safest prediction is neutral.""}"
spacexipo_96,"{""stance"":""neutral"",""reasoning"":""The transcript contains only another user's speculative trading advice and no message from the target user. Without any explicit reaction or indication of agreement/disagreement from the target user, there isn’t enough evidence to infer a positive or negative stance toward a SpaceX IPO, so neutral is the most defensible prediction.""}"
spacexipo_97,"{""stance"":""negative"",""reasoning"":""The target user strongly criticizes the SpaceX IPO and Elon Musk, calling it “exit liquidity,” warning it could harm pensioners, and arguing SpaceX/Starlink face competitive and valuation headwinds with high downside risk and likely volatility. They explicitly conclude they will invest in RocketLab instead, indicating a clearly negative stance toward participating in a SpaceX IPO after the conversation.""}"
spacexipo_98,"{""stance"":""neutral"",""reasoning"":""The transcript contains only messages from other users; the target user does not speak or reveal any opinion. While others express strong pro-IPO sentiment, there’s no evidence the target user adopts or reacts to it, so their stance can’t be inferred beyond neutral.""}"
spacexipo_99,"{""stance"":""neutral"",""reasoning"":""The target user never states an opinion about a SpaceX IPO, and the only message shown is from another user discussing a speculative trading tactic around insider sell-offs. Without any direct response or evidence of the target user being persuaded toward or against an IPO, there isn’t enough information to infer a positive or negative stance, so neutral is most appropriate.""}"
spacexipo_100,"{""stance"":""neutral"",""reasoning"":""The target user never speaks in the provided transcript, so there’s no explicit opinion to update. While the other user’s hostile warning frames the IPO as inaccessible and likely overpriced for retail investors, there’s insufficient evidence that the target user accepts or rejects that view. Without any reaction from the target user, the safest prediction is neutral.""}"
spacexipo_104,"{""stance"":""negative"",""reasoning"":""The target user explicitly rejects buying in and views the implied IPO/private valuation as wildly overpriced (“80x sales… absolutely crazy,” “no way”), expects dilution, and warns about VC terms disadvantaging later buyers. The other user’s insult provides no substantive counterargument likely to shift them, so their stance remains negative after the conversation.""}"
spacexipo_105,"{""stance"":""negative"",""reasoning"":""The target user explicitly rejects buying in and criticizes the implied IPO/private valuation as “absolutely crazy” at ~80x sales, citing dilution risk and unfavorable VC terms. The other user’s argument about future Mars/space mining upside doesn’t appear to persuade them; their focus remains on current financials and valuation discipline. Overall stance after the conversation stays negative.""}"
spacexipo_106,"{""stance"":""neutral"",""reasoning"":""The target user is not present in the transcript and expresses no explicit opinion. While other participants suggest contrarian optimism due to Reddit negativity, there’s no evidence the target user adopts or reacts to that view, so their post-conversation stance can’t be inferred beyond neutral.""}"
spacexipo_107,"{""stance"":""negative"",""reasoning"":""The target user repeatedly argues SpaceX at a ~$2T valuation is “massively overinflated,” will “underperform the index” over 5–10+ years, and advises not to buy at IPO but to wait for a post-hype drop (“wait for a much better entry after it tanks”). They dismiss Starlink/launch as low-margin, claim SpaceX loses money, and view xAI/Grok as uncompetitive and value-destructive. Even after the other user reports a strong first-day pop and profit, the target user’s expressed view is that near/medium-term returns won’t beat the market and the IPO price is a bad entry—indicating a negative stance toward the SpaceX IPO.""}"
spacexipo_108,"{""stance"":""negative"",""reasoning"":""The target user repeatedly argues SpaceX at a ~2T valuation is \""downright silly,\"" will \""underperform the index\"" over 5–30 years, and advises not to buy at IPO but to wait for a much lower entry after it \""tanks.\"" They also dismiss key bullish drivers (Starlink margins, launch economics, and especially xAI/Grok competitiveness) and maintain that better opportunities are in other AI winners or the index. Even after hearing the other user claim an immediate post-IPO surge and profit, the target user’s stated view throughout is firmly bearish on the IPO as an investment at that valuation, with no indication of softening.""}"
spacexipo_109,"{""stance"":""negative"",""reasoning"":""The target user consistently argues the SpaceX IPO is massively overvalued (\""2T market cap\""), will underperform the tech index over 5–10 years (and even more over longer horizons), and advises not to buy—at most to wait for a post-lockup drop. They dismiss key upside narratives (Starlink margins, launch economics, xAI/Grok competitiveness) and characterize the IPO as likely to tank once lockups expire. The conversation reinforces—not softens—their skepticism, ending with them setting reminders to compare underperformance versus the market.""}"
spacexipo_110,"{""stance"":""negative"",""reasoning"":""The target user consistently argues that a SpaceX IPO at ~2T valuation is massively overinflated and likely to underperform the tech index for 5–30 years. They dismiss key bullish narratives (Starlink margins/scale, launch economics, Mars/lunar infrastructure) as low-margin and capital-intensive, and they further undermine the AI-linked upside by claiming xAI/Grok is noncompetitive, losing money, and unlikely to capture meaningful TAM. Even after the other user points to a strong first-day pop, the target user reiterates low-float/lockup dynamics and predicts a later decline, explicitly advising to avoid buying at IPO and wait for a tank. Nothing in the conversation softens their view; if anything, it hardens into a clear negative stance toward investing in the SpaceX IPO at the discussed valuation.""}"
spacexipo_111,"{""stance"":""positive"",""reasoning"":""The target user repeatedly argues in favor of SpaceX as a long-term, high-upside investment tied to future monopolistic cash flows (Starlink/defense/space infrastructure) and even AI optionality via xAI, explicitly saying they plan to buy at IPO and won’t “turn down its astronomical potential.” They dismiss concerns about valuation/underperforming the index, frame critics as ‘sheep,’ and interpret strong day-1 trading as validation against bearish predictions. Despite acknowledging risks like lockups/float and that it could fall, their post-conversation posture remains strongly pro–SpaceX IPO and inclined to invest.""}"
spacexipo_112,"{""stance"":""positive"",""reasoning"":""The target user repeatedly defends the long-term investment thesis for SpaceX, arguing its future cash flows could come from multiple avenues (Starlink, defense, launch, AI/xAI) and that valuation should be based on future dominance rather than current profits. They explicitly state intent to buy SpaceX at IPO (“likely SpaceX whenever their IPO’s release”), dismiss concerns about underperforming the index, and interpret the post-IPO price increase as validation against critics predicting an immediate drop or ‘exit scam.’ Even after counterarguments about margins, valuation, lockups, and competition, they remain committed and frame skepticism as herd behavior—indicating a strongly positive stance after the conversation.""}"
spacexipo_113,"{""stance"":""positive"",""reasoning"":""The target user repeatedly argues in favor of investing in a SpaceX IPO, emphasizing long-term upside from Starlink, defense, space infrastructure, and even xAI/AI-driven growth. They reject concerns about valuation and near-term underperformance, state they plan to likely buy SpaceX at IPO, and frame it as having “astronomical potential” and a near-monopoly position. The conversation does not soften their view; if anything, they become more committed and dismiss critics as overly pessimistic.""}"
spacexipo_114,"{""stance"":""neutral"",""reasoning"":""The target user expresses confidence in SpaceX as a business and acknowledges Musk’s fundraising ability, which is mildly favorable. However, they explicitly say they don’t buy IPOs, cite low odds of post-IPO outperformance, and plan to wait a year before evaluating. Overall they are not opposed to SpaceX itself, but are cautious/avoidant about participating in the IPO, yielding a neutral stance toward the SpaceX IPO.""}"
spacexipo_121,"{""stance"":""neutral"",""reasoning"":""The target user never speaks in the transcript, so there’s no direct evidence of their opinion on a SpaceX IPO. While the conversation contains skepticism about hype/valuation and mixed views on an “Elon premium,” there’s nothing indicating how the target user personally reacts or updates their stance. With insufficient evidence of a positive or negative position, the best prediction is neutral.""}"
spacexipo_122,"{""stance"":""neutral"",""reasoning"":""The target user doesn’t express a clear view on whether a SpaceX IPO is good or bad. Their only comment pushes back on skepticism about high valuations by noting that lofty P/E ratios are justified (in theory) by expected future growth, but they don’t connect this explicitly to SpaceX’s prospects or say they would buy/avoid the IPO. Given the lack of direct opinion on SpaceX IPO and only a general valuation remark, their stance is best classified as neutral.""}"
spacexipo_123,"{""stance"":""positive"",""reasoning"":""The target user explicitly states they bought into the SpaceX IPO / hold pre-IPO shares and wants to hold long term. Throughout the conversation they strongly defend SpaceX’s execution (launch cadence, cost advantage, Starlink moat) and dismiss bearish arguments, repeatedly challenging others to short if they believe it’s overvalued. Nothing in the exchange suggests their view softened; if anything, they become more entrenched and confident.""}"
spacexipo_124,"{""stance"":""positive"",""reasoning"":""The target user explicitly states they are a Musk fan, already bought into the SpaceX IPO/pre-IPO shares, and wants to hold those investments long-term while SpaceX executes on reusable rockets and Starlink-like connectivity. The other user’s sarcasm about missed deadlines doesn’t show the target user backing off or expressing doubt, so their stance remains positive after the conversation.""}"
spacexipo_128,"{""stance"":""negative"",""reasoning"":""The target user expresses skepticism about the IPO valuation (“60-70 still seems like way too much”) and frames any upside as an “Elon premium,” while also agreeing Musk is a “nutjob.” Although they acknowledge Musk’s cult-like following could buoy the IPO, their comments indicate they view the IPO as overhyped/overvalued rather than a good opportunity.""}"
spacexipo_129,"{""stance"":""negative"",""reasoning"":""The target user expresses skepticism about valuation (“60-70 still seems like way too much”) and attributes any support mainly to an “Elon premium”/cult-like following rather than fundamentals. They also agree Elon is a “nutjob,” and the subsequent discussion reinforces a negative view of Elon’s impact (Tesla decline), likely strengthening the target user’s cautious/critical stance toward the IPO.""}"
spacexipo_132,"{""stance"":""neutral"",""reasoning"":""The transcript only contains another user’s strongly positive view of a SpaceX IPO and provides no statements or reactions from the target user. With no evidence of the target user’s prior stance or how they respond to these arguments, there isn’t enough information to infer a positive or negative position, so the most defensible prediction is neutral.""}"
spacexipo_133,"{""stance"":""negative"",""reasoning"":""The target user argues SpaceX’s profitability hinges on Starlink and that Starlink’s future growth/replacement depends on Starship, which they describe as failing key milestones (no orbit success, no recovery, behind schedule) and currently “just a giant firework.” This framing implies high existential risk and undermines confidence in the company’s near/medium-term prospects—suggesting a negative stance toward a SpaceX IPO. The other user’s mention of potential compute/xAI revenue is speculative and doesn’t appear to shift the target user’s stated skepticism.""}"
spacexipo_134,"{""stance"":""neutral"",""reasoning"":""The target user never speaks in the provided transcript, so there’s no direct evidence of their view on a SpaceX IPO or any change in attitude after the exchange. With only another user’s general comments about IPO exit liquidity and valuation, the target user’s stance can’t be inferred reliably, so neutral is the safest prediction.""}"
spacexipo_135,"{""stance"":""positive"",""reasoning"":""The target user strongly endorses the pro-IPO comparison to Tesla (“This.”), argues that early losses don’t matter, and highlights massive long-term IPO returns as a model for why buying/holding SpaceX could pay off. Although another user challenges the Tesla comparison on valuation math, the target user has not shown any agreement with that rebuttal, so their stance after the exchange remains favorable toward the SpaceX IPO.""}"
spacexipo_136,"{""stance"":""positive"",""reasoning"":""The target user explicitly endorses the pro-IPO/long-term upside comparison to Tesla (“This.”) and argues that early losses didn’t matter for Tesla and that forward-looking investors benefited massively. Nothing in the transcript shows the target user conceding to the counterargument about SpaceX’s already-high valuation, so their stance remains supportive/optimistic toward a SpaceX IPO after the exchange.""}"
spacexipo_137,"{""stance"":""negative"",""reasoning"":""The target user focuses on SpaceX’s space/launch business being a small part of the stated TAM, highlights low revenue and operating losses, and argues that at a ~$1.75T valuation the launch business would need to grow massively to justify its contribution. Even after others argue SpaceX has a strong moat, the target user does not show any shift toward optimism; their comments remain valuation-skeptical and emphasize weak fundamentals relative to the implied IPO pricing.""}"
spacexipo_138,"{""stance"":""neutral"",""reasoning"":""The target user never speaks in the provided transcript, so there is no direct evidence of their opinion on a SpaceX IPO or any reaction to the other user’s cautionary view. With insufficient information to infer a shift in attitude, the safest prediction is neutral.""}"
spacexipo_139,"{""stance"":""neutral"",""reasoning"":""The target user never states an opinion about the SpaceX IPO, and the only message in the transcript is from another user expressing uncertainty about post-IPO growth. With no evidence of the target user’s reaction or attitude shifting positive or negative, the safest prediction is neutral.""}"
spacexipo_140,"{""stance"":""positive"",""reasoning"":""The target user repeatedly defends the SpaceX IPO as a compelling bet despite a rich valuation, arguing that comparisons to current revenue miss the forward-looking thesis (Starlink, launch dominance, defense, Starship economics, new markets). They explicitly reject the idea of “no upside,” emphasize founder-led execution as the key, and frame “priced to perfection” as a risk but not a dealbreaker. Even after pushback about valuation and TAM claims, the target user’s tone remains bullish and conviction-oriented rather than deterred, indicating an overall positive stance toward the IPO.""}"
spacexipo_141,"{""stance"":""positive"",""reasoning"":""The target user frames a high valuation as acceptable by comparing it to Tesla’s IPO success, argues SpaceX has unique advantages, and emphasizes Elon as a key driver of execution and market confidence. The follow-up message reinforces this bullish narrative with Tesla’s outsized returns, which would likely strengthen the target user’s already optimistic stance rather than temper it.""}"
spacexipo_142,"{""stance"":""positive"",""reasoning"":""The target user defends the high valuation by comparing it to Tesla’s past success, emphasizes SpaceX’s unique advantages, and frames Elon’s control as a key positive driver. The other user’s pushback doesn’t prompt any retreat or doubt from the target user, so their stance remains supportive/optimistic toward a SpaceX IPO.""}"
spacexipo_143,"{""stance"":""neutral"",""reasoning"":""The target user argues generally that index investors should pay attention to index inclusion rules (“methodology”) and avoid funds whose criteria they disagree with, but they never express a clear view for or against a SpaceX IPO specifically. The discussion stays on what counts as an index methodology (e.g., S&P 500 inclusion requirements) rather than whether SpaceX going public is good or bad. With no explicit sentiment about SpaceX IPO and only indirect implications about index construction, the most supported stance is neutral.""}"
spacexipo_144,"{""stance"":""neutral"",""reasoning"":""The target user does not appear in the transcript and provides no explicit opinion about the SpaceX IPO. While other participants debate skepticism, uncertainty, and valuation concerns versus market-driven pricing, there’s no evidence of how the target user reacts or whether their stance shifts. With insufficient direct signal, the best prediction is neutral.""}"
spacexipo_145,"{""stance"":""neutral"",""reasoning"":""The target user never speaks in the provided transcript, so there’s no direct evidence of their opinion shifting. The discussion presents mixed views: some downplay SpaceX’s index impact and recommend diversification/‘VOO and chill,’ while another highlights valuation concerns. With no explicit target-user reaction, the most supportable prediction is that their stance remains neutral after the conversation.""}"
spacexipo_146,"{""stance"":""neutral"",""reasoning"":""The transcript contains only other users’ comments and no message from the explicitly identified [TARGET USER]. Without any direct statements or clear evidence of how the target user reacted to or was influenced by the conversation, there isn’t enough information to infer a positive or negative stance, so the safest prediction is neutral.""}"
spacexipo_147,"{""stance"":""negative"",""reasoning"":""The target user emphasizes a “high probability of a price correction” shortly after the IPO and cites index rules meant to delay investment in newly IPO’d companies, implying SpaceX skipping those safeguards is risky. They also suggest investors should consider switching funds if inclusion criteria change, signaling skepticism and a preference to avoid exposure rather than enthusiasm for the IPO.""}"
spacexipo_148,"{""stance"":""negative"",""reasoning"":""The target user focuses on concerns about the IPO’s market mechanics rather than expressing enthusiasm: they argue passive S&P 500 inclusion could happen quickly, link that to the 6‑month lockup, and conclude there “can’t be any true price discovery” during that period. This framing suggests skepticism and a negative view of how a SpaceX IPO would play out (distorted pricing/forced buying), and nothing in the exchange indicates their stance becomes more favorable afterward.""}"
spacexipo_149,"{""stance"":""neutral"",""reasoning"":""The target user signals skepticism about buying at the IPO (“I’m not buying at IPO”) and even suggests shorting it, which is negative toward the IPO valuation. However, they also expect the IPO market price to be well above their Series E entry and plan to hold through the IPO, indicating confidence in near-term pricing. This mix of not wanting to participate at IPO but expecting appreciation and holding results in an overall neutral stance toward the SpaceX IPO.""}"
spacexipo_150,"{""stance"":""negative"",""reasoning"":""The target user’s comment, “Become an active investor and short it,” indicates an intent to bet against SpaceX’s IPO rather than invest in it, reflecting a negative view. The other user cautions about the mechanics and risks of shorting but does not provide pro-SpaceX arguments that would likely shift the target user to neutral or positive, so the stance remains negative.""}"
spacexipo_152,"{""stance"":""negative"",""reasoning"":""The target user is strongly bearish, urging others to exit and calling the valuation extremely inflated, explicitly doubting it will ever regain a 2T valuation even over decades. The other user’s counterexample (Facebook) is unlikely to shift such an emphatic stance, so the target remains negative toward a SpaceX IPO.""}"
spacexipo_153,"{""stance"":""positive"",""reasoning"":""The target user defends SpaceX’s fundamentals and scale (correcting revenue misconceptions, emphasizing launch cadence and Starlink revenue) and pushes back on the idea that valuation is “all nonsense.” They explicitly say they own shares and are “excited to see what happens,” indicating an overall favorable outlook toward a SpaceX IPO despite acknowledging speculation and hype.""}"
spacexipo_154,"{""stance"":""neutral"",""reasoning"":""The target user expresses optimism about SpaceX’s growth potential and questions why an IPO would cause a major drop, indicating some pro-SpaceX leaning. However, they also explicitly frame themselves as an “uneducated investor” asking for explanation rather than asserting a firm position, and the reply introduces substantial doubt about hype-driven valuation and the need for the space industry to scale massively to justify price. There’s no clear acceptance or rejection of that caution, so the most supported prediction is a neutral stance after the conversation.""}"
spacexipo_156,"{""stance"":""neutral"",""reasoning"":""The target user never states any opinion about a SpaceX IPO or buying SpaceX shares, and the only message shown is from another user posing a general investing heuristic. With no explicit reaction or evidence of persuasion affecting the target user, there isn’t enough information to infer a positive or negative stance, so neutral is most appropriate.""}"
spacexipo_157,"{""stance"":""neutral"",""reasoning"":""The target user did not express any opinion about a SpaceX IPO, and the only message in the transcript is a general dismissal of taking advice from the subreddit. There is no direct or indirect indication of positive or negative sentiment toward a SpaceX IPO, so the most supported prediction is neutral.""}"
spacexipo_158,"{""stance"":""neutral"",""reasoning"":""The target user never expresses an opinion about a SpaceX IPO in the provided conversation. The only message shown is from another user criticizing the thread’s tone, which doesn’t provide evidence of the target user being persuaded positively or negatively. With no explicit stance or reaction from the target user, the safest prediction is neutral.""}"
spacexipo_160,"{""stance"":""negative"",""reasoning"":""The target user argues that SpaceX will be judged as a high-risk growth IPO and that a 3x return would be “AWFUL,” emphasizing that early/institutional IPO allocations are typically priced for steep ROI expectations. They frame the IPO as likely unattractive/overpriced relative to expected growth-stock returns, indicating a negative stance toward the SpaceX IPO after the discussion.""}"
spacexipo_161,"{""stance"":""negative"",""reasoning"":""The target user is strongly opposed to SpaceX going public, repeatedly arguing it was built with taxpayer money/government funding and saying Musk “shouldn’t get shit.” They dismiss pro-IPO counterarguments, call the valuation inflated, and maintain an accusatory tone throughout, indicating their stance remains firmly negative after the conversation.""}"
spacexipo_162,"{""stance"":""negative"",""reasoning"":""The target user repeatedly argues SpaceX was built with taxpayer money and frames an IPO as undeserved (“He shouldn’t get shit”), rejects counterarguments about contracts vs. subsidies, calls valuations inflated, and escalates with insults rather than showing any openness to changing view. Nothing in the exchange suggests their stance softened; if anything, it hardened into stronger opposition.""}"
spacexipo_163,"{""stance"":""negative"",""reasoning"":""The target user explicitly objects to SpaceX going public, arguing it was built with taxpayer subsidies and that Musk “shouldn’t get shit.” Even after being challenged and corrected by another user, the target user’s comments remain accusatory and do not show any softening or acceptance, so their post-conversation stance is still negative.""}"
spacexipo_164,"{""stance"":""negative"",""reasoning"":""The target user expresses strong opposition to SpaceX going public, arguing it was taxpayer-subsidized and that Elon Musk “shouldn’t get shit.” The other user’s reply is a probing question that doesn’t address or change the target user’s view, and there’s no indication the target user softened their stance. Therefore their stance remains negative after the conversation.""}"
spacexipo_165,"{""stance"":""negative"",""reasoning"":""The target user argues the $1.5T IPO valuation is excessively high, frames retail investors as “exit liquidity,” and says it prices in “absolute perfection” for decades. They rebut comparisons to Facebook/Uber with valuation math and point out Uber IPO buyers were underwater for years. Nothing in the exchange indicates they softened or changed their view after the other user’s pushback, so their stance remains negative.""}"
spacexipo_166,"{""stance"":""negative"",""reasoning"":""The target user repeatedly argues the IPO would be wildly overvalued at $1.5T, frames retail participation as providing exit liquidity to insiders, rejects the idea of a “guaranteed” pop as delusional, and emphasizes asymmetric downside plus lock-up/low-float manipulation. Nothing in the exchange suggests they were persuaded toward optimism; they remain strongly skeptical and cautionary about the IPO.""}"
spacexipo_167,"{""stance"":""neutral"",""reasoning"":""The target user never speaks in the transcript, so there’s no direct evidence of their view. While the conversation leans negative about a SpaceX IPO (overpriced, limited upside for retail, higher risk vs. reward), we can’t reliably infer the target user adopted that stance from others’ comments alone. With insufficient evidence of the target user’s reaction or change in opinion, the best prediction is neutral.""}"
spacexipo_168,"{""stance"":""positive"",""reasoning"":""The target user explicitly pushes back against the bearish valuation argument by citing past cases (Uber, Facebook) where skeptics were “stupidly wrong,” indicating confidence that similar skepticism about SpaceX’s IPO will be misplaced. While the other user provides counterpoints about much higher starting valuation and Uber’s post-IPO underperformance, the target user has not conceded or softened their view in the transcript, so their post-conversation stance remains positive.""}"
spacexipo_171,"{""stance"":""neutral"",""reasoning"":""The transcript contains no messages from the identified [TARGET USER], nor any explicit opinion attributable to them about a SpaceX IPO. The other users discuss general market mechanics (price discovery, forced index buying) without indicating the target user’s reaction. With insufficient evidence to infer a positive or negative stance shift, the most defensible prediction is neutral.""}"
spacexipo_177,"{""stance"":""negative"",""reasoning"":""The target user expresses clear skepticism about Starlink/SpaceX’s defensibility and upside, arguing there’s insufficient moat, meaningful competition from other LEO constellations and terrestrial 5G, likely pricing pressure from telcos, and geopolitical/national-security constraints that could limit adoption. They explicitly doubt a “trillion dollar company” outcome and emphasize margin risks. The other user’s reply is mildly bullish but doesn’t directly address the moat/geopolitical concerns enough to plausibly shift the target user, so their post-conversation stance remains negative toward the SpaceX IPO.""}"
spacexipo_178,"{""stance"":""negative"",""reasoning"":""The target user frames the IPO/index inclusion process as manipulative (“manipulating the float”), argues it undermines index funds, and expresses suspicion about suppression of discussion (ban/removals). Their tone is defensive and critical, with no positive remarks about SpaceX going public; overall this indicates a negative stance toward a SpaceX IPO.""}"
spacexipo_179,"{""stance"":""neutral"",""reasoning"":""The target user discusses index inclusion mechanics and suggests value/fundamental ETFs to reduce exposure to hype IPOs, but they never express a clear opinion about a SpaceX IPO itself. Their tone is analytical and focused on how cap-weighted and transparent indexes would handle inclusion and float trading, without endorsing or opposing SpaceX going public. The conversation doesn’t show them being persuaded into a more positive or negative stance, so their post-conversation stance remains neutral.""}"
spacexipo_180,"{""stance"":""neutral"",""reasoning"":""The target user agrees with concerns about float-based index funds and insider counter-strategies in general, but explicitly says they do not think these IPOs are examples of insiders employing a counter-strategy and acknowledges that growth investors could reasonably like such high-valuation tech stocks. They do not express a specific pro- or anti-SpaceX IPO view, and the other user’s claim about SpaceX manipulation doesn’t elicit a follow-up from the target user in the transcript. Overall, the target user remains cautious/analytical rather than clearly supportive or opposed, so the stance is best classified as neutral.""}"
spacexipo_181,"{""stance"":""neutral"",""reasoning"":""The target user criticizes float-based indexing dynamics and propaganda around them, but explicitly says they don’t think these IPOs are insiders using a counter-strategy and acknowledges the underlying technological achievements are real and that growth investors could reasonably like such stocks even at high valuations. They also identify as a value investor, implying personal caution on price, but they do not express a clear negative view specifically about a SpaceX IPO. With no direct mention of SpaceX and a mixed-but-not-opposed posture toward similar high-profile tech IPOs, the most supported prediction is neutral.""}"
spacexipo_183,"{""stance"":""neutral"",""reasoning"":""The target user never appears in the provided transcript and makes no statements about SpaceX, an IPO, or related investing views. With no explicit stance or interaction to infer influence on their opinion, there isn’t enough evidence to classify them as positive or negative, so the most reliable prediction is neutral.""}"
spacexipo_184,"{""stance"":""negative"",""reasoning"":""The target user repeatedly dismisses SpaceX’s leadership as irrelevant and focuses on valuation via P/E, stating that triple‑digit P/E is “not investable.” They explicitly argue that a hypothetical $1.5T SpaceX IPO would be wildly overvalued (\""188 years\"" to justify earnings; \""like buying a Honda accord for $7.5M\""). Despite others challenging their framework, the target user doubles down that P/E directly measures overvaluation, indicating a firmly negative stance toward a SpaceX IPO at expected valuations.""}"
spacexipo_185,"{""stance"":""negative"",""reasoning"":""The target user repeatedly frames investability around P/E and explicitly says they don’t think triple‑digit P/E is investable, implying skepticism toward a likely high-valuation SpaceX IPO. The other user’s counterexamples (Amazon/Netflix, index funds holding high/negative PEs) don’t elicit any softening or agreement from the target user, so their stance remains negative after the exchange.""}"
spacexipo_188,"{""stance"":""negative"",""reasoning"":""The target user dismisses qualitative arguments about SpaceX being a category leader and focuses narrowly on IPO valuation metrics, specifically demanding the P/E at the IPO price. This indicates skepticism about paying a high price and concern that the IPO could be overvalued. Nothing in the conversation shifts them toward enthusiasm; if anything, the comparison to past tech IPO hype reinforces their wary stance.""}"
spacexipo_190,"{""stance"":""negative"",""reasoning"":""The target user frames IPOs as liquidity events that “usually go down after IPO,” endorses delaying IPOs to capture excess returns privately, and expresses satisfaction about avoiding exposure to Tesla via Avantis tilts/exclusions. This indicates a generally skeptical/negative view toward participating in high-profile IPOs like a potential SpaceX IPO, and the brief reply from the other user doesn’t introduce arguments likely to shift that stance.""}"
spacexipo_192,"{""stance"":""neutral"",""reasoning"":""The target user never speaks in the provided transcript, so there’s no explicit opinion or reaction to the points made about SpaceX’s leadership, potential valuation, or index-fund impact. Without any evidence of the target user being persuaded or expressing approval/disapproval, the safest prediction is that their stance remains neutral.""}"
spacexipo_193,"{""stance"":""neutral"",""reasoning"":""The target user discusses how float-adjusted indexing (e.g., VTI) would limit SpaceX’s index inclusion due to insider/strategic holdings and explains the mechanics of float recalculation and index rebalancing. Their comments are technical and descriptive, not evaluative of SpaceX as an investment or IPO opportunity. They do not express trust/distrust, enthusiasm, or caution about buying SpaceX post-IPO, so there’s insufficient evidence of a positive or negative stance change.""}"
spacexipo_194,"{""stance"":""negative"",""reasoning"":""The target user repeatedly argues SpaceX’s launch demand is artificially created (via Starlink and proposed “space data centers”), questions how many launches exist without Starlink, and frames prior visions as hype used to entice investors. They explicitly rejects the implied IPO valuation case by saying Starlink profits are “still not enough for 1.2T valuation” and suggests SpaceX would need to make the world dependent on Starlink to justify it. Overall, their comments indicate skepticism about fundamentals and valuation, implying a negative stance toward a SpaceX IPO.""}"
spacexipo_201,"{""stance"":""neutral"",""reasoning"":""The target user expresses interest in SpaceX’s IPO but also clear hesitation about buying early due to expected insider selling pressure and uncertainty around initial price action. The other user’s point about prior liquidity/tender offers slightly undercuts the ‘no ability to sell’ concern, but it doesn’t directly address the target user’s main reluctance about post-IPO behavior. Overall, the target user remains cautious rather than supportive or opposed.""}"
spacexipo_202,"{""stance"":""neutral"",""reasoning"":""The target user expresses interest in watching the IPO but also clear hesitation about buying early due to expected insider selling/exit liquidity pressure. They like the space sector, yet anticipate difficulty investing at the start. The other user’s comment about past secondary offers doesn’t clearly shift the target user toward optimism or pessimism about the IPO itself, so the stance remains cautious/neutral.""}"
spacexipo_203,"{""stance"":""neutral"",""reasoning"":""The target user expresses interest in watching how the IPO trades but is wary of buying early due to expected insider selling/exit liquidity. They like the space sector but explicitly say they’ll have a hard time jumping in at the beginning. The other user’s pro-investment argument may slightly counterbalance, but there’s no sign the target user changes their cautious position, leaving them overall neutral (curious but hesitant) toward the SpaceX IPO.""}"
spacexipo_209,"{""stance"":""neutral"",""reasoning"":""The target user discusses IPO trading mechanics (ability to sell, potential broker penalties) and notes the possibility of making a quick profit, but does not express a clear view on SpaceX’s valuation, prospects, or whether they would personally buy/hold. Their comments are informational/strategic rather than endorsing or criticizing the IPO, so overall stance remains neutral.""}"
spacexipo_210,"{""stance"":""neutral"",""reasoning"":""The target user does not appear in the provided transcript and makes no statements about the SpaceX IPO. While other participants discuss short-term trading risks and uncertain pricing, there is no evidence of the target user’s reaction or opinion shifting in response. With insufficient direct evidence, the most defensible prediction is neutral.""}"
spacexipo_211,"{""stance"":""positive"",""reasoning"":""The target user repeatedly argues that SpaceX is undervalued/“a steal” at the current implied price and frames it as a strong long-term play, citing sector growth expectations and comparisons to Rocket Lab. Even as the discussion becomes contentious and shifts into a dispute about share count/market cap mechanics, the target user does not express any reduced enthusiasm for owning SpaceX; their core view remains that SpaceX is reasonably priced or undervalued relative to peers. Thus their post-conversation stance is best predicted as positive.""}"
spacexipo_212,"{""stance"":""positive"",""reasoning"":""The target user repeatedly argues SpaceX is undervalued and a “no brainer” long-term investment due to its lead in technology and much higher revenue versus Rocket Lab, frames space as a huge untapped market, and states they plan to buy IPO shares (about $2K). Despite pushback and insults, they double down rather than soften, indicating a clearly positive stance after the conversation.""}"
spacexipo_214,"{""stance"":""neutral"",""reasoning"":""The transcript contains only an [OTHER USER] expressing frustration about a proposed boycott and does not include any statement, reaction, or identifiable position from the [TARGET USER]. With no evidence of the target user’s view or how they were influenced, the most justified prediction is neutral.""}"
spacexipo_216,"{""stance"":""neutral"",""reasoning"":""The target user expresses strong annoyance at the discourse around the IPO and downplays its significance, saying they don’t care and framing it as not a big deal. They neither endorse buying SpaceX nor condemn the IPO itself; their position is essentially indifferent/apathetic rather than supportive or opposed. The follow-up about index funds doesn’t show a clear shift toward liking or disliking the IPO, just a practical question.""}"
spacexipo_219,"{""stance"":""negative"",""reasoning"":""The target user argues strongly that an IPO (and related AI-driven pivot) would \""absolutely doom the company,\"" citing diversion of attention/resources from Mars, inheriting xAI’s debt/unprofitability, exposure to an AI bubble, and increased pressure to prioritize profit margins. They also express skepticism that space-based AI data centers will ever work and believe Starship rapid reusability is far from ready, rejecting the other user’s optimism. Nothing in the conversation appears to soften their view; they remain firmly opposed.""}"
spacexipo_220,"{""stance"":""neutral"",""reasoning"":""The target user only expresses mild skepticism/dislike (“I get it… doesn’t mean I have to like it”) about the merger idea, not about a SpaceX IPO specifically. Another participant argues the move is reckless, which could nudge sentiment negative, but there’s no explicit connection to IPO views or clear indication the target user adopts that stance. With insufficient evidence of a definite positive or negative position on the SpaceX IPO, the best prediction is neutral.""}"
spacexipo_221,"{""stance"":""neutral"",""reasoning"":""The transcript contains only a question from another participant and no message from the explicitly identified [TARGET USER]. Without any stated opinion or reaction from the target user, there isn’t enough evidence to infer a positive or negative stance toward a SpaceX IPO, so the safest prediction is neutral.""}"
spacexipo_222,"{""stance"":""positive"",""reasoning"":""The target user is strongly pro–SpaceX IPO, explicitly telling others to \""STFU and buy some stock at IPO\"" and arguing Musk delivers results and makes investors money. Even after criticism from another user, there’s no sign the target user softens or changes view, so their stance remains positive.""}"
spacexipo_224,"{""stance"":""neutral"",""reasoning"":""The target user never states an opinion about a SpaceX IPO, investing, or whether SpaceX should go public. The conversation focuses on Mars/colonization goals and another participant’s criticism of a hypothetical merger involving xAI/X, but there’s no direct indication of the target user agreeing, disagreeing, or updating their view about an IPO. With insufficient evidence of a pro- or anti-IPO stance change, the most defensible prediction is neutral.""}"
spacexipo_225,"{""stance"":""neutral"",""reasoning"":""The target user never speaks in the transcript, so there’s no direct evidence of their view on a SpaceX IPO. While other participants express concerns about Musk potentially burdening SpaceX with xAI debt and harming shareholders, we can’t reliably infer that the target user adopts that negative stance. With insufficient evidence of the target user’s post-conversation position, neutral is the safest prediction.""}"
spacexipo_226,"{""stance"":""neutral"",""reasoning"":""The target user’s views are not present in the provided transcript. Only another user expresses skepticism about a potential SpaceX/xAI merger, and there’s no evidence of the target user adopting a positive or negative view on a SpaceX IPO as a result. With insufficient information about the target user’s reaction, the safest prediction is neutral.""}"
spacexipo_227,"{""stance"":""neutral"",""reasoning"":""The target user never states a clear opinion about a SpaceX IPO. The only message expresses mixed feelings (disheartened but understanding), hopes for no negative consequences, and rejects the idea that it ruins Mars plans—overall an uncertain, balanced reaction rather than clearly supportive or opposed.""}"
spacexipo_228,"{""stance"":""neutral"",""reasoning"":""The target user only responds with “Dramatic,” which dismisses the other user’s negative, doom-and-gloom view of an IPO but does not express any clear pro-IPO sentiment. They seem skeptical of the claim that an IPO would ruin SpaceX, yet they don’t affirmatively support an IPO either. With no explicit endorsement or opposition stated, the most defensible stance is neutral.""}"
spacexipo_229,"{""stance"":""negative"",""reasoning"":""The target user frames the SpaceX IPO as a high-risk product that could be engineered to draw in passive index money by “bending the rules,” and warns it could lead to a crash-like outcome similar to CDOs if replicated. Even after another user says SpaceX hasn’t broken rules, the target user’s expressed concern remains skeptical and cautionary rather than supportive.""}"
spacexipo_230,"{""stance"":""neutral"",""reasoning"":""The transcript contains only OTHER USER messages expressing reluctance about investing in SpaceX due to associated “baggage” and disinterest in related ventures. The target user never speaks, so there’s no direct evidence of their view, and we can’t reliably infer that they adopt the other users’ negative sentiment. With insufficient evidence about the target user’s post-conversation stance, the most justified classification is neutral.""}"
spacexipo_231,"{""stance"":""negative"",""reasoning"":""The target user explicitly states they “couldn't care less” about SpaceX's IPO and rejects investing in individual stocks as too risky and too much work, favoring passive ETFs instead. Nothing in the follow-up exchange suggests they became more interested or favorable toward the IPO; they reiterate the need to sell individual stocks and maintain their ETF-first view, so their stance toward a SpaceX IPO remains negative/indifferent.""}"
spacexipo_232,"{""stance"":""negative"",""reasoning"":""The target user remains enthusiastic about SpaceX/Starlink in isolation, but after the conversation they emphasize that the IPO valuation is dominated by xAI/AI hype and criticize Musk’s recent decisions (Twitter and the AI chatbot) as trashing good businesses. They explicitly say they’d only be “all in” if xAI were cut out, implying they are not supportive of the SpaceX IPO as presented and view it as overhyped/misvalued.""}"
spacexipo_233,"{""stance"":""neutral"",""reasoning"":""The target user never speaks in the transcript, so there’s no direct evidence of their view on a SpaceX IPO. The surrounding discussion is mixed/uncertain (large losses and capex suggesting risk, but a potential deal improving finances and speculation about offloading unprofitable assets). With no indication of how the target user reacts to these points, the safest prediction is neutral.""}"
spacexipo_234,"{""stance"":""neutral"",""reasoning"":""The target user never speaks in the provided transcript, so there’s no explicit opinion about a SpaceX IPO to infer. The only content is another user’s confusion about ownership structure (Musk/Twitter/SpaceX), which doesn’t indicate the target user’s post-conversation attitude toward an IPO. With insufficient evidence of sentiment or persuasion, the safest classification is neutral.""}"
spacexipo_235,"{""stance"":""negative"",""reasoning"":""The target user expresses strong skepticism about the financial fundamentals behind the AI-related revenue narrative and broader growth claims, repeatedly demanding “show me the money” and comparing the situation to bubbles (dotcom/crypto/NFT) and meme-stock hype. They explicitly say they are not investing in a business propped up by “paper money” and question inflated TAM figures tied to AI. While they acknowledge Starlink was once believable, the overall tone after the conversation is distrustful and dismissive of the drivers that would support a bullish SpaceX IPO case, implying a negative stance toward participating in the IPO.""}"
spacexipo_236,"{""stance"":""neutral"",""reasoning"":""The target user downplays the merger’s impact and even frames it as a smart value/cash grab, suggesting comfort with Musk’s maneuvering. However, they also explicitly call the IPO “much more consequential and potentially riskier,” indicating caution rather than enthusiasm about an IPO. The other user’s reputational/political concern doesn’t appear to shift the target user’s view. Overall, the target user seems neither clearly pro-IPO nor anti-IPO after the exchange, just more focused on its risks, so neutral.""}"
spacexipo_237,"{""stance"":""neutral"",""reasoning"":""The target user downplays the xAI–SpaceX merger concerns and even frames it as a savvy move by Musk, but explicitly says the IPO is “much more consequential and potentially riskier,” signaling caution rather than enthusiasm. They don’t express a clear pro-IPO desire or opposition—just that it’s higher-stakes—so the most supported stance is neutral.""}"
spacexipo_239,"{""stance"":""positive"",""reasoning"":""The target user expresses strong optimism about SpaceX/Starlink’s valuation and growth, citing a $150B current valuation, forecasting Starlink as the dominant revenue/profit driver, and expecting a $100B market cap on day 1 post-IPO. This indicates a clearly favorable stance toward the IPO’s prospects.""}"
spacexipo_240,"{""stance"":""neutral"",""reasoning"":""The target user never speaks in the provided transcript, so there’s no direct evidence of their opinion or any reaction to the other user’s speculation about timing and valuation. Without the target user’s expressed agreement/disagreement, their stance can’t be inferred reliably and is best classified as neutral.""}"
spacexipo_241,"{""stance"":""negative"",""reasoning"":""The target user is skeptical of the rumored $800B valuation and questions whether Starlink (and by implication SpaceX’s current fundamentals) can justify such a jump ahead of an IPO. They frame the IPO talk as driven by hype (space AI) rather than solid valuation support, and they push back strongly against the bullish Starlink-based justification. The mention of potential DoD contracts comes from another user and the target user does not concede or shift, so their stance after the conversation remains negative toward the IPO (as currently rumored/priced).""}"
spacexipo_243,"{""stance"":""neutral"",""reasoning"":""The target user never speaks in the provided transcript, so there’s no explicit indication of their view on a SpaceX IPO. While the other user presents strongly pro-SpaceX arguments (market dominance, launch cadence, Starship potential) that could nudge someone toward a positive stance, there’s no evidence of how the target user received or reacted to those points. With insufficient evidence of the target user’s post-conversation attitude, the safest prediction is neutral.""}"
spacexipo_244,"{""stance"":""neutral"",""reasoning"":""The target user never states a personal view on a SpaceX IPO, investing, or whether an IPO would be good or bad. The conversation provided is a critique of speculative space-business hype and market valuations, but it’s attributed to another user and focuses more on space data centers and VC exuberance than on SpaceX going public specifically. With no explicit reaction from the target user and no evidence of persuasion or change in attitude, the safest prediction is that the target user remains neutral toward a SpaceX IPO.""}"
spacexipo_245,"{""stance"":""neutral"",""reasoning"":""The transcript contains only an [OTHER USER] message praising SpaceX/Musk’s strategy (space-based AI data centers) and does not include any statement, reaction, or sentiment from the [TARGET USER]. Without the target user’s expressed opinion or any evidence of how they were influenced, their stance toward a SpaceX IPO cannot be inferred beyond neutral.""}"
spacexipo_246,"{""stance"":""negative"",""reasoning"":""The target user argues strongly against the idea of selling/IPOing Starlink to fund a Mars colony, calling it “really, really silly” and emphasizing Starlink’s massive long-term growth potential (especially tied to Mars exploration/colonization). They frame divesting/IPOing as strategically harmful rather than beneficial, indicating a negative stance toward a SpaceX IPO (at least in the context being discussed, i.e., taking Starlink public or divesting via IPO).""}"
spacexipo_247,"{""stance"":""negative"",""reasoning"":""The target user argues strongly against selling/IPOing Starlink, calling it a “really, really silly idea,” and frames Starlink as strategically essential for future SpaceX/Mars operations and broader off-world communications. Nothing in the exchange suggests they become more favorable afterward; if anything, the dismissive rebuttal from another user would likely entrench their opposition rather than shift them toward supporting an IPO.""}"
spacexipo_248,"{""stance"":""neutral"",""reasoning"":""The target user never speaks in the provided transcript, so there’s no direct evidence of their view on a SpaceX IPO or how the other user’s strongly negative take would affect them. With insufficient information about the target user’s reaction or prior stance, the safest prediction is neutral.""}"
spacexipo_249,"{""stance"":""positive"",""reasoning"":""The target user consistently argues that a Starlink/SpaceX-related IPO could make sense once Starlink is in stable commercial operations, emphasizing benefits like speeding deployment via cash infusion, rewarding investors, and still allowing SpaceX to keep risky R&D private. They rebut concerns about Musk disliking public markets and note Musk could retain control even if spun off. Although they end with some uncertainty (“we’ll see how it plays out”), their overall posture is supportive of the IPO idea and its potential advantages rather than opposed or indifferent.""}"
spacexipo_250,"{""stance"":""positive"",""reasoning"":""The target user argues in favor of a Starlink/SpaceX-related IPO as strategically beneficial: they propose splitting Starlink from SpaceX to isolate speculative R&D risk, cite a Reuters report that an IPO is being considered, and repeatedly emphasize the advantages of public funding (cash infusion to accelerate deployment, fend off competition) and potential rewards to SpaceX/Elon/investors. Although another user raises concerns about FUD and volatility, the target user does not adopt those concerns and maintains that Starlink could be stable once in commercial operations. Overall their stance after the exchange remains supportive.""}"
spacexipo_251,"{""stance"":""positive"",""reasoning"":""The target user argues that a Starlink/SpaceX-related IPO could make sense once Starlink is a stable commercial operation, explicitly framing it as not a short-seller target and suggesting an IPO could provide cash to speed deployment, reward investors, and advance long-term goals. Although another user pushes back that capital isn’t the constraint, the target user’s last expressed view remains that an IPO could be beneficial, indicating an overall positive stance after the conversation.""}"
spacexipo_252,"{""stance"":""positive"",""reasoning"":""The target user argues that a Starlink IPO could make sense despite Musk’s dislike of public markets, emphasizing that Starlink’s commercial/ISP operations would be less vulnerable to short sellers than R&D-heavy efforts like Starship. They explicitly note potential benefits of an IPO—cash infusion to accelerate deployment, maintaining competitive lead, rewarding investors, and advancing long-term goals. Although another user counters that capital isn’t the constraint, the target user’s last stated position remains that an IPO could be beneficial, indicating a net positive stance after the conversation.""}"
spacexipo_254,"{""stance"":""negative"",""reasoning"":""The target user repeatedly argues that Elon Musk strongly prefers private companies, citing specific public statements and the Tesla take-private episode, and concludes they would be “incredibly surprised” if Musk took any company public again. While another user offers plausible reasons Starlink might IPO, the target user does not acknowledge being persuaded and maintains skepticism, indicating a negative stance toward the likelihood/desirability of a SpaceX/Starlink IPO after the conversation.""}"
spacexipo_257,"{""stance"":""neutral"",""reasoning"":""The target user never speaks in the provided transcript, so there’s no direct evidence of their attitude toward a SpaceX IPO. While other participants express excitement about investing (e.g., Starlink as a proxy), we can’t reliably infer the target user adopts that view, so the safest prediction is neutral.""}"
spacexipo_258,"{""stance"":""neutral"",""reasoning"":""The target user discusses possible IPO structures and financial mechanics (dividends, retained stake %, spin-off scenarios) without expressing approval or disapproval of a SpaceX/Starlink IPO. Their main concern is whether IPO separation would hinder funding Mars ambitions, and they note tradeoffs (dividends vs. dilution, capex realization) rather than taking a clear pro- or anti-IPO position. The other user’s pro-IPO argument (capital injection, competition) doesn’t elicit a definitive shift from the target user, so the stance remains neutral.""}"
spacexipo_259,"{""stance"":""neutral"",""reasoning"":""The target user discusses potential structuring around a Starlink spinoff and raises questions/concerns about whether Starlink’s public status would restrict funding for Mars, but they also outline plausible financial advantages (internal launch charges, selling hardware/services, realizing capex). They do not express a clear preference for or against an IPO, and the other user’s reply offers an alternative that addresses their concern without clearly shifting them to pro/anti. Overall the stance remains exploratory rather than supportive or opposed.""}"
spacexipo_260,"{""stance"":""neutral"",""reasoning"":""The target user did not speak in the provided transcript, so there is no direct evidence of their opinion on a SpaceX IPO or any shift caused by the discussion. The conversation content is speculative about launch cadence and shareholder caution, but without the target user’s reactions, the safest prediction is neutral.""}"
spacexipo_261,"{""stance"":""positive"",""reasoning"":""The target user argues in favor of a Starlink IPO structure that still benefits SpaceX (maintaining control, using dividends, and especially leveraging the IPO cash infusion to accelerate deployment). They explicitly frame the IPO-related capital raise as strategically advantageous to outpace competitors, indicating a supportive/positive stance toward the IPO after the discussion.""}"
spacexipo_262,"{""stance"":""positive"",""reasoning"":""The target user argues in favor of a structure that enables public-market funding (via Starlink) while still channeling substantial value back to SpaceX through majority control and dividends. This reflects an optimistic, supportive view of the IPO/spin-off approach as a beneficial way to fund SpaceX’s goals rather than skepticism or opposition.""}"
spacexipo_268,"{""stance"":""neutral"",""reasoning"":""The target user never states an opinion about a SpaceX IPO, and there’s no direct evidence of their reaction to the other users’ arguments. The conversation presented is largely skeptical about going public (dilution, less long-run cash, not needing funds), but without any target-user engagement or explicit agreement/disagreement, there isn’t enough evidence to infer a positive or negative stance shift. بنابراین the safest prediction is neutral.""}"
spacexipo_270,"{""stance"":""negative"",""reasoning"":""The target user argues that Tesla’s and a potential SpaceX IPO valuation imply extremely high P/E ratios (\""#1 and #2 most overvalued\""), rejects the idea that Tesla is \""wildly profitable,\"" and frames such valuations as unjustified given current profitability and shrinking profits. This indicates a skeptical, negative stance toward a SpaceX IPO at the discussed valuation, and nothing in the conversation appears to shift them toward support.""}"
spacexipo_271,"{""stance"":""negative"",""reasoning"":""The target user expresses disappointment and skepticism about the company’s post-IPO capital use, preferring model-agnostic infrastructure but believing Musk is instead prioritizing funding his own AI model to catch up. The follow-up about the purchase being paid in stock doesn’t address their core concern and provides no clear positive shift, so their stance remains negative.""}"
spacexipo_272,"{""stance"":""negative"",""reasoning"":""The target user expresses disappointment and skepticism about how the IPO/raised funds would be used, preferring model-agnostic infrastructure but believing Musk will instead focus on catching up in AI. The follow-up correction (“Equity, not cash...”) doesn’t elicit any positive reaction from the target user and, if anything, reinforces the sense that the IPO/financing isn’t aligned with their preferred, lower-risk strategy. Overall tone is critical rather than supportive.""}"
spacexipo_276,"{""stance"":""neutral"",""reasoning"":""The target user treats the IPO primarily as a financing/valuation mechanism (calling stock at that valuation “basically free” and emphasizing the cash raised), suggesting some appreciation for the IPO’s benefits. However, they also concede counterpoints about opportunity cost and clarify rather than cheerlead, and they don’t express clear enthusiasm or concern about the IPO itself. Overall their tone is analytical/mixed, so the most supported stance is neutral.""}"
spacexipo_277,"{""stance"":""positive"",""reasoning"":""The target user expresses clear bullish expectations about a SpaceX IPO, explicitly claiming “SpaceX will be in the top 10 most valued companies a week after the IPO” and arguing the stock “will not tank” post-IPO. Even though they debate who sets valuation (Elon vs. banks/market), their end position remains that the IPO valuation will be justified and sustained, indicating a positive stance toward the SpaceX IPO.""}"
spacexipo_280,"{""stance"":""neutral"",""reasoning"":""The target user never speaks in the provided transcript, so there’s no explicit opinion to update. While the other participants express skepticism about an extremely high valuation (which could nudge a reader negative), there’s no evidence the target user adopted that view. With insufficient evidence of the target user’s post-conversation stance, the best prediction is neutral.""}"
spacexipo_281,"{""stance"":""positive"",""reasoning"":""The target user argues strongly in favor of the IPO, framing the $75B cash raise as enabling (not hindering) the Mars mission, comparing SpaceX’s ability to pursue multiple initiatives to diversified profitable companies, and asserting that public-company fiduciary duties won’t prevent Mars plans—especially given only 5% float and ~80% voting control retained by Elon/existing investors. They explicitly conclude, “This will only help them get to Mars,” indicating a clearly positive stance after the conversation.""}"
spacexipo_285,"{""stance"":""neutral"",""reasoning"":""The target user expresses a strongly positive view about IPOing Starlink (high valuation, 'SpaceX would be mad not to sell 40%'), but does not express support for a SpaceX IPO itself. Since the question asks about stance toward a SpaceX IPO after the conversation and the discussion centers on Starlink vs. SpaceX IPO, the target user’s position on a SpaceX IPO remains unclear/unstated, so neutral is the best fit.""}"
spacexipo_304,"{""stance"":""neutral"",""reasoning"":""The transcript contains no substantive discussion about SpaceX or an IPO—only a deleted message from another user and no statements from the target user. With no evidence of the target user’s views or any persuasive context, the safest prediction is neutral.""}"
spacexipo_328,"{""stance"":""negative"",""reasoning"":""The target user dismisses SpaceX’s IPO significance relative to an OpenAI IPO, emphasizes that SpaceX has meaningful competition (Rocket Lab), and adds a negative value judgment about Musk-owned companies (“actually respected unlike something owned by Musk”). They frame rockets as mere spectacle compared to AI’s impact, indicating an overall unfavorable stance toward the SpaceX IPO.""}"
spacexipo_330,"{""stance"":""positive"",""reasoning"":""The target user explicitly expresses bullishness about the run-up to the IPO (“I’m bullish for the two weeks leading up to the IPO”), notes positive price action (“It’s pumping aftermarket”), and states they are “all in,” indicating strong optimism toward the IPO-related trade. Nothing in the conversation appears to dampen that enthusiasm; they instead plan to profit by cashing out at a higher price.""}"
spacexipo_337,"{""stance"":""positive"",""reasoning"":""The target user expresses strong bullish expectations, saying they’d be surprised if SpaceX doesn’t at least double from IPO and projecting it could stay above a $2T valuation for years, while dismissing widespread bearish sentiment as FUD. The other user’s skepticism doesn’t show any sign of changing the target user’s view in the transcript, so the post-conversation stance remains positive.""}"
spacexipo_339,"{""stance"":""negative"",""reasoning"":""The target user repeatedly frames a SpaceX IPO as an unsustainable trigger that could spark a broader bubble burst, saying it “can’t support this IPO” and linking it to a market crash. Nothing in the conversation suggests they softened this view; if anything, the hostile reply from the other user is unlikely to persuade them toward a more positive stance.""}"
spacexipo_348,"{""stance"":""neutral"",""reasoning"":""The target user treats a SpaceX IPO mainly as a vehicle for humor about hype cycles, extreme volatility, and retail investor overreaction rather than expressing clear support or opposition to the IPO itself. They acknowledge both the likely overhyped/insane valuation and the possibility that long-term holders could still do well, which balances negative skepticism with a mildly optimistic long-term outcome—netting to a neutral stance.""}"
spacexipo_349,"{""stance"":""neutral"",""reasoning"":""The target user jokes about the inevitable hype, volatility, and investor panic around a SpaceX IPO, criticizing the behavioral chaos and overvaluation dynamics rather than endorsing or opposing the IPO itself. They also concede that long-term holders could still do well, which tempers negativity. Overall, the tone is cynical-but-amused about market behavior, not clearly pro- or anti-IPO.""}"
spacexipo_353,"{""stance"":""negative"",""reasoning"":""The target user explicitly agrees with the claim that SpaceX is overpriced and calls the IPO “literally” the peak of a bubble, alleging it’s being rushed before the bubble bursts. There’s no indication they are persuaded by the rebuttal accusing them of bias, so their stance remains negative after the conversation.""}"
spacexipo_354,"{""stance"":""negative"",""reasoning"":""The target user expresses strong disdain for the discussion around valuations and explicitly says they “can’t wait for this bubble to burst,” which signals a bearish, critical view of the IPO. The other user’s reply is mild and unlikely to shift that stance, so the target user remains negative after the conversation.""}"
spacexipo_355,"{""stance"":""negative"",""reasoning"":""The target user expresses strong disdain for the current hype/valuation environment (“Nobody cares about valuations”) and explicitly anticipates and welcomes a bubble bursting (“Can’t wait for this bubble to burst”), indicating a negative stance toward a SpaceX IPO rather than enthusiasm or neutrality.""}"
spacexipo_361,"{""stance"":""negative"",""reasoning"":""The target user is strongly critical of a SpaceX IPO, calling the valuation “complete nonsense,” describing insiders as eager to “dump their shares,” and framing the IPO as an “exit liquidity event” rather than a genuine investment opportunity. Nothing in the conversation suggests their view softened; if anything, the follow-up about employees waiting to sell reinforces their skepticism.""}"
spacexipo_362,"{""stance"":""negative"",""reasoning"":""The target user dismisses the IPO as \""nonsense\"" and says it’s worth less than half of what is being promoted, indicating a strongly skeptical, bearish view. The other user’s optimism doesn’t elicit any softening or reconsideration from the target user in the transcript, so their stance remains negative after the conversation.""}"
spacexipo_364,"{""stance"":""negative"",""reasoning"":""The target user frames a SpaceX IPO as a mechanism to funnel public investors’ money into xAI’s heavy cash burn (“right into the AI black hole”), implying distrust of the IPO’s purpose and a pessimistic view of outcomes for IPO investors. Nothing in the conversation counters or softens this view, so their stance remains negative.""}"
spacexipo_365,"{""stance"":""negative"",""reasoning"":""The target user reacts strongly against the idea of IPO enthusiasm, emphasizing massive ongoing losses (“red ink”), extreme cash burn at xAI, Twitter’s lack of profitability, increased valuation (“asking price just doubled”), and the added debt/cash-burn being an “anchor” on SpaceX/Starlink. Their language (“hard pass” tone, ‘Are you on crack?’) indicates clear opposition to investing in or supporting a SpaceX IPO after the discussion.""}"
spacexipo_370,"{""stance"":""positive"",""reasoning"":""The target user explicitly says they plan to invest heavily in the SpaceX IPO (“throw racks at that IPO”) and expresses optimism (“hope for the best”). With no counterarguments present in the conversation to change their view, their stance remains positive.""}"
spacexipo_374,"{""stance"":""neutral"",""reasoning"":""The target user doesn’t express enthusiasm or opposition to a SpaceX IPO itself. They only dismiss the idea that people will exit other space names to chase a $2.4T IPO, which reflects skepticism about investor behavior/flows rather than a clear positive or negative view on the IPO. The other user’s hype/overvaluation comments don’t elicit a follow-up from the target user that would shift their stance, so the best prediction is neutral.""}"
spacexipo_375,"{""stance"":""neutral"",""reasoning"":""The transcript contains only another user’s warning and no message from the target user expressing an opinion or reaction. With no evidence of the target user’s views or how they were influenced, the safest prediction is neutral.""}"
spacexipo_376,"{""stance"":""negative"",""reasoning"":""The target user is highly skeptical of a SpaceX IPO at a ~$2T valuation, calling it an “absurd IPO valuation” aimed at fanboys/retail who ignore valuation ratios. They frame Musk’s success as stock-pumping rather than underlying company performance and draw a parallel to TSLA’s high P/E despite declining fundamentals. This indicates a strongly negative stance toward the IPO (especially as an investment at that valuation), and the conversation reinforces rather than softens that view.""}"
spacexipo_377,"{""stance"":""negative"",""reasoning"":""The target user explicitly criticizes the proposed SpaceX IPO valuation as absurdly inflated ($2T vs. RDDT’s $6B), frames it as a “trap,” and argues Musk’s success is driven by stock-pumping rather than underlying company performance. They emphasize valuation ratios and imply retail investors/fanboys will overpay, indicating a negative stance toward the IPO.""}"
spacexipo_378,"{""stance"":""negative"",""reasoning"":""The target user highlights SpaceX’s rumored $2T IPO valuation with strong profanity and contrasts it unfavorably with RDDT’s much smaller starting valuation, implying they view a SpaceX IPO at that price as excessive/overhyped and unattractive. No later messages indicate a shift toward optimism.""}"
spacexipo_379,"{""stance"":""negative"",""reasoning"":""The target user argues Starlink’s total addressable market is small and explicitly says there is “no scenario” where it scales to $100B+ revenue, implying SpaceX’s IPO valuation case is weak. Even after others note Starlink’s utility and some pricing context, the target user reiterates skepticism (questioning whether price cuts are IPO-driven and emphasizing the subscriber math and affordability constraints). Nothing in the conversation indicates their view softened; if anything, they remain firmly doubtful about the IPO upside.""}"
spacexipo_380,"{""stance"":""negative"",""reasoning"":""The target user argues that Starlink’s total addressable market is small and explicitly states there is no scenario where it scales to $100B+ revenue, implying poor long-term upside and skepticism about the business case that would justify a strong SpaceX IPO. No counterarguments in the thread appear to change that view.""}"
spacexipo_381,"{""stance"":""negative"",""reasoning"":""The target user repeatedly argues SpaceX would be \""insanely overvalued\"" (120–150x sales), highlights lower margins and higher execution/maintenance risks versus software/ad businesses, and states they doubt SpaceX can reach a reasonable PE in a short timeframe. They also frames even optimistic outcomes as implying only ~2x upside over 10 years (\""hardly a good investment case\""). Nothing in the conversation suggests their view softened; if anything, they reinforced skepticism and demanded hard numbers to justify the valuation.""}"
spacexipo_396,"{""stance"":""neutral"",""reasoning"":""The target user never speaks in the transcript, so there’s no direct evidence of their view on a SpaceX (or Starlink) IPO. While the conversation contains frustration about IPO access favoring accredited investors, we can’t reliably infer the target user adopted that sentiment or formed a positive/negative stance toward the IPO itself. With insufficient evidence, the safest prediction is neutral.""}"
spacexipo_398,"{""stance"":""negative"",""reasoning"":""The target user argues strongly that SpaceX should “definitely never” IPO, framing public markets as an “Achilles heel” that would force shareholder/profit pressures and hinder SpaceX’s innovation and risk-taking. They further reinforce this by saying Elon doesn’t care about IPO motives and that Starlink funding is an alternative to a SpaceX IPO, indicating a clear anti-IPO stance.""}"
spacexipo_400,"{""stance"":""negative"",""reasoning"":""The target user emphasizes that SpaceX is unprofitable and loses money each year, framing this as a serious issue and arguing it should not get special treatment (e.g., S&P inclusion) compared to Tesla. Their comments reflect skepticism about SpaceX’s financial readiness and a strong preference for applying standard profitability rules, which implies a negative stance toward a SpaceX IPO after the conversation.""}"
spacexipo_405,"{""stance"":""negative"",""reasoning"":""The target user expresses strong distrust and hostility toward Musk and explicitly dismisses Starlink’s prospects (“Starlink died many years ago,” “ran into revenue issues,” limited customer growth). They argue SpaceX/Starlink will remain confined to crowded US markets, claim Musk has overpromised/underdelivered, and suggest an IPO would be a rushed exit due to internal pressure (“burning trashcan”). They also assert competitors like Blue Origin are ahead, reinforcing a bearish view. Nothing in the conversation indicates their stance softened; if anything, it became more negative after arguing the IPO is a desperation move.""}"
spacexipo_406,"{""stance"":""negative"",""reasoning"":""The target user expresses strong anger and distrust, calling it “blatant financial corruption” and implying the S-1 shows wrongdoing. They do not show any optimism about an IPO outcome; instead, they frame the situation as overvalued/manipulated. The other user’s challenge about being wrong doesn’t soften their view, so their stance remains negative.""}"
spacexipo_407,"{""stance"":""neutral"",""reasoning"":""The target user never expresses an opinion about the SpaceX IPO itself—only comments sarcastically on the lack of fact-based argumentation in the thread. With no explicit support or opposition and no clear indication they were persuaded by either side, the most defensible prediction is neutral.""}"
spacexipo_408,"{""stance"":""negative"",""reasoning"":""The target user explicitly frames investing in SpaceX as “supporting a con man’s scam,” indicating a strongly negative view of the IPO/investment. The other user’s rebuttal about delivery and profit potential doesn’t elicit any softening or agreement from the target user in the transcript, so the most likely post-conversation stance remains negative.""}"
spacexipo_410,"{""stance"":""negative"",""reasoning"":""The target user argues SpaceX would IPO at a “massively inflated valuation,” frames index-inclusion rule changes as forcing passive/retirement funds to buy as “exit liquidity” for Elon, and repeatedly emphasizes harmful liquidity drain and potential large downside (e.g., “shitty IPO,” “drops 50%”). Even after learning the QQQ weight may be smaller, they maintain the view that the forced buying is still materially damaging. This indicates a clearly negative stance toward a SpaceX IPO.""}"
spacexipo_411,"{""stance"":""negative"",""reasoning"":""The target user argues the IPO would be \""massively inflated\"" and framed as Elon using passive index funds/retirement accounts as forced exit liquidity due to rule changes removing IPO cooldowns. They reinforce this by citing index impacts (S&P500/QQQ) and a link supporting their concern. Nothing in the conversation appears to soften that view; the surrounding comments about a pump-then-short dynamic and extreme valuation multiples align with and likely reinforce the target user’s skepticism. بنابراین their stance after the conversation remains negative toward the SpaceX IPO.""}"
spacexipo_412,"{""stance"":""negative"",""reasoning"":""The target user frames a SpaceX IPO as harmful to ordinary investors, arguing passive funds will be forced to buy at “massively inflated valuations,” calling it “exit liquidity” for rich insiders (specifically Elon) and attributing it to rule changes that remove cooldown periods. Their language is consistently critical and distrustful, and nothing in the follow-up exchange suggests they softened their view—if anything, they reinforce it by citing an article about index-inclusion impacts.""}"
spacexipo_413,"{""stance"":""negative"",""reasoning"":""The target user frames a SpaceX IPO as harmful and exploitative: they argue rule changes will force passive/index funds (and thus retirement accounts) to buy SpaceX at “massively inflated valuations,” providing “exit liquidity” for Musk. They quantify expected losses to retirees (1–2% from SpaceX alone, potentially 3–4% with other IPOs) and call it overvaluation/bubble risk. Nothing in the conversation suggests they soften this view; if anything, they reinforce it with more detail, so their post-conversation stance is negative.""}"
spacexipo_414,"{""stance"":""negative"",""reasoning"":""The target user portrays a SpaceX IPO as a harmful, overvalued liquidity event that will be effectively forced into passive retirement portfolios due to changing index inclusion rules. They argue this would transfer wealth from ordinary investors to insiders (explicitly calling it ‘exit liquidity’ for Musk) and quantify expected losses to retirees, reinforcing a strongly negative view rather than neutrality or optimism.""}"
spacexipo_415,"{""stance"":""negative"",""reasoning"":""The target user frames a potential SpaceX IPO as harmful to ordinary investors: passive funds being forced to buy at “massively inflated valuations,” retirement accounts used as “exit liquidity,” and the IPO being “massive overvaluation.” The other user’s reply normalizes index-fund buying but doesn’t directly counter the target’s core concern about forced demand and overpricing, so the target’s stance remains negative after the exchange.""}"
spacexipo_416,"{""stance"":""negative"",""reasoning"":""The target user expresses strong skepticism and distrust toward a SpaceX IPO, calling it a mechanism for 'rich people (elon)' to use retirement accounts as exit liquidity and describing the valuation as 'massively inflated' and 'massive overvaluation.' The other user's reply mildly downplays ETF impact but doesn’t address or refute the core concern about valuation/manipulation, so there’s little reason to expect the target user’s negative stance to soften after the exchange.""}"
spacexipo_417,"{""stance"":""negative"",""reasoning"":""The target user frames the SpaceX IPO as a mechanism for \""massively inflated valuations\"" and \""exit liquidity\"" for Elon Musk at the expense of ordinary investors’ retirement accounts. They repeatedly emphasize forced buying by passive/index funds due to rule changes and imply this will harm retirees. Nothing in the conversation suggests they soften this view; if anything, the back-and-forth reinforces their concern about fast-tracking into indices and compelled purchases.""}"
spacexipo_420,"{""stance"":""negative"",""reasoning"":""The target user expresses skepticism and criticism of high valuation, implying SpaceX would be overvalued (e.g., \""$135 not overvalued enough?\"" and calling \""100x earnings\"" foolish). There’s no counterargument shown that would soften this view, so their stance after the conversation remains negative toward a SpaceX IPO.""}"
spacexipo_423,"{""stance"":""positive"",""reasoning"":""The target user is strongly bullish on a SpaceX IPO, describing SpaceX as becoming one of the biggest companies on Earth/Mars, dominating launches, enabling a new frontier, and being a “noble” long-term investment they’d want to own despite expecting an initial IPO spike/overpricing. Nothing in the subsequent replies shows the target user backing off; the conversation context includes pushback from others, but the target user’s language is emphatic and conviction-based, suggesting they remain positive after the discussion.""}"
spacexipo_424,"{""stance"":""positive"",""reasoning"":""The target user expresses strong enthusiasm for SpaceX’s future scale and mission, calling it potentially one of the biggest companies on Earth and framing investment as a “noble” necessity for expansion into space. Even while acknowledging an IPO would likely be initially overpriced (300–400% spike), they still view it as a long-term, worthwhile investment. The subsequent skepticism from others doesn’t show the target user backing off or changing tone, so their stance remains positive after the conversation.""}"
spacexipo_426,"{""stance"":""positive"",""reasoning"":""The target user strongly endorses SpaceX’s future prospects and frames an IPO investment as worthwhile despite expecting an initial speculative spike and overvaluation. They argue SpaceX will become one of the biggest companies, is central to global launches, and represents a necessary, noble step for humanity’s expansion into space. Even when challenged about valuation/FCF, they defend high multiples as normal in today’s market and reiterate conviction in SpaceX’s long-term value and mission, indicating a clearly positive stance after the conversation.""}"
spacexipo_427,"{""stance"":""negative"",""reasoning"":""The target user repeatedly expresses strong opposition to an eventual SpaceX IPO, calling Musk-related investments “overpriced musk garbage,” dismissing pro-IPO arguments as “moronic,” and emphasizing that in a sane market companies should be valued on free cash flow rather than grand visions. The other user’s optimistic, humanity/future-focused pitch does not sway them; instead it triggers sharper pushback, indicating the conversation reinforces a negative stance.""}"
spacexipo_429,"{""stance"":""positive"",""reasoning"":""The target user repeatedly defends SpaceX’s IPO framing/valuation, argues SpaceX has an unmatched moat (reusable rockets, Starlink, Starship), downplays dilution/lockups, and explicitly states “I’ll be buying.” Despite strong pushback from another user, the target user becomes more combative and doubles down on the AI/space-based compute growth thesis rather than expressing doubt. The conversation appears to reinforce—not weaken—their pro-IPO stance.""}"
spacexipo_430,"{""stance"":""positive"",""reasoning"":""The target user consistently argues strongly in favor of SpaceX’s moat (reusable rockets, Starlink, Starship), dismisses concerns about valuation/prospectus framing as normal IPO marketing, and repeatedly reiterates intent to invest (“I’ll be buying”). Despite heavy pushback, they become more defensive and entrenched rather than persuaded, doubling down on long-term bullish theses like Starship-driven cost declines and even space-based data centers/lunar manufacturing. The conversation reinforces, not weakens, their pro-IPO stance.""}"
spacexipo_442,"{""stance"":""negative"",""reasoning"":""The target user frames a SpaceX IPO as misguided and unlikely to attract the kind of enthusiastic Musk-era investors they think it will, emphasizing Musk’s reputational decline and political extremism. They argue SpaceX faces growing competition (notably China in reusability) and that, aside from Starlink, the rest of the bundled businesses are \""money pits\"" or fantasies. Nothing in the subsequent replies appears to shift them toward optimism; if anything, others’ comments about “idiots” buying in and ETF-driven pumping reinforce their cynical view rather than changing it.""}"
spacexipo_443,"{""stance"":""negative"",""reasoning"":""The target user expresses strong distrust and opposition to the SpaceX IPO, arguing that any rule changes to fast-track index inclusion would be a scheme to funnel passive 401(k) money into the offering. They explicitly say they “would not buy it unless forced at gunpoint.” Although other users push back and call it fearmongering, there’s no indication the target user is persuaded or softens their view, so their stance remains clearly negative.""}"
spacexipo_444,"{""stance"":""negative"",""reasoning"":""The target user repeatedly argues the IPO would be a bad investment: they claim SpaceX’s fundamentals are \""flawed,\"" competition (especially from China) will erode advantage, and that only Starlink makes money while other ventures are \""money pits.\"" They also express distrust of Musk and suggest the listing would dump risk onto retail/401k investors, concluding they personally would not buy it. The other user’s clarification about 401k/QQQ mechanics doesn’t address the target user’s core skepticism about profitability and governance, so their stance remains negative after the conversation.""}"
spacexipo_445,"{""stance"":""negative"",""reasoning"":""The target user repeatedly argues the SpaceX IPO would be a mistake and “ridiculous,” emphasizing Musk’s diminished appeal, reputational/political baggage, and that SpaceX (rockets) is a money-pit R&D operation with Starlink as the only real revenue driver. They also cite rising competition (China catching up on reusability) and compare the IPO to “dumb” crypto ETF hype. The final counterpoint from another user doesn’t change the target user’s expressed skepticism, so their stance remains negative.""}"
spacexipo_446,"{""stance"":""negative"",""reasoning"":""The target user is strongly critical of Musk and skeptical of the investment case for a SpaceX IPO, arguing the “early Musk investor” base is gone, competition (especially China) is rising, and that aside from Starlink the rest are money pits or fantasies. Nothing in the replies provides persuasive counterarguments likely to shift them; one reply reinforces cynicism and the other is purely tactical trading rather than defending SpaceX fundamentals. Overall their stance remains negative.""}"
spacexipo_447,"{""stance"":""negative"",""reasoning"":""The target user is strongly critical of Musk and skeptical of the IPO’s premise, arguing the “early Musk investor” base is gone, competition (especially China) is catching up, and that most of the business mix beyond Starlink is unprofitable or unrealistic. The tone is distrustful and dismissive, indicating a negative stance toward a SpaceX IPO after the conversation.""}"
spacexipo_450,"{""stance"":""positive"",""reasoning"":""The target user argues strongly in favor of SpaceX’s long-term upside, explicitly defending the plausibility of massive valuation growth (comparing to Meta’s 14–15x since IPO) and outlining multiple future revenue/industry domination paths (global telecom via Starlink, space compute, orbital energy, satellites, robotics/drone transport, mining/colonization). Their language is enthusiastic and bullish (“If any industry can moon shot it’s SpaceX,” “people don’t realize what’s coming,” potential for $10T–$100T). The brief pushback from another user doesn’t soften or reverse the target user’s expressed optimism, so their stance after the conversation is positive.""}"
spacexipo_451,"{""stance"":""positive"",""reasoning"":""The target user argues strongly in favor of SpaceX’s long-term upside, explicitly entertaining $14–25T (and even $100T) potential valuations, calling it a unique “moon shot” industry with massive future markets (global telecom, orbital compute/energy, satellites, mining/colonization). Their tone is enthusiastic and forward-looking, framing SpaceX as a rare transformative opportunity rather than a hype trap. The final caution from another user doesn’t show the target user backing off, so their post-conversation stance remains clearly positive.""}"
spacexipo_454,"{""stance"":""negative"",""reasoning"":""The target user expresses clear skepticism about a SpaceX IPO as an investment: they say “We won’t” find out soon, note IPOs have low expected returns historically, frame gains as luck/speculation, and argue that a $1.75T valuation with no profitability amid high P/E ratios would imply unsustainably exponential growth and bubble risk. While they concede it’s possible and would be happy if SpaceX became an exception (and that it likely ends up in their index funds), their overall posture after the conversation remains doubtful/negative toward the IPO’s prospects as a good buy.""}"
spacexipo_455,"{""stance"":""neutral"",""reasoning"":""The target user never speaks in the transcript, so there’s no direct evidence of their view. The surrounding discussion is skeptical about IPO expected returns and questions extremely high valuations without profitability, which could nudge a reader toward caution, but without any response from the target user we can’t infer they adopted that skepticism. Therefore the best prediction is neutral.""}"
spacexipo_456,"{""stance"":""neutral"",""reasoning"":""The target user never speaks in the transcript, so there’s no direct evidence of their view. While another participant argues strongly against participating in a SpaceX IPO (poor expected IPO returns, bubble/valuation concerns), we can’t reliably infer that the target user adopts that stance. With insufficient evidence of the target user’s own opinion or a clear shift, the best prediction is neutral.""}"
spacexipo_457,"{""stance"":""neutral"",""reasoning"":""The target user never speaks in the provided transcript, and the only visible comment (from another user) merely questions Morningstar’s estimates without expressing a clear pro/anti view on a SpaceX IPO. With no direct evidence of the target user’s opinion or any interaction indicating persuasion, the safest prediction is neutral.""}"
spacexipo_458,"{""stance"":""neutral"",""reasoning"":""The target user never appears in the provided transcript and expresses no opinion about a SpaceX IPO. The only message is a general valuation question from another user, which doesn’t provide evidence of the target user’s post-conversation attitude shifting positive or negative. With insufficient information, the stance is best classified as neutral.""}"
spacexipo_461,"{""stance"":""negative"",""reasoning"":""The target user expresses distrust in the current indexing/market rule framework (“That has changed”), implying they see recent changes—contextually including high-profile inclusions like a potential SpaceX IPO—as no longer aligned with investors’ interests. They do not show enthusiasm about owning SpaceX via an index and instead signal concern about how such events alter passive investing assumptions, which points to a negative stance toward the SpaceX IPO.""}"
spacexipo_463,"{""stance"":""neutral"",""reasoning"":""The target user never speaks in the transcript, so there is no direct evidence of their attitude toward a SpaceX IPO. The other users discuss index inclusion and comparisons to Tesla, but without any response from the target user, we can’t infer whether they became more supportive or opposed. With insufficient evidence of the target user’s post-conversation view, the safest classification is neutral.""}"
spacexipo_464,"{""stance"":""neutral"",""reasoning"":""The transcript contains only a question from another user and no statements from the target user. There is no evidence of the target user expressing support for or opposition to a SpaceX IPO, nor any indication of how the discussion influenced them. With insufficient information about the target user’s views, the most defensible prediction is neutral.""}"
spacexipo_465,"{""stance"":""neutral"",""reasoning"":""The transcript contains only an [OTHER USER] message and no statements from the [TARGET USER]. Without any explicit reaction or position from the target user, there isn’t enough evidence to infer whether they feel positively or negatively about a SpaceX IPO after this exchange.""}"
spacexipo_469,"{""stance"":""negative"",""reasoning"":""The target user frames a SpaceX IPO under the proposed Nasdaq rule changes as “corrupt,” warns it would undermine price discovery and force passive/retirement investors to buy a thin-float mega-IPO, and explicitly urges complaints to regulators and media to stop or delay it. Nothing in the replies appears to soften this view; if anything, the skepticism about impact doesn’t change the user’s apparent opposition to the IPO under these conditions.""}"
spacexipo_471,"{""stance"":""negative"",""reasoning"":""The target user expresses strong suspicion and disapproval of rule changes that could facilitate SpaceX’s inclusion in major indices, implying concern about Musk’s influence and potential impropriety (\""unique reason Musk wants it this way,\"" \""rule exists for a reason,\"" \""Something is seriously shady\""). This tone indicates a negative stance toward a SpaceX IPO under these circumstances rather than enthusiasm or neutrality.""}"
spacexipo_473,"{""stance"":""negative"",""reasoning"":""The target user expresses concern that a SpaceX IPO is tainted by the inclusion of xAI and Twitter/X, which they describe as “incredibly expensive moneylosers,” implying this makes the IPO unattractive or risky. They add that they’d be fine with an IPO of only SpaceX, but given the current structure they view it negatively. No later message from the target user indicates a shift toward a more favorable view.""}"
spacexipo_474,"{""stance"":""negative"",""reasoning"":""The target user frames the pre-IPO contract announcement as deliberate hype to inflate valuation (“pumping up the stock,” “ensure a good IPO price”) and questions the timing, implying manipulation rather than genuine business need. Even while acknowledging strong returns (“100x-ed”), their overall tone is skeptical and critical of the IPO dynamics.""}"
spacexipo_475,"{""stance"":""negative"",""reasoning"":""The target user frames the SpaceX IPO as part of a broader bubble and implies Google’s announced compute deal is largely promotional rather than substantive, motivated by incentives to justify valuations and inflate the stake’s value ahead of an IPO. They emphasize the small real commitment versus headline numbers and express skepticism about the legitimacy/necessity of the arrangement, indicating a bearish view of the IPO and its surrounding hype.""}"
spacexipo_476,"{""stance"":""negative"",""reasoning"":""The target user argues the Google/SpaceX compute deal is largely optics meant to justify inflated valuations ahead of an IPO, repeatedly framing it as part of a broader bubble and suggesting incentives to hype demand rather than reflecting genuine necessity. They emphasize the commitment is small relative to the announced headline number and imply this is about propping up valuations, indicating a skeptical/negative view of the SpaceX IPO prospects and narrative.""}"
spacexipo_477,"{""stance"":""negative"",""reasoning"":""The target user focuses on SpaceX as a high-hype, potentially index-heavy IPO that could create systemic risk if the promised “AI + space infrastructure” narrative fails due to physical/engineering limits. Their framing treats the IPO as more of a dangerous bubble-like catalyst than a value opportunity, and nothing in the exchange suggests their concerns were alleviated—if anything, they align with the other user’s skepticism about Musk-related investing.""}"
spacexipo_478,"{""stance"":""neutral"",""reasoning"":""The target user discusses technical index-inclusion mechanics (NASDAQ applying a 3x multiplier that could inflate benchmark weight relative to float) and links an article, but does not express approval or disapproval of the IPO itself. Their comment is more analytical/observational than evaluative, so there isn’t enough evidence of a positive or negative stance toward the SpaceX IPO.""}"
spacexipo_483,"{""stance"":""negative"",""reasoning"":""The target user dismisses the IPO’s attractiveness, emphasizing that SpaceX’s revenue is a tiny fraction of the implied IPO valuation and that growth is decelerating year over year. Their rhetorical question (“Does it even matter?”) signals skepticism and a bearish view, and nothing in the conversation indicates they were persuaded otherwise.""}"
spacexipo_484,"{""stance"":""neutral"",""reasoning"":""The target user never states an opinion about a SpaceX IPO, investing, or whether going public would be good or bad. The conversation is about Elon Musk’s credibility and broken promises in general, which could indirectly sour sentiment, but there’s no explicit link to SpaceX’s IPO prospects or any clear indication the target user became for/against it. With insufficient evidence of a definite stance, the best prediction is neutral.""}"
spacexipo_488,"{""stance"":""negative"",""reasoning"":""The target user argues Starlink alone could justify a high valuation but frames the rest of the IPO narrative as speculative and risky, calling the space-datacenter/AI angle “complete nonsense,” “a grift,” and an attempt to “hijack the AI bubble to inflate their stock price to maximise their IPO gains.” This indicates a strongly negative stance toward the SpaceX IPO after the conversation.""}"
spacexipo_489,"{""stance"":""negative"",""reasoning"":""The target user is skeptical of the IPO narrative and views recent AI/space-compute talk as opportunistic. While they think Starlink alone could justify very high valuation, they explicitly call the datacenters-in-orbit plan “complete nonsense,” describe the IPO timing as a “grift,” and argue SpaceX is “pretending to be an AI company” to hijack the AI bubble and inflate the stock price. That framing indicates a negative stance toward the SpaceX IPO after the conversation.""}"
spacexipo_490,"{""stance"":""negative"",""reasoning"":""The target user expresses strong skepticism about the IPO narrative, calling the space-datacenter/AI angle “complete nonsense” and explicitly labeling it a “grift” aimed at hijacking the AI bubble to inflate the stock price for IPO gains. While they acknowledge Starlink could justify a very high valuation (~$500B), they frame the rest of the story (Grok/AGI, orbital GPUs) as massive-risk speculation and not credible, leading to an overall negative stance toward the SpaceX IPO after the conversation.""}"
spacexipo_516,"{""stance"":""positive"",""reasoning"":""The target user is strongly optimistic about the IPO’s profit potential, suggesting it could \""retire a whole lot of people\"" and describing the possibility of the \""biggest green candle\"" on IPO morning. Despite others warning it may crash, the target user doubles down, saying they’re \""riding in the sunset with calls,\"" indicating a bullish, pro-IPO stance after the conversation.""}"
spacexipo_520,"{""stance"":""positive"",""reasoning"":""The target user expresses strong enthusiasm and confidence about SpaceX’s success (“Get fucked haters”) and frames profitability as a major win. The other user’s EBITDA critique may introduce doubt, but there’s no indication the target user accepts it or moderates their view, so their stance remains positive.""}"
spacexipo_524,"{""stance"":""neutral"",""reasoning"":""The target user expresses mixed feelings: they expect the SpaceX IPO could follow a bag-holder/overhyped trajectory like VCX (skeptical/negative), but also believes “everything [Elon] touches turns to gold,” would buy more at the right price, and actively looks for ways to access SpaceX/Anthropic shares pre-IPO (interest/positive). With both caution and eagerness present and no clear shift to a firmly positive or negative view after the conversation, the most supported stance is neutral.""}"
spacexipo_525,"{""stance"":""negative"",""reasoning"":""The target user explicitly says they have a feeling the SpaceX IPO will take the same trajectory as VCX, which they describe as having many bag holders—implying a post-IPO drop and investors getting stuck. Although they express interest in owning SpaceX/Anthropic via secondary markets and acknowledge SpaceX/Elon’s ability to create value, their stated expectation about the IPO outcome is pessimistic, so their stance toward the SpaceX IPO after the conversation is negative.""}"
spacexipo_529,"{""stance"":""positive"",""reasoning"":""The target user indicates strong buy interest if the price drops (“If it goes below $100 I’m backing up the truck”), signaling a bullish/positive stance toward investing in the IPO/stock. Despite pushback about valuation and profitability, the target user does not soften or reverse their view; they dismiss the criticism (“Then don’t buy”) and remain defensive rather than persuaded, so their stance stays positive after the exchange.""}"
spacexipo_530,"{""stance"":""negative"",""reasoning"":""The target user explicitly expresses discomfort and distrust about IPO promotion (“legitimately weirded out,” “I want nothing to do with any of it”) in response to brokerage marketing around IPOs. The other user reinforces the ‘creepy’ marketing framing, which would likely further entrench the target user’s aversion. There’s no counterargument presented that could shift them toward interest in a SpaceX IPO, so their stance after the conversation is negative.""}"
spacexipo_533,"{""stance"":""negative"",""reasoning"":""The target user explicitly expresses discomfort and distrust toward the IPO-related outreach (“legitimately weirded out”) and clearly states they want no involvement (“I want nothing to do with any of it”), indicating a negative stance toward the SpaceX IPO after the conversation.""}"
spacexipo_538,"{""stance"":""neutral"",""reasoning"":""The transcript contains only an OTHER USER’s pro-SpaceX/pro-exposure argument and no messages from the identified [TARGET USER]. With no evidence of the target user’s prior view or any reaction to the argument, there isn’t enough information to infer a positive or negative stance change, so neutral is the safest prediction.""}"
spacexipo_539,"{""stance"":""positive"",""reasoning"":""The target user expects SpaceX to rise in the short term after IPO, saying even “dumbest friends” would buy at IPO price and concluding “It’s going up short term like most IPOs do.” The later reply is just an insult from another user and doesn’t provide counterarguments that would likely change the target user’s expressed expectation of gains.""}"
spacexipo_541,"{""stance"":""negative"",""reasoning"":""The target user repeatedly frames the SpaceX IPO as “unprecedentedly dumb,” a vehicle to “transfer wealth from people’s 401ks into muskrat’s pockets,” and calls the index-weighting mechanics “bullshit.” The follow-up about Nasdaq applying a 3x multiplier reinforces their view that the IPO process is distorted and harmful, with no indication their stance softened—if anything, the additional details validate and intensify their negativity.""}"
spacexipo_542,"{""stance"":""negative"",""reasoning"":""The target user strongly criticizes the idea of a SpaceX IPO, calling a potential $2T valuation “unprecedentedly dumb,” framing the IPO/ETF inclusion as a mechanism to “transfer wealth from people’s 401ks into muskrat’s pockets,” and suggesting avoidance (even selling broad ETFs) to escape the impact. This indicates a clearly negative stance after the conversation.""}"
spacexipo_543,"{""stance"":""negative"",""reasoning"":""The target user frames a SpaceX IPO as \""unprecedentedly dumb,\"" argues it would be forced into ETFs, and characterizes it as a mechanism to transfer wealth from 401(k) holders to Elon Musk. Nothing in the conversation suggests their view softened; they remain strongly critical of the IPO and its market/ETF implications.""}"
spacexipo_544,"{""stance"":""positive"",""reasoning"":""The target user is strongly bullish on the IPO, explicitly saying the stock will “moon for the next 24 months minimum” and pushing back against crash concerns. Although another user challenges Musk’s track record and implies accounting/revenue issues, there’s no indication the target user concedes or softens; their tone remains defensive and confident, so their post-conversation stance is still positive.""}"
spacexipo_559,"{""stance"":""negative"",""reasoning"":""The target user argues that SpaceX is seeking an IPO valuation around 100x sales and explicitly says the space TAM is not large enough to justify SpaceX’s valuation. They also claim SpaceX’s own IPO narrative would rely on “AI” rather than core space/communications to support the market cap. Even though they don’t advocate buying RKLB or SpaceX, their comments indicate skepticism toward SpaceX’s IPO valuation and thus a negative stance toward the SpaceX IPO.""}"
spacexipo_560,"{""stance"":""negative"",""reasoning"":""The target user repeatedly frames a SpaceX IPO as overvalued (citing an extremely high P/S), risky, and driven by hype/low float/ETF flows rather than fundamentals. They explicitly say they \""are not going to touch spacex,\"" outline downside scenarios (Starlink competition, money-losing AI division), and contrast SpaceX unfavorably with Rocket Lab’s focus and leadership. Nothing in the conversation suggests they become more favorable afterward.""}"
spacexipo_562,"{""stance"":""positive"",""reasoning"":""The target user repeatedly defends SpaceX/Starlink’s long-term economics and competitive moat, arguing competitors’ unit economics “don’t work,” Starship will dramatically lower costs, and that SpaceX will remain uncatchable for ~10 years. Although they concede SpaceX may be overvalued, their overall posture toward a SpaceX IPO is favorable (they frame it as providing capital to extend an already-dominant position and view it as a superior bet versus Rocket Lab).""}"
spacexipo_563,"{""stance"":""positive"",""reasoning"":""The target user pushes back against the idea that a SpaceX IPO would be a “bagholding event,” jokes it will “100x” on day one, questions the skepticism, and explicitly argues SpaceX’s reusable rockets give it clear product/value superiority over other space launch companies. Despite disclaiming being an Elon shill, their comments indicate a favorable view of SpaceX’s prospects and thus a positive stance toward the IPO.""}"
spacexipo_564,"{""stance"":""negative"",""reasoning"":""The target user is strongly critical of the idea of a SpaceX IPO, framing it as a Musk-driven scheme to exploit retail investor FOMO and inflate valuation detached from fundamentals (“meme-lords,” “Ponzi,” “infinite money glitch,” “buying tokens”). They argue the floated stake would be insignificant and primarily used to create a hype-driven paper valuation for borrowing power, not genuine ownership. The back-and-forth doesn’t soften their view; they double down and defend their interpretation against other users’ pushback. Overall, their stance after the conversation remains clearly negative toward a SpaceX IPO.""}"
spacexipo_566,"{""stance"":""negative"",""reasoning"":""The target user repeatedly frames SpaceX as an even worse investment than Tesla, explicitly tying this to what they view as an inflated IPO valuation (“based on the valuation that Elon keeps stating”) and dismissing the idea that SpaceX has unique, defensible advantages (“There is no magic”). Even after another user argues SpaceX has an effective monopoly and strong government demand, the target user pushes back (competition exists globally), showing no sign of being persuaded toward a more favorable view. Overall their post-conversation stance remains negative toward a SpaceX IPO.""}"
spacexipo_567,"{""stance"":""negative"",""reasoning"":""The target user repeatedly argues SpaceX is not profitable (especially after absorbing xAI/X losses), emphasizes large and growing debts/costs, and claims an IPO would be a rushed attempt to “cash in on retail investors before the collapse.” Their tone is strongly skeptical and adversarial, and nothing in the conversation appears to shift them toward a more favorable view.""}"
spacexipo_571,"{""stance"":""positive"",""reasoning"":""The target user expresses optimism that SpaceX’s IPO would likely rise after listing, saying there’s a “really good chance for it to go up.” Nothing in the conversation challenges or changes that view, so their post-conversation stance remains positive.""}"
spacexipo_572,"{""stance"":""neutral"",""reasoning"":""The target user is highly skeptical of a trillion-plus IPO valuation and questions the revenue growth story, but doesn’t categorically oppose an IPO or conclude it’s impossible. The replies introduce a plausible bullish angle (Starlink growth, launch-cost advantage, near-monopoly), yet the thread also contains pushback on the more speculative ‘space data center’ thesis. With no follow-up from the target user indicating they were convinced or further hardened against it, the best prediction is they remain unconvinced but open to being shown a credible growth path—overall neutral after the conversation.""}"
spacexipo_573,"{""stance"":""neutral"",""reasoning"":""The target user is skeptical of a trillion-plus IPO valuation and explicitly questions what future prospects could justify 35x revenue growth, indicating doubt about a bullish growth story. However, they also frame their position as seeking understanding rather than outright opposition, and they remain open to being convinced if a credible growth narrative exists. The later reply about Starship potentially undercutting SLS provides a plausible revenue/cost-advantage angle, but the target user hasn’t responded with agreement or changed their view. Net: still unconvinced but inquisitive → neutral.""}"
spacexipo_574,"{""stance"":""neutral"",""reasoning"":""The target user is skeptical about a trillion-dollar IPO valuation and questions where 35x revenue growth would come from, indicating doubts about prospects like Mars and whether current businesses justify the price. However, they also state they believe it will 'inevitably' be a trillion-dollar company and ask for clarification rather than rejecting the IPO outright. The only reply (Starlink as moneymaker) is brief and unlikely to substantially shift their view, leaving them cautious/undecided overall.""}"
spacexipo_575,"{""stance"":""neutral"",""reasoning"":""The target user expresses strong skepticism about a trillion‑plus IPO valuation, questioning revenue growth and Mars prospects, but they also state they believe it will “inevitably” be a trillion‑dollar company. The other user’s bullish Starlink argument could slightly counterbalance the skepticism, yet there’s no indication the target user is convinced. Overall, the conversation leaves them doubtful but not definitively opposed, so neutral is the best fit.""}"
spacexipo_576,"{""stance"":""neutral"",""reasoning"":""The target user never expresses any opinion about a SpaceX IPO, investing, or whether holding/selling SpaceX stock is good or bad. The only content is another user’s optimistic comparison to Tesla, but there’s no evidence the target user adopts or reacts to it. With no explicit stance or observable shift, the safest prediction is neutral.""}"
spacexipo_584,"{""stance"":""negative"",""reasoning"":""The target user expresses a clearly pessimistic view of a SpaceX IPO, stating that 'retail always pays' and predicting a post-IPO crash, retail capitulation at a loss, a temporary pump on news, and another crash around the first earnings report. This indicates distrust and expectation of retail losses rather than optimism or neutrality.""}"
