conv_id,response
ubi_0,"{""stance"":""positive"",""reasoning"":""The target user explicitly agrees UBI would be a “great safety net for people in poverty” and argues against the idea that UBI would universally raise prices due to competition. While they remain concerned about rent increases, they engage constructively with proposed mitigations (e.g., land value tax) rather than rejecting UBI, indicating overall support with policy caveats.""}"
ubi_1,"{""stance"":""positive"",""reasoning"":""The target user argues against the idea that UBI would universally raise prices, citing competition (e.g., BIC pens) and explicitly says they changed their perception from the inflation concern. They acknowledge some risk of price increases in low-competition/essential markets (rent, cable/internet) but treat these as limited cases solvable via competition or regulation rather than a reason to reject UBI. Overall, they defend UBI against key criticisms and remain more supportive than skeptical after the exchange.""}"
ubi_3,"{""stance"":""positive"",""reasoning"":""The target user argues that AI/automation could cause unprecedented, large-scale technological unemployment and says it is \""obvious\"" we should experiment with safety nets for that risk. They explicitly defend Andrew Yang’s Freedom Dividend as a potentially necessary first step, caution against demonizing UBI, and conclude that humanity needs to start testing universal basic incomes at larger scale. Their later comments further integrate basic income into a broader vision for a post-scarcity transition (listing \""Basic Income\"" as a key component), indicating an overall supportive stance rather than skepticism or neutrality.""}"
ubi_5,"{""stance"":""positive"",""reasoning"":""The target user defends the idea of giving people money unconditionally, arguing misuse should be handled through existing institutions (school/CPS/criminal justice) rather than by withholding payments. They explicitly frame receiving the money as a 'right' and maintain it should continue even in cases of parental neglect, indicating a supportive stance toward universal basic income.""}"
ubi_6,"{""stance"":""neutral"",""reasoning"":""The target user never speaks in the transcript, so there’s no direct evidence of their prior or updated view. While the conversation contains strong anti-UBI arguments (cost, sustainability, universality vs means-testing) and pro-UBI rebuttals, we cannot reliably infer how the target user would be persuaded by either side. With insufficient evidence about the target user’s reactions or commitments, the best prediction is neutral.""}"
ubi_7,"{""stance"":""neutral"",""reasoning"":""The target user only explains how a Negative Income Tax (NIT) would work and agrees with another user’s understanding of it. They do not express approval or disapproval of UBI, nor do they compare UBI to NIT themselves. Although the conversation invites a comparison (UBI described as simpler/fairer), the target user hasn’t responded to that point in the transcript, so there isn’t enough evidence to infer a positive or negative stance shift toward UBI.""}"
ubi_8,"{""stance"":""positive"",""reasoning"":""The target user rejects the blanket anti-welfare claim and treats it as dangerous misinformation that “needs defending.” They then argue that current policy fails to address poverty, that markets are making self-sufficiency harder, and that people are “better able to be personally responsible in a robust welfare state.” Even while conceding welfare may “enable dependency” in a literal sense, they frame expanded support as necessary and beneficial overall. Nothing in the exchange suggests they were persuaded toward opposition; their replies consistently defend stronger welfare-like interventions, which aligns with a positive stance toward UBI.""}"
ubi_9,"{""stance"":""positive"",""reasoning"":""The target user defends UBI against concerns about funding collapse and work disincentives, arguing collapse is not inevitable and offering multiple reasons people would still work (prestige, higher consumption beyond basics, and personal fulfillment). Their tone is supportive and they do not concede the counterargument, indicating a positive stance after the exchange.""}"
ubi_10,"{""stance"":""negative"",""reasoning"":""The target user repeatedly argues against UBI on fiscal, political, and economic grounds: they call it unrealistic due to ~$2T annual cost, believe it has “zero chance” politically, and contend it’s less sustainable than targeted entitlements. They reject automation-driven necessity for UBI, framing automation fears as a recurring ‘luddite’ boogeyman and insisting workers can retrain as in past technological shifts. They also argue UBI would either be too low to help or high enough to distort labor markets, would fail to replace disability/needs-based programs, and would trigger inflationary/ratcheting demands leading to collapse. Nothing in the subsequent exchange appears to soften or change their view; they double down on retraining and skepticism.""}"
ubi_11,"{""stance"":""negative"",""reasoning"":""The target user repeatedly argues strongly against UBI on feasibility and sustainability grounds: they emphasize the enormous fiscal scale (~$2T/year), predict it would be politically impossible, economically destabilizing, and less sustainable than targeted entitlements. They reject means-testing as no longer being ‘universal’ and dismiss claims that UBI could coexist with other programs. In their replies they double down rather than soften, showing no sign of being persuaded by counterarguments, so their post-conversation stance remains clearly negative.""}"
ubi_12,"{""stance"":""negative"",""reasoning"":""The target user consistently argues strongly against UBI on feasibility and design grounds: they emphasize the ~$2T/year scale, claim it has “zero chance,” and repeatedly call it unsustainable, inflationary, and worse than targeted entitlements. In replies they reject redefining UBI as means-tested (“that’s not universal”), dismiss running UBI alongside existing programs as economically catastrophic, and reiterate that without oil-style resource revenue it won’t work for a large-population country. The other user’s pro-UBI arguments do not soften the target user’s position; instead the target user doubles down. Therefore their post-conversation stance remains negative.""}"
ubi_15,"{""stance"":""positive"",""reasoning"":""The target user actively defends UBI against multiple criticisms, arguing it would gain broad support, can be means-tested, can coexist with other welfare programs, should adjust with inflation, is sustainable by cutting other spending (e.g., defense), and would improve quality of life, wages, and worker stress. Nothing in the exchange suggests they were persuaded away from UBI; they maintain and elaborate a pro-UBI position throughout.""}"
ubi_16,"{""stance"":""positive"",""reasoning"":""The target user repeatedly defends UBI against multiple criticisms, argues it would improve quality of life, raise wages, reduce stress, and can be sustained by reallocating spending (e.g., defense). They also proposes design details (means testing, varying by state, inflation indexing, running alongside other programs), indicating strong support rather than neutrality or opposition. Even after pushback about definitions and fiscal math, there’s no sign the target user concedes or shifts away from supporting UBI.""}"
ubi_18,"{""stance"":""negative"",""reasoning"":""The target user pushes back on UBI on definitional and fiscal grounds, arguing that means-testing makes it no longer UBI and that a true poverty-level universal payment would cost about $2.3T/year—around 72% of 2016 federal revenues—making it clearly unaffordable via typical budget reallocations like defense cuts. Their tone and calculations indicate strong skepticism, and nothing in the subsequent reply appears to shift them toward support.""}"
ubi_20,"{""stance"":""positive"",""reasoning"":""The target user strongly defends UBI (specifically Yang’s Freedom Dividend) throughout the conversation, rebutting fairness, dependency, VAT, and “neo-feudalism” objections. They argue it increases worker freedom, prevents exploitation, is indexed to inflation/productivity, and is financially feasible with detailed revenue/cost breakdowns and sources. Nothing in the exchange suggests their support weakens; if anything, their sustained, data-heavy advocacy indicates a firmly positive stance after the conversation.""}"
ubi_21,"{""stance"":""neutral"",""reasoning"":""The target user defends Yang’s UBI-related criticism by pointing to a separate policy to help single parents, suggesting some openness to the overall proposal. However, they don’t explicitly endorse UBI itself or argue for its broader benefits, and the surrounding conversation is largely critical (regressivity, harm to current benefit recipients), with no clear sign the target user’s view shifts strongly positive or negative. Net stance after the exchange is best classified as neutral.""}"
ubi_22,"{""stance"":""neutral"",""reasoning"":""The target user never speaks in the transcript, so there’s no direct evidence of their view on universal basic income or any reaction to the other user’s conditional support/criticisms of Yang’s UBI proposal. With insufficient information to infer a shift, the safest prediction is neutral.""}"
ubi_24,"{""stance"":""neutral"",""reasoning"":""The target user never speaks in the transcript, so there’s no direct evidence of their views on universal basic income or how the arguments affected them. While other users present pro-UBI points and raise a concern about incentives to have more children, we can’t reliably infer the target user’s post-conversation stance from this alone. With insufficient evidence, the best prediction is neutral.""}"
ubi_25,"{""stance"":""positive"",""reasoning"":""The target user explicitly defends UBI against the claim that it disincentivizes work, arguing that unlike means-tested welfare it removes productivity cliffs, preserves incentives to earn more, and functions as a non-torturous safety net that can enable people to seek work, start businesses, or learn skills. They also challenge the anti-tax framing and show no sign of being persuaded by the other user's objections, instead rebutting them in detail. Overall, the conversation reinforces a pro-UBI stance.""}"
ubi_27,"{""stance"":""neutral"",""reasoning"":""The transcript contains no statements or arguments from the target user (or anyone else) about universal basic income—only a deleted message from another user. With no evidence of the target user’s views or any persuasive context that could shift them, the safest prediction is neutral.""}"
ubi_28,"{""stance"":""neutral"",""reasoning"":""The target user never speaks in the transcript, so there’s no direct evidence of their views on universal basic income or how the discussion affected them. While other users present mostly pro-UBI/NIT arguments with a brief concern about per-child credits, we cannot reliably infer the target user’s post-conversation stance from this alone. Therefore, the safest classification is neutral.""}"
ubi_29,"{""stance"":""neutral"",""reasoning"":""The transcript contains no message from the [TARGET USER], only from other users debating UBI. Without any explicit statement or observable reaction from the target user, there isn’t enough evidence to infer whether they end up supportive or opposed after the conversation, so the safest prediction is neutral.""}"
ubi_30,"{""stance"":""neutral"",""reasoning"":""The target user never speaks in the provided transcript, so there’s no direct evidence of their view on universal basic income or how the other user’s negative framing influenced them. With insufficient information about the target user’s reaction or prior stance, the best prediction is neutral.""}"
ubi_32,"{""stance"":""positive"",""reasoning"":""The target user explicitly argues in favor of universal basic income (especially via a negative income tax), listing multiple perceived benefits (simplifying welfare/taxes, reducing poverty traps, improving incentives and labor-market adaptation, addressing homelessness/hunger) and directly rebutting the common objection that it would reduce work. Even after being challenged about costs and program cuts, the target user responds by defending feasibility through reallocating existing welfare/tax expenditures and progressive taxation, indicating continued support rather than wavering. The conversation ends with criticism from another user, but there is no sign the target user changes their view; their prior and follow-up comments remain strongly pro-UBI/NIT.""}"
ubi_35,"{""stance"":""positive"",""reasoning"":""The target user explicitly argues in favor of universal basic income/negative income tax, calling it an optimal policy, listing multiple advantages (simplifying welfare/taxes, reducing poverty traps, improving incentives and labor-market functioning, supporting intrinsic motivation, counter-cyclical demand), and directly rebutting the common objection that people would stop working. They end by expressing a desire for a society without homelessness and hunger and endorse UBI/NIT as a means toward that. Nothing in the subsequent reply challenges them in a way that would plausibly shift their view, so their stance remains strongly positive.""}"
ubi_37,"{""stance"":""positive"",""reasoning"":""The target user is strongly supportive of universal basic income (specifically via a negative income tax). They present multiple pro-UBI arguments (welfare/tax simplification, reducing poverty traps, improving incentives and labor-market adjustment, intrinsic motivation, counter-cyclical demand support), explicitly rebut the “people won’t work” concern, and close with a normative endorsement (ending homelessness/hunger, supporting meritocracy). The other user’s skeptical comment does not elicit any shown change in the target user’s view, so their post-conversation stance remains clearly positive.""}"
ubi_39,"{""stance"":""positive"",""reasoning"":""The target user explicitly argues in favor of universal basic income (especially via a negative income tax), calling it non-fringe and outlining multiple benefits: simplifying welfare/taxes, reducing poverty traps and inefficiencies, improving incentives and labor-market outcomes, supporting skill development and consumer demand, and disputing the claim it would cause mass work refusal. They end by endorsing the goal of eliminating homelessness and hunger and say they’d prefer such a society, indicating a clearly supportive stance after the conversation.""}"
ubi_40,"{""stance"":""negative"",""reasoning"":""The target user repeatedly derides the basic income proposal as a “deeply problematic meme,” rejects even preliminary calculations as fostering political “inanities,” and emphasizes fears of centralized bureaucratic control and abuse inherent in a universal/single-source income system. Nothing in the exchange softens this view; if anything, the argument escalates and reinforces their opposition.""}"
ubi_43,"{""stance"":""positive"",""reasoning"":""The target user explicitly defends universal basic income multiple times, framing it as an economist-backed, efficient replacement for existing welfare programs, a useful Keynesian stimulus tool, and a check on wealth concentration. They dismiss concerns about mass laziness, inflation, and political “mobs” as silly and argue people’s consumption preferences exceed what a basic income would cover. Their tone becomes increasingly combative but remains consistently pro-UBI throughout, with no indication the opposing arguments changed their view.""}"
ubi_45,"{""stance"":""positive"",""reasoning"":""The target user defends UBI as a limited cash transfer pegged around the poverty line and argues it would cover only basic necessities, not disincentivize work for anyone wanting higher living standards. They repeatedly clarify misconceptions and justify why exaggerated 'necessity' claims wouldn’t change the payout, indicating a supportive (though pragmatic) view rather than opposition or indifference.""}"
ubi_46,"{""stance"":""neutral"",""reasoning"":""The target user does not appear in the transcript, so there’s no direct evidence of their views or any reaction to the arguments presented. Without any statements or identifiable responses from the target user, we can’t infer whether the conversation shifted them toward supporting or opposing universal basic income.""}"
ubi_47,"{""stance"":""neutral"",""reasoning"":""The target user’s only contribution is a sarcastic challenge about excluding children (“Why do you hate them and want them to die?”), which critiques the specific adult-only design rather than rejecting universal basic income itself. They don’t state support for or opposition to UBI in general, and the reply they receive doesn’t clearly move them toward or away from UBI—so there isn’t enough evidence to infer a positive or negative stance overall.""}"
ubi_48,"{""stance"":""neutral"",""reasoning"":""The transcript contains only another user expressing support for universal basic income (with a condition about having no more than one child). The target user does not speak, so there’s no direct evidence of their view or any observable shift in response to the comment. With insufficient information about the target user’s stance after the conversation, the best prediction is neutral.""}"
ubi_50,"{""stance"":""positive"",""reasoning"":""The target user repeatedly defends basic income against the “socialist” label, frames it as more compatible with free-market/libertarian principles than the current welfare/tax system, and emphasizes its efficiency and autonomy (“here’s money. Find a roof…”). They provide a citation to support Friedman’s association with the idea and respond to market-distortion concerns by proposing mitigations (e.g., social housing) rather than retreating from the policy. Overall, their comments show clear support and no sign of being persuaded away from it by the objections raised.""}"
ubi_51,"{""stance"":""neutral"",""reasoning"":""The target user never speaks in the transcript, so there’s no direct evidence of their view. The conversation presents both strong pro-UBI/NIT arguments (efficiency, poverty traps, labor-market adaptation) and strong skepticism based on personal anecdotes about welfare misuse and work disincentives. With no indication of which side the target user finds persuasive, the safest prediction is neutral.""}"
ubi_52,"{""stance"":""neutral"",""reasoning"":""The target user repeatedly clarifies they are not advocating for or against UBI and that their spreadsheet was exploratory to see if the idea is workable. They note their own conclusion found the approach flawed and would require many tweaks, and even mention they’d personally take a financial hit—signs of skepticism but not outright opposition. The other user argues strongly against UBI on political/centralization grounds, but the target user does not engage with those arguments substantively or adopt them; they mainly object to the hostility and defend doing preliminary analysis. Overall, the conversation leaves the target user still undecided rather than clearly positive or negative.""}"
ubi_54,"{""stance"":""neutral"",""reasoning"":""The target user never speaks in the transcript, so there’s no direct evidence of their prior view or any expressed reaction to the pro-UBI arguments or the work-disincentive concern raised at the end. Without any explicit statements or identifiable engagement from the target user, we can’t infer a reliable shift toward support or opposition, so the safest prediction is neutral.""}"
ubi_55,"{""stance"":""neutral"",""reasoning"":""The transcript contains only messages from other users advocating for a basic income/negative income tax and raising an implementation question about cost-of-living differences. The target user never speaks, so there’s no direct evidence of their view or any observable change in attitude after the discussion. Without any explicit reaction or engagement from the target user, the safest prediction is neutral.""}"
ubi_56,"{""stance"":""positive"",""reasoning"":""The target user argues in favor of providing a basic income via a negative income tax, discusses concrete funding mechanisms (mix of regressive and progressive taxes, wealth tax ideas), and suggests policy complements (minimum wage) to avoid it becoming a business subsidy. Their comments are constructive and supportive of implementing an NIT/UBI rather than skeptical or opposed, and there’s no indication the later pushback changes their view.""}"
ubi_57,"{""stance"":""neutral"",""reasoning"":""The target user expresses mixed views: they acknowledge a basic income could be the future given automation and are open to seeing real-world trials (e.g., Switzerland), but they also emphasize it is unproven and worry that without the need-to-survive pressure people may lack motivation to work. This combination of cautious openness and significant skepticism indicates a neutral stance overall rather than clearly positive or negative.""}"
ubi_58,"{""stance"":""neutral"",""reasoning"":""The target user never speaks in the transcript, so there’s no direct evidence of their position. While other participants argue both against and in favor of UBI (with some pro-UBI rebuttals), we can’t reliably infer how the target user would be influenced or what they would conclude. With insufficient evidence of the target user’s attitude after the conversation, the safest prediction is neutral.""}"
ubi_60,"{""stance"":""positive"",""reasoning"":""The target user explicitly endorses a “major benefit” of basic income—broad-based support because almost everyone benefits—and frames opposition as limited to the super-wealthy facing higher taxes. This indicates a favorable view of UBI rather than neutrality or skepticism.""}"
ubi_61,"{""stance"":""neutral"",""reasoning"":""The target user never speaks in the transcript, so there is no direct evidence of their attitude toward universal basic income or any reaction to the arguments presented. Without any explicit statement or identifiable response from the target user, the safest prediction is neutral.""}"
ubi_62,"{""stance"":""neutral"",""reasoning"":""The target user expresses mixed feelings: they acknowledge that with a basic income they would stop doing unpleasant low-wage work and see UBI as a plausible future given automation (some openness/positive inclination), but they also explicitly say they think it’s unproven, want to see real-world evidence (e.g., Switzerland), and worry people may lack motivation (“get off the couch”). This combination suggests neither clear support nor clear opposition after the conversation.""}"
ubi_64,"{""stance"":""positive"",""reasoning"":""The target user argues that with a low phase-out rate most people would keep working, downplaying common anti-UBI concerns about reduced labor supply. They cite an NBER paper on negative income tax effects and conclude impacts on low-skill labor costs are not catastrophic. This framing is supportive of UBI/NIT as a workable policy design rather than opposing it.""}"
ubi_65,"{""stance"":""neutral"",""reasoning"":""The target user never speaks in the transcript, so there’s no direct evidence of their view on UBI. The discussion presents both concerns (inflation, wage effects, addiction) and counterarguments (UBI could raise unattractive-job wages; no need for extra safety nets), but without any reaction from the target user there’s insufficient basis to infer they became more supportive or more opposed. Therefore the most defensible prediction is neutral.""}"
ubi_68,"{""stance"":""positive"",""reasoning"":""The target user consistently defends UBI against cost and design criticisms, proposes ways to reduce total expense (excluding children/adjusting eligibility), argues payments should account for dependents, and contrasts UBI favorably with welfare by emphasizing that welfare is withdrawn as people improve. They also dismiss objections as expected for “socialist policies” and maintain UBI can still be considered universal. Overall, their responses show support rather than skepticism, with no sign the conversation shifted them away from UBI.""}"
ubi_69,"{""stance"":""positive"",""reasoning"":""The target user pushes back against criticisms of UBI’s feasibility and cost, suggesting narrower targeting (starting with children, excluding some groups, and possibly opting out those who don’t need it) to make it more affordable. Their comments treat UBI as a workable policy and focus on implementation details rather than rejecting the idea, indicating an overall favorable stance after the exchange despite some misunderstanding of “universal.”""}"
ubi_70,"{""stance"":""positive"",""reasoning"":""The target user repeatedly defends UBI against criticisms: they challenge inflated cost estimates by arguing fewer recipients and lower total cost, assert that basic income has been tried (countering the claim it ‘doesn’t work’), and dismiss objections about trial limitations as a general feature of experiments rather than a fatal flaw. Their tone is argumentative in support of UBI and they do not express doubts or negatives about UBI’s desirability, indicating an overall positive stance after the conversation.""}"
ubi_71,"{""stance"":""positive"",""reasoning"":""The target user repeatedly defends universal basic income against concerns raised by others. They argue BI would increase workers’ bargaining power and likely push undesirable-job wages up (since people wouldn’t be forced to take low-paid work), and they dismiss the idea of an additional safety net for addicts/gamblers. When inflation/price-rise concerns are raised, they push back on the assumption that businesses would have to raise prices or lose all profit, conceding only that it might be true in some cases. Overall their contributions are supportive and optimistic about BI’s effects, with only mild uncertainty.""}"
ubi_72,"{""stance"":""positive"",""reasoning"":""The target user defends key pro-UBI mechanisms: they argue wages for undesirable work would likely rise because BI reduces desperation to accept low pay, and they reject the idea that BI would necessitate additional safety nets for addicts/gamblers. Their tone is constructive and supportive, treating BI as a viable replacement for minimum wage and engaging in refining details rather than questioning the premise, indicating an overall positive stance after the exchange.""}"
ubi_74,"{""stance"":""positive"",""reasoning"":""The target user consistently defends UBI against concerns raised by others. They argue that replacing minimum wage with a basic income would increase workers’ leverage (people can refuse low-pay work), likely pushing undesirable-job wages up rather than down, and they dismiss the idea that UBI would require additional safety nets for addicts/gamblers. Even when acknowledging some wage reductions are 'possible' for very easy jobs, their overall framing is pro-UBI and optimistic about its labor-market effects, and there’s no indication the later Australia-based counterargument changed their view.""}"
ubi_75,"{""stance"":""positive"",""reasoning"":""The target user defends universal basic income against concerns raised by another participant. They argue BI would give people enough to live without needing to work, increasing workers’ bargaining power and likely pushing wages for undesirable/menial jobs up rather than down. They also dismiss the idea that BI would necessitate an additional safety net for addicts/gamblers. Overall, their reasoning frames BI as beneficial and corrects perceived misconceptions, indicating a positive stance after the conversation.""}"
ubi_78,"{""stance"":""positive"",""reasoning"":""The target user repeatedly defends basic income against concerns raised by others, arguing it would increase workers’ bargaining power and likely push undesirable-job wages up rather than down. When confronted with inflation arguments, they concede essentials might rise but explicitly say they doubt it would be significant relative to the benefits and that poor people would still be better off. Overall, their comments show support for UBI and they are not persuaded into opposition by the counterarguments.""}"
ubi_80,"{""stance"":""neutral"",""reasoning"":""The target user never speaks in the transcript, so there’s no explicit indication of their view. The conversation itself raises concerns (unintended consequences, inflation, labor-market effects, moral hazard, and government reliance), which could push someone skeptical, but without any response from the target user there isn’t enough evidence to infer they adopted a negative stance rather than simply considering the points. Therefore the safest prediction is neutral.""}"
ubi_81,"{""stance"":""negative"",""reasoning"":""The target user repeatedly rejects the premise of universal basic income, framing it as forcing them to pay for others and as undermining the idea that people must “earn a living.” They characterize support for UBI as “entitlement,” insist people have an obligation to be productive, and even say those who want a “free ride” deserve to “starve in the cold.” When confronted with automation and social mobility concerns, they double down on personal responsibility and accept inequality (“life ain't… fair”), indicating the conversation reinforces—rather than softens—a strongly anti-UBI stance.""}"
ubi_82,"{""stance"":""neutral"",""reasoning"":""The target user only comments that NIT and UBI are “pretty similar” and asks a clarifying question about how NIT would function when unemployed. They do not express approval or disapproval of UBI itself, and there’s no clear sign the later pro-UBI quote changes their view. Overall, the conversation shows curiosity/engagement but not a definite positive or negative stance.""}"
ubi_83,"{""stance"":""neutral"",""reasoning"":""The transcript contains only an [OTHER USER] expressing a negative view of universal basic income. There is no message from the [TARGET USER], so we have no direct evidence of their stance or how they react to the discussion. With insufficient information to infer the target user’s position, the best prediction is neutral.""}"
ubi_84,"{""stance"":""positive"",""reasoning"":""The target user defends universal basic income as a way to reduce crime by changing incentives: if basic needs are covered, low-wage work must become more attractive and criminal activity becomes less appealing. They argue poverty-driven desperation pushes people toward risky illegal alternatives and that UBI would help people “get ahead” through legitimate means. Nothing in the later exchange indicates they back off this view; they continue challenging claims that irrationality/neurochemistry explains criminal behavior more than environment, reinforcing their pro-UBI, environment/incentives-based framing.""}"
ubi_85,"{""stance"":""neutral"",""reasoning"":""The target user does not appear in the provided transcript and offers no explicit opinion about universal basic income. The only content shown is another user raising questions and concerns; without any response from the target user, there isn’t enough evidence to infer whether they end up supportive or opposed after the conversation.""}"
ubi_87,"{""stance"":""neutral"",""reasoning"":""The transcript contains only an [OTHER USER] expressing opposition to universal basic income. There are no statements from the [TARGET USER], nor any evidence of how they react to or are influenced by the comment. With insufficient information about the target user’s views after the conversation, the safest prediction is neutral.""}"
ubi_89,"{""stance"":""negative"",""reasoning"":""The target user repeatedly challenges core premises of UBI: they argue it wouldn’t be politically acceptable or fair for different household situations (single vs single parent) to receive the same amount, criticize proposals that exclude children as not truly “universal,” and assert that UBI “doesn’t work” and effectively has never been tried in the relevant lifelong form. They also dismiss existing trials as confounded and remain unconvinced despite pushback, ending the exchange entrenched rather than persuaded. Overall tone and content indicate skepticism/opposition rather than neutrality.""}"
ubi_90,"{""stance"":""positive"",""reasoning"":""The target user consistently defends universal basic income, correcting misconceptions and emphasizing its advantages over means-tested welfare. They argue UBI removes perverse incentives by not reducing benefits when someone earns more, implying it would encourage work rather than discourage it. Their tone and reasoning indicate support rather than uncertainty or opposition, and nothing in the exchange suggests they shift away from that view.""}"
ubi_91,"{""stance"":""neutral"",""reasoning"":""The target user expresses a limited, pragmatic view of UBI—defining it as “the minimum amount necessary to provide for your survival”—but does not clearly endorse or oppose implementing UBI. Their contribution focuses on specifying the intended level/definition rather than arguing for benefits or harms. Given the surrounding discussion emphasizes complexity and undefined consequences, and the target user does not push back or advocate strongly, the best prediction is a neutral stance after the conversation.""}"
ubi_92,"{""stance"":""neutral"",""reasoning"":""The target user never speaks in the transcript, so there’s no explicit evidence of their view on UBI. The only content is another user citing the Mincome experiment with modest reductions in work hours and some potential long-run benefits, but without any response from the target user we can’t infer whether they were persuaded for or against. With insufficient evidence of the target user’s post-conversation stance, the best prediction is neutral.""}"
ubi_93,"{""stance"":""negative"",""reasoning"":""The target user repeatedly argues that UBI would trigger broad price inflation due to increased demand against limited supply, creating a feedback loop where basic income must rise to keep up, further fueling inflation. They cite historical hyperinflation cases (Weimar, Zimbabwe, Venezuela, Russia) as cautionary examples and conclude, 'I don't see how it might work well for anyone.' Even after others mention redistribution and equilibrium, the target user maintains that increased affordability will raise prices, indicating an overall negative stance after the conversation.""}"
ubi_94,"{""stance"":""negative"",""reasoning"":""The target user argues that UBI would trigger broad price inflation as businesses raise wages/prices, creating a feedback loop where basic income must rise to keep up, worsening inflation. They cite historical hyperinflation examples (Weimar, Zimbabwe, Venezuela, Russia) and repeatedly insist that more money means prices “ALWAYS go up,” concluding they “don't see how it might work well for anyone.” The conversation does not shift them toward acceptance; they remain skeptical and dismiss counterarguments about equilibrium and benefits.""}"
ubi_97,"{""stance"":""positive"",""reasoning"":""The target user repeatedly defends the idea of a basic income as a minimal safety net (“enough to get by on… roof… food”), argues it’s necessary to prevent mass hardship from automation-driven job loss, and rejects the framing that it funds luxuries or encourages laziness. They also tie UBI to improving fairness and social mobility, pushing back strongly against ‘people should starve’ and ‘life isn’t fair’ arguments. Nothing in the exchange suggests they softened or reversed this view; if anything, the conflict appears to reinforce their pro-UBI stance.""}"
ubi_98,"{""stance"":""positive"",""reasoning"":""The target user explicitly advocates for a basic income multiple times, stating they would like a minimum income to prevent homelessness and that “I’m advocating for a basic income. No one would be homeless even if they were unemployed.” They frame it as compatible with continued work and a mixed economy (“some socialism AND some capitalism”), and they defend the idea against critiques about people not working or squandering money. Overall, their comments clearly indicate support for universal basic income.""}"
ubi_100,"{""stance"":""positive"",""reasoning"":""The target user defends universal basic income repeatedly: they reject the idea it makes people lazy, argue $1000/month is modest and mainly helps the poor with necessities, and say most people wouldn’t stop working because they’d still want a better life. They also cite their own experience with strong social benefits enabling entrepreneurship and job creation, implying UBI/social supports are beneficial to society. Nothing in the exchange suggests they were persuaded against it; they push back on objections and remain supportive.""}"
ubi_101,"{""stance"":""positive"",""reasoning"":""The target user defends the idea of a basic income, pushing back on the claim that it would make people lazy and arguing that people would still seek success, better living conditions, travel, and relationships beyond merely surviving on government support. Their comments frame UBI as compatible with ambition and social incentives, indicating an overall favorable stance.""}"
ubi_102,"{""stance"":""positive"",""reasoning"":""The target user pushes back against the assumption that poor people will stop working unless coerced by threat of deprivation, calling that view a caricature. This defense of the poor’s agency aligns with pro-UBI arguments that basic security doesn’t inherently destroy work incentives. They do not raise objections about inflation, labor supply, or moral hazard themselves; instead, they challenge the anti-UBI framing. Overall, their intervention suggests a sympathetic/pro-UBI stance after the conversation.""}"
ubi_103,"{""stance"":""neutral"",""reasoning"":""The target user never speaks in the transcript, so there is no direct evidence of their prior view or any explicit change. The discussion presents both skepticism (unintended consequences, inflation, labor-market effects, moral hazard, government reliance) and pro-UBI arguments (efficiency vs. targeted welfare, greater individual choice, more market-driven aid). With no indication of how the target user reacts to these points, the safest prediction is a neutral stance.""}"
ubi_105,"{""stance"":""neutral"",""reasoning"":""The transcript contains only other users expressing concerns (unintended consequences, inflation, labor-market effects, and moral worries about government reliance). The target user never states an opinion or reacts, so there’s no direct evidence of their stance or how they were persuaded. With insufficient information about the target user’s views after the conversation, the best prediction is neutral.""}"
ubi_106,"{""stance"":""neutral"",""reasoning"":""The target user never states a clear opinion for or against universal basic income. The only content presented is a list of open-ended questions emphasizing complexity and possible unintended consequences (inflation, wage effects, labor market changes, safety-net concerns), which signals skepticism/uncertainty rather than endorsement or rejection. With no explicit commitment and only exploratory concerns, the best prediction is a neutral stance after the conversation.""}"
ubi_107,"{""stance"":""positive"",""reasoning"":""The target user repeatedly defends universal basic income as a preferable alternative to targeted aid like food stamps, arguing that targeting assumes central planning, creates restrictions and special-interest capture, and recreates the complexity of the current welfare system. They emphasize UBI’s purpose is to replace existing welfare programs with a simpler system with fewer loopholes. Even when political feasibility is raised, they maintain the conceptual superiority of UBI rather than conceding, indicating an overall supportive stance after the conversation.""}"
ubi_108,"{""stance"":""neutral"",""reasoning"":""The target user expresses skepticism that a basic income would increase work incentives and repeatedly raises the concern that many people would choose not to work if given money unconditionally. However, they also criticize the current welfare system as “terrible” and explicitly invite explanation (“I’m all ears”), indicating openness rather than a settled anti-UBI position. The conversation ends with the other user addressing their concern, but the target user does not respond with acceptance or rejection, so the most supported prediction is that they remain undecided/neutral after the exchange.""}"
ubi_112,"{""stance"":""neutral"",""reasoning"":""The target user did not appear in the provided transcript, and the only message shown is about accessing a paywalled article, unrelated to universal basic income. There is no evidence of the target user’s views on UBI or any conversational influence on that topic, so the stance cannot be inferred and is best classified as neutral.""}"
ubi_113,"{""stance"":""negative"",""reasoning"":""The target user repeatedly argues UBI fails basic budget math, calls proposals unrealistic, and responds sarcastically to suggestions like raising taxes or recycling via higher taxes. They emphasize administrative costs, reduced investment, and the need to preserve existing public services, showing strong skepticism that persists through the exchange with no sign of softening.""}"
ubi_114,"{""stance"":""positive"",""reasoning"":""The target user pushes back against affordability objections, links to affordability studies, and argues UBI could be funded without cutting essential services by “recycling” the income to increase economic throughput and revenue. They frame it as a more efficient distribution mechanism and defend it against critiques, indicating a supportive (positive) stance after the conversation.""}"
ubi_115,"{""stance"":""positive"",""reasoning"":""The target user defends UBI’s feasibility and benefits against cost-based objections, arguing that lower payment levels (e.g., 15k) could preserve many public services without raising current revenue, and that higher taxes could fund UBI while maintaining its core benefits like reduced inequality. They consistently push back on dismissive critiques and frame UBI as workable via design choices (amount, budgeting, tax recycling), indicating a supportive stance after the conversation.""}"
ubi_116,"{""stance"":""positive"",""reasoning"":""The target user consistently defends UBI against feasibility and political objections, treating welfare-state reduction as an objective and arguing that shortcomings can be addressed by raising the UBI/tax level or making more targeted program cuts. They also suggest it could be democratically achievable even if not a near-unanimous “lateral move,” and they do not concede to the other user’s concerns about affordability or majority overreach—indicating an overall favorable stance after the exchange.""}"
ubi_117,"{""stance"":""positive"",""reasoning"":""The target user repeatedly defends UBI against cost-based objections, argues that gross cost calculations are misleading because taxes recycle much of the payout, and claims UBI can end poverty while preserving work incentives. They push back on critics as using a false premise and cite pro-UBI sources rather than conceding. Their final messages continue justifying UBI via replacing welfare and emphasizing lower net cost, indicating a favorable stance after the conversation.""}"
ubi_119,"{""stance"":""neutral"",""reasoning"":""The target user engages constructively by providing a link to their own UBI calculations and discussing implementation details (e.g., not taxing the UBI itself, possibly using progressive taxation). This suggests openness and some interest in making UBI work, but they also acknowledge major tradeoffs (mean income can’t be maintained, distributional issues like the super-rich coming out ahead in their model) and do not explicitly endorse UBI as a policy goal. Overall, their stance appears analytical and exploratory rather than clearly supportive or opposed.""}"
ubi_121,"{""stance"":""neutral"",""reasoning"":""The target user expresses curiosity about an alternative funding mechanism (“interesting idea… funding… through monetary policy”) but immediately frames it as a risky, “HUGE experiment” and suggests it should be tried only on a smaller country first. They don’t endorse or reject UBI itself; they show cautious openness to exploring it while emphasizing uncertainty and potential downsides (e.g., implied inflation concerns raised by the other user). Overall this reads as neither clearly supportive nor opposed.""}"
ubi_122,"{""stance"":""neutral"",""reasoning"":""The target user shows curiosity about a possible funding mechanism (monetary policy) but immediately frames it as a “HUGE experiment” and expresses caution, preferring it be tried in a smaller country first. They do not endorse UBI itself or argue against it; they mainly comment on the riskiness of one financing approach. The subsequent inflation warning from another user could reinforce caution, but there’s no explicit shift to opposition. Overall this suggests a tentative, cautious, undecided posture rather than clearly positive or negative.""}"
ubi_123,"{""stance"":""neutral"",""reasoning"":""The transcript contains no message from the [TARGET USER], so there’s no direct evidence of their view. While other participants debate the validity of a Canadian guaranteed income pilot (one supportive, one skeptical), we can’t reliably infer how the target user would be influenced or which side they align with. With insufficient evidence, the safest prediction is neutral.""}"
ubi_124,"{""stance"":""neutral"",""reasoning"":""The target user engages analytically with UBI, sharing rough cost calculations and tempering expectations (calling $20k a “pipe dream”). They don’t reject UBI outright, but focus on feasibility and affordability rather than endorsing it. There’s no explicit value judgment in favor or against after the exchange, so the best fit is neutral.""}"
ubi_125,"{""stance"":""neutral"",""reasoning"":""The target user never speaks in the transcript, so there’s no direct evidence of their view on UBI or how they react to the arguments presented. While other users raise marketing and fiscal-feasibility points, we can’t reliably infer the target user adopts either position. With insufficient evidence, the best prediction is neutral.""}"
ubi_126,"{""stance"":""neutral"",""reasoning"":""The target user does not appear in the transcript, so there is no direct evidence of their view. With insufficient information about what they said or how they reacted, the safest prediction is neutral rather than inferring from the other user’s comment.""}"
ubi_128,"{""stance"":""neutral"",""reasoning"":""The target user never speaks in the transcript, so there’s no direct evidence of their views on UBI or how (if at all) the discussion changed them. While other participants raise mostly critical points about typical UBI proposals (insufficient benefit levels, cutting SS/Medicare) and suggest alternatives like a negative income tax, we can’t reliably infer the target user adopted any stance from this alone. With insufficient evidence, the best prediction is neutral.""}"
ubi_129,"{""stance"":""neutral"",""reasoning"":""The target user never speaks in the transcript, so there’s no direct evidence of their view. While other participants present both pro-UBI arguments (basic income won’t kill work incentives; empirical support from Dauphin) and skeptical points (pilot limitations; distrust that UBI would replace other welfare programs), there’s no information about how the target user reacts or which side they find persuasive. With insufficient evidence to infer a post-conversation shift, the best prediction is neutral.""}"
ubi_130,"{""stance"":""neutral"",""reasoning"":""The target user reacts strongly against the idea of incarcerated people receiving UBI during long sentences, calling it an undeserved “gift” and worrying it would incentivize crime. However, they also say it’s “about the only exception” they can think of, implying they are otherwise broadly accepting of UBI with limited carve-outs (e.g., court-ordered treatment payments). Overall, their stance toward UBI in general appears mixed rather than clearly supportive or opposed, so neutral is the best fit.""}"
ubi_131,"{""stance"":""neutral"",""reasoning"":""The target user expresses conditional openness to UBI if it replaces existing welfare programs, calling it \""better in theory\"" and something they \""might actually like\"" under that design. However, they repeatedly emphasize concerns about perverse incentives around children, \""gaming the system,\"" and conclude they’re \""convinced it will run into its own sets of problems.\"" This mix of tentative support and significant skepticism suggests they end the conversation unconvinced either way rather than clearly for or against.""}"
ubi_132,"{""stance"":""negative"",""reasoning"":""The target user repeatedly emphasizes that UBI (basic income) is meaningfully different from Friedman’s negative income tax and accuses UBI proponents of dishonestly invoking Friedman by equivocation. They argue against claims that NIT and UBI are the same in functionality and highlight incentive/tax-structure differences. Nothing in their comments expresses support for UBI; the tone is skeptical and critical of UBI framing, suggesting an overall negative stance after the exchange.""}"
ubi_134,"{""stance"":""negative"",""reasoning"":""The target user challenges the pro-UBI multiplier/revenue argument, expressing skepticism that reallocating funds would increase economic activity relative to current administrative spending. They further argue UBI would raise consumption of “inferior goods” and doubt recipients—especially the poor and homeless alcoholics—would use the money responsibly. Overall their comments are consistently critical and dismissive of key justifications for UBI, indicating a negative stance after the conversation.""}"
ubi_135,"{""stance"":""negative"",""reasoning"":""The target user responds skeptically to UBI, asking “what’s the point?” and arguing it would be inefficient compared to means-tested programs. They emphasize that current programs target only those below thresholds and constrain spending toward necessities, and they assert poor individuals are “notoriously bad” at financial management—implying they oppose giving unconditional cash broadly. The subsequent reply offers counterarguments, but the target user provides no sign of being persuaded or softening their view, so their stance remains negative after the conversation.""}"
ubi_136,"{""stance"":""neutral"",""reasoning"":""The target user does not appear in the transcript and expresses no explicit opinion about universal basic income. The discussion includes both pro-UBI points (simplifying welfare, avoiding high marginal tax rates) and skepticism (concerns about work incentives and need for means-testing), but there is no evidence of how the target user reacts or updates their view. With insufficient information about the target user’s stance after the conversation, the best prediction is neutral.""}"
ubi_140,"{""stance"":""neutral"",""reasoning"":""The target user never appears in the provided transcript and makes no statements about universal basic income. Since there’s no evidence of the target user’s views or any reaction to the arguments presented, their post-conversation stance can’t be inferred and is best classified as neutral.""}"
ubi_141,"{""stance"":""positive"",""reasoning"":""The target user expresses clear support for the concept of a basic income, explicitly saying they are “all for something like a basic income (specifically a negative income tax).” While they raise affordability and efficiency concerns and are skeptical about funding it via an “industrial army,” their critique is about implementation and funding mechanism rather than opposition to UBI itself. The conversation doesn’t show them shifting to rejection—if anything, they remain cautiously supportive pending stronger economic analysis.""}"
ubi_143,"{""stance"":""neutral"",""reasoning"":""The target user expresses mild interest (“an interesting idea”) but immediately conditions support on affordability and the availability of “solid economic analysis” to show it can work. They focus on concerns about funding and labor incentives and do not endorse or reject UBI outright. The follow-up from another user doesn’t clearly shift the target user’s view, so their stance remains cautious/undecided rather than positive or negative.""}"
ubi_145,"{""stance"":""positive"",""reasoning"":""The target user consistently argues in favor of UBI as a preferable alternative to means-tested welfare, explicitly claiming it eliminates the welfare trap by removing benefit cutoffs and “cliffs,” and frames switching to UBI as better than trying to patch an “inherently flawed” system. They defend UBI with arithmetic/graph examples and push back strongly against objections, showing commitment rather than ambivalence. Nothing in the exchange suggests their stance softens; if anything, they become more emphatic.""}"
ubi_146,"{""stance"":""negative"",""reasoning"":""The target user repeatedly argues against UBI as “handing out money,” emphasizes the tax/deficit burden and revenue shortfalls, and frames reliance on government checks as creating “government slaves.” They prefer targeted aid and structural interventions (healthcare, schooling, training) and explicitly reject universal payouts (“UBI doesn't go to poor people, it goes to everyone… Restrict it to the poor and I'm in”). This indicates a clear negative stance toward universal basic income after the conversation.""}"
ubi_147,"{""stance"":""negative"",""reasoning"":""The target user repeatedly argues against UBI, saying it “corrupts” people, normalizes not working, should not be automatic, and should be replaced with targeted/monitored aid. They also claim UBI would have far-ranging harmful effects and likely “lead to [the economy’s] destruction,” and that it would significantly raise their taxes. They reject key pro-UBI premises (e.g., automation-driven job loss) and remain unconvinced throughout, indicating a firmly negative stance after the conversation.""}"
ubi_148,"{""stance"":""negative"",""reasoning"":""The target user repeatedly argues against UBI as corrupting, economically destructive, inflationary/devaluing money, and as incentivizing lifelong non-work. They prefer targeted aid with monitoring/mentoring and explicitly reject UBI as merely welfare-without-bureaucracy. They also emphasize tax burdens, compare UBI proponents to communists, and express increasing hostility toward redistribution arguments. Although they note they once supported UBI, by the end of the conversation their stance is strongly opposed, indicating a negative stance after the discussion.""}"
ubi_149,"{""stance"":""positive"",""reasoning"":""The target user consistently defends UBI and argues it would free most people from coerced work, improve health and family life, and allow meaningful education/work choices. They explicitly frame their pension as a form of basic income and endorse UBI as a way to smooth the business cycle and adapt capitalism to automation/modern production. Despite pushback, they do not soften; they double down with broader systemic arguments, indicating a clearly positive stance after the conversation.""}"
ubi_150,"{""stance"":""positive"",""reasoning"":""The target user repeatedly defends UBI as beneficial and frames it as increasing freedom from coerced labor, improving health and family life, and enabling meaningful work or study. They explicitly endorse the idea that UBI means having the choice not to work and argue it would help stabilize capitalism by smoothing the business cycle. Despite pushback about sustainability and incentives, the target user does not soften; they become more ideologically and economically supportive of UBI over the course of the exchange.""}"
ubi_151,"{""stance"":""positive"",""reasoning"":""The target user repeatedly argues in favor of decoupling income from employment, explicitly endorses UBI as a way to free people from coerced work, improve wellbeing, allow meaningful/enterprising activity without fear of failure, and smooth business-cycle recessions. They also frame their state pension as a form of basic income and defend redistribution to fund such a policy. Despite pushback from others, their responses become more ideologically committed rather than softened, indicating a clearly positive stance after the conversation.""}"
ubi_152,"{""stance"":""positive"",""reasoning"":""The target user repeatedly frames basic income/benefit transfers as acceptable and fair, especially at Nordic levels, and is comfortable with the redistributive aspect (even rejecting that 'wealth redistribution' is inherently bad). They also discuss practical design (taxing it back from the well-off) in a matter-of-fact, supportive way rather than opposing the concept. Nothing in the exchange suggests their stance shifts negative; if anything, they defend the fairness of such systems.""}"
ubi_154,"{""stance"":""neutral"",""reasoning"":""The target user is skeptical of the specific Finland-style pilot being scaled up, calling it unrealistic and warning it would drive price increases and inflation if implemented without tax changes. However, they also outline a more realistic, tax-funded version where prices would stay stable, implying conditional acceptance of UBI if properly designed rather than outright opposition. Overall their stance is mixed/conditional, so best classified as neutral.""}"
ubi_156,"{""stance"":""positive"",""reasoning"":""The target user explicitly calls basic income “a neat idea regardless” and emphasizes perceived benefits like making part-time work and small-scale entrepreneurship more attractive. They also defend a Nordic-style model where UBI would not replace all other benefits, arguing that full replacement is unrealistic and undesirable. Even after pushback from the other user, nothing in the transcript indicates the target user retracts or becomes more skeptical; their comments remain broadly supportive of basic income as a policy concept (even if not the strict ‘replace everything’ version).""}"
ubi_157,"{""stance"":""neutral"",""reasoning"":""The target user never appears in the transcript and provides no explicit opinion about universal basic income. Since there’s no evidence of the target user reacting to the negative income tax proposal or shifting their view, their post-conversation stance toward UBI can’t be inferred and is best classified as neutral.""}"
ubi_159,"{""stance"":""neutral"",""reasoning"":""The transcript contains only another user expressing skepticism about UBI. There is no message from the target user, so we have no direct evidence of their view or how they respond to the argument. Without the target user’s reactions or statements, the safest prediction is neutral.""}"
ubi_160,"{""stance"":""positive"",""reasoning"":""The target user repeatedly argues that the U.S. could implement UBI if it chose different fiscal priorities (e.g., lower defense spending, different taxation), and explicitly states “I support universal basic income somewhat.” They defend UBI’s feasibility against claims it’s only possible in Nordic countries due to resource advantages, and offer concrete back-of-the-envelope funding comparisons to show it could be financed at least modestly. Although they acknowledge UBI isn’t a top personal issue and concede tradeoffs (e.g., seniors/Medicare), their post-conversation position remains mildly supportive rather than neutral or negative.""}"
ubi_161,"{""stance"":""positive"",""reasoning"":""The target user explicitly states “I support universal basic income somewhat,” and repeatedly argues that the US could implement at least a modest UBI if it were made a budgetary priority (e.g., reallocating part of defense spending). They defend the feasibility of UBI against claims that Finland’s ability is uniquely due to natural resources, and they continue pressing pro-feasibility points through the end of the exchange. While they acknowledge UBI isn’t a top personal issue and concede tradeoffs (e.g., seniors/Medicare), their overall position remains mildly supportive rather than neutral or opposed.""}"
ubi_162,"{""stance"":""negative"",""reasoning"":""The target user repeatedly criticizes the UBI experiment (“Terrible experiment, IMO”), frames it dismissively as “mostly tax relief for a select group,” and rejects the charitable interpretation that it meaningfully tests UBI effects, calling that “ultra-generous.” They also emphasize that a true UBI study would be monumental, implying skepticism about feasibility and the value of current UBI efforts. Nothing in the exchange indicates their view became more favorable; if anything, the pushback reinforces their critical stance.""}"
ubi_163,"{""stance"":""positive"",""reasoning"":""The target user repeatedly defends UBI against criticisms, calls opposing claims “bullshit,” and argues UBI would close holes in the current benefits system, guarantee a baseline income, simplify access, and better support students/entrepreneurs while still allowing additional targeted supports (e.g., disability/housing). They frame UBI as a needed overhaul with growing political viability and show no sign of being persuaded away; if anything, they become more entrenched in support by the end.""}"
ubi_164,"{""stance"":""neutral"",""reasoning"":""The target user expresses interest in a negative income tax as a safety net that preserves work incentives and notes its administrative simplicity, but they do not explicitly endorse or reject UBI itself. After others argue about NIT vs UBI equivalence, the target user responds positively to the economics wiki and the explanation, showing openness to learning rather than taking a clear pro- or anti-UBI position. Overall, their stance toward UBI remains not clearly committed either way.""}"
ubi_165,"{""stance"":""positive"",""reasoning"":""The target user cites evidence that basic income didn’t reduce employment and then proposes negative income tax as an even better-designed variant that preserves work incentives while providing a guaranteed safety net and using existing tax bureaucracy. That framing is supportive of the underlying goal of UBI-type policies (income guarantees) and seeks refinement rather than rejection. The reply that Finland plans a negative income tax experiment reinforces the target user’s proposal, likely strengthening their favorable stance toward such income-guarantee approaches.""}"
ubi_166,"{""stance"":""positive"",""reasoning"":""The target user actively develops and defends a detailed funding plan for a basic income, clarifies misunderstandings, and argues it can be financed through higher taxes and reduced transfers without necessarily being inflationary. They also highlight personal and distributional benefits (net gain for median earners, net payer above ~$85k) and push back against criticisms rather than expressing doubts, indicating an overall supportive stance after the conversation.""}"
ubi_167,"{""stance"":""positive"",""reasoning"":""The target user actively supports implementing a basic income: they perform detailed funding/tax calculations, propose concrete policy changes to make it work, and defend BI against criticism (e.g., arguing it exceeds the poverty line and can cover necessities). Their responses consistently justify BI’s adequacy and desirability rather than expressing doubts, indicating a positive stance after the conversation.""}"
ubi_168,"{""stance"":""positive"",""reasoning"":""The target user defends UBI as non-inflationary when tax-funded, provides quantitative reasoning about aggregate demand effects, and argues it would be stimulative (especially in a liquidity trap) while also potentially increasing savings, entrepreneurship, labor participation, and aggregate supply. Their engagement is combative but substantively pro-UBI, with no indication they are persuaded away from it during the exchange.""}"
ubi_169,"{""stance"":""positive"",""reasoning"":""The target user explicitly advocates for a basic income set at 25% of per-capita GDP and discusses design details (indexing to avoid procyclicality, aligning electoral incentives with production and well-being). They defend the concept against critiques, distinguish it from a Negative Income Tax on efficiency/entry-barrier grounds, and engage others to clarify differences—indicating strong support rather than neutrality or opposition.""}"
ubi_170,"{""stance"":""positive"",""reasoning"":""The target user engages with UBI as a workable policy design question rather than disputing its premise. They discuss how to structure a child component of basic income (daycare, per-student grants, nutrition supplements) and propose safeguards (limiting parental capture to avoid pro-natalist incentives), indicating acceptance and support for implementing UBI with careful details rather than opposition or skepticism.""}"
ubi_171,"{""stance"":""neutral"",""reasoning"":""The target user doesn’t state a clear pro- or anti-UBI position. They engage mainly by defending the continued usefulness of minimum wage even under a basic income, suggesting skepticism about claims that UBI would make minimum wage unnecessary. They don’t reject UBI itself, and the other user’s pro-UBI arguments could be persuasive, but there’s no explicit indication the target user becomes supportive. Overall, their stance toward UBI remains unclear/undetermined rather than clearly positive or negative.""}"
ubi_173,"{""stance"":""neutral"",""reasoning"":""The target user never speaks in the transcript, so there’s no direct evidence of their prior view or any explicit change after the discussion. While the conversation contains arguments favoring a negative income tax and criticizing unconditional UBI as potentially discouraging work, we can’t reliably infer how (or whether) the target user was persuaded. With insufficient evidence about the target user’s reaction, the safest prediction is neutral.""}"
ubi_174,"{""stance"":""positive"",""reasoning"":""The target user strongly defends universal basic income by explaining how, even with higher taxes, they would be better off working while also receiving the basic income. They argue UBI avoids the unemployment-benefit cliff that discourages work, preserves incentives to work, and increases worker leverage by providing a safety net to leave intolerable jobs. Their detailed pro-UBI calculation and emphasis on improved incentives and freedom indicate a positive stance after the conversation.""}"
ubi_175,"{""stance"":""neutral"",""reasoning"":""The target user is not present in the provided transcript and makes no explicit statements about UBI. The conversation contains one user raising inflation/price-control concerns and another offering a partial rebuttal, but there’s no evidence of how the target user reacts or whether their view changes. With insufficient information about the target user’s position after the exchange, the most defensible prediction is neutral.""}"
ubi_176,"{""stance"":""neutral"",""reasoning"":""The target user does not appear in the transcript and provides no statements indicating support for or opposition to universal basic income. While other users discuss political feasibility and potential means-testing drift, there’s no evidence of the target user’s reaction or persuasion, so their post-conversation stance can’t be inferred beyond neutral.""}"
ubi_177,"{""stance"":""neutral"",""reasoning"":""The target user never speaks in the transcript, so there is no explicit evidence of their view on UBI or any reaction to the pro–negative income tax argument presented. Without any indication of agreement, disagreement, or attitude shift, the safest prediction is neutral.""}"
ubi_179,"{""stance"":""negative"",""reasoning"":""The target user repeatedly emphasizes major cost and feasibility objections to universal basic income, citing the ~$2.4T/year price tag and arguing it cannot replace existing programs without harming retirees and low-income people. They strongly reject the idea that BI could substitute for Medicare/Medicaid, noting healthcare costs would overwhelm a $10k BI and calling the replacement proposal harmful. Their tone is skeptical and confrontational toward pro-UBI arguments, and nothing in the exchange suggests they were persuaded toward support, so their stance remains negative.""}"
ubi_180,"{""stance"":""negative"",""reasoning"":""The target user focuses on UBI’s high fiscal cost (noting it exceeds twice the federal discretionary budget) and pushes back against claims it could be offset by cutting existing programs. They argue replacing Medicaid/welfare would undermine UBI’s purpose by shifting healthcare costs onto the poor, and that Social Security benefits are higher than the proposed UBI so savings would be limited. They also add that including 65+ would substantially increase costs. Overall their comments are consistently critical and skeptical, indicating a negative stance after the conversation.""}"
ubi_181,"{""stance"":""negative"",""reasoning"":""The target user repeatedly emphasizes UBI’s prohibitive cost (~$2.4T for $10k/adult), argues major existing programs (Medicare/Medicaid, Social Security) can’t realistically be cut to fund it, and dismisses proposed offsets (even eliminating DOD/HHS) as insufficient. Their responses show sustained skepticism and no sign of being persuaded by alternatives like pairing UBI with single-payer, so their post-conversation stance is negative.""}"
ubi_182,"{""stance"":""negative"",""reasoning"":""The target user repeatedly emphasizes UBI’s fiscal infeasibility, citing the ~$2.4T annual cost and arguing that even eliminating major federal spending (defense, HHS) wouldn’t cover it. They also reject replacing Medicare/Medicaid and Social Security with UBI due to practical and legal issues, and push back on proposals to pair UBI with single-payer by again questioning funding. The conversation ends with others suggesting taxation, but the target user shows no sign of being persuaded and maintains a skeptical, oppositional framing throughout.""}"
ubi_183,"{""stance"":""negative"",""reasoning"":""The target user focuses on major feasibility objections: the enormous cost ($2.4T for $10k/adult), lack of credible funding sources, and the impracticality/undesirability of replacing or cutting existing programs like Social Security and healthcare coverage. They argue BI would be undermined if it had to be spent on health insurance and emphasize that substituting BI for SS would amount to a large income cut for many retirees. Even after others propose single-payer healthcare and military/police savings, the target user does not adopt these solutions and remains centered on the fiscal and political/legal barriers, indicating an overall negative stance toward UBI after the conversation.""}"
ubi_184,"{""stance"":""negative"",""reasoning"":""The target user consistently raises major objections to UBI: the total cost ($2.4T), lack of realistic funding sources, and skepticism that it meaningfully reduces poverty at $10k/year. They also argue that the needed tax increases would mainly burden the rich and be politically infeasible, implying UBI doesn’t broadly benefit everyone. Nothing in the exchange appears to move them toward support; they remain focused on feasibility and funding critiques.""}"
ubi_185,"{""stance"":""neutral"",""reasoning"":""The target user never states approval or disapproval of universal basic income. The conversation content is largely technical (costing and tax changes) and does not show the target user reacting emotionally or evaluatively to UBI, so there isn’t enough evidence to infer a positive or negative stance shift.""}"
ubi_186,"{""stance"":""negative"",""reasoning"":""The target user repeatedly emphasizes the huge cost of UBI (~$2.4T), doubts there are feasible funding sources without unacceptable cuts to Social Security/health programs, and challenges proposed offsets (military cuts, shifting SS, lowering government salaries, taxing top earners) as politically and practically unrealistic. They never express support and consistently argue against viability, indicating a negative stance after the conversation.""}"
ubi_187,"{""stance"":""negative"",""reasoning"":""The target user focuses on major feasibility objections—especially the enormous projected cost ($2.4T for $10k/adult) and the difficulty of funding it without cutting major programs, noting even eliminating defense wouldn’t cover it. This indicates strong skepticism toward implementing UBI, and nothing in the exchange suggests they were persuaded otherwise.""}"
ubi_188,"{""stance"":""positive"",""reasoning"":""The target user argues that $10,000/year is far too low to count as a “basic income,” listing necessary expenses and highlighting what’s missing (health insurance, entertainment, etc.). The critique is aimed at the inadequacy of the proposed amount rather than rejecting the concept of universal basic income itself, implying support for UBI in principle but at a higher, truly livable level.""}"
ubi_190,"{""stance"":""positive"",""reasoning"":""The target user argues strongly against means-testing and frames universality as a key justification for basic income, citing reduced poverty traps, lower administrative costs, and less corruption. This indicates clear support for a universal basic income rather than skepticism or opposition.""}"
ubi_191,"{""stance"":""positive"",""reasoning"":""The target user explicitly defends universal basic income by arguing that avoiding means tests is a core justification for basic income: means testing creates poverty traps (“incentive to stay poor”), adds administrative cost, and invites corruption. This indicates a favorable view of UBI’s universal, non-means-tested design. Although another user challenges this with a phased-out/automatic means test, the target user’s stated position remains clearly pro-UBI and anti-means-testing, so their stance after the conversation is best predicted as positive.""}"
ubi_194,"{""stance"":""neutral"",""reasoning"":""The target user never appears in the transcript (no message labeled [TARGET USER]), so there’s no direct evidence of their views or how the exchange affected them. Given insufficient information about the target user’s statements or reactions, the safest prediction is neutral.""}"
ubi_195,"{""stance"":""neutral"",""reasoning"":""The target user never states their own view on universal basic income in the provided transcript. The only visible messages are from other users discussing how to set UBI (e.g., as a percentage of mean income), but there is no explicit reaction, agreement, disagreement, or other signal from the target user that would let us infer a positive or negative stance after the conversation. With insufficient evidence of the target user’s position or any change in it, the best prediction is neutral.""}"
ubi_197,"{""stance"":""neutral"",""reasoning"":""The transcript provides no statements or reactions from the target user, and no content about universal basic income to infer their view or any change. With insufficient evidence of the target user’s stance after the conversation, the safest classification is neutral.""}"
ubi_198,"{""stance"":""neutral"",""reasoning"":""The target user doesn’t explicitly endorse or oppose universal basic income. They argue that mechanisation won’t automatically raise wages and that policy choices will shape outcomes, mentioning a “basic/comfortable minimum allowance” as one possible policy lever. This suggests openness to the idea but not a clear commitment, so the most supported classification is neutral.""}"
ubi_200,"{""stance"":""neutral"",""reasoning"":""The target user engages in a technical, conditional discussion about UBI’s inflationary effects, emphasizing that outcomes depend on funding (taxes/welfare cuts vs deficit), employment slack, and accompanying policy changes. They correct oversimplifications but do not express clear support or opposition to UBI as a policy; their stance appears analytical rather than value-judgment, so the best prediction is neutral.""}"
ubi_201,"{""stance"":""neutral"",""reasoning"":""The target user never speaks in the provided transcript, so there’s no direct evidence of their view on universal basic income or how they react to the objections raised (administrative complexity across regions and very high fiscal cost). Without any signal of agreement/disagreement from the target user, the safest prediction is neutral.""}"
ubi_204,"{""stance"":""negative"",""reasoning"":""The target user repeatedly argues that a UBI would lead employers to cut wages by roughly the stipend amount, compares it to welfare effects, and says higher taxes to fund UBI would ultimately come out of workers’ pockets. They call UBI a “fanciful dreaming,” a “free $10k fantasy,” a “dumb idea,” and claim it will never happen in America, dismissing further discussion. Nothing in the exchange suggests they were persuaded toward support; if anything, they entrench their opposition.""}"
ubi_206,"{""stance"":""positive"",""reasoning"":""The target user consistently and emphatically argues in favor of UBI: they insist it must be unconditional, frame it as a matter of human dignity, and claim it is the most efficient way to meet basic needs by reducing administrative costs and avoiding interest-group-driven eligibility rules. They also propose concrete funding (higher taxes on >100k earners) and a restructuring of the welfare state around UBI (replacing most programs except health-related ones), indicating strong commitment rather than ambivalence. Nothing in the conversation appears to weaken their support; they respond confidently to critiques and reinforce pro-UBI arguments, so their stance after the discussion remains positive.""}"
ubi_207,"{""stance"":""neutral"",""reasoning"":""The target user never speaks in the provided transcript, so there is no direct evidence of their view on universal basic income or how the exchange affected them. The only message shown is skepticism about universal basic healthcare guarantees, which could analogize to skepticism about UBI, but without any target-user reaction or participation, the safest prediction is neutral.""}"
ubi_209,"{""stance"":""positive"",""reasoning"":""The target user argues that providing a universal basic income is entirely feasible and would substantially improve people’s lives by removing the constant scramble for survival. They emphasize the logistical and psychological harms of poverty under work-contingent income and claim UBI would help people stabilize housing/health/relationships and become “happier, more productive workers,” reducing social harms. Nothing in the exchange suggests they are persuaded by the cost objection raised by the other user, so their stance remains supportive.""}"
ubi_211,"{""stance"":""neutral"",""reasoning"":""The target user shows openness to arguments about how poverty stress works and asks substantive questions about UBI’s effects, examples, and international evidence, indicating engagement rather than dismissal. However, they repeatedly raise significant concerns: political infeasibility in the US, potential work disincentives for low-skill workers, and fear of an expanding welfare state (“tip of the iceberg” of further subsidies, tax/regulation spiral). They also frame UBI as potentially preserving uncompetitive lifestyles. These reservations counterbalance any sympathetic points, leaving their overall stance cautious/undecided rather than clearly supportive or opposed.""}"
ubi_212,"{""stance"":""neutral"",""reasoning"":""The target user never speaks in the transcript, so there’s no direct evidence of their view on universal basic income. The conversation presents substantial criticisms (administrative/geographic cost differences, very large fiscal cost, difficulty replacing existing programs) alongside one pro-UBI suggestion (pair BI with single-payer healthcare and reduce military spending). With no indication of how the target user reacts to these competing arguments, the safest prediction is neutral.""}"
ubi_214,"{""stance"":""positive"",""reasoning"":""The target user consistently defends UBI (the “10k”) against claims it would simply be offset by wage cuts, arguing employers already pay the minimum needed to attract labor and that UBI would increase workers’ bargaining power. They further claim UBI could raise wages for undesirable jobs by reducing economic desperation, and they mock the opposing user’s arguments as lacking rational analysis. Nothing in the exchange suggests the target user is persuaded away from UBI; if anything, they become more entrenched in support.""}"
ubi_215,"{""stance"":""positive"",""reasoning"":""The target user speaks in favor of basic income by adding supportive points: they frame UBI as a redistribution of existing welfare (implying feasibility without tax increases) and discuss labor-market effects as part of how it would function. Although they note it could lower wages, they present this as an expected mechanism (increasing workforce competitiveness) rather than as a reason to oppose it. There’s no indication they were persuaded against UBI in the exchange.""}"
ubi_216,"{""stance"":""positive"",""reasoning"":""The target user criticizes means-tested welfare for creating >100% effective marginal tax rates that discourage work, and implies a guaranteed income would avoid these traps. They also frames it as enabling freer labor markets (even eliminating the need for minimum wage) and describes it as less harmful than current welfare. Nothing in their comments indicates opposition to a universal basic income; their argument aligns with pro-UBI reasoning.""}"
ubi_217,"{""stance"":""positive"",""reasoning"":""The target user engages constructively with UBI, provides a detailed funding model, explains effective tax impacts and break-even points, and discusses plausible offsets and alternative revenue sources without expressing opposition or major skepticism. Their tone and effort suggest supportive interest in making UBI workable rather than rejecting it.""}"
ubi_218,"{""stance"":""neutral"",""reasoning"":""The target user never states an opinion about UBI itself—only asks about costs and tax implications and later does rough arithmetic about funding gaps. Their tone is analytical/uncertain rather than supportive or opposed, and nothing in the exchange clearly shifts them toward endorsing or rejecting UBI. With no explicit evaluative language, the best prediction is neutral.""}"
ubi_219,"{""stance"":""positive"",""reasoning"":""The target user corrects a misconception by emphasizing a pro-UBI feature: that it is paid to individuals rather than households, contrasting it favorably with existing minimum-income schemes. This indicates understanding and implicit support, with no expressed concerns or opposition during the exchange.""}"
ubi_220,"{""stance"":""neutral"",""reasoning"":""The target user never states support or opposition to universal basic income. They raise a concern about inflation and housing costs but explicitly frame it as an honest question rather than an argument against UBI, indicating uncertainty rather than a settled negative view. With no further conversation showing persuasion either way, the most defensible prediction is neutral.""}"
ubi_221,"{""stance"":""neutral"",""reasoning"":""The target user doesn’t endorse or reject UBI on its merits; they instead explain why a large platform owner might support it (keeping users solvent so advertising remains valuable). That framing is pragmatic/cynical about corporate incentives rather than pro-UBI advocacy. They also don’t accept the ‘predators/parasites’ critique explicitly, but they don’t counter it with a clear pro-UBI value argument either. Overall, their stance toward UBI itself remains ambiguous, so neutral is the best fit.""}"
ubi_222,"{""stance"":""neutral"",""reasoning"":""The target user never appears in the provided transcript and there are no statements from them indicating support for or opposition to universal basic income. With only another user’s pro-UBI implication (“If Sweden can do it & prosper...”), there isn’t enough evidence to infer the target user’s post-conversation stance or any change in it.""}"
ubi_224,"{""stance"":""positive"",""reasoning"":""The target user is strongly enthusiastic about UBI, calling the endorsement “HUGE,” framing it as one of the biggest endorsements ever, and expressing optimism that it could be a major presidential platform plank. The other user raises suspicion about elites supporting UBI, but the target user has not responded or shown any shift; their language indicates a firmly positive stance after the exchange.""}"
ubi_227,"{""stance"":""positive"",""reasoning"":""The target user repeatedly defends UBI against criticisms, emphasizing its unconditional nature as an improvement over current welfare (“literally the only proposed system… that DOESN’T make you jump through hoops”), and treats failures as implementation issues (“If we do it poorly… it is going to be shitty”). They also explore expanding UBI substantially (even entertaining a future where it could approach full redistribution) and argue a central democratic government is needed to enforce equitable distribution—consistent with seeing UBI as a desirable policy tool rather than a threat. Overall, their post-conversation stance is supportive.""}"
ubi_229,"{""stance"":""positive"",""reasoning"":""The target user explicitly says they “support the concept” of basic income and later states they are “strongly in favor of meeting the basic needs of everybody.” They accept taxation as at least part of the funding (“That would be part of it”) and discuss ways to make provision of basic needs more efficient rather than rejecting UBI outright. Nothing in the conversation indicates they were persuaded away from UBI; if anything, the exchange reinforces their openness to implementing it (or an equivalent basic-needs guarantee) with cost-cutting reforms.""}"
ubi_230,"{""stance"":""positive"",""reasoning"":""The target user repeatedly engages with the premise of basic income as desirable and focuses on implementation details rather than disputing its value. They challenge the claim that UBI must be government-run, propose private alternatives, and explicitly state “A lot of them wouldn’t, but I would” in response to whether the rich would fund it—indicating personal willingness to support or finance a basic income program. Nothing in the exchange shows them rejecting UBI; if anything, the conversation reinforces their pro-UBI inclination while they defend its feasibility outside government.""}"
ubi_231,"{""stance"":""positive"",""reasoning"":""The target user repeatedly endorses UBI as a preferable replacement for the current “myriad of inefficient programs” and argues it can align with limited-government/libertarian goals if implemented as a substitute rather than an add-on. While they strongly oppose an expansive, wealth-redistribution/‘leveling’ version (e.g., $100k/year) and emphasize keeping it ‘basic’ to avoid labor disincentives and excessive taxation, they still support a reasonable UBI as a safety net. Overall stance is supportive with qualifications, not neutral or opposed.""}"
ubi_232,"{""stance"":""positive"",""reasoning"":""The target user explicitly endorses UBI (and/or a negative income tax) as an efficient libertarian-compatible replacement for expanding welfare bureaucracy, saying it is something many libertarians 'myself included' can and should support. Nothing in the remainder of the conversation suggests they retract or weaken that view, so their stance after the conversation remains positive.""}"
ubi_233,"{""stance"":""positive"",""reasoning"":""The target user explicitly endorses UBI by citing an article that “makes a strong case” for it and then adds their own pro-UBI framing: it can replace existing welfare bureaucracy, appeal across conservative/progressive/libertarian lines, and become increasingly necessary with automation. While they acknowledge right-leaning concerns about work disincentives, they respond by proposing a negative income tax as a compelling solution rather than backing away. Nothing in the subsequent exchange indicates they were persuaded against UBI, so their stance remains supportive after the conversation.""}"
ubi_235,"{""stance"":""neutral"",""reasoning"":""The target user defends the community against accusations of a pro-UBI “circle jerk” and supports respectful discussion, noting that an anti-UBI comment was upvoted. However, they never express support for or opposition to universal basic income itself; their comments focus on civility and voting behavior rather than the policy. With no clear endorsement or critique of UBI, the most justified prediction is neutral.""}"
ubi_236,"{""stance"":""neutral"",""reasoning"":""The target user only asks a clarifying, exploratory question about how a basic income could be funded from a libertarian perspective and does not express support or opposition. The other user’s newly stated support doesn’t provide enough evidence that the target user’s own view shifted, so their stance remains indeterminate/neutral.""}"
ubi_237,"{""stance"":""negative"",""reasoning"":""The target user argues that UBI is inherently tied to the state and cannot be adequately funded without it, and explicitly concludes that voluntaryism and basic income are incompatible. They frame UBI as a government program that libertarian core tenets would reject, and they do not show any shift toward accepting non-state alternatives after the exchange.""}"
ubi_239,"{""stance"":""positive"",""reasoning"":""The target user explicitly defends basic income against being labeled socialist and calls it “amazing,” framing it as broadly compatible across ideologies and beneficial because it would make “the economy…run better.” Nothing in the exchange indicates their support weakens; if anything, they push back more strongly on critiques, suggesting a firmly positive stance after the conversation.""}"
ubi_241,"{""stance"":""neutral"",""reasoning"":""The target user expresses agreement with a point about libertarian beliefs being mischaracterized as anarchy, but the conversation contains no mention of universal basic income or related policy views. There isn’t enough evidence to infer a positive or negative stance toward UBI or any change in stance from the exchange.""}"
ubi_242,"{""stance"":""positive"",""reasoning"":""The target user consistently argues in favor of UBI, treating it as a tool for economic justice and wealth-gap reduction. They don’t reject UBI itself; instead they set strong conditions for supporting a version that replaces existing programs (it must be high, inflation-resistant, and tied to national/elite wealth). When those conditions aren’t met, they still support UBI but only as an add-on to current social programs. Despite pushback about ‘reasonableness’ and work disincentives, the target user doubles down on UBI’s desirability and reframes ‘basic’ around justice, indicating an overall pro-UBI stance after the conversation.""}"
ubi_243,"{""stance"":""neutral"",""reasoning"":""The target user never speaks in the transcript, so there’s no direct evidence of their view on universal basic income or any sign of how the arguments affected them. With no expressed reaction, agreement, or disagreement, the safest prediction is that their stance remains indeterminate/neutral after the conversation.""}"
ubi_246,"{""stance"":""negative"",""reasoning"":""The target user explicitly argues that basic income would cause societal collapse, reduce incentives to work, devalue money, and lead to anarchy. Throughout the exchange they remain skeptical and push back with questions implying opposition (e.g., not seeing why to pay people who aren’t working, suggesting letting someone die costs nothing). There’s no sign they are persuaded by others’ pro-UBI arguments, so their stance remains negative after the conversation.""}"
ubi_248,"{""stance"":""negative"",""reasoning"":""The target user repeatedly argues that UBI would collapse society, reduce work incentives, devalue money, and “destroy the country,” and they explicitly reject the idea on principle (“Nobody should get free shit”). They are not persuaded by counterarguments (e.g., that UBI is modest or akin to Friedman’s negative income tax) and maintain a strongly oppositional stance throughout the exchange.""}"
ubi_249,"{""stance"":""negative"",""reasoning"":""The target user repeatedly argues that universal basic income would collapse the country, reduce incentives to work, \""destroy the country\"" by taking from the rich to give to the poor, and emphasizes that people are too lazy. They reject counterarguments about UBI levels and economic stimulus and do not show any softening or openness by the end of the exchange.""}"
ubi_250,"{""stance"":""negative"",""reasoning"":""The target user repeatedly argues that UBI would collapse the country, reduce incentives to work, and amount to harmful redistribution from “hardworking” people to “lazy” people. Even after back-and-forth clarifications, they maintain objections about high taxes, fairness, and essential jobs going unfilled, showing no shift toward acceptance. The conversation may have reframed the issue slightly (tax burden vs. incentives), but their final stance remains strongly opposed.""}"
ubi_251,"{""stance"":""negative"",""reasoning"":""The target user repeatedly argues that universal basic income would cause societal collapse by removing incentives to work, leading to mass quitting, anarchy, and currency devaluation. Throughout the exchange they double down on a work-for-pay ethic, attribute unemployment to individual laziness/poor education choices, and defend low wages for low-skill work. Nothing in the conversation indicates they were persuaded or softened; if anything, they reinforce their opposition.""}"
ubi_252,"{""stance"":""negative"",""reasoning"":""The target user repeatedly argues that basic income would collapse the country by removing the incentive to work, causing widespread quitting, anarchy, and devalued money. Throughout the exchange they double down on a work-for-pay worldview, attribute unemployment to laziness/poor choices, and reject the idea that people should receive money without working. Nothing in the conversation indicates they were persuaded toward supporting UBI, so their stance remains negative.""}"
ubi_253,"{""stance"":""negative"",""reasoning"":""The target user explicitly argues that basic income would collapse the country by removing incentives to work, leading to mass quitting, anarchy, and devalued money. Throughout the exchange they double down on a personal-responsibility/anti-welfare framing (“lazy bums,” disdain for low-wage workers’ demands), dismiss UBI supporters as “commies,” and reject the idea that non-monetary motives should drive work. The other user’s libertarian and inequality-based arguments do not elicit any softening or reconsideration from the target user, so their stance remains negative after the conversation.""}"
ubi_254,"{""stance"":""negative"",""reasoning"":""The target user repeatedly argues that universal basic income would cause societal collapse by removing incentives to work, leading to mass quitting, anarchy, and devalued money. They also challenge the idea of paying people without labor (“Why pay the human anything then if he isn't doing anything?”). Nothing in the conversation indicates they were persuaded away from this view, so their stance remains negative.""}"
ubi_255,"{""stance"":""negative"",""reasoning"":""The target user explicitly argues that basic income would collapse the country, claiming it would remove incentives to work, cause mass quitting, anarchy, and devalue money. Their follow-up question (“Why pay the human anything then if he isn't doing anything?”) reinforces skepticism rather than showing openness to pro-UBI arguments. Nothing in their replies indicates persuasion or softening, so their stance remains negative after the conversation.""}"
ubi_256,"{""stance"":""negative"",""reasoning"":""The target user repeatedly argues that basic income would cause people to stop working, collapse the country, and devalue money. They reject pro-UBI evidence, express a strong anti-welfare/low-tax view, and frame funding UBI as “commie” redistribution. Even after others explain incentives and Alaska’s example, the target user doubles down, saying many would happily live on UBI and that they personally wouldn’t work 40 hours if they didn’t have to—used as further support for their anti-UBI conclusion rather than openness to it.""}"
ubi_257,"{""stance"":""negative"",""reasoning"":""The target user explicitly argues that universal basic income would collapse the country, eliminate incentives to work, cause mass quitting, anarchy, and currency devaluation. Throughout the exchange they defend this view and respond combatively rather than showing any openness to counterarguments; the other user’s replies are either dismissive or conspiratorial and end in insults, which is unlikely to persuade the target user. Overall, the conversation reinforces the target user’s strongly negative stance toward UBI.""}"
ubi_258,"{""stance"":""negative"",""reasoning"":""The target user repeatedly argues that universal basic income would collapse the country, eliminate incentives to work, devalue money, and lead to anarchy. Throughout the exchange they double down, framing UBI as a destructive, left-wing policy and rejecting counterarguments, showing no movement toward acceptance.""}"
ubi_259,"{""stance"":""negative"",""reasoning"":""The target user repeatedly argues that UBI would collapse the country, remove incentives to work, devalue money, and \""destroy\"" society by taking from the rich to give to the lazy. They explicitly reject the idea regardless of who supports it (e.g., Milton Friedman) and frame redistribution as theft/communism. Nothing in the conversation indicates they softened or reconsidered; they continue defending libertarian, anti-redistribution views through the end.""}"
ubi_260,"{""stance"":""negative"",""reasoning"":""The target user explicitly argues that universal basic income would collapse the country by removing work incentives, causing mass quitting, anarchy, and currency devaluation. Throughout the exchange they double down, attributing unemployment to laziness and poor educational choices, defending money as the key incentive, and rejecting the idea that UBI is needed. The other user’s arguments and insults do not appear to persuade them; if anything, the hostile tone likely entrenches their opposition.""}"
ubi_262,"{""stance"":""negative"",""reasoning"":""The target user explicitly argues that basic income would cause national collapse by removing work incentives, leading to mass quitting, anarchy, and devalued money. Throughout the exchange they double down on a strong pro-work-for-pay, anti-“free money” view, blaming unemployment on individual laziness and defending low wages for low-skill jobs. Nothing in the conversation indicates they were persuaded or softened; if anything, the hostile tone reinforces their defensive, negative stance toward UBI.""}"
ubi_263,"{""stance"":""negative"",""reasoning"":""The target user repeatedly argues that basic income would cause people to stop working, trigger economic collapse, devalue money, and lead to anarchy. Throughout the exchange they defend market incentives and show no sign of being persuaded by counterarguments about automation or job quality, instead doubling down on the idea that people must work or face homelessness. The conversation ends with them still combative and unconvinced, indicating a firmly negative stance toward UBI.""}"
ubi_264,"{""stance"":""negative"",""reasoning"":""The target user repeatedly argues that basic income would collapse the country by removing incentives to work, calls it “free money” people “don’t deserve,” and rejects even a minimal safety net. They advocate eliminating welfare/food stamps, letting the unemployed starve, and using policing/forced labor instead of income support. Nothing in the exchange indicates softening; if anything, the conversation reinforces a strongly anti-UBI position.""}"
ubi_265,"{""stance"":""negative"",""reasoning"":""The target user explicitly argues that UBI would collapse the country by removing incentives to work, causing anarchy and devaluing money. They also object on personal/self-interested grounds (higher taxes, would rather stop working and live on UBI) and reject moral arguments about protecting human life. Despite other users presenting automation and poverty counterarguments, the target user does not soften their position and reiterates that their job isn’t threatened and that UBI would make them worse off. Overall, the conversation leaves them firmly opposed.""}"
ubi_266,"{""stance"":""negative"",""reasoning"":""The target user explicitly argues that universal basic income would cause people to stop working, trigger economic collapse, anarchy, and devalue money. The brief reply from the other user does not address or change the target user’s concerns, so their stance remains strongly negative after the conversation.""}"
ubi_268,"{""stance"":""negative"",""reasoning"":""The target user explicitly argues that universal basic income would cause people to stop working, trigger economic collapse, anarchy, and devalue money. The other user offers a brief rebuttal (that UBI is only enough to barely live on), but there’s no indication the target user is persuaded or softens their view. Thus their stance remains negative after the exchange.""}"
ubi_270,"{""stance"":""negative"",""reasoning"":""The target user repeatedly argues that basic income would cause national collapse by removing the incentive to work, leading to mass quitting, anarchy, and devalued money. Throughout the exchange they double down on a strongly pro-capitalist, anti-“free stuff” worldview, explicitly calling basic income “retarded,” framing poverty as individual laziness, and rejecting the idea of guaranteed basic needs. Nothing in the conversation indicates softening or reconsideration, so their post-conversation stance remains negative.""}"
ubi_271,"{""stance"":""negative"",""reasoning"":""The target user repeatedly argues that basic income would collapse the country by removing incentives to work, dismisses pro-UBI automation/productivity arguments, and frames redistribution as “stealing from others.” Their responses become more entrenched and hostile as the conversation continues, with no indication they are persuaded by the counterarguments or the “dividend” framing. Thus their post-conversation stance remains strongly negative.""}"
ubi_272,"{""stance"":""negative"",""reasoning"":""The target user repeatedly argues that UBI would cause societal collapse, reduce incentives to work, and devalue money. Throughout the exchange they reject automation-based justifications, insist new jobs will replace old ones, and frame UBI as \""free shit\"" and \""steal[ing] money from others,\"" advocating reeducation instead. Their tone becomes more entrenched and dismissive, showing no movement toward acceptance after the conversation.""}"
ubi_273,"{""stance"":""neutral"",""reasoning"":""The target user does not express approval or disapproval of universal basic income; they only ask a clarifying question about what version of UBI the other person would support. Their tone is inquisitive rather than persuasive or committed, and there’s no evidence in the exchange that they adopt a more positive or negative view as a result of the discussion.""}"
ubi_274,"{""stance"":""positive"",""reasoning"":""The target user repeatedly argues in favor of basic income on moral and pragmatic grounds: they reject letting unemployed people die, frame UBI as a necessary response to automation-driven job loss, and try to persuade a skeptic by emphasizing UBI’s protective function against poverty. They also rebut the ‘people will stop working’ claim with concrete tax/benefit arithmetic, indicating informed support rather than neutrality. Nothing in the exchange suggests their support weakened; if anything, they become more committed and detailed in defending UBI.""}"
ubi_275,"{""stance"":""neutral"",""reasoning"":""The target user never speaks in the transcript, so there’s no direct evidence of their view. The discussion includes both pro-UBI arguments (political momentum, replacing minimum wage, reducing ‘wage slavery’) and a clear con (reduced work incentives and difficulty funding it). With no indication of which side the target user finds persuasive, the safest prediction is that their stance remains neutral.""}"
ubi_276,"{""stance"":""positive"",""reasoning"":""The target user directly pushes back against the claim that UBI would collapse the country by arguing people would still work to earn more because the income is only enough to barely live on. This defense indicates a generally supportive (positive) stance toward universal basic income after the conversation.""}"
ubi_277,"{""stance"":""neutral"",""reasoning"":""The target user never speaks in the transcript, so there’s no direct evidence of their view. While the conversation contains strong anti-UBI arguments (e.g., UBI would underfund those with higher needs, require huge tax rises, or force cuts like the NHS), we can’t reliably infer how the target user would be persuaded by them. With insufficient evidence of the target user’s expressed or shifted position, the best prediction is neutral.""}"
ubi_279,"{""stance"":""negative"",""reasoning"":""The target user consistently argues that UBI in the UK would harm poor people by replacing targeted benefits (housing, council tax support, child/disability-related help) with an insufficient flat payment, effectively redistributing from those in need to higher earners. They emphasize the fiscal scale problem (current welfare spend implies a low per-person amount), reject proposed savings from cutting administration as negligible, and warn that making UBI adequate would require unacceptable tradeoffs (e.g., NHS cuts) or large tax rises that would drive high earners (including themselves) to leave. While they briefly concede that higher taxes clawing back UBI 'perhaps' could work, they still prefer means-testing a small group and remain strongly skeptical overall, so their post-conversation stance remains negative.""}"
ubi_280,"{""stance"":""negative"",""reasoning"":""The target user consistently argues UBI would harm poor people by replacing targeted benefits with a broad payment that effectively benefits higher earners, and repeatedly emphasizes that a workable UBI would require “mammoth” tax rises (to ~70–80% of GDP), unprecedented in scale and risky due to reliance on mobile high earners. Even after conceding a data-point about spending levels, they maintain that a 20% GDP tax increase is still enormous, call it the largest tax rise in history, and suggest shelving UBI until automation-driven mass unemployment occurs. Their questions (“let people…starve, or what?”) and framing indicate skepticism rather than persuasion toward support, so their post-conversation stance remains negative.""}"
ubi_281,"{""stance"":""negative"",""reasoning"":""The target user argues repeatedly that a UK basic income would harm poor people by replacing targeted benefits with an insufficient flat payment, functioning as a tax break for higher earners while cutting support (rent, council tax, disability, child benefits) for those who need it. They emphasize the fiscal scale as unrealistic without extreme tax increases or cuts like abolishing the NHS, call the outcome 'pretty shitty,' and say they’d oppose it and even leave the country if taxes rose to fund it. Nothing in the conversation appears to shift them toward support.""}"
ubi_283,"{""stance"":""negative"",""reasoning"":""The target user argues strongly that a UK basic income would harm poor people by replacing targeted benefits (rent support, council tax support, disability benefits, child benefits) with an insufficient flat payment. They frame UBI as an effective tax break for higher earners and claim a meaningful UBI would require unacceptable tradeoffs (e.g., abolishing the NHS) or major tax hikes that would drive taxpayers (including themselves) to leave. Nothing in the exchange suggests their view softened; they reaffirmed and expanded their objections, so their post-conversation stance is negative.""}"
ubi_284,"{""stance"":""negative"",""reasoning"":""The target user explicitly argues that UBI would be “terrible for poor people,” would require implausibly high taxation, and would replace targeted benefits with an effective tax break for higher earners. The other user challenges the cost estimate, but the target user has not responded or shown any sign of being persuaded, so their post-conversation stance remains negative.""}"
ubi_285,"{""stance"":""positive"",""reasoning"":""The target user repeatedly defends UBI as a system that “makes a lot of sense,” argues it would reduce humiliating/inefficient welfare bureaucracy (jobcentres, private assessment contractors), and proposes a concrete phased implementation (replacing part of benefits with a basic income while adjusting other payments). Even after being challenged on costs, distributional impacts, and job losses, they maintain support and frame UBI as necessary given changing work and welfare realities. The conversation does not shift them away from UBI; if anything, they double down on it as preferable to the current system.""}"
ubi_287,"{""stance"":""positive"",""reasoning"":""The target user defends the pro-UBI argument by clarifying that even with a basic income (e.g., $12k/year), most people would still choose to work to afford more than bare survival. They explicitly reject the claim that UBI would cause widespread work cessation, acknowledging only a minority might opt out while the majority would continue working. This framing supports UBI as viable and suggests an overall favorable stance after the exchange.""}"
ubi_289,"{""stance"":""positive"",""reasoning"":""The target user repeatedly frames basic income as a “very positive step” toward mainstream debate, discusses pathways for unions and parties to advance it, and predicts it could become a normal policy position within 10–20 years. While they doubt short-term electoral viability and expect it might be ‘laughed down’ now, that skepticism is about political feasibility rather than opposition to the policy itself, indicating an overall favorable stance.""}"
ubi_290,"{""stance"":""positive"",""reasoning"":""The target user repeatedly frames basic income as a desirable policy and explicitly calls trade union support a “very positive step” toward making it mainstream in UK politics. They defend UBI against accusations of socialism, challenge critics, and express ideological alignment with policies that benefit society broadly. Nothing in the exchange suggests their support weakens; if anything, they double down on pro-UBI arguments.""}"
ubi_291,"{""stance"":""positive"",""reasoning"":""The target user explicitly frames basic income as a policy Corbyn would be receptive to and concludes that the union/Labour leadership situation is “a very positive step” toward basic income entering the political mainstream and national debate. The other user’s mild pushback about mixed member polling doesn’t appear to change the target user’s expressed optimism or support.""}"
ubi_292,"{""stance"":""positive"",""reasoning"":""The target user explicitly frames the developments as \""a very positive step\"" toward basic income entering the political mainstream and national debate, and suggests key influential actors (trade unions and Corbyn) are receptive. Nothing in the exchange indicates they become more skeptical afterward; the other user’s speculation about Theresa May doesn’t elicit any reversal from the target user. Overall, the target user’s stance remains supportive/optimistic.""}"
ubi_293,"{""stance"":""positive"",""reasoning"":""The target user explicitly frames basic income as a promising, mainstreaming policy development in UK politics, calling it a “very positive step” toward national debate and suggesting key actors (unions/Corbyn) would be receptive. The other user’s skeptical NHS question is not engaged with by the target user here, so there’s no evidence of a shift away from support. Overall, the target user’s stance remains clearly positive.""}"
ubi_296,"{""stance"":""positive"",""reasoning"":""The target user strongly defends UBI against claims it would be fiscally impossible, argues it can be funded (e.g., via a 40% flat tax mechanism), emphasizes that most households would see a reduced tax burden due to the UBI acting like a large tax credit, and ridicules the opposing cost estimates. Nothing in the exchange indicates they were persuaded away from this view, so their post-conversation stance remains supportive.""}"
ubi_297,"{""stance"":""neutral"",""reasoning"":""The transcript contains no messages from the explicitly identified [TARGET USER], so there is no direct evidence of their view or how they responded to the pro/anti arguments. Without any target-user statements or reactions, the safest prediction is neutral.""}"
ubi_299,"{""stance"":""positive"",""reasoning"":""The target user explains UBI in supportive terms, emphasizing benefits like reducing poverty-related stress, crime, and mental health issues, calling current poverty an inefficient distribution problem, and arguing UBI preserves work incentives while improving opportunity. Their framing is clearly favorable and contains no expressed reservations, so their post-conversation stance is positive.""}"
ubi_300,"{""stance"":""positive"",""reasoning"":""The target user explains basic income in supportive terms, emphasizes influential backing, argues it addresses inefficient distribution and reduces societal harms (crime, mental health issues), and explicitly defends it as not removing work incentives. Their framing is consistently pro-UBI/guaranteed income, with no expressed doubts; the later correction about terminology from another user doesn’t indicate any shift away from support.""}"
ubi_302,"{""stance"":""neutral"",""reasoning"":""The target user does not appear in the transcript and makes no statements about universal basic income. Since there’s no explicit evidence of their view or how the exchange affected them, the safest prediction is neutral.""}"
ubi_305,"{""stance"":""positive"",""reasoning"":""The target user defends UBI as a meaningful improvement over $0, frames it as ensuring people can meet basic needs (avoid starvation/homelessness) rather than enabling an “ideal life,” and notes it wouldn’t stop them from working. This indicates a supportive, pragmatic view of UBI even while acknowledging limits (e.g., not enough for NYC). The other user’s skepticism doesn’t appear to shift the target user away from support.""}"
ubi_306,"{""stance"":""neutral"",""reasoning"":""The transcript contains no mention of universal basic income or related policy views from the target user, nor any arguments that would plausibly shift their opinion. The exchange is about location (Ohio) and desirability of living there, providing insufficient evidence to infer a positive or negative stance on UBI.""}"
ubi_319,"{""stance"":""positive"",""reasoning"":""The target user explicitly supports implementing UBI (proposing $300–$500/month) and defends it against inflation/death-spiral objections. They frame UBI as a moral and practical tool to help the poorest/homeless live with dignity and say they’re willing to accept small price increases to achieve that. Nothing in the conversation indicates they were persuaded away from UBI; if anything, they double down when challenged.""}"
ubi_327,"{""stance"":""positive"",""reasoning"":""The target user expresses a supportive implication of UBI by saying that with a basic income there wouldn’t be much need for a minimum wage, suggesting they view UBI as a workable replacement or complement to wage regulation. They do not echo the inflation/death-spiral concern raised by another user and instead align with the pro-UBI framing that UBI can improve labor-market bargaining power and reduce reliance on minimum-wage policy.""}"
ubi_328,"{""stance"":""neutral"",""reasoning"":""The target user only notes that a UBI could reduce the need for a minimum wage, which is a speculative policy implication rather than clear support or opposition. They don’t endorse UBI as good or bad, and the conversation ends immediately after a skeptical challenge (“So free labor for the employer?”) without the target user responding, so there’s insufficient evidence that they became positive or negative overall.""}"
ubi_334,"{""stance"":""positive"",""reasoning"":""The target user consistently defends UBI against the job-guarantee proposal, arguing UBI has less disincentive to employment than the current system, criticizing “make-work/bullshit jobs,” and emphasizing that UBI supports socially valuable unpaid activities (caregiving, schooling, volunteering, growing food) without forcing people into low-value guaranteed jobs. They frame UBI as preferable on both incentive and dignity/value grounds, and nothing in the exchange suggests they were persuaded away from that view.""}"
ubi_341,"{""stance"":""negative"",""reasoning"":""The target user conditions any support for UBI on it fully replacing existing welfare and transfer programs (including Medicare/Medicaid and Social Security) and calls UBI paired with other programs a “nonstarter.” When another user argues health programs can’t be replaced due to variable costs, the target user responds that this means they won’t get “people like me on board,” reinforcing opposition unless their strict replacement demand is met. Nothing in the exchange suggests they soften this view; they continue to frame UBI as an economic deterrent worth exploring and resist values-based arguments.""}"
ubi_343,"{""stance"":""neutral"",""reasoning"":""The target user is conditionally open to discussing UBI only if it fully replaces existing welfare/transfer programs (including Medicare/Medicaid and Social Security) and rejects proposals that add UBI on top of other redistribution. In the exchange, they defend minimizing the medical-bankruptcy problem and argue even single-payer systems don’t eliminate bankruptcy tied to illness, reinforcing their resistance to keeping healthcare entitlements alongside UBI. Overall, they are not endorsing UBI on its own merits, but not rejecting it outright either—support remains contingent on major program rollbacks—so their stance after the conversation is best classified as neutral (conditional/qualified rather than positive).""}"
ubi_344,"{""stance"":""neutral"",""reasoning"":""The target user only asks clarifying, exploratory questions about the size of the proposed UBI and its labor-force effects (e.g., married women leaving the workforce). They don’t explicitly endorse or oppose UBI, and their questions could be read as either genuine inquiry or mild skepticism, but there isn’t enough evidence to confidently place them as positive or negative after the exchange.""}"
ubi_348,"{""stance"":""neutral"",""reasoning"":""The target user is conditionally open to discussing universal basic income but only if it fully replaces existing welfare and transfer programs; they explicitly reject UBI as an addition to current benefits and frame it as a “nonstarter” otherwise. This indicates neither clear support nor outright opposition to UBI itself—support depends on stringent conditions. The brief pushback from the other user doesn’t provide evidence the target user’s stance shifts, so their post-conversation stance remains conditional/neutral.""}"
ubi_361,"{""stance"":""neutral"",""reasoning"":""The target user never explicitly endorses or rejects universal basic income overall. They accept the idea that children should be included in a basic income (a mildly pro-UBI element), but focus on design constraints—smaller payments for kids and restricting access until age 18—rather than arguing for UBI as a policy. There’s no clear movement toward strong support or opposition after the discussion, so the most defensible prediction is neutral.""}"
ubi_362,"{""stance"":""positive"",""reasoning"":""The target user argues in favor of introducing a basic income earlier rather than waiting for mass job loss, emphasizing that many jobs exist mainly to keep people employed and that UBI would enable greater efficiency and a shift toward productivity without leaving people destitute. This framing is clearly supportive of UBI as a beneficial policy.""}"
ubi_366,"{""stance"":""neutral"",""reasoning"":""The target user argues against treating UBI and existing welfare programs as mutually exclusive and emphasizes uncertainty about whether UBI alone is more socially efficient than a mixed system. They neither endorse nor reject UBI itself, focusing instead on program design and epistemic humility (\""we don't know\""). Their tone shows skepticism toward strong pro-UBI claims but not opposition to UBI as a concept, so the overall stance remains neutral.""}"
ubi_368,"{""stance"":""positive"",""reasoning"":""The target user explicitly states they are \""all for basic income\"" and continues to engage by discussing design details (amount setting, regional cost differences) and complementary policies (boosting production/abundance to avoid inflation). Their concerns are about implementation and prerequisites, not opposition to UBI itself. The exchange about moving to cheaper areas doesn’t shift them toward rejecting UBI; they remain exploratory and conditional, so their overall stance remains supportive.""}"
ubi_369,"{""stance"":""positive"",""reasoning"":""The target user argues in favor of UBI and defends it as workable only alongside single-payer healthcare. They explicitly say “single payer *and* basic income is necessary,” warn that private insurance would absorb UBI via price increases, and frame opposition as setting up UBI to fail. This indicates strong support for UBI (conditional on complementary healthcare reform), not neutrality or opposition.""}"
ubi_375,"{""stance"":""negative"",""reasoning"":""The target user repeatedly argues that a $10k basic income is financially infeasible, below the poverty line, and would harm current beneficiaries (e.g., Social Security recipients). They demand detailed funding math and characterize attempts to fund it as “woefully, ridiculously inadequate.” The other user provides a partial, means-tested proposal and possible cuts, but it doesn’t address the target user’s core objections (full cost coverage, tradeoffs, impacts on SS) in a way that would likely change their view. Overall, the target user remains skeptical and oppositional after the exchange.""}"
ubi_380,"{""stance"":""negative"",""reasoning"":""The target user repeatedly and explicitly condemns universal basic income as a “bad idea,” arguing it would reduce willingness to work (“I’ll be sitting on my ass too”), shrink non-necessity spending and jobs, and increase dependency (“once people are guaranteed free shit”). They reject pro-UBI arguments as speculative and dismiss supporting studies as biased/self-reported. Nothing in the exchange suggests softening; if anything, the back-and-forth entrenches their opposition.""}"
ubi_381,"{""stance"":""negative"",""reasoning"":""The target user repeatedly and emphatically argues that a UBI is a “bad idea,” claiming it would strongly reduce work incentives and lead many people (including themselves and people they know) to stop working and “milk” benefits. They reject counterarguments, frame pro-UBI views as naive/fantasy, and provide anecdotes and references (unemployment benefits, welfare duration, social security) to reinforce their opposition. Nothing in the exchange suggests softening or openness to UBI; if anything, their stance becomes more entrenched.""}"
ubi_392,"{""stance"":""positive"",""reasoning"":""The target user explicitly defends UBI, asserting it would end poverty, reduce the need for new social programs, and make cutting other programs attractive in order to increase an equal cash dividend. This indicates a clearly favorable stance toward UBI, and nothing in the subsequent reply appears to change their view.""}"
ubi_397,"{""stance"":""neutral"",""reasoning"":""The transcript contains no substantive dialogue or statements from the target user about universal basic income (or any related cues showing approval/disapproval). With the conversation content effectively removed and no evidence of the target user’s views or how they were influenced, there isn’t enough information to infer a positive or negative stance, so neutral is the safest prediction.""}"
ubi_400,"{""stance"":""neutral"",""reasoning"":""The target user engages by questioning whether higher taxes would be partly offset because everyone also receives the UBI, suggesting openness and an attempt to evaluate the claim rather than outright support or opposition. They do not express approval of UBI, and the reply they receive emphasizes funding/taxation problems, but there’s no follow-up showing they were persuaded against it. Overall, the conversation leaves their stance indeterminate, so neutral is most appropriate.""}"
ubi_406,"{""stance"":""negative"",""reasoning"":""The target user argues that a UBI paired with replacing other welfare programs will “never happen” because ending existing programs would provoke backlash and, even if implemented, new programs would inevitably reappear. This reflects skepticism and opposition to UBI’s feasibility and sustainability rather than support; nothing in the exchange indicates they are persuaded otherwise.""}"
ubi_407,"{""stance"":""negative"",""reasoning"":""The target user argues that a basic income will “never happen” because it would require ending existing welfare programs, which they believe is politically impossible and would inevitably lead to new programs being recreated. This reflects skepticism and opposition toward UBI’s feasibility and implementation rather than support, indicating an overall negative stance after the conversation.""}"
ubi_410,"{""stance"":""negative"",""reasoning"":""The target user repeatedly dismisses UBI’s entrepreneurship rationale as “ridiculous,” “nuttery,” and “dribbling out a little bit of money,” arguing $1k/month is too small to meaningfully lower real startup barriers and would mostly subsidize hobbies or scams rather than real businesses. Throughout the exchange they become more entrenched, citing their own entrepreneurial experience, rejecting counterexamples, and showing no movement toward support; if anything, the contentious back-and-forth reinforces their skepticism.""}"
ubi_413,"{""stance"":""neutral"",""reasoning"":""The target user argues that conventional job-based “productivity” can be net-negative when evaluated against goals like mitigating climate change, and even suggests an unemployed person at home could be ‘more productive’ than a barista due to lower resource use. This aligns with a critique of work-for-work’s-sake and could be compatible with pro-UBI logic, but they never mention income support, redistribution, or guaranteeing a basic income. The exchange also ends with others mocking the implication, without the target user reaffirming or pivoting to a policy like UBI. So there isn’t enough explicit evidence to conclude a positive or negative stance toward UBI specifically.""}"
ubi_414,"{""stance"":""positive"",""reasoning"":""The target user is skeptical of “jobs for jobs’ sake,” questions whether many service jobs are truly productive, and explicitly floats basic income as part of “bigger thinking” beyond traditional Econ 101 frameworks. Their comments imply openness and support for UBI as a potential alternative suited to a new era, rather than rejecting it.""}"
ubi_421,"{""stance"":""positive"",""reasoning"":""The target user explicitly defends UBI against claims of budget collapse and inflation, calling opposing arguments “misinformation.” They assert “most economists support UBI” and that inflation would be “no or negligible,” then provide multiple pro-UBI citations (Mankiw, Rogoff, Forbes). Their tone and effort to substantiate UBI’s feasibility indicate a supportive stance after the conversation.""}"
ubi_423,"{""stance"":""negative"",""reasoning"":""The target user repeatedly argues that making welfare universal is “strictly worse” than targeting aid to those who need it, questions why funds should go to people who don’t need them (e.g., Bezos), doubts administrative-savings justifications, and pushes for reallocating any universal payments toward higher benefits for the needy (including children). Nothing in the exchange indicates they were persuaded by the pro-UBI points about stigma, bureaucracy, or incentives; their replies remain consistently critical, so their post-conversation stance is negative.""}"
ubi_424,"{""stance"":""positive"",""reasoning"":""The target user repeatedly defends universal (not targeted) basic income as preferable to means-tested welfare, emphasizing reduced bureaucracy, fewer perverse incentives, less stigma, and broad coverage for people just above current assistance thresholds. They explicitly say they “do not care one iota” if rich people also receive it as long as others do, and they continue arguing for UBI even after sustained pushback, showing no sign of being persuaded away. Thus their post-conversation stance remains clearly pro-UBI.""}"
ubi_437,"{""stance"":""neutral"",""reasoning"":""The target user never appears in the transcript and provides no explicit opinion about universal basic income. The discussion shown is between other users debating whether UBI would cause inflation, but there’s no evidence of how the target user reacts or whether their stance changes. With insufficient information about the target user’s views after the conversation, the best prediction is neutral.""}"
ubi_438,"{""stance"":""neutral"",""reasoning"":""The target user never speaks in the provided transcript, so there is no direct evidence of their view on universal basic income or any reaction to the other user's argument about rent and property prices. Without any explicit stance or engagement that would indicate persuasion, the safest prediction is neutral.""}"
ubi_439,"{""stance"":""negative"",""reasoning"":""The target user downplays the need for a basic income by arguing that people can already live comfortably on very low wages if they choose inexpensive areas (e.g., living in the desert on $8/hr). This framing suggests skepticism toward UBI’s necessity and aligns more with a negative stance than a supportive or neutral one.""}"
ubi_441,"{""stance"":""neutral"",""reasoning"":""The target user only asks clarifying questions and challenges an assumption that UBI would make it “next to impossible” to earn decent money, which suggests openness or mild skepticism of anti-UBI claims. However, they do not explicitly endorse UBI or argue for it; they simply probe details (amount of UBI, why earnings would be impossible). With no clear expressed support or opposition after the exchange, the best classification is neutral.""}"
ubi_444,"{""stance"":""positive"",""reasoning"":""The target user explicitly endorses combining a consumption (sales) tax with a guaranteed basic income, arguing it can be made non-regressive and reframed as a tax rebate rather than welfare. Their comment is supportive of UBI as part of a preferred tax system, and nothing in the subsequent replies shows them retreating from that view.""}"
ubi_445,"{""stance"":""neutral"",""reasoning"":""The target user never speaks in the transcript, so there’s no direct evidence of their views. The discussion presents mixed considerations—high total cost and political feasibility concerns alongside possible funding/tax-design ideas (tax brackets, sales taxes, land value tax) and potential poverty reduction—but nothing indicates how the target user reacts or updates their belief. With insufficient evidence of a shift, the best prediction is neutral.""}"
ubi_449,"{""stance"":""positive"",""reasoning"":""The target user explicitly endorses combining a consumption (sales) tax with a “guaranteed basic income” to offset regressivity and cover taxes up to poverty-level spending, framing it as a preferable policy design (“It could be made non-regressive by combining…,” “Then we could call it a tax rebate…”). This indicates a supportive stance toward UBI, at least as part of a tax-and-transfer system.""}"
ubi_455,"{""stance"":""negative"",""reasoning"":""The target user emphasizes a conservative rebuttal that UBI would either be spent on undesirable items (prompting public backlash) or require paternalistic controls, which would recreate the same bureaucracy UBI is supposed to eliminate. They explicitly reject constrained debit-card proposals as undermining UBI’s core selling point and conclude it would put society “right back where we started,” indicating an overall skeptical/negative stance after the exchange.""}"
ubi_457,"{""stance"":""positive"",""reasoning"":""The target user argues that a basic income would reduce the need to live in high-rent cities by loosening the tie between jobs and location, and they proposes an entrepreneurial response (buying land and building housing) if rents rose. Their comments treat UBI as enabling mobility and new housing supply rather than as a problem, and they do not accept the anti-UBI framing from others. Overall this indicates a favorable stance after the exchange.""}"
ubi_459,"{""stance"":""neutral"",""reasoning"":""The target user does not appear in the provided transcript, so there are no explicit statements or reactions from them to infer support or opposition. With insufficient evidence about their views or how the discussion affected them, the most defensible prediction is neutral.""}"
ubi_465,"{""stance"":""negative"",""reasoning"":""The target user repeatedly argues that a basic income would be wasted by a nontrivial share of recipients, wouldn’t eliminate the need for existing safety nets, and rests on a flawed premise that poverty is mainly about lack of cash rather than skills. They explicitly prefer in-kind assistance over cash and cite personal examples of benefit misuse, indicating opposition to UBI as typically proposed. Nothing in the exchange suggests their view softens; if anything, the discussion reinforces their skepticism.""}"
ubi_466,"{""stance"":""negative"",""reasoning"":""The target user criticizes UBI as flawed because recipients may spend it irresponsibly and still require existing safety nets, undermining the program’s purpose. They also reject the premise that poverty is mainly due to lack of cash, arguing instead it stems from insufficient life/job skills that UBI would not fix. The brief pushback from another user about trials doesn’t show the target user changing their view, so their stance remains negative.""}"
ubi_470,"{""stance"":""positive"",""reasoning"":""The target user argues in favor of basic income as a clear improvement over the current welfare system: simpler administration, more equal treatment, fewer overlaps, reduced stigma, and elimination of the “unemployment trap.” They also note potential broader benefits (less market distortion, possibly reducing the need for minimum wage). Nothing in the exchange suggests they were persuaded away from UBI; their only pushback is about assuming UBI implies universal healthcare, which doesn’t undermine their pro-UBI view.""}"
ubi_473,"{""stance"":""positive"",""reasoning"":""The target user consistently argues in favor of basic income/UBI as an improvement over current welfare: simpler administration, equal treatment, fewer budget battles, elimination of the unemployment trap, and potential market benefits (even replacing minimum wage). They rebut cost objections by emphasizing administrative savings and transparency, and they continue defending UBI’s desirability even while acknowledging political/practical hurdles. Nothing in the exchange suggests they became less supportive; if anything, they press critics for reasons and frame current entitlements as unsustainable, reinforcing a pro-UBI stance.""}"
ubi_474,"{""stance"":""positive"",""reasoning"":""The target user treats basic income as a promising policy worth serious consideration and testing. They cite Mincome’s positive effects, argue that current welfare spending could be redirected to fund a basic income without drastic tax hikes, and push back against objections by emphasizing potential poverty reduction. While they express uncertainty about costs and advocate for small-scale experiments rather than immediate adoption, their overall orientation is supportive (pro-UBI-as-a-better alternative to current welfare) rather than neutral or opposed.""}"
ubi_487,"{""stance"":""positive"",""reasoning"":""The target user explicitly states they are “all in favor of basic income ASAP” and later reinforces support on pragmatic grounds: since state handouts will exist, they prefer an efficient, low-bureaucracy, low-control cash transfer approach—i.e., a basic income. The ensuing argument is about libertarian ideology and taxation semantics, not a retreat from supporting UBI, so their post-conversation stance remains clearly positive.""}"
ubi_488,"{""stance"":""positive"",""reasoning"":""The target user explicitly states they are “all in favor of basic income ASAP” and later reiterates a preference for state handouts (which they think are politically unavoidable) to be delivered in the “most efficient way possible” with minimal bureaucracy and control—i.e., a basic income. While they frame taxation as theft and criticize leftists and welfare recipients, their policy preference after the exchange remains supportive of implementing UBI as the least-bad, most efficient form of redistribution.""}"
ubi_491,"{""stance"":""negative"",""reasoning"":""The target user repeatedly rejects UBI outright (\""It isn't\"" a reasonable alternative), argues it would not address basic concerns, and frames it as a coercive tool that would increase government control via dependence and easy suspension/garnishment. Their detailed elaboration reinforces a strongly negative stance with no indication of softening during the exchange.""}"
ubi_498,"{""stance"":""positive"",""reasoning"":""The target user proposes a modified minimum income/basic income scheme and explicitly aims to make basic income implementable by addressing a common criticism (reduced work incentives). This indicates they are generally supportive of the policy in principle and are focused on improving its design rather than rejecting it. The other user challenges the premise that work must be incentivized, but the target user does not express any move away from supporting basic income—only concern about mitigating a perceived drawback—so their stance remains positive.""}"
ubi_499,"{""stance"":""positive"",""reasoning"":""The target user is actively proposing a modified minimum income/UBI-style scheme and focusing on how to design it to preserve work incentives, which implies support for the policy goal rather than opposition. The reply citing a study about reduced work incentives doesn’t show the target user backing off; their original message already anticipates and tries to address that concern, so their stance after the exchange is best predicted as still favorable.""}"
ubi_527,"{""stance"":""negative"",""reasoning"":""The target user repeatedly argues UBI is a “magical fairy tale,” sets up a challenge to name an adequate amount, and then rejects the proposed $12,000/year as “unaffordable,” emphasizing the ~$2.8–$3T annual cost and insisting there is “no possible budget” for it. Their tone is dismissive and they show no sign of being persuaded by counterarguments, ending more entrenched against UBI’s feasibility.""}"
ubi_540,"{""stance"":""neutral"",""reasoning"":""The target user says they are open to considering basic income and came to be convinced, but repeatedly frames UBI mainly as a potential “significant hit” to their income and questions why they should “suffer” via higher taxes. In this exchange they push back against moral condemnation rather than engaging with pro-UBI ethical arguments, and they do not express any increased support—only defensiveness and a demand for stronger justification. With no clear movement toward support or rejection beyond skepticism and conditional openness, the most accurate post-conversation stance is neutral.""}"
ubi_546,"{""stance"":""positive"",""reasoning"":""The target user explicitly endorses basic income multiple times, stating it would let them and their wife pursue education faster, improve their skills, and “get jobs that contribute to society.” When challenged that UBI rewards bad choices or reduces motivation, the target user defends UBI as a better alternative to existing welfare—framing it as accelerating self-improvement and reducing long-term dependency. Even as the other user presses moral objections (having kids they can’t support) and argues for reducing welfare, the target user does not concede; they maintain that some form of support will exist anyway and that UBI is preferable. Overall, the conversation reinforces rather than weakens their pro-UBI stance.""}"
ubi_548,"{""stance"":""negative"",""reasoning"":""The target user repeatedly argues against universal basic income, emphasizing work disincentives leading to reduced labor supply, lower production, and inflation that would erode the benefit. They also reject the premise that automation will eliminate jobs permanently, instead claiming it lowers prices and shifts labor to new sectors, making UBI unnecessary. Nothing in the exchange indicates they were persuaded otherwise; they double down by framing automation as a net positive that reduces required work hours without requiring UBI.""}"
ubi_559,"{""stance"":""negative"",""reasoning"":""The target user repeatedly argues against UBI, emphasizing that it requires higher taxes that raise business costs and slow growth, that it is merely redistribution with “no stimulative effect,” and that shifting money from higher-income investors to lower-income consumers is “a bad policy.” They invoke Sweden’s experience with high taxes and cite investment/infrastructure multipliers to support the view that UBI would harm economic growth. Nothing in their replies indicates openness to changing their mind by the end of the conversation, so their stance remains negative.""}"
ubi_566,"{""stance"":""negative"",""reasoning"":""The target user argues that if people have a guaranteed income, they will refuse undesirable jobs unless wages rise significantly, which they believe would destroy national competitiveness and bankrupt the economy. They dismiss automation/robots as an adequate solution and frame the outcome of such a policy as economic ruin, indicating a strongly negative stance toward universal basic income.""}"
ubi_567,"{""stance"":""positive"",""reasoning"":""The target user frames the 22% support as encouraging progress, emphasizes growing awareness as a “HUGE step forward,” and expresses optimism about expanded coverage and learning about basic income. Nothing in the exchange indicates they became skeptical; the other user’s critique doesn’t elicit any shift from the target user. Overall, the target user remains supportive of universal basic income.""}"
ubi_568,"{""stance"":""positive"",""reasoning"":""The target user frames 22% support as encouraging progress, emphasizes growing awareness and media coverage, and calls it a “HUGE step forward” for basic income. They show clear optimism and advocacy toward the idea, and nothing in the exchange indicates their view turns negative after the other user’s disparaging comment.""}"
ubi_572,"{""stance"":""negative"",""reasoning"":""The target user argues that a basic income would be inflationary because it would force wages (especially for undesirable low-paid jobs) to rise to attract workers, increasing businesses’ input costs and therefore prices. They also state they would quit if they were in low-wage work, reinforcing their view that UBI disrupts labor incentives. The other user’s counterpoints don’t show the target user conceding or softening, so their stance remains negative after the exchange.""}"
ubi_574,"{""stance"":""negative"",""reasoning"":""The target user argues that a universal basic income would force wages up and therefore raise the prices of goods and services, explicitly concluding “Thus, inflation.” This frames UBI as economically harmful and implies opposition. The follow-up reply challenges them, but the target user does not respond or show any sign of being persuaded, so their post-conversation stance remains negative.""}"
ubi_578,"{""stance"":""positive"",""reasoning"":""The target user is engaged with the basic income movement and is pushing for more effective persuasion, not rejecting the policy itself. Their critique is strategic (campaign effectiveness and convincing people) and implies they want UBI to succeed. The other user’s reply reinforces that awareness increases support, which likely aligns with the target user’s goal of growing backing rather than diminishing it. Overall, the target user appears supportive of UBI but frustrated with advocacy tactics.""}"
ubi_579,"{""stance"":""neutral"",""reasoning"":""The target user accepts the concept of basic income but argues it should be introduced cautiously and kept below (or at most equal to) the poverty line, indicating concern about generosity/scale rather than outright opposition. They don’t reject UBI; they support a limited, incremental version, which reads as neither clearly positive nor negative overall.""}"
ubi_581,"{""stance"":""negative"",""reasoning"":""The target user explicitly frames the referendum result as a decisive rejection (“overwhelmingly rejected”), argues that this makes UBI less likely elsewhere, and characterizes UBI’s “real driver” as “money for nothing,” contrasting it unfavorably with existing European social welfare they’ve used. Nothing in the conversation indicates they soften this view; they remain dismissive and skeptical, so their stance after the conversation is negative.""}"
ubi_584,"{""stance"":""neutral"",""reasoning"":""The target user does not appear in the provided transcript, so there’s no direct evidence of their view on universal basic income or how the exchange affected them. While the other user argues in favor of basic income enabling art and intrinsic motivation, we cannot reliably infer the target user adopted or rejected that position. With insufficient evidence about the target user’s post-conversation stance, the best prediction is neutral.""}"
ubi_590,"{""stance"":""positive"",""reasoning"":""The target user strongly endorses UBI, explicitly stating it is unequivocally affordable (“the math is the easy part”) and arguing it would not be undermined by housing inflation, citing existing housing supply and market adjustments. Their confident rebuttals indicate a clear pro-UBI stance after the conversation.""}"
ubi_595,"{""stance"":""positive"",""reasoning"":""The target user consistently argues in favor of UBI (framed as a “Universal Social Security”) as a practical restructuring of welfare that mitigates negative economic effects, reduces poverty and welfare cliffs, and can partially replace/streamline existing programs. They provide detailed cost/benefit calculations, defend feasibility within the current political system, and even tie it to their own political campaign—strong signals of advocacy rather than skepticism. While they acknowledge potential issues (e.g., businesses capturing some of the benefit, implementation risks), these are treated as manageable and not reasons to reject UBI, so their post-conversation stance remains clearly positive.""}"
ubi_596,"{""stance"":""positive"",""reasoning"":""The target user repeatedly defends and elaborates a basic income proposal (calling it a “Citizen’s Dividend” / “Universal Social Security”), argues it’s mathematically sustainable with productivity growth, and presents it as stabilizing the middle class and supporting the poor. Their critiques focus on framing (capitalist vs socialist) and automation narratives, not on rejecting UBI itself. Nothing in the exchange suggests they become less supportive after the conversation.""}"
ubi_598,"{""stance"":""neutral"",""reasoning"":""The target user only characterizes basic income as a “capitalist approach to solving welfare issues,” which is more a framing than an endorsement or rejection. They don’t express support, opposition, or any change after the other user’s pro-UBI argument, and there’s no follow-up from the target user indicating persuasion. With insufficient evidence of a positive or negative attitude, the stance is best classified as neutral.""}"
ubi_601,"{""stance"":""positive"",""reasoning"":""The target user defends universal basic income by offering a logical counter to claims it is “communism,” citing conservative economists Milton Friedman and Friedrich Hayek as supporters. This indicates the target user views basic income favorably and is willing to argue in its support; nothing in the exchange suggests their stance becomes less supportive afterward.""}"
ubi_602,"{""stance"":""positive"",""reasoning"":""The target user repeatedly defends basic income against the claim that it is communism, arguing it preserves private ownership, markets, money, profit, and the state, and explicitly calls it “an enhancement to the Capitalist system.” They also frame BI as essentially a streamlined version of existing tax-and-transfer mechanisms rather than a radical restructuring. This indicates a supportive stance toward UBI (at least as a policy compatible with capitalism), not opposition or neutrality.""}"
ubi_605,"{""stance"":""positive"",""reasoning"":""The target user explicitly argues in favor of UBI, framing it as increasing financial security, reducing despair-driven destructive drug use, and helping people plan and escape dead-end situations. They rebut criticisms about affordability and housing by noting UBI is additive income and could be adjusted regionally, and they challenge the idea that it would worsen overdoses. Nothing in the conversation indicates their view shifted away from support; if anything, they reinforce a pro-UBI stance.""}"
ubi_606,"{""stance"":""positive"",""reasoning"":""The target user explicitly argues in favor of a basic income as a way to reduce despair and financial insecurity that can drive destructive drug use, calling it something people can plan with and use to get out of a dead-end situation. They defend UBI against objections (cost of pills, housing) and emphasize it provides greater security and flexibility, even suggesting cost-of-living adjustments. Nothing in the exchange indicates they were persuaded away from this view; they remain supportive of UBI’s benefits despite acknowledging drug use is a separate issue.""}"
ubi_608,"{""stance"":""neutral"",""reasoning"":""The target user is strongly negative toward Georgist land value taxation and tying UBI to land rents, arguing it would make government a “permanent landlord,” be regressive, and harm homeowners/farmers. However, they also speak as if a UBI society could exist (“voluntary in a UBI society”) and criticize the *direction* Georgists take UBI rather than rejecting UBI itself. Since they never clearly endorse or oppose UBI in general—only its Georgist implementation—there isn’t enough evidence to label them pro- or anti-UBI overall after the conversation.""}"
ubi_613,"{""stance"":""negative"",""reasoning"":""The target user repeatedly criticizes Georgist ideas (which commonly include land value taxes funding dividends akin to a basic income), calling them nonsensical and dangerous, and expresses strong concerns about perpetual taxes feeling like government rent, regressive impacts on low-income homeowners, and disproportionate burdens on farmers. They also argue land is less central to modern wealth, rejecting the core premise behind such redistribution schemes. The other users’ replies don’t appear to persuade them; the target user maintains and reinforces their objections, indicating a negative stance toward UBI in this context.""}"
ubi_614,"{""stance"":""positive"",""reasoning"":""The target user explicitly advocates for giving people a basic income (“If we’re going to give people a basic income…”) and frames UBI as sensible policy, focusing the dispute on *how to fund it* (preferring income-based taxation over land/value taxes). They also defend UBI against the claim it’s too disruptive, implying acceptance rather than skepticism. Nothing in the exchange suggests their support for UBI weakened; if anything, the argument reinforces their pro-UBI position by contrasting it with what they see as regressive Georgist taxation.""}"
ubi_640,"{""stance"":""negative"",""reasoning"":""The target user explicitly rejects UBI as a “basic right” when it is funded by taking from others (taxation/redistribution), framing it as negating individual rights and dependent on others’ labor. While they allow conditional support only if it’s a “necessary evil” or if it’s funded by fully automated production (robots/AI with no human input), the conversation reinforces their opposition to standard, tax-funded UBI. They double down (“I’ll stand by my statement… I will not”) rather than soften, indicating an overall negative stance toward UBI as typically proposed.""}"
ubi_644,"{""stance"":""neutral"",""reasoning"":""The target user only makes a brief, somewhat tongue-in-cheek political comment about aiming for “100% unemployment,” which could be interpreted as pro-automation or anti-work, but they never mention universal basic income or any related policy. There’s no explicit endorsement or rejection of UBI, and the surrounding discussion is about political power/corruption rather than income support. With insufficient direct evidence of their view on UBI, the best prediction is neutral.""}"
ubi_646,"{""stance"":""positive"",""reasoning"":""The target user consistently argues in favor of basic income as a democratic and social good: it would free time for political engagement, broaden participation, and create backlash capacity against authoritarian interference. They explicitly reject concerns about an “idle population,” asserting the economy should serve people and citing research that most would remain productive. They further defend UBI’s feasibility by emphasizing automation, shared technological heritage, and natural resources as primary wealth sources, downplaying the necessity of human labor and dismissing “risk” as largely a legal/moral narrative. Nothing in the exchange indicates their support weakens; if anything, they become more ideologically committed while rebutting objections.""}"
ubi_647,"{""stance"":""positive"",""reasoning"":""The target user consistently argues in favor of basic income as a democratic and societal improvement: it would free time for political engagement, enable broader participation in governance, and create a stronger public check on power. They explicitly dismiss concerns about idleness (“I don't see a problem with an idle population”), cite research suggesting most people will remain productive, and frame UBI/BI as increasingly necessary due to disappearing traditional jobs and automation-driven productivity. Across the exchange they defend the feasibility of funding via automation/natural resources and reject counterarguments about labor/risk as decisive barriers, indicating a firmly supportive (positive) stance after the conversation.""}"
