conv_id,response
ubi_0,"{""stance"":""positive"",""reasoning"":""The target user explicitly says they changed their perception and does not see prices universally increasing under UBI, agrees it would be a great safety net for people in poverty, and engages in problem-solving about rent impacts (asking about regulating rents and then exploring a land value tax). Their remaining concerns are about housing/rent dynamics rather than opposition to UBI itself, indicating an overall supportive stance after the conversation.""}"
ubi_1,"{""stance"":""positive"",""reasoning"":""The target user explicitly says they “changed [their] perception” away from the idea that UBI would broadly raise prices, argues competition would prevent universal inflation, and maintains that only certain less-competitive/regulated necessity markets (e.g., rent, cable/internet) might see increases. They acknowledge some risk but continue defending UBI’s feasibility overall, indicating a net supportive stance after the exchange.""}"
ubi_3,"{""stance"":""positive"",""reasoning"":""The target user repeatedly argues that AI/automation could cause unprecedented technological unemployment and says it is \""obvious\"" we should experiment with safety nets like UBI. They defend Andrew Yang’s Freedom Dividend as a potentially necessary first step, explicitly call for testing universal basic incomes at larger scale, and even include Basic Income as a core component of their envisioned post-scarcity economic plan (#YangGang). Nothing in the exchange indicates they were persuaded away from this; if anything, the later reply reinforces their pro-UBI framing as a bridge to a new economy.""}"
ubi_5,"{""stance"":""positive"",""reasoning"":""The target user defends the idea that people should still receive the money even if they misuse it (“They'll still get money as is their right as an American”), and argues problems like parental neglect should be handled through existing enforcement (schools/CPS), not by withholding income support. This indicates acceptance of UBI’s universality and a generally supportive stance rather than skepticism or opposition.""}"
ubi_6,"{""stance"":""neutral"",""reasoning"":""The target user never speaks in the transcript, so there’s no direct evidence of their prior or updated view. The conversation contains both strong anti-UBI arguments (cost, sustainability, inflation, impacts on existing programs) and pro-UBI rebuttals/clarifications (means-tested variants, keeping disability supports, indexing to inflation, improved worker bargaining power). With no indication of which side the target user found persuasive, the best prediction is neutral.""}"
ubi_7,"{""stance"":""neutral"",""reasoning"":""The target user only explains the mechanics of a Negative Income Tax (confirming how the phase-out works) and does not express approval or disapproval of UBI. Their participation is technical and focused on NIT, with no explicit comparison indicating they favor or oppose UBI. While discussing NIT can imply interest in UBI-adjacent policies, there isn’t enough evidence that they end the conversation more supportive or more opposed to UBI specifically.""}"
ubi_8,"{""stance"":""positive"",""reasoning"":""The target user repeatedly challenges the idea that welfare inherently creates dependency and argues that the current system ‘disables dependency’ and contributes to poverty-related social problems. They explicitly state that people are ‘better able to be personally responsible in a robust welfare state’ and frame increasing market difficulty as a reason stronger social support is needed. This strongly aligns with a favorable view of universal basic income as an unconditional, robust welfare floor, and nothing in the conversation suggests they were persuaded away from that position.""}"
ubi_9,"{""stance"":""positive"",""reasoning"":""The target user defends UBI against two core objections (funding collapse and reduced work incentives). They argue collapse would only occur under specific conditions and then provide multiple pro-work motivations under UBI (prestige, higher consumption from wages, and fulfillment), implying confidence that UBI is viable and socially beneficial. The follow-up from the other user is cautious but does not appear to shift the target user away from their supportive position.""}"
ubi_10,"{""stance"":""negative"",""reasoning"":""The target user repeatedly argues that UBI is fiscally impossible at the proposed scale (~$2T), politically unviable, less sustainable than targeted entitlements, and likely to create inflationary/ratcheting demands over time. They also reject automation-driven necessity claims, emphasizing historical labor adaptation and retraining. The other user’s final reply is conciliatory and offers partial mitigations (keeping disability supports, welfare-trap framing), but nothing in the transcript indicates the target user softens or changes position; their core objections remain intact. তাই their post-conversation stance is still negative.""}"
ubi_11,"{""stance"":""negative"",""reasoning"":""The target user consistently argues against UBI on fiscal, political, and economic grounds: they emphasize the ~$2T annual cost as unrealistic, reject means-testing as contradicting “universal,” view adding UBI atop existing programs as economically unsustainable, and predict long-run inflationary/political pressure to raise benefits. Their replies to counterarguments remain dismissive and reinforce their initial objections, showing no movement toward acceptance even after a more nuanced pro-UBI explanation.""}"
ubi_12,"{""stance"":""negative"",""reasoning"":""The target user repeatedly argues UBI is fiscally and politically impossible at the scale discussed (~$2T), rejects means-testing as not being UBI, and maintains that running it alongside existing programs would be unsustainable and economy-crashing. They also emphasize long-run instability (pressure to raise payments, inflation/price effects), and view automation-driven UBI arguments as overblown. The subsequent replies introduce net-cost framing and design tweaks (indexing, keeping supplements), but the target user shows no sign of being persuaded and doubles down on feasibility/sustainability objections. Overall their stance remains strongly negative after the conversation.""}"
ubi_15,"{""stance"":""positive"",""reasoning"":""The target user actively defends UBI against multiple criticisms, arguing it would gain broad support, can be means-tested, can coexist with other welfare programs, should be inflation-adjusted, and is sustainable via reallocating spending (e.g., reducing defense). They also emphasize broad quality-of-life and labor-market benefits (higher wages, less stress). Even after another user notes that means-testing departs from “universal” and raises major cost concerns, there’s no indication the target user concedes; their comments consistently endorse implementing a UBI-like policy.""}"
ubi_16,"{""stance"":""positive"",""reasoning"":""The target user repeatedly defends UBI and argues it is sustainable and beneficial: they claim it would gain broad support, can be means-tested, can run alongside other programs, should adjust with inflation, and would improve quality of life, reduce stress, raise wages, and increase business competitiveness. They push back strongly against criticisms about cost, labor effects, and program collapse, indicating an overall favorable stance even after the conversation, despite the other user raising fiscal and definitional concerns.""}"
ubi_18,"{""stance"":""negative"",""reasoning"":""The target user focuses on definitional and fiscal objections: they reject means-tested versions as “not UBI,” and they emphasize that a true universal payment at roughly the poverty level would cost about $2.3T/year—around 14% of GDP and ~72% of 2016 federal revenues—arguing it cannot be funded by trimming “wasted billions.” Their contribution is strongly skeptical of feasibility and sustainability, and nothing in the subsequent reply is from the target user or shows them softening; thus their stance remains negative after the conversation.""}"
ubi_20,"{""stance"":""positive"",""reasoning"":""The target user consistently and strongly advocates for UBI (specifically Yang’s Freedom Dividend), rebutting fairness, VAT burden, automation/neo-feudalism, and indexing concerns with detailed funding math and arguments about increased worker leverage and freedom. They show high confidence, offer additional breakdowns, and frame UBI as empowering and non-harmful alongside existing welfare. Nothing in the exchange suggests they became less supportive; if anything, the other user’s partial persuasion reinforces the target user’s pro-UBI stance.""}"
ubi_21,"{""stance"":""positive"",""reasoning"":""The target user defends Yang’s UBI approach against criticism by pointing out an additional policy meant to address a key perceived downside (single parents being harmed). They do not express skepticism about UBI itself and instead counter-argue in favor of the broader UBI-centered platform, suggesting a generally supportive/positive stance after the exchange.""}"
ubi_22,"{""stance"":""neutral"",""reasoning"":""The transcript provides no statements from the target user and no clear evidence of how they reacted to or were persuaded by the discussion about UBI. With insufficient information about the target user’s expressed views or engagement, the safest prediction is neutral.""}"
ubi_24,"{""stance"":""neutral"",""reasoning"":""The transcript contains only messages from OTHER USERs advocating for a basic income/NIT and addressing concerns (work disincentives, child benefits). The TARGET USER never speaks, so there is no explicit indication of their view or any observable change in stance due to the conversation. With no evidence of agreement, disagreement, or reaction from the TARGET USER, the best prediction is neutral.""}"
ubi_25,"{""stance"":""positive"",""reasoning"":""The target user explicitly defends UBI against the claim that it incentivizes non-work, arguing it eliminates the welfare trap, preserves incentives to earn more, and provides a safety net that can enable productivity, entrepreneurship, or skill-building. Their tone is confident and supportive of UBI’s effects, and nothing in the later exchange suggests they were persuaded away from that view.""}"
ubi_27,"{""stance"":""neutral"",""reasoning"":""The transcript only shows an OTHER USER acknowledging common concerns about UBI (inflation, reduced work motivation) and offering a partial rebuttal, but the TARGET USER never speaks. With no explicit statements or reactions from the TARGET USER, there isn’t enough evidence to infer their post-conversation stance beyond neutral.""}"
ubi_28,"{""stance"":""neutral"",""reasoning"":""The target user never speaks in the transcript, so there is no direct evidence of their attitude toward universal basic income. While the conversation contains strong pro-UBI arguments and a discussion of design concerns (e.g., child credits and incentive issues), there is no indication of how the target user reacts or whether they are persuaded. With insufficient evidence of endorsement or opposition, the most reliable prediction is neutral.""}"
ubi_29,"{""stance"":""neutral"",""reasoning"":""The target user never speaks in the transcript, so there’s no direct evidence of their view on UBI or any change in it. While the conversation contains both a negative take and a rebuttal supportive of UBI, there’s nothing showing how the target user reacts or which arguments they accept. With insufficient evidence, the best prediction is neutral.""}"
ubi_30,"{""stance"":""neutral"",""reasoning"":""The target user never appears in the provided transcript and offers no explicit opinion. With only another user raising a cautious concern about UBI and no evidence of the target user’s reaction or change in view, there isn’t enough information to infer a positive or negative stance, so neutral is the most justified prediction.""}"
ubi_32,"{""stance"":""positive"",""reasoning"":""The target user explicitly argues in favor of a basic income/negative income tax, calling it “optimal,” listing multiple benefits (simplifying welfare/taxes, reducing poverty traps, improving incentives and labor-market outcomes), and directly rebutting the concern that people would stop working. They also endorse the moral/social goal of reducing homelessness and hunger. Nothing in the subsequent exchange indicates they were persuaded away from this view; their follow-up doubles down on feasibility via funding through welfare/tax expenditure reductions and progressive taxation. Overall their stance after the conversation remains clearly supportive.""}"
ubi_35,"{""stance"":""positive"",""reasoning"":""The target user strongly endorses universal basic income via a negative income tax, explicitly arguing it is not fringe, is “optimal,” and listing multiple benefits (simplifying welfare/taxes, reducing poverty-related inefficiencies, supporting intrinsic motivation, cushioning unemployment, and reducing homelessness/hunger). They also directly rebut the main objection (people won’t work) and conclude with a clear normative preference for a society consistent with UBI goals. The other user’s questions are clarifying rather than persuasive counterarguments, so there’s no reason to infer any softening; if anything, the target user’s stance remains firmly supportive after the exchange.""}"
ubi_37,"{""stance"":""positive"",""reasoning"":""The target user explicitly argues in favor of universal basic income via a Negative Income Tax, listing multiple benefits (simplifying welfare/taxes, reducing poverty traps, improving incentives and labor-market adjustment, supporting intrinsic motivation, counter-cyclical demand support, and reducing homelessness/hunger). They also directly rebut the main objection (people won’t work) and conclude with a clear normative endorsement. The other user’s reply is generally validating and does not introduce strong counterarguments that would plausibly shift the target user away from support. بنابراین their stance after the conversation remains strongly positive.""}"
ubi_39,"{""stance"":""neutral"",""reasoning"":""The transcript contains no explicit statements from the identified [TARGET USER] expressing approval or disapproval of universal basic income/NIT, nor any clear reactions that would indicate their position shifted after the exchange. The content presented is generally supportive of NIT/basic income (e.g., citing Friedman/Tobin and welfare-trap arguments), but without the target user’s own remarks or responses, there isn’t enough evidence to infer a positive or negative stance change attributable to them.""}"
ubi_40,"{""stance"":""negative"",""reasoning"":""The target user consistently attacks UBI as a “deeply problematic meme,” rejects the usefulness of first-order calculations for it, and emphasizes political dangers like centralization, single-point control over livelihoods, and bureaucratic abuse. Their tone is strongly hostile toward the idea and they do not soften or concede; if anything, the other user’s eventual agreement reinforces the target user’s negative view rather than shifting it.""}"
ubi_43,"{""stance"":""positive"",""reasoning"":""The target user consistently defends UBI, framing it as economically serious and broadly supported (citing Friedman), and argues it would be efficient, stimulative, and wouldn’t meaningfully reduce work incentives at proposed levels (e.g., <$10k). They dismiss the “mob of layabouts” and inflation/supply-collapse concerns as silly/illiterate and reiterate core pro-UBI premises (not full employment; people want more than basics). The later, more nuanced counterargument from the other user doesn’t elicit any visible shift from the target user, so their post-conversation stance remains clearly favorable.""}"
ubi_45,"{""stance"":""neutral"",""reasoning"":""The target user explains how UBI works and counters misconceptions (it’s a fixed cash transfer roughly around the poverty line, not enough for luxuries), but they don’t express clear support or opposition. Their tone is informative and corrective rather than advocating for or against implementing UBI, so the best prediction is neutral.""}"
ubi_46,"{""stance"":""neutral"",""reasoning"":""The transcript contains only messages from OTHER USER(s) advocating for basic income/negative income tax and addressing concerns, but no statements or reactions from the TARGET USER. With no explicit indication of the target user’s prior view or how they respond after hearing these arguments, there isn’t enough evidence to infer a positive or negative stance change. Therefore the best prediction is neutral.""}"
ubi_47,"{""stance"":""neutral"",""reasoning"":""The target user does not express support for or opposition to universal basic income itself. Their only comment is a sarcastic critique that an adults-only basic income would neglect poor children, implying concern about coverage design rather than rejecting UBI. Since they neither endorse UBI nor argue against it overall—and the conversation ends with a partial accommodation from the other user—the most defensible inference is that the target user remains neutral, focused on child inclusion rather than taking a clear pro/anti-UBI stance.""}"
ubi_48,"{""stance"":""neutral"",""reasoning"":""The target user does not appear in the provided transcript and expresses no explicit opinion about universal basic income. With no direct statements or reactions from the target user, there isn’t enough evidence to infer whether they were persuaded positively or negatively by the other user’s pro-UBI argument, so the safest prediction is neutral.""}"
ubi_50,"{""stance"":""positive"",""reasoning"":""The target user repeatedly defends basic income against the “socialistic” label, argues it would replace/avoid more paternalistic welfare mechanisms, and emphasizes its efficiency and individual freedom (“here’s money. Find a roof…”). They proactively provide a citation showing Friedman/libertarian support and, while acknowledging possible market distortions (e.g., rent increases), they treat them as manageable with complementary policies rather than deal-breakers. Nothing in their replies indicates growing opposition; overall they endorse UBI/NIT as a desirable reform.""}"
ubi_51,"{""stance"":""neutral"",""reasoning"":""The transcript contains detailed pro-UBI/NIT arguments from other users, but the target user never speaks or is not shown expressing any view. Without any explicit reaction (agreement, skepticism, or pushback) from the target user, there isn’t enough evidence to infer a positive or negative stance change; at most, they are exposed to supportive arguments, so the safest classification is neutral.""}"
ubi_52,"{""stance"":""neutral"",""reasoning"":""The target user repeatedly clarifies they are not advocating for or against UBI and that they haven’t analyzed it deeply enough to form a policy opinion. They frame their work as exploratory, note their own spreadsheet conclusion suggests the approach is flawed and would require many tweaks, and even mention they’d personally take a financial hit—signals of skepticism but not outright opposition. The other user’s argument raises concerns about centralization and political abuse, but the target user does not accept or endorse those points; they mainly object to the hostility and defend the value of preliminary calculations. Overall, the conversation leaves them still undecided rather than moved clearly positive or negative.""}"
ubi_54,"{""stance"":""neutral"",""reasoning"":""The transcript contains detailed pro-UBI/negative income tax arguments from other participants, but includes no message from the [TARGET USER] at all—no explicit agreement, disagreement, or reaction. Without any evidence of the target user’s views or how they responded to the arguments, there isn’t enough information to infer a positive or negative stance change, so the best prediction is neutral.""}"
ubi_55,"{""stance"":""neutral"",""reasoning"":""The transcript contains no messages from the person identified as [TARGET USER]—only statements from [OTHER USER]s discussing benefits and design tradeoffs of basic income. Without any explicit reaction, agreement, objections, or follow-up from the target user, there isn’t enough evidence to infer whether they end up supportive or opposed after the conversation. In such cases, the safest prediction is neutral.""}"
ubi_56,"{""stance"":""positive"",""reasoning"":""The target user argues in favor of implementing a basic income via a negative income tax, discussing concrete funding mechanisms (pairing an NIT with regressive consumption taxes plus progressive income tax to recapture costs) and safeguards (keeping a minimum wage to avoid it becoming a business subsidy). They treat UBI/NIT as workable and desirable policy design rather than rejecting it, and nothing in the conversation suggests they were persuaded away from that view—if anything, the reply they receive validates and reinforces their approach.""}"
ubi_57,"{""stance"":""neutral"",""reasoning"":""The target user never speaks in the transcript, so there’s no direct evidence of their prior view or any change after the discussion. While the conversation contains several pro-UBI/NIT arguments (simplifying welfare, reducing poverty traps, labor empowerment, pilot evidence), we can’t reliably infer that the target user accepts them. With insufficient evidence about the target user’s expressed reaction, the best prediction is neutral.""}"
ubi_58,"{""stance"":""neutral"",""reasoning"":""The target user never speaks in the transcript, so there’s no direct evidence of their view on UBI. While the conversation includes both skepticism (reduced work effort, preference for other supports) and pro-UBI arguments (evidence from trials, meaning-driven work, efficiency gains by replacing minimum wage with UBI), there’s nothing showing how the target user reacts or which side persuades them. With insufficient evidence about the target user’s post-conversation attitude, the safest prediction is neutral.""}"
ubi_60,"{""stance"":""positive"",""reasoning"":""The target user explicitly endorses UBI by calling out a “major benefit” (broad-based support because almost everyone benefits) and frames opposition as limited, implying they see it as politically and socially advantageous. Nothing in their reply suggests skepticism; the subsequent message adds funding caveats but doesn’t show the target user backing off, so their post-conversation stance remains positive.""}"
ubi_61,"{""stance"":""neutral"",""reasoning"":""The target user never speaks in the transcript, so there’s no direct evidence of their view. While the conversation contains a pro-UBI argument (efficiency, replacing welfare bureaucracy, individual choice), we can’t reliably infer that the target user adopts it or reacts positively/negatively. With insufficient evidence of the target user’s stance or change, the best prediction is neutral.""}"
ubi_62,"{""stance"":""neutral"",""reasoning"":""The transcript contains detailed pro-UBI arguments from other users, but the target user never speaks, so there’s no direct evidence of their prior view or any explicit shift after the discussion. While the conversation could be persuasive, without any response from the target user indicating agreement or disagreement, the safest prediction is neutral due to insufficient evidence.""}"
ubi_64,"{""stance"":""positive"",""reasoning"":""The target user frames UBI/NIT favorably, focusing on designing a low phase-out rate to preserve work incentives and arguing most people would keep working. They cite empirical research (an NBER paper) to support that labor-market effects are not catastrophic, indicating a generally supportive, policy-wonk acceptance rather than skepticism. Nothing in the exchange suggests their view becomes more negative after the conversation.""}"
ubi_65,"{""stance"":""neutral"",""reasoning"":""The target user never speaks in the transcript, so there is no direct evidence of their prior view or any explicit change after the discussion. The conversation presents both skepticism (inflation, labor-market effects, addiction/gambling concerns) and pro-UBI counterarguments (greater worker bargaining power/“exit power,” need for complementary services), but without the target user’s reactions it’s not possible to infer a clear shift toward support or opposition. Therefore the most defensible prediction is neutral.""}"
ubi_68,"{""stance"":""positive"",""reasoning"":""The target user consistently defends UBI against cost and feasibility critiques, argues the eligible population/cost would be lower than claimed, supports higher support for parents/children, and contrasts UBI favorably with welfare by emphasizing that welfare is withdrawn as people do better. They also dismiss common objections as expected and maintain confidence that the program can still be considered universal. Nothing in the exchange indicates they were persuaded away from UBI; if anything, they reiterate and expand their pro-UBI position.""}"
ubi_69,"{""stance"":""positive"",""reasoning"":""The target user actively defends UBI against cost and feasibility critiques, arguing the recipient pool would be smaller than claimed (excluding children under 18, people in hospital beds, and those who don’t need it) and implying workable design adjustments. Their tone is constructive and problem-solving rather than skeptical, indicating support for implementing UBI in some form. The subsequent reply from another user reinforces pro-UBI framing (indexing to inflation, net cost lower via taxes), which would likely further bolster the target user’s already supportive stance.""}"
ubi_70,"{""stance"":""positive"",""reasoning"":""The target user repeatedly defends UBI against criticisms, challenges inflated cost estimates by arguing the eligible population could be smaller, and asserts that basic income experiments still count as meaningful evidence despite being time-limited. They do not express doubts about UBI’s desirability; instead they push back on objections and treat implementation details (eligibility, scale) as solvable. Overall this indicates a favorable stance after the conversation.""}"
ubi_71,"{""stance"":""positive"",""reasoning"":""The target user repeatedly defends key premises of a basic income: they argue BI would reduce coercion to work, likely raise (not lower) wages for undesirable jobs by shifting bargaining power to workers, and they reject/discount concerns about additional safety nets for addicts/gamblers. When inflation concerns are raised, they push back that price hikes/profit collapse aren’t a fair assumption in most cases, suggesting openness to BI working rather than skepticism. Overall their contributions are supportive with only mild uncertainty, indicating a positive stance after the conversation.""}"
ubi_72,"{""stance"":""positive"",""reasoning"":""The target user defends UBI against concerns raised, arguing it would increase workers’ bargaining power and likely push wages for undesirable menial jobs up rather than down, since people wouldn’t need to work to survive. They also dismiss the idea that UBI would require an additional safety net for people who squander it (“I don't see why that would be the case”). Their tone is supportive and reasoned, and nothing in the subsequent replies appears to shift them away from that view; if anything, they continue agreeing with pro-UBI labor-market adjustment logic.""}"
ubi_74,"{""stance"":""positive"",""reasoning"":""The target user consistently defends UBI against concerns raised by others, arguing it would increase workers’ bargaining power, allow people to refuse low-paying undesirable jobs, and likely push wages for menial/unappealing work upward rather than downward. They also dismiss the idea that UBI would require an added safety net for addicts/gamblers. Their tone is supportive and uses UBI’s intended mechanisms as justification, with only mild openness to being wrong, indicating an overall favorable stance after the exchange.""}"
ubi_75,"{""stance"":""positive"",""reasoning"":""The target user defends UBI against concerns raised, arguing it would increase workers’ bargaining power and likely raise (not lower) wages for undesirable jobs because people could refuse low pay if their basic needs are met. They also dismiss the idea that UBI would require an additional safety net for addicts/gamblers. Their tone is supportive and reasoned, with only mild openness to being wrong, indicating an overall favorable stance after the exchange.""}"
ubi_78,"{""stance"":""positive"",""reasoning"":""The target user repeatedly defends UBI/Basic Income as improving workers’ bargaining power and likely pushing undesirable-job wages up rather than down. They dismiss the need for extra safety nets for addicts/gamblers and, when confronted with inflation concerns, concede essentials might rise but argues the increase likely won’t be significant relative to the benefits and that poor people would still be better off than before. Overall their comments consistently favor UBI with only mild caveats, indicating a positive stance after the conversation.""}"
ubi_80,"{""stance"":""neutral"",""reasoning"":""The target user does not appear in the transcript and offers no explicit opinion. The conversation presents a balanced mix of concerns (inflation, labor effects, misuse) and potential benefits (worker leverage, entrepreneurship, stimulus), without indicating how the target user reacts. With no evidence of endorsement or rejection by the target user, the most defensible prediction is neutral.""}"
ubi_81,"{""stance"":""negative"",""reasoning"":""The target user repeatedly rejects the premise of UBI as an unearned entitlement, framing it as forcing them to pay for others (“You’re asking me to pay”), insisting people must “earn a living,” and stating that those who want a “free ride” “deserve to starve.” They also defend existing inequality (“life ain’t… fair, so get over it”) and equate redistribution with theft/violence. Although the final message from the other user offers a more nuanced, automation-funded rationale, the target user shows no sign of softening or accepting that framing within the conversation, so their post-conversation stance remains strongly negative.""}"
ubi_82,"{""stance"":""neutral"",""reasoning"":""The target user expresses that NIT and UBI are “pretty similar” and acknowledges that NIT can function like a basic income when unemployed, indicating understanding and mild openness. However, they do not express approval, support, or opposition to UBI itself—only equivalence between policy designs—so there isn’t enough evidence of a clearly positive or negative stance.""}"
ubi_83,"{""stance"":""neutral"",""reasoning"":""The target user never appears in the provided transcript and expresses no explicit opinion about UBI. With only another user offering a mild, explanatory defense of UBI and no evidence of how the target user reacts or is persuaded, there isn’t enough information to infer a positive or negative stance change, so neutral is the safest prediction.""}"
ubi_84,"{""stance"":""positive"",""reasoning"":""The target user argues in favor of UBI as a way to reduce crime by covering basic needs, shifting incentives so low-wage work must become more attractive, and making risky criminal activity less appealing. They defend the rationality and potential of people in poverty and push back against framing them as intrinsically incapable. Nothing in the exchange suggests they become less supportive; if anything, the other user concedes the target user’s point, reinforcing a pro-UBI stance.""}"
ubi_85,"{""stance"":""neutral"",""reasoning"":""The transcript only shows another user discussing UBI’s complexity and potential inflation effects; there are no statements from the target user expressing approval, opposition, or a shift in viewpoint. With no direct evidence of the target user’s attitude after the exchange, the most defensible prediction is neutral.""}"
ubi_87,"{""stance"":""neutral"",""reasoning"":""The target user never states their own opinion about UBI in the transcript. The only content is another user explaining pro-UBI arguments and acknowledging concerns, but there’s no response from the target user indicating agreement, disagreement, or persuasion. With no explicit stance or clear evidence of how the target user was influenced, the safest prediction is neutral.""}"
ubi_89,"{""stance"":""negative"",""reasoning"":""The target user repeatedly challenges core premises of UBI: they argue it ‘doesn’t work’ and emphasize that it has never truly been tried in the only way that matters (a lifelong, permanent guarantee). They also raise fairness/feasibility objections about universality (children excluded; equal payments to very different households) and treat the temporary nature of trials as a major flaw that undermines supportive evidence. Even after the other user concedes the confounding variable point, the target user’s expressed position remains skeptical and dismissive rather than softened, indicating an overall negative stance after the conversation.""}"
ubi_90,"{""stance"":""positive"",""reasoning"":""The target user consistently defends UBI against the claim that it would make people stop working, emphasizing that unlike means-tested welfare it doesn’t phase out with earned income and therefore removes the “welfare trap” and improves incentives to work more. They challenge negative assumptions about laziness and argue current welfare creates perverse incentives, presenting UBI as a better alternative. Nothing in the exchange indicates they become more skeptical afterward; if anything, the other user concedes a key point, reinforcing the target user’s pro-UBI stance.""}"
ubi_91,"{""stance"":""positive"",""reasoning"":""The target user explicitly endorses the core premise of UBI by defining it as “the minimum amount necessary to provide for your survival,” which aligns with supporting a basic-income floor to prevent destitution. They do not express reservations about dependency, inflation, or work disincentives; instead they focus on setting an appropriate baseline. The subsequent reply reframes ‘survival’ into workable policy definitions without challenging the idea itself, which is more likely to reinforce a pragmatic, supportive stance rather than push them negative.""}"
ubi_92,"{""stance"":""neutral"",""reasoning"":""The target user never explicitly states an opinion about universal basic income in the provided transcript. The only clear signal is that they previously raised a concern that UBI might discourage work (as referenced by the other user), but we don’t see their reaction after hearing the counter-evidence. Without an explicit follow-up from the target user showing acceptance or rejection of the argument, the safest prediction is that their stance remains neutral (at most cautiously skeptical but not confirmed).""}"
ubi_93,"{""stance"":""negative"",""reasoning"":""The target user repeatedly argues that UBI would trigger broad inflation: higher wages for undesirable jobs would force businesses to raise prices, creating a feedback loop where UBI must rise to keep up, “fueling the inflation.” They invoke historical hyperinflation cases (Weimar, Zimbabwe, Venezuela, Russia) and assert that when people have more money, prices “ALWAYS go up,” emphasizing limited supply and demand-driven price increases. Even after others clarify that most UBI proposals redistribute rather than print money, the target user remains focused on increased purchasing power raising prices and questions how it differs in effect, indicating skepticism persists rather than softening.""}"
ubi_94,"{""stance"":""negative"",""reasoning"":""The target user repeatedly argues that UBI would trigger broad price inflation due to higher demand meeting limited supply, potentially creating an inflation–UBI increase feedback loop. They cite historical hyperinflation examples and conclude they “don’t see how it might work well for anyone,” and they maintain that others underestimate supply constraints. Even after another user distinguishes UBI (tax-funded redistribution) from money-printing, the target user’s expressed view remains skeptical and inflation-focused, indicating a negative stance after the conversation.""}"
ubi_97,"{""stance"":""positive"",""reasoning"":""The target user repeatedly defends basic income as a necessary safety net—explicitly framing it as “enough to get by” (food and housing) rather than funding luxuries—and argues it’s justified to prevent mass hardship from automation-driven job loss. They push back strongly against the idea that people must ‘earn’ survival, highlight declining social mobility and affordability of education, and treat UBI as a fairness/stability measure in response to systemic changes. The conversation ends with another participant partially validating these concerns, which would likely reinforce (not weaken) the target user’s pro-UBI stance.""}"
ubi_98,"{""stance"":""positive"",""reasoning"":""The target user explicitly advocates for a basic income multiple times, stating they want a guaranteed minimum to prevent homelessness even if unemployed, and framing it as “some socialism AND some capitalism” (best of both worlds). They defend UBI against objections about work incentives and clarify it’s a floor, with personal responsibility for spending. The conversation reinforces rather than weakens their support, so their post-conversation stance is positive.""}"
ubi_100,"{""stance"":""positive"",""reasoning"":""The target user consistently defends universal basic income: they reject the idea it would make people lazy, argue $1000/month is modest and mainly helps the poor with necessities, and say most successful people wouldn’t stop working. They also cite personal experience with strong social benefits enabling entrepreneurship and job creation, framing UBI/social programs as beneficial. The other user’s concerns don’t appear to shift the target user away from this supportive view.""}"
ubi_101,"{""stance"":""positive"",""reasoning"":""The target user defends universal basic income against the idea it would make people lazy, arguing that people still want better living standards, travel, and social/romantic success beyond what a basic income would provide. They explicitly say you can have a base income and still be successful, indicating support. The other user reinforces this with agreement and references to pilot research, which would likely further solidify the target user’s favorable view.""}"
ubi_102,"{""stance"":""positive"",""reasoning"":""The target user challenges the premise that poor people will only work under threat of survival, criticizing the caricature used in anti-UBI arguments about reduced labor supply. This indicates sympathy toward UBI’s underlying view of human motivation and suggests a pro-UBI orientation. The follow-up reply reinforces that framing (agency, education/caregiving, meaningful work), which would likely further push the target user toward a favorable stance rather than neutral or negative.""}"
ubi_103,"{""stance"":""neutral"",""reasoning"":""The target user never speaks in the transcript, so there is no explicit evidence of their prior view or any change after the discussion. While the conversation contains both skeptical points (unintended consequences, moral concern about reliance) and a pro-UBI rebuttal, we can’t reliably infer how the target user would be influenced. With insufficient direct evidence of the target user’s attitude, the best prediction is neutral.""}"
ubi_105,"{""stance"":""neutral"",""reasoning"":""The target user never states an opinion about UBI in the transcript. The discussion they are exposed to is framed as a set of open questions and tradeoffs (inflation, wages, labor market effects, safety-net concerns) rather than a clear endorsement or rejection. Since there’s no explicit agreement/disagreement from the target user and the context is exploratory, there isn’t enough evidence to infer a positive or negative stance shift.""}"
ubi_106,"{""stance"":""neutral"",""reasoning"":""The transcript only shows an OTHER USER explaining potential pros/considerations of UBI; there is no message from the TARGET USER stating an opinion, agreement, disagreement, or reaction. Without any explicit stance or evidence of how the TARGET USER was influenced, the safest prediction is neutral.""}"
ubi_107,"{""stance"":""positive"",""reasoning"":""The target user repeatedly defends the basic income concept as preferable to expanding targeted programs like food stamps, arguing that targeting assumes central planning, recreates special-interest welfare complexity, and that UBI’s purpose is to replace existing welfare systems with a simpler, less loophole-ridden approach. Their tone is consistently pro-UBI and they rebut alternatives; nothing in the exchange suggests they became more skeptical afterward.""}"
ubi_108,"{""stance"":""neutral"",""reasoning"":""The target user repeatedly expresses concern that many people would choose not to work if given unconditional income, suggesting skepticism toward UBI’s labor-supply effects. However, they also criticize the current welfare system as “terrible” and explicitly invite explanation (“I’m all ears”), indicating openness rather than a settled anti-UBI position. The conversation ends with a pro-UBI argument, but the target user does not respond with acceptance or rejection afterward, so there isn’t enough evidence of a clear shift to positive or firmly negative.""}"
ubi_112,"{""stance"":""neutral"",""reasoning"":""The transcript contains no explicit mention of universal basic income and no statements from the target user expressing approval or disapproval of UBI. The discussion shown is about interpreting a prompt/transcript and balancing access vs compensation, which is not clearly tied to UBI. With insufficient evidence of the target user’s views or any persuasive interaction about UBI, the best prediction is neutral.""}"
ubi_113,"{""stance"":""negative"",""reasoning"":""The target user repeatedly argues UBI ‘fails basic math’ at proposed levels, mocks funding ideas (fiat money, capital gains, inheritance, pollution taxes), and rejects the notion that raising taxes and recycling money can make it feasible. They show strong skepticism that any realistic budget could support UBI without gutting core government functions or harming the economy, and nothing in the conversation appears to shift them toward acceptance.""}"
ubi_114,"{""stance"":""positive"",""reasoning"":""The target user defends UBI’s affordability and feasibility against skepticism, citing affordability studies and arguing that revenues could rise via economic “recycling”/increased monetary throughput without cutting essential services. Their replies consistently rebut cost objections and frame UBI as a more efficient distribution mechanism, indicating a supportive (positive) stance after the conversation.""}"
ubi_115,"{""stance"":""positive"",""reasoning"":""The target user defends UBI’s feasibility and benefits against critiques. They cite affordability studies, correct an opponent’s framing, propose workable variants (lower payment level, preserving services), and argue that taxes could be raised/recycled while maintaining UBI’s core benefits like reduced inequality. This indicates a supportive (positive) stance rather than neutrality or opposition.""}"
ubi_116,"{""stance"":""positive"",""reasoning"":""The target user consistently defends UBI and treats it as an objective worth pursuing, pushing back on claims that “the numbers don’t add up.” They propose pragmatic adjustments (raise the basic income and taxes; use a scalpel rather than a hatchet in cutting programs) and argue it could be democratically achievable even without near-unanimous support. While they acknowledge political constraints and room for compromise, nothing in the exchange suggests they became skeptical of UBI itself; they remain an advocate focused on implementation details rather than questioning the idea.""}"
ubi_117,"{""stance"":""positive"",""reasoning"":""The target user repeatedly defends UBI against the affordability critique, arguing that opponents incorrectly focus on the gross payout rather than the net fiscal cost after tax “recycling” and welfare replacement. They suggest UBI could end poverty with only a small average net benefit and view tax/flat-tax changes as potentially simplifying rather than burdensome. Their responses are consistently pro-UBI and dismissive of anti-UBI objections, and the conversation ends with another user partially validating their key point, reinforcing a positive stance.""}"
ubi_119,"{""stance"":""positive"",""reasoning"":""The target user engages constructively with UBI by providing their own quantitative calculations in support of discussing it seriously, clarifies design choices (e.g., preserving median income, not taxing the UBI to avoid redundancy), and suggests workable policy adjustments like progressive taxation. They do not express opposition; instead they treat UBI as implementable with the right structure and are focused on refining the model (including distributional effects on the rich). This indicates an overall favorable stance after the exchange.""}"
ubi_121,"{""stance"":""neutral"",""reasoning"":""The target user shows curiosity about a proposed funding mechanism (monetary policy) but frames it as a risky, “HUGE experiment” that should be tried in a smaller country first. They don’t endorse or reject UBI itself; they express cautious interest paired with skepticism about implementation risks (e.g., inflation). With no clear approval or disapproval of UBI overall, their stance is best classified as neutral.""}"
ubi_122,"{""stance"":""neutral"",""reasoning"":""The target user shows curiosity about UBI mechanisms (finding monetary-policy funding “interesting”) but immediately emphasizes it would be a “HUGE experiment” and prefers it be tried in a smaller country first, indicating caution rather than endorsement. They don’t express clear support for implementing UBI, nor outright opposition; the exchange reinforces risk-awareness without shifting to a definite pro/anti position.""}"
ubi_123,"{""stance"":""neutral"",""reasoning"":""The target user never appears in the transcript and provides no explicit opinion on universal basic income or guaranteed minimum income. Since there’s no evidence of their reaction to the discussion or any expressed change in view, their stance can’t be inferred beyond neutral.""}"
ubi_124,"{""stance"":""neutral"",""reasoning"":""The target user approaches UBI analytically and skeptically about high benefit levels, explicitly calling the commonly cited $20k/year figure a “pipe dream.” They do not reject UBI outright; instead they frame their post as a rough cost estimate and note that excluding welfare consolidation affects feasibility. The other user’s reply is moderately pro-UBI but doesn’t clearly shift the target user’s position in the transcript. Overall, the target user appears neither clearly supportive nor opposed—primarily cautious and numbers-focused—so the best prediction is neutral.""}"
ubi_125,"{""stance"":""neutral"",""reasoning"":""The target user did not appear in the transcript and made no statements indicating support for or opposition to UBI. The discussion presented mixed, relatively balanced considerations (marketing challenges and fiscal feasibility) without showing how the target user reacted or was persuaded, so there isn’t enough evidence to infer a positive or negative stance shift.""}"
ubi_126,"{""stance"":""neutral"",""reasoning"":""The transcript only shows an [OTHER USER] explaining what UBI is and beginning to address work-disincentive concerns, but it contains no statements or reactions from the [TARGET USER]. Without any explicit stance from the target user or evidence of how they were influenced by the discussion, there isn’t enough information to infer a positive or negative shift, so the safest prediction is neutral.""}"
ubi_128,"{""stance"":""neutral"",""reasoning"":""The target user never speaks in the transcript, so there’s no direct evidence of their prior view or any shift after the discussion. While other participants raise critiques of UBI (insufficient benefit levels, potential cuts to Social Security/Medicare) and suggest alternatives like a negative income tax, we can’t reliably infer the target user adopted those views without their responses. Therefore the safest prediction is neutral.""}"
ubi_129,"{""stance"":""neutral"",""reasoning"":""The target user never speaks in the transcript, so there’s no direct evidence of their prior view or any expressed change. While the conversation includes both pro-UBI arguments (empirical support, skepticism about work-disincentive fears) and a critical rebuttal about pilot-study validity plus implementation concerns (bureaucratic layering), there’s no way to infer how the target user personally reacts. With insufficient evidence about the target user’s position after the discussion, the safest prediction is neutral.""}"
ubi_130,"{""stance"":""neutral"",""reasoning"":""The target user reacts strongly against the idea of incarcerated people receiving UBI as an accumulated lump sum, calling it a “gift” and warning it could incentivize crime. However, they also say this is “about the only exception” they can think of, implying general openness to UBI with carve-outs (e.g., treatment/restitution). After the clarification that UBI is typically suspended during incarceration and doesn’t accrue, their main objection is largely addressed, but they don’t explicitly endorse UBI overall. Net effect: not clearly pro or anti overall, so neutral.""}"
ubi_131,"{""stance"":""neutral"",""reasoning"":""The target user expresses conditional openness to UBI if it replaces existing welfare programs, saying they “might actually like it better” and that it “sounds better in theory.” However, they repeatedly emphasize concerns about incentives around children, potential system “gaming,” and conclude they’re “convinced it will run into its own sets of problems.” Since they neither endorse nor reject UBI outright and end in skepticism tempered by some theoretical preference, their post-conversation stance is best classified as neutral.""}"
ubi_132,"{""stance"":""negative"",""reasoning"":""The target user consistently pushes back against equating UBI with Friedman’s negative income tax, calling the association “completely dishonest” and emphasizing that UBI’s unconditional payment differs materially from NIT’s means-tested transfer. They also construct examples to show different net outcomes under an ‘apples-to-apples’ setup and never express any support for UBI’s desirability—only criticism of the concept’s framing and implied advocacy. Even after the other user’s clarification about possible mathematical equivalence via different parameter choices, the target user’s tone and arguments indicate skepticism/hostility rather than openness, so their post-conversation stance toward UBI is best predicted as negative.""}"
ubi_134,"{""stance"":""negative"",""reasoning"":""The target user expresses strong skepticism toward UBI’s claimed economic multiplier, challenges the idea that shifting money away from administrative roles would increase consumption effects, and argues it could increase consumption of inferior goods. They also doubt recipients—especially those with addiction or homelessness—would use the money responsibly, implying UBI would be ineffective or harmful. Nothing in the conversation indicates their view softened; if anything, the exchange reinforces their doubts.""}"
ubi_135,"{""stance"":""negative"",""reasoning"":""The target user responds skeptically (“Sooooo what’s the point?”) and argues against UBI’s universality versus means-tested programs, emphasizing that current targeted benefits and in-kind restrictions exist because they believe poor individuals are “notoriously bad at finance management.” They do not express any acceptance after the pro-UBI reply, so their stance remains negative.""}"
ubi_136,"{""stance"":""neutral"",""reasoning"":""The target user does not appear in the transcript and provides no explicit opinion. The discussion contains mixed considerations—some pro-UBI points (simplicity, replacing welfare, removing welfare cliffs) and some concerns (work disincentives, need for testing/work requirements). With no clear indication of how the target user reacts to these arguments, there isn’t enough evidence to infer a positive or negative stance shift, so the best prediction is neutral.""}"
ubi_140,"{""stance"":""neutral"",""reasoning"":""The target user’s own statements aren’t included in the transcript, so there’s no direct evidence of their initial or updated view. The other user responds to concerns and frames UBI as workable with design tweaks, which could modestly soften skepticism, but without seeing the target user’s reactions or agreement/disagreement, the safest prediction is that their stance remains indeterminate/neutral after the conversation.""}"
ubi_141,"{""stance"":""positive"",""reasoning"":""The target user explicitly states they are \""all for something like a basic income (specifically a negative income tax).\"" While they raise concerns about affordability and efficiency—especially about funding via an \""industrial army\"" and potential government inefficiency—these are critiques of a particular implementation/funding mechanism rather than opposition to UBI/NIT itself. After the conversation they remain supportive in principle but cautious about design details, so overall stance is positive.""}"
ubi_143,"{""stance"":""neutral"",""reasoning"":""The target user expresses cautious interest but emphasizes that UBI would only work if the economic surplus is sufficient and calls for “solid economic analysis” to determine affordability. They neither endorse nor reject UBI outright, and the follow-up message largely reinforces their concern rather than shifting them toward clear support or opposition.""}"
ubi_145,"{""stance"":""positive"",""reasoning"":""The target user repeatedly and clearly argues in favor of UBI, emphasizing that it inherently eliminates welfare cliffs because it is not means-tested and therefore always preserves work incentives. They defend UBI as preferable to attempting complex reforms of means-tested programs, calling the current approach “inherently flawed,” and provide supporting explanations and charts. The conversation ends with the other user conceding the key point about welfare traps, which would likely reinforce (not weaken) the target user’s pro-UBI stance.""}"
ubi_146,"{""stance"":""negative"",""reasoning"":""The target user repeatedly criticizes UBI as “handing out money,” worries about tax increases and the existing deficit, and frames reliance on government checks as undesirable. They explicitly say they are “not a big fan of handing out money,” prefer addressing poverty via services (healthcare, schooling, training), and object that UBI goes to everyone rather than being targeted—stating “Restrict it to the poor and I'm in.” The final reply suggesting a Negative Income Tax aligns with their preference for targeted aid, but it doesn’t indicate they warmed to universal basic income itself; if anything it reinforces their anti-universal stance. بنابراین their post-conversation stance toward UBI remains negative.""}"
ubi_147,"{""stance"":""negative"",""reasoning"":""The target user repeatedly argues against UBI, saying it would “corrupt” people, normalize not working, and should be replaced by targeted aid with monitoring/mentorship rather than universal checks. They also express strong fears that UBI would re-orient and potentially “destroy” the economy, reject automation-driven job-loss arguments, and emphasize that it would significantly raise their taxes with little personal return. Nothing in the conversation appears to move them toward support; if anything, the back-and-forth reinforces their opposition.""}"
ubi_148,"{""stance"":""negative"",""reasoning"":""The target user repeatedly argues that UBI would “corrupt” people, normalize not working, subsidize dependency, and likely “destroy” the economy via devaluation and large tax increases. They prefer targeted aid with monitoring/mentoring and explicitly reject BI as more than bureaucracy reduction, likening it to communism/wealth plunder. Nothing in the conversation appears to soften these views; if anything, the exchange reinforces their opposition.""}"
ubi_149,"{""stance"":""positive"",""reasoning"":""The target user repeatedly defends UBI as desirable and beneficial: they describe it as freeing people from coerced labor, enabling meaningful work/education/childrearing, improving health and family life, and functioning like their pension (which they explicitly call a “species of basic income”). They also argue UBI would modernize capitalism and smooth the business cycle. Despite pushback about sustainability and work incentives, the target user does not soften or retract support; they become more ideologically and economically committed to UBI as part of an updated economic model. The final reply from the other user is conciliatory but does not appear to shift the target user away from their already supportive stance.""}"
ubi_150,"{""stance"":""positive"",""reasoning"":""The target user repeatedly defends UBI as desirable and beneficial: they liken their pension to a form of basic income, argue UBI would free most people from coerced work for elites, emphasize the value of having the choice to do meaningful work, and explicitly claim UBI would help smooth the business cycle. They push back against criticisms that UBI promotes idleness and frame objections as defense of the established order. Nothing in the exchange indicates their support softens; if anything, the debate reinforces their pro-UBI position.""}"
ubi_151,"{""stance"":""positive"",""reasoning"":""The target user consistently argues in favor of UBI/basic income: they frame their pension as a form of basic income, endorse decoupling a decent minimum income from employment, and claim it would free people to pursue meaningful work, reduce stress/illness, enable entrepreneurship without fear of destitution, and help smooth recessions/business cycles. They push back against critiques about corruption, laziness, and economic destruction, and end the conversation still advocating redistribution of “unearned” wealth to fund such benefits. The other user’s partial apology does not shift the target user away from support, so the post-conversation stance remains clearly positive.""}"
ubi_152,"{""stance"":""positive"",""reasoning"":""The target user repeatedly frames UBI-style transfers as fair within a Nordic-style social contract, downplays “wealth redistribution” as not a negative, and argues UBI could sensibly replace existing benefits in Finland if taxed back from the well-off. They do not express concern about work incentives or unfairness; instead they defend the legitimacy of income transfers and treat objections as largely value-based. Overall this indicates a favorable stance toward UBI after the exchange.""}"
ubi_154,"{""stance"":""neutral"",""reasoning"":""The target user highlights major concerns with a universal, non-tax-funded UBI—calling the tested model unrealistic, hard to finance, and likely inflationary with price increases. However, they also acknowledge that a more realistic UBI paired with higher taxation/redistribution could keep prices stable. This indicates a conditional, analytical view rather than clear support or opposition overall, so their stance after the conversation is best classified as neutral.""}"
ubi_156,"{""stance"":""positive"",""reasoning"":""The target user calls basic income “a neat idea regardless” and emphasizes perceived benefits like reducing welfare traps, making part-time work and small-scale entrepreneurship more attractive, and lowering bureaucracy. They argue against a full replacement of all benefits in Nordic contexts, but that critique is about implementation design rather than opposition to the concept. Overall their comments indicate a favorable view toward basic income schemes, even if not pure UBI.""}"
ubi_157,"{""stance"":""neutral"",""reasoning"":""The target user never speaks in the provided transcript, so there is no direct evidence of their view on UBI or how the other user’s pro–NIT framing affected them. Without any explicit reaction or identifiable prior stance, the safest prediction is neutral.""}"
ubi_159,"{""stance"":""neutral"",""reasoning"":""The transcript contains only an [OTHER USER] message discussing both pros and cons of UBI. The [TARGET USER] does not appear or express any view, so there’s insufficient evidence to infer their stance or any shift caused by the conversation.""}"
ubi_160,"{""stance"":""positive"",""reasoning"":""The target user repeatedly argues the U.S. could afford a UBI if it chose to reprioritize spending (especially defense) and frames feasibility as mainly a political/priority choice rather than an economic impossibility. They explicitly state “I support universal basic income somewhat,” and they continue defending the plausibility of at least a modest UBI despite acknowledging it’s not their top issue and that replacing SS/Medicare would be a bad idea. Overall this reflects a mildly supportive (positive) stance after the discussion.""}"
ubi_161,"{""stance"":""positive"",""reasoning"":""The target user repeatedly argues the U.S. could fund at least a modest UBI if it reprioritized spending (especially reducing defense spending), framing affordability as a political choice rather than an economic impossibility. They explicitly state “I support universal basic income somewhat,” and continue defending UBI feasibility against objections throughout the discussion. While they note it isn’t a top personal issue and acknowledge tradeoffs with programs like Social Security/Medicare, their overall post-conversation stance remains supportive rather than neutral or negative.""}"
ubi_162,"{""stance"":""negative"",""reasoning"":""The target user repeatedly criticizes the experiment associated with UBI, calling it a \""terrible experiment\"" and characterizing it as \""mostly tax relief for a select group.\"" They further downplay its relevance to UBI by reframing it as merely unemployment reform and emphasize that a true UBI study would be monumental—implying skepticism about feasibility and how UBI is often presented. Nothing in the exchange suggests they became more supportive; if anything, the clarifications reinforce their critical view.""}"
ubi_163,"{""stance"":""positive"",""reasoning"":""The target user consistently defends UBI and corrects criticisms, calling opposing claims “bullshit” and “a complete misunderstanding.” They argue UBI would close holes in the current welfare system, provide a guaranteed income floor, reduce exclusion/underuse of benefits, and better support students and entrepreneurs, while still allowing supplemental targeted supports (e.g., housing, disability). They frame UBI as a warranted overhaul with growing political support and explicitly reject the idea that it’s unnecessary or merely a subsidy for low-wage work. Nothing in the conversation suggests their support weakens; if anything, they become more emphatic.""}"
ubi_164,"{""stance"":""neutral"",""reasoning"":""The target user expresses interest in experimenting with a Negative Income Tax as a safety net that preserves work incentives and notes its administrative simplicity, but they do not explicitly endorse or reject UBI itself. After others explain the mathematical relationship and point them to the economics wiki, the target user responds with enthusiasm for the resource and the UBI vs NIT distinction, without stating a pro- or anti-UBI conclusion. The conversation seems to move them toward learning rather than taking a clear position.""}"
ubi_165,"{""stance"":""neutral"",""reasoning"":""The target user does not clearly endorse or oppose universal basic income itself. They cite an employment-effect result and pivot to advocating a negative income tax as preferable because it preserves work incentives and uses existing tax bureaucracy. That suggests skepticism toward UBI as typically implemented, but they still support a guaranteed safety net concept and engage constructively with related evidence, so the overall stance toward UBI remains best classified as neutral rather than clearly negative.""}"
ubi_166,"{""stance"":""positive"",""reasoning"":""The target user actively develops and defends a detailed, revenue-neutral basic income proposal (tax changes, transfer consolidation, carbon tax, military cuts), clarifies misconceptions, and argues against the inflation critique by emphasizing offsetting taxes and reduced transfers. Their framing focuses on net benefits for median earners and treats BI as a desirable reform worth implementing, with no indications of backing away after the counterarguments.""}"
ubi_167,"{""stance"":""positive"",""reasoning"":""The target user actively supports implementing a basic income and defends it against criticisms. They provide detailed funding/tax restructuring proposals, argue it would exceed the poverty line, compare it favorably to existing welfare (less coercive and more adequate), and emphasize benefits like leisure utility and compatibility with single-payer healthcare. Nothing in the exchange suggests they become more doubtful; instead they reinforce the case for BI, indicating a positive stance after the conversation.""}"
ubi_168,"{""stance"":""positive"",""reasoning"":""The target user defends UBI directly and at length, arguing it wouldn’t meaningfully raise aggregate demand if funded by taxes and could be beneficial in a liquidity trap. They provide quantitative reasoning about savings rates and aggregate demand impacts, and they add further pro-UBI claims (increased savings from stability, household formation, entrepreneurship, higher labor-force participation, improved worker leverage, and increased aggregate supply). Nothing in the exchange suggests they become more skeptical; if anything, they reinforce and elaborate their support.""}"
ubi_169,"{""stance"":""positive"",""reasoning"":""The target user explicitly advocates for a basic income set at 25% of per-capita GDP (~$12,500), argues it should be non-procyclical, and frames it as improving incentives toward production and well-being rather than job creation. They further defend UBI’s unconditional nature and critique NIT mainly on marginal-rate/workforce-entry grounds, implying they still support a UBI-style design. The other user’s reply largely validates their framing and doesn’t introduce persuasive counterarguments that would push them away from UBI, so their stance remains clearly positive after the conversation.""}"
ubi_170,"{""stance"":""positive"",""reasoning"":""The target user engages with UBI as a workable policy design problem rather than questioning its value. They propose detailed mechanisms for including children (service-based benefits, portable education grants, nutrition supplements) and explicitly discuss how to avoid perverse incentives using the “35 cent rule,” implying acceptance of UBI and interest in implementing it effectively. Nothing in their comments suggests opposition; the tone is constructive and solution-oriented, indicating a positive stance after the conversation.""}"
ubi_171,"{""stance"":""positive"",""reasoning"":""The target user treats a basic income as a plausible safety net that could reduce the ‘someone-will-starve’ pressure, suggesting acceptance of UBI’s core benefit. Their objection is not to UBI itself but to the idea that UBI would make minimum wage unnecessary; they argue minimum wage still helps counter employer oligopsony and is better for the economy. This reads as generally supportive of UBI while emphasizing it’s not a complete substitute for labor-market regulation.""}"
ubi_173,"{""stance"":""neutral"",""reasoning"":""The target user never states a clear opinion about universal basic income (or even about an income floor policy) in the transcript. The only explicit anti-work-disincentive claim (“Because you then encourage people not to work.”) is from another user, and the subsequent message argues that a Negative Income Tax can avoid discouraging work. Since the target user’s own stance is not expressed and we can’t reliably infer how persuaded they are by others, the safest prediction is neutral.""}"
ubi_174,"{""stance"":""positive"",""reasoning"":""The target user argues in favor of UBI by contrasting it with unemployment/welfare “benefits cliffs,” providing a detailed numerical example showing they would still be better off working under UBI, and emphasizing added worker leverage and improved job-matching. Their framing is explicitly supportive and presents UBI as solving incentive problems rather than creating them, indicating a positive stance after the conversation.""}"
ubi_175,"{""stance"":""neutral"",""reasoning"":""The target user never states support for or opposition to UBI; they only raise a concern about inflation and housing/rent adjustment and explicitly frame it as an honest question rather than an argument against UBI. The reply offers a plausible counterpoint (redistribution rather than money creation, limited net new purchasing power, mobility effects), which may alleviate some concern, but there’s no follow-up from the target user indicating they were convinced or became opposed. With no explicit endorsement or rejection after the exchange, the most justified prediction is neutral.""}"
ubi_176,"{""stance"":""neutral"",""reasoning"":""The target user never speaks in the provided transcript, so there’s no explicit indication of their view on UBI. While other participants discuss political feasibility and potential pilots, there’s no evidence of how the target user reacts or whether their stance shifts. With insufficient information about the target user’s opinion before or after the conversation, the best prediction is neutral.""}"
ubi_177,"{""stance"":""neutral"",""reasoning"":""The transcript contains only an [OTHER USER] discussing Negative Income Tax as an alternative framework to UBI; there are no statements, reactions, or follow-up from the [TARGET USER]. With no evidence of the target user’s prior view or any change in response to the discussion, their stance toward UBI after the conversation cannot be inferred and is best classified as neutral.""}"
ubi_179,"{""stance"":""negative"",""reasoning"":""The target user consistently argues against UBI on feasibility and policy-design grounds: the $10k/adult cost (~$2.4T) is portrayed as fiscally unrealistic, and they reject funding it by cutting major programs. They also strongly oppose replacing Medicare/Medicaid/Social Security with UBI, emphasizing that healthcare costs would overwhelm a basic income and that shifting “buckets” doesn’t reduce total spending. The final reply from another user largely validates the target user’s skepticism rather than persuading them toward support, reinforcing a negative stance.""}"
ubi_180,"{""stance"":""negative"",""reasoning"":""The target user emphasizes the enormous fiscal cost of UBI (more than twice the discretionary federal budget) and challenges the idea that it could be paid for by replacing existing programs. They argue replacing Medicaid/welfare would undermine UBI’s purpose by shifting healthcare costs onto the poor, and note Social Security averages ($15k) exceed the proposed UBI, making replacement politically/ethically problematic. They also add that including seniors would substantially raise total costs. Overall, their comments are consistently critical and focus on major feasibility and harm-to-vulnerable-populations concerns, indicating a negative stance after the conversation.""}"
ubi_181,"{""stance"":""negative"",""reasoning"":""The target user consistently emphasizes UBI’s fiscal infeasibility, repeatedly asking “who pays for that,” highlighting the $2.4T cost, and arguing that even eliminating major budgets wouldn’t cover it. They also stress that replacing Social Security/Medicare would harm seniors and that UBI would be undermined by healthcare costs. The final reply offers potential funding mechanisms (VAT/carbon tax) and a supplement-not-replace framing, but the target user does not indicate any persuasion or softening; their stance remains focused on budgetary impossibility and practical barriers, implying an overall negative view after the exchange.""}"
ubi_182,"{""stance"":""negative"",""reasoning"":""The target user consistently focuses on UBI’s fiscal infeasibility, repeatedly emphasizing the $2.4T cost, the inability to fund it through plausible budget cuts (even eliminating defense/HHS), and the political/legal impracticality of replacing Social Security or healthcare with UBI. They do not express support for proposed funding mechanisms (e.g., VAT, higher marginal rates) and continue to challenge “who pays for that,” indicating skepticism rather than openness. The final message from another user acknowledges complexity but doesn’t elicit any shift from the target user, so their stance remains negative after the conversation.""}"
ubi_183,"{""stance"":""negative"",""reasoning"":""The target user focuses on UBI’s fiscal infeasibility, emphasizing the $2.4T cost, lack of viable funding sources, and the impossibility (and legal/political barriers) of replacing major programs like Social Security, Medicare, and Medicaid. They also argue UBI is ineffective if it must be spent on healthcare. While other users suggest single-payer healthcare and new taxes (e.g., VAT/carbon taxes), the target user does not show any shift toward acceptance; their responses remain skeptical and centered on structural and budgetary objections.""}"
ubi_184,"{""stance"":""negative"",""reasoning"":""The target user focuses on UBI’s fiscal infeasibility (citing ~$2.4T/year for $10k/adult), argues major budget categories can’t realistically be cut to fund it, and rejects the idea that tax increases are politically workable. They also push back on claims that $10k would meaningfully reduce poverty/Medicaid costs and characterize the proposal as essentially another attempt at redistribution that will face the same resistance as current welfare. Nothing in the conversation indicates they were persuaded toward supporting UBI; if anything, their objections remain firm.""}"
ubi_185,"{""stance"":""neutral"",""reasoning"":""The target user never states an opinion about UBI in the transcript—only a cost/tax question is raised by other participants and an explanatory funding model is provided. With no explicit endorsement or rejection from the target user and no evidence of their reaction or persuasion, there isn’t enough information to infer a positive or negative stance shift, so neutral is the safest prediction.""}"
ubi_186,"{""stance"":""negative"",""reasoning"":""The target user repeatedly emphasizes UBI’s prohibitive cost (~$2.4T), argues there is no credible funding source even with extreme cuts, and rejects proposals to replace/offset Social Security or other programs due to large benefit cuts and legal/political infeasibility. They also criticize shifting the burden onto top earners and challenge the practicality of salary offsets for government workers. The conversation ends with the other user conceding major fiscal/political difficulties, which would likely reinforce the target user’s skepticism rather than soften it.""}"
ubi_187,"{""stance"":""negative"",""reasoning"":""The target user focuses on UBI’s feasibility and funding, emphasizing the enormous $2.4T cost and arguing that realistic spending cuts (defense, Medicare/Medicaid, Social Security) can’t cover it. They frame the program as financially unworkable. The reply acknowledges the cost and only offers vague possibilities (VAT/carbon taxes/tax reform) without addressing the target user’s core skepticism, so there’s little in the exchange to shift them toward support. Overall, the target user remains opposed based on fiscal concerns.""}"
ubi_188,"{""stance"":""positive"",""reasoning"":""The target user argues that $10,000/year is far too low to be considered a true basic income, listing essential expenses and concluding that calling it “basic income” is absurd. This critique targets the inadequacy of a specific UBI level, not the concept of UBI itself. The other user’s reply affirms the target user’s point and reframes UBI as a floor that must be set high enough and/or paired with healthcare and other supports. Given the target user’s focus on making the guarantee actually livable—and the reinforcing response—they are best characterized as supportive of UBI in principle but opposed to insufficient implementations, i.e., overall positive toward UBI after the conversation.""}"
ubi_190,"{""stance"":""positive"",""reasoning"":""The target user explicitly defends universal basic income principles, arguing that means tests are “a terrible idea” because they create incentives to remain poor (the welfare trap) and add costly, corruption-prone bureaucracy. This is a core pro-UBI argument in favor of a truly universal, unconditional benefit. Nothing in the exchange indicates they were persuaded away from UBI; if anything, the follow-up reinforces their framing by acknowledging their points and discussing tradeoffs, so their stance remains supportive.""}"
ubi_191,"{""stance"":""positive"",""reasoning"":""The target user explicitly defends core UBI principles by arguing strongly against means testing, calling it a 'terrible idea' and citing the poverty-trap incentive problem and administrative/corruption costs—classic pro-UBI arguments. Nothing in the exchange indicates they back away from supporting basic income; even when another user proposes a phased/negative-income-tax alternative, the target user’s stated position remains aligned with universal, non-means-tested basic income. Thus their stance after the conversation is best predicted as positive.""}"
ubi_194,"{""stance"":""neutral"",""reasoning"":""The target user never speaks in the transcript, so there’s no direct evidence of their view on UBI. The conversation presents both criticisms (administrative/regional cost concerns, potential migration distortions, regional stagnation) and counterarguments (uniform payment, market adjustments, spending stimulus, firms relocating, removing minimum wage). With no indication of how the target user reacts to these points, the best prediction is neutral.""}"
ubi_195,"{""stance"":""neutral"",""reasoning"":""The target user never states an opinion about universal basic income in the provided transcript. All visible remarks are from other users discussing how to set an amount and arguing for a percentage-of-mean-income approach. Since there is no explicit response or reaction from the target user and no evidence of how the exchange changed their view, the best prediction is neutral.""}"
ubi_197,"{""stance"":""neutral"",""reasoning"":""The target user never speaks in the provided transcript, so there is no direct evidence of their view after the conversation. While the other user offers pro-UBI counterarguments to common concerns (inflation, rent increases, reduced work incentives), we cannot reliably infer the target user accepted or rejected them. With insufficient evidence of the target user’s updated position, the safest classification is neutral.""}"
ubi_198,"{""stance"":""neutral"",""reasoning"":""The target user does not appear in the transcript and makes no statements about universal basic income. Although the other user presents UBI-like policies favorably as a possible solution to automation-driven job displacement, there is no evidence of the target user’s reaction or attitude shifting in response. With insufficient information about the target user’s views after the conversation, the stance is best classified as neutral.""}"
ubi_200,"{""stance"":""neutral"",""reasoning"":""The target user doesn’t express support for or opposition to UBI itself; they mainly correct/specialize the inflation argument (revenue-neutral funding, marginal propensity to consume, full-employment vs slack, and broader policy-package effects). Their tone is analytical and skeptical of simplistic claims rather than pro- or anti-UBI. The exchange ends with the other user validating their nuance, but there’s no clear shift toward endorsing or rejecting UBI—only that its CPI effects depend on design and conditions.""}"
ubi_201,"{""stance"":""neutral"",""reasoning"":""The target user never speaks in the transcript, so there’s no explicit indication of their views on universal basic income. While the other participants raise skepticism about administrative hurdles and migration/cost-of-living issues, there’s no evidence the target user adopts or reacts to these arguments. With insufficient information about the target user’s position after the conversation, the best prediction is neutral.""}"
ubi_204,"{""stance"":""negative"",""reasoning"":""The target user repeatedly argues that UBI would lead employers to cut wages by roughly the amount of the stipend, that higher taxes to fund it would ultimately come out of workers’ pockets, and calls UBI a “fanciful dreaming,” “dumb idea,” and a “fantasy” that will “never” happen in America. They dismiss counterarguments and end the exchange entrenched in the view that businesses will protect margins by shifting costs onto labor, indicating a firmly negative stance after the conversation.""}"
ubi_206,"{""stance"":""positive"",""reasoning"":""The target user strongly defends universal, unconditional basic income as a matter of dignity and rights, arguing it is more efficient than means-tested programs due to lower administrative costs and reduced lobbying for special carve-outs. They also outline a concrete funding approach (higher taxes on >100k earners) and endorse replacing most existing welfare programs with UBI (keeping health-related programs and adjusting Social Security). Nothing in the conversation suggests they were persuaded away from UBI; if anything, they repeatedly reinforce its advantages and feasibility.""}"
ubi_207,"{""stance"":""neutral"",""reasoning"":""The target user never speaks in the provided transcript, so there is no direct evidence of their view on UBI after the conversation. The other user offers a moderately pro-UBI rebuttal (UBI is simpler than healthcare reform), which could nudge someone toward support, but without any response from the target user indicating agreement or continued skepticism, the safest prediction is neutral.""}"
ubi_209,"{""stance"":""positive"",""reasoning"":""The target user argues strongly in favor of universal basic income, explicitly stating society is “entirely able to provide a universal basic income” and emphasizing that the main problem is the stressful scramble for income, not the absolute dollar amount. They claim removing the obligation to work for survival would help people stabilize their lives, improve health and relationships, and become happier and more productive while reducing harmful social behaviors. The other user raises funding concerns, but there’s no indication the target user is persuaded or softens their view; the target user’s position remains clearly supportive.""}"
ubi_211,"{""stance"":""neutral"",""reasoning"":""The target user is engaged and curious about UBI’s potential benefits (reduced stress, enabling parents/artists, making creative destruction easier) and asks detailed follow-up questions, but repeatedly raises major concerns about work disincentives for low-skill workers, political infeasibility, and especially the risk of UBI expanding into escalating redistribution and additional entitlements. They do not endorse UBI; they remain skeptical but open to evidence, so their post-conversation stance is best characterized as neutral.""}"
ubi_212,"{""stance"":""neutral"",""reasoning"":""The target user never speaks in the transcript, so there’s no direct evidence of their views. The conversation presents substantial criticisms (administrative/geographic cost differences, very large fiscal cost) alongside a partial defense (UBI as a floor, not replacing Social Security; pairing with single-payer healthcare). With no indication of how the target user reacts to these competing arguments, the safest prediction is neutral.""}"
ubi_214,"{""stance"":""positive"",""reasoning"":""The target user consistently defends UBI against claims it would simply lower wages, arguing employers already pay the minimum needed to attract labor and that a guaranteed income increases workers’ bargaining power. They explicitly predict UBI would reduce labor supply for undesirable jobs and thus push wages up in those sectors, and they dismiss the opposing side’s arguments as lacking rational analysis. Nothing in the exchange indicates the target user became more skeptical; if anything, they remain confident and pro-UBI after rebutting the criticisms.""}"
ubi_215,"{""stance"":""positive"",""reasoning"":""The target user frames UBI as workable and beneficial: they argue it could increase labor competitiveness by putting downward pressure on wages and emphasize it’s largely a redistribution of existing welfare so a tax increase may not be needed. They add this as a supportive point rather than expressing concern, and nothing in the exchange indicates they were persuaded away from that view.""}"
ubi_216,"{""stance"":""positive"",""reasoning"":""The target user criticizes means-tested welfare for creating a \""welfare trap\"" with effective marginal tax rates above 100% and explicitly argues that such systems are harmful. They then highlights a benefit commonly associated with UBI—removing disincentives to work—and adds that it could eliminate the need for minimum wage by enabling voluntary labor arrangements. The reply from the other user reinforces these pro-UBI points (eliminating benefit cliffs, improving incentives), which would likely strengthen the target user’s favorable view. Overall, the target user’s comments align with key arguments for UBI, indicating a positive stance after the conversation.""}"
ubi_217,"{""stance"":""positive"",""reasoning"":""The target user engages constructively with UBI implementation, provides a detailed cost/tax model, and emphasizes that effective tax rates remain relatively low after the benefit is included. They highlight favorable distributional effects (net gains below ~$60k) and suggest multiple funding sources to reduce individual burden. Nothing they say signals opposition; the tone and content indicate support for UBI as feasible and worth analyzing.""}"
ubi_218,"{""stance"":""neutral"",""reasoning"":""The target user never states an opinion about UBI being good or bad, and the transcript contains no message from the target user at all. Without any explicit stance or clear indication of how they reacted to the cost/tax discussion, there isn’t enough evidence to infer a positive or negative position, so neutral is the safest prediction.""}"
ubi_219,"{""stance"":""positive"",""reasoning"":""The target user corrects another participant to emphasize a core pro-UBI feature: that it is paid to individuals rather than households, contrasting it favorably with existing minimum-income schemes. The use of a wink and the framing as an advantage (no household-based reduction/penalty) indicates supportive alignment rather than skepticism. The follow-up message reinforces this point, likely strengthening the target user’s already positive view; there is no evidence of doubt or opposition from the target user.""}"
ubi_220,"{""stance"":""neutral"",""reasoning"":""The target user never explicitly states an opinion about UBI in the provided transcript. The other user offers pro-UBI counterarguments (tax-funded redistribution, production response, mobility to lower-cost areas), which could mitigate concerns, but there’s no evidence the target user accepts or rejects these points. With no direct response from the target user, the safest prediction is neutral.""}"
ubi_221,"{""stance"":""neutral"",""reasoning"":""The target user does not express support or opposition to universal basic income itself; instead they explain why Facebook/advertisers might favor it (a non-impoverished user base is more valuable). This frames UBI as potentially serving corporate incentives rather than endorsing it as good policy. With no clear value judgment for or against UBI, their stance remains neutral after the exchange.""}"
ubi_222,"{""stance"":""neutral"",""reasoning"":""The transcript contains only an [OTHER USER] explaining that Sweden has a welfare system rather than UBI and noting US-specific challenges. The [TARGET USER] does not appear or express any opinion, and there’s no evidence of how they react or whether their view changes. With insufficient information about the target user’s stance after the conversation, the safest prediction is neutral.""}"
ubi_224,"{""stance"":""positive"",""reasoning"":""The target user is strongly enthusiastic about UBI, calling Zuckerberg’s comments one of the biggest basic income endorsements ever and emphasizing how “HUGE” it is, framing UBI as a major, desirable part of a new social contract and even a potential presidential platform. The other user raises caution about billionaire motives, but the target user has not expressed any doubt or pullback; their language remains clearly supportive, so their stance after the conversation is still positive.""}"
ubi_227,"{""stance"":""positive"",""reasoning"":""The target user repeatedly defends UBI against critiques, emphasizing that it is unconditional and uniquely avoids making people “jump through hoops to justify being alive.” They argue a well-designed UBI could ensure at least poverty-level purchasing power, contrast it favorably with the current welfare system, and even entertain the possibility of expanding UBI dramatically (up to full redistribution), saying they’d be “ecstatic” if that proved workable. Throughout the exchange they frame UBI as a plausible, even necessary, mechanism for equitable distribution—especially via democratic government—so their post-conversation stance is clearly supportive rather than neutral or negative.""}"
ubi_229,"{""stance"":""positive"",""reasoning"":""The target user explicitly says they \""support the concept\"" of basic income and is \""strongly in favor of meeting the basic needs of everybody.\"" They accept taxation as a partial funding source (preferring sales/use taxes) and discuss practical ways to make meeting needs cheaper so the required UBI level could be lower. Nothing in the conversation pushes them away from UBI; the other user reinforces their efficiency-first framing, which likely solidifies rather than weakens their support.""}"
ubi_230,"{""stance"":""positive"",""reasoning"":""The target user repeatedly defends the feasibility and desirability of basic income, challenging only the assumption that it must be government-run. They argue private actors could fund it, list large private firms with ample resources, and explicitly state they personally would contribute if rich. Nothing in the exchange indicates opposition to UBI itself; the conversation reinforces it as a worthwhile social change, leaving the user supportive though skeptical of government as the sole provider.""}"
ubi_231,"{""stance"":""positive"",""reasoning"":""The target user repeatedly endorses UBI in principle as a streamlined, efficient social safety net and explicitly argues it can fit limited-government/libertarian goals, especially if it replaces existing welfare programs rather than being added on top. While they strongly oppose an expansive, redistribution/wealth-leveling version (e.g., very high payments aimed at ‘justice’ or flattening inequality) and emphasize avoiding work disincentives and excessive taxation, their overall position remains supportive of a ‘reasonable’ basic income floor. The conversation reinforces this middle-path framing rather than shifting them away from UBI.""}"
ubi_232,"{""stance"":""positive"",""reasoning"":""The target user explicitly endorses UBI (or a closely related Negative Income Tax) as an efficient replacement for existing welfare, states that many libertarians including themselves 'can and should' provide it, and frames it as a practical response to automation and bureaucratic expansion. Nothing in the conversation suggests they became less supportive afterward; if anything, the follow-up reinforces common ground.""}"
ubi_233,"{""stance"":""positive"",""reasoning"":""The target user endorses UBI by citing an article that “makes a strong case,” frames UBI (or a Friedman-style negative income tax) as a workable cross-ideological solution, and argues it can replace existing welfare bureaucracy while preparing for automation. They acknowledge right-leaning concerns about work disincentives but present NIT/UBI as compelling answers rather than reasons to reject it, indicating an overall supportive stance after the conversation.""}"
ubi_235,"{""stance"":""neutral"",""reasoning"":""The target user defends the community against accusations of a pro-UBI “circle jerk” and supports respectful discussion, but they never state their own view on universal basic income or argue for/against the policy itself. Their comments focus on voting behavior and civility rather than UBI merits, so there isn’t enough evidence to infer a positive or negative stance.""}"
ubi_236,"{""stance"":""neutral"",""reasoning"":""The target user only asks how a basic income could be funded from a libertarian perspective, which signals curiosity rather than endorsement or opposition. They do not express approval or disapproval after the other user’s explanation, so there isn’t enough evidence that they end up positive or negative.""}"
ubi_237,"{""stance"":""neutral"",""reasoning"":""The target user consistently frames UBI as problematic because it is typically a state program and argues that adequate funding is impossible without the state, concluding that voluntaryism and basic income are incompatible. However, they do not clearly reject UBI on its merits outside the libertarian/voluntaryist framework, and their comments are more about compatibility with libertarian purity than an outright anti-UBI position. The final reply they receive is conciliatory and doesn’t elicit further pushback or endorsement, so there’s insufficient evidence they end up firmly negative rather than remaining ambivalent/conditional.""}"
ubi_239,"{""stance"":""positive"",""reasoning"":""The target user explicitly defends basic income, rejects framing it as inherently socialist, and calls it “amazing,” emphasizing its economic benefits and cross-ideological appeal. Nothing in the exchange suggests their support weakened; if anything, the final reply from another user reinforces their pragmatic pro-UBI framing.""}"
ubi_241,"{""stance"":""positive"",""reasoning"":""The target user expresses agreement with a pro-libertarian framing, and the follow-up message explicitly presents UBI as a libertarian-friendly, autonomy-respecting replacement for paternalistic welfare. The target user does not push back and their initial alignment with libertarian efficiency/minimal intrusion makes it likely they would view UBI favorably in this context.""}"
ubi_242,"{""stance"":""positive"",""reasoning"":""The target user repeatedly endorses UBI in principle, framing it as a tool for economic justice and wealth-gap reduction. They conditionally support replacing existing programs only if UBI is very high and inflation-resistant, and otherwise want UBI added on top of current programs—showing strong support for UBI rather than opposition. Their pushback is against using a modest UBI to gut social programs, not against UBI itself, so their overall stance after the conversation remains positive.""}"
ubi_243,"{""stance"":""neutral"",""reasoning"":""The transcript contains no message from the [TARGET USER], so there’s no direct evidence of their prior view or any reaction to the pro-UBI arguments presented. While the other users argue in favor of UBI (including a libertarian-leaning justification), we can’t infer that the target user was persuaded or opposed. With insufficient information about the target user’s expressed position or engagement, the most defensible prediction is neutral.""}"
ubi_246,"{""stance"":""negative"",""reasoning"":""The target user consistently argues that UBI would cause societal and economic collapse (“nobody works anymore,” “money would lose value”), questions why anyone should be paid without working, and expresses a harsh view that supporting nonworkers is unnecessary (“letting someone die literally costs me nothing”). Although another user provides counterarguments about automation and social costs, the target user shows no sign of accepting them or softening their position by the end of the conversation.""}"
ubi_248,"{""stance"":""negative"",""reasoning"":""The target user repeatedly and explicitly argues that UBI would collapse the country, destroy work incentives, devalue money, and amounts to taking from the rich to give to the poor. They state 'Nobody should get free shit' and reject counterpoints (including the Milton Friedman/negative income tax framing). The final message offers a welfare-trap argument, but there’s no indication the target user is persuaded or softens their position, so their stance remains negative.""}"
ubi_249,"{""stance"":""negative"",""reasoning"":""The target user repeatedly argues that UBI would cause national collapse, mass quitting of jobs, anarchy, and currency devaluation. They also frame UBI as ‘taking from the rich and giving it to the poor’ and say it would ‘destroy the country,’ emphasizing perceived laziness and rejecting counterarguments about spending circulating in the economy. The final reply from the other user is explanatory but there’s no indication the target user is persuaded or softens their position, so their stance remains negative.""}"
ubi_250,"{""stance"":""negative"",""reasoning"":""The target user repeatedly argues that UBI would collapse the country, reduce incentives to work, and amount to taking from hardworking people to give to the lazy. Even after the other user reframes UBI as a basic floor and suggests market wage adjustments, the target user maintains objections centered on high taxes, redistribution, and essential/undesirable jobs going unfilled. There is no sign they were persuaded toward acceptance; if anything, they remain firmly opposed.""}"
ubi_251,"{""stance"":""negative"",""reasoning"":""The target user repeatedly argues that basic income would collapse the country, eliminate the incentive to work, cause anarchy, and devalue money. Throughout the exchange they double down on a strong work-incentive/merit-based view (calling nonworkers “lazy,” emphasizing market wages for low-skill work, and opposing government job creation). The final reply offers counterarguments, but the target user shows no sign of accepting them or softening their position, so their stance remains negative after the conversation.""}"
ubi_252,"{""stance"":""negative"",""reasoning"":""The target user repeatedly argues that basic income would cause people to stop working, trigger anarchy, and devalue money. They double down by attributing unemployment to laziness and defending low wages for low-skill work. Although the other user offers a more nuanced pro-UBI rebuttal about incentives and bargaining power, the target user does not show any concession or softening after hearing it, so their stance remains negative.""}"
ubi_253,"{""stance"":""negative"",""reasoning"":""The target user explicitly argues that basic income would collapse the country by eliminating incentives to work, causing mass quitting, anarchy, and devalued money. They double down by blaming unemployment on laziness/education choices, reject the idea that work should be motivated by anything other than money, and dismiss proponents as “commies,” indicating strong ideological opposition. Nothing in the exchange suggests they were persuaded toward supporting UBI, so their stance remains negative.""}"
ubi_254,"{""stance"":""negative"",""reasoning"":""The target user repeatedly argues that basic income would cause societal collapse, eliminate incentives to work, trigger mass quitting, anarchy, and devaluation of money. Even after another user offers counterarguments (automation, UBI as a modest floor, continued incentives to earn more), the target user does not show any concession or softening—only reiterates skepticism (“Why pay the human anything then if he isn't doing anything?”). Overall, their stance remains opposed after the conversation.""}"
ubi_255,"{""stance"":""negative"",""reasoning"":""The target user explicitly argues that basic income would collapse the country, eliminate incentives to work, trigger mass quitting, anarchy, and devalue money. Even after others offer counterarguments (automation, poverty prevention, UBI as essentials-only), the target user responds skeptically (“Why pay the human anything then if he isn't doing anything?”), indicating continued opposition rather than persuasion.""}"
ubi_256,"{""stance"":""negative"",""reasoning"":""The target user repeatedly argues UBI would collapse the country by reducing willingness to work, expresses strong ideological opposition to welfare and higher taxes, and dismisses funding mechanisms as “commie” redistribution. Even after engaging with counterarguments, they reaffirm that many people (including themselves) would work less or do nothing if given a basic income, and they are “not convinced otherwise.” The final reply they receive is conciliatory but does not elicit any softening or acceptance from them, so their post-conversation stance remains negative.""}"
ubi_257,"{""stance"":""negative"",""reasoning"":""The target user repeatedly argues that basic income would cause people to stop working, lead to economic collapse, anarchy, and currency devaluation. Their tone is hostile and dismissive toward pro-UBI arguments, and nothing in the exchange indicates they were persuaded or softened by the final, more nuanced explanation. At most, they acknowledge a point about profit incentives, but they do not revise their core anti-UBI view, so their post-conversation stance remains negative.""}"
ubi_258,"{""stance"":""negative"",""reasoning"":""The target user repeatedly and emphatically argues that basic income would “destroy/collapse the country,” remove incentives to work, cause anarchy, and devalue money. They frame UBI as a policy only supported by the “irrational lefties/commies” and double down throughout the exchange. Even after the other user offers a conciliatory clarification (e.g., Friedman/negative income tax and work incentives), there is no indication the target user softens or updates their view. The conversation context therefore leaves them strongly opposed to UBI.""}"
ubi_259,"{""stance"":""negative"",""reasoning"":""The target user repeatedly and emphatically rejects UBI throughout the conversation, calling it “free shit,” “stealing,” and something that would “destroy” or “collapse” the country by reducing work incentives and enabling laziness. They dismiss counterarguments (including conservative endorsements and efficiency/entrepreneurship claims) and broaden the objection into a general anti-redistribution, anti-mandatory social insurance stance. Nothing in their replies indicates softening; they remain ideologically opposed after the discussion.""}"
ubi_260,"{""stance"":""negative"",""reasoning"":""The target user repeatedly argues that UBI would cause national collapse by removing incentives to work, leading to mass quitting, anarchy, and currency devaluation. They also frame unemployment as largely due to individual laziness/poor choices and defend money as the primary work incentive. Although the other user offers counterarguments (UBI as essentials-only, retraining support, automation, and reduced desperation), the target user does not show any sign of conceding or softening their position within the conversation, so their stance remains negative.""}"
ubi_262,"{""stance"":""negative"",""reasoning"":""The target user repeatedly argues that UBI would cause people to stop working, trigger economic collapse, and devalue money, and they defend a strong work-for-pay incentive model. They also express low sympathy for those who don’t work (“be unemployed and homeless”) and reject structural critiques of labor markets. Although the other user offers a more nuanced pro-UBI explanation at the end, there’s no indication the target user is persuaded or softens their view, so their post-conversation stance remains negative.""}"
ubi_263,"{""stance"":""negative"",""reasoning"":""The target user repeatedly argues that basic income would cause people to stop working, trigger anarchy, and devalue money, and they defend coercion-by-necessity as a feature of the labor market. Even after the other user’s more nuanced explanation of UBI as a floor that could raise wages for unpleasant jobs, the target user has shown no signs of softening and maintains a strongly anti-UBI framing throughout the exchange.""}"
ubi_264,"{""stance"":""negative"",""reasoning"":""The target user repeatedly and emphatically rejects any form of unconditional support, calling basic income “free money they don’t deserve,” predicting societal collapse, and stating they “wouldn’t give them a single cent.” They advocate abolishing welfare/food stamps and even endorse coercive alternatives (army in streets, hard labor, ‘civilized slavery’) rather than providing cash assistance. Although the other user offers cost-effectiveness and incentive-based counterarguments, the target user shows no openness to persuasion and doubles down on strict work-for-survival views, so their stance after the conversation remains strongly negative.""}"
ubi_265,"{""stance"":""negative"",""reasoning"":""The target user repeatedly argues that UBI would cause societal collapse by removing incentives to work, expresses strong opposition to supporting nonworkers, and rejects moral premises used to justify UBI. Even when confronted with automation and self-interest arguments, they maintain their view, stating they would stop working to take UBI and that their job is not threatened. Nothing in the exchange indicates persuasion toward supporting UBI; if anything, their objections are reinforced.""}"
ubi_266,"{""stance"":""negative"",""reasoning"":""The target user explicitly argues that basic income would cause people to stop working, trigger anarchy, and collapse the country, framing UBI as fundamentally harmful. Although another user offers counterarguments about incentives and inflation, the target user does not respond with any sign of reconsideration, so their stance remains negative after the exchange.""}"
ubi_268,"{""stance"":""negative"",""reasoning"":""The target user explicitly claims basic income would collapse the country, destroy work incentives, cause anarchy, and make money lose value. Although another user offers counterarguments about incentives and inflation, the target user provides no follow-up indicating any softening or acceptance, so their post-conversation stance remains negative.""}"
ubi_270,"{""stance"":""negative"",""reasoning"":""The target user repeatedly and explicitly condemns basic income, calling it a cause of societal collapse and later labeling it “retarded,” and frames it as undeserved “free shit” that rewards laziness. They emphasize strong beliefs in individual responsibility, low/no entitlement to basic provisions, and a hardline view that workers’ welfare is solely their own problem. Although the other user offers a more nuanced pro-UBI explanation (UBI as a floor, preserving work incentives, increasing labor bargaining power), there is no indication the target user softens or revises their position afterward, so their post-conversation stance remains negative.""}"
ubi_271,"{""stance"":""negative"",""reasoning"":""The target user repeatedly argues that basic income would collapse the country by removing incentives to work, calls pro-UBI arguments \""retarded,\"" and frames UBI-like redistribution as \""steal[ing] from others.\"" They defend very low wages and reject the idea of a guaranteed living standard as a right. Although another user offers a more nuanced justification (dividend/shared assets, survival floor), the target user shows no sign of being persuaded and maintains a strongly hostile, dismissive tone throughout, so their stance after the conversation remains negative.""}"
ubi_272,"{""stance"":""negative"",""reasoning"":""The target user repeatedly argues that UBI would cause societal collapse, reduce incentives to work, and devalue money. They reject the automation rationale, insist displaced workers should retrain without public support, and characterize UBI as ‘free shit’ and ‘steal[ing] money from others.’ Even after the other user’s more nuanced reply (negative income tax, purchasing power concerns), the target user has shown strong ideological opposition and no signs of softening, so their stance remains negative.""}"
ubi_273,"{""stance"":""neutral"",""reasoning"":""The target user only asks a clarifying question about what kind of UBI the other person would support and does not express approval or disapproval of UBI themselves. Their tone is inquisitive rather than evaluative, and there’s no follow-up indicating they were persuaded toward or against UBI. With no explicit stance and insufficient evidence of a shift due to the conversation, the best prediction is neutral.""}"
ubi_274,"{""stance"":""positive"",""reasoning"":""The target user consistently argues in favor of UBI as a necessary and morally justified response to automation-driven unemployment, explicitly rejecting the idea that people who can’t work should be left to die and framing UBI as protecting individuals (including the skeptic) from poverty. They rebut the ‘people will stop working’ claim with concrete numbers and logic, and press the other user on automation risk, indicating advocacy rather than uncertainty. Nothing in the exchange suggests the target user becomes less supportive; if anything, the other user’s partial concessions about UBI preventing chaos reinforce the target user’s pro-UBI stance.""}"
ubi_275,"{""stance"":""neutral"",""reasoning"":""The transcript contains no messages from [TARGET USER], so there is no direct evidence of their views. While other participants discuss UBI in a generally positive/analytical way (political feasibility, replacing minimum wage, incentives), we cannot reliably infer that [TARGET USER] adopted a positive or negative stance from this alone. With insufficient evidence of the target user’s reaction or change in opinion, the safest prediction is neutral.""}"
ubi_276,"{""stance"":""positive"",""reasoning"":""The target user directly rebuts an anti-UBI claim by arguing people would still work because UBI would be only enough to barely live on and people want more money. This indicates support for UBI as a viable policy rather than something that would cause collapse, and the subsequent reply reinforces their view without prompting them to backtrack.""}"
ubi_277,"{""stance"":""neutral"",""reasoning"":""The target user never speaks in the transcript, so there’s no direct evidence of their view. The conversation presents both anti-UBI arguments (it could cut targeted benefits and effectively subsidize higher earners unless taxes rise dramatically) and pro-UBI considerations (reducing humiliation/bureaucracy and wasteful assessment spending). Because the exchange ends on a balanced, cautionary note about tradeoffs rather than a clear persuasive conclusion, there isn’t enough evidence to infer the target user would end up clearly positive or negative; neutral is the safest prediction.""}"
ubi_279,"{""stance"":""negative"",""reasoning"":""The target user consistently argues that a UK basic income would harm poor people by replacing targeted benefits (housing, council tax support, disability, child-related support) with an inadequate flat payment. They emphasize the math (current welfare spend implies ~£361/month), claim a livable UBI would require unacceptable tradeoffs (e.g., NHS cuts) or large tax increases, and predict high earners would leave under higher taxation. Even after others propose partial/“floor” models and administrative savings, the target user remains focused on feasibility and distributional harm, showing skepticism rather than movement toward support.""}"
ubi_280,"{""stance"":""negative"",""reasoning"":""The target user consistently argues that UBI would harm poor people by replacing targeted benefits with a broad payment that acts like a tax break for higher earners, and that a workable UBI would require “mammoth” tax rises (they repeatedly cite needing something like 70–80% of GDP in spending/tax), making the state unusually large and dangerously reliant on mobile wealthy taxpayers. Even after conceding a data-point and acknowledging others’ math could differ, they maintain that even ~16–20% of GDP is an unprecedented tax rise and suggest shelving UBI until automation-driven mass unemployment occurs. The final reply from another user partially validates their concerns (historic tax shift, gamble on high earners), so the conversation is more likely to reinforce than soften their skepticism.""}"
ubi_281,"{""stance"":""negative"",""reasoning"":""The target user is explicitly and strongly opposed to UBI in the UK, arguing it would harm poor people by replacing targeted supports (rent, council tax, disability, child benefits) with an inadequate flat payment, while effectively benefiting higher earners. They also frame feasible funding options as unacceptable (abolishing the NHS or raising taxes enough to prompt emigration, including their own). Although another user offers counterarguments (supplements on top, QE for people, clawbacks), there is no indication the target user is persuaded or moderates their view, so their stance remains negative after the conversation.""}"
ubi_283,"{""stance"":""negative"",""reasoning"":""The target user explicitly argues that UBI in the UK would harm poor people by replacing targeted benefits with an insufficient flat payment, functioning as a tax break for better-off workers while cutting support (rent, council tax, disability, child-related help) for those who need it most. They further claim a meaningful UBI would require unacceptable tradeoffs (e.g., abolishing the NHS or drastically raising taxes) and state they would leave the country if taxes rose significantly. The other user’s clarification about keeping targeted supplements and restructuring taxes may address some objections, but there’s no indication the target user is persuaded; their stated position remains strongly opposed.""}"
ubi_284,"{""stance"":""negative"",""reasoning"":""The target user explicitly argues that UBI in the UK would be “terrible for poor people,” would require unrealistically high taxes, and would mainly replace needed benefits while effectively benefiting higher earners. The other user offers counterpoints (UBI+ models, different funding assumptions, net taxation of higher earners), but the target user provides no follow-up indicating any change of mind. Given the strong initial opposition and no evidence of persuasion, their stance after the conversation remains negative.""}"
ubi_285,"{""stance"":""positive"",""reasoning"":""The target user repeatedly defends UBI and argues it ‘makes a lot of sense,’ emphasizing reduced humiliation/harassment from Jobcentres, administrative savings from scrapping assessments and workfare providers, and a phased implementation approach. They acknowledge funding/tax balancing challenges but remain convinced it wouldn’t be worse for most under ~£50k and are not persuaded by counterarguments about costs or job losses. The conversation ends with partial validation of their concerns, which would likely reinforce rather than weaken their pro-UBI stance.""}"
ubi_287,"{""stance"":""positive"",""reasoning"":""The target user steps in to defend the pro-UBI argument, explicitly explaining why a basic income wouldn’t eliminate work incentives and asserting that most people would still work to earn more than a subsistence-level UBI. They acknowledge some would opt out (as some already do) but argue the majority would continue working, indicating an overall supportive stance toward UBI after the conversation.""}"
ubi_289,"{""stance"":""positive"",""reasoning"":""The target user consistently frames basic income as a desirable policy and welcomes union influence as a “very positive step” toward mainstream adoption. Although they caution it could be “laughed down” if introduced too soon and doubt near-term electoral viability, their suggested strategy (union campaigning, trial balloons across parties) and expectation it could become as normal as supporting the NHS in 10–20 years indicate supportive, optimistic intent rather than neutrality or opposition.""}"
ubi_290,"{""stance"":""positive"",""reasoning"":""The target user explicitly frames trade union support and Labour leadership receptiveness as “a very positive step” toward UBI entering the political mainstream, defends UBI against being labeled socialism, and expresses personal endorsement grounded in broad social benefit (“I win if and when society at large wins”). Nothing in the exchange suggests their support weakens; if anything, their engagement and rebuttal reinforce a pro-UBI stance.""}"
ubi_291,"{""stance"":""positive"",""reasoning"":""The target user explicitly frames Basic Income as a policy Corbyn would be receptive to and concludes that the current political moment is “a very positive step” toward UBI becoming mainstream and entering the national debate. The other user reinforces this view by agreeing and emphasizing the leadership contest as a platform for wider discussion, which would likely strengthen rather than weaken the target user’s already favorable stance.""}"
ubi_292,"{""stance"":""positive"",""reasoning"":""The target user explicitly frames basic income as likely to gain traction through trade unions and Labour leadership dynamics, calling it a “very positive step” toward becoming mainstream and entering national debate. Nothing in the follow-up message challenges this; it reinforces the idea that cross-party discussion could further legitimize UBI. Overall, the target user’s stance remains clearly supportive/optimistic after the conversation.""}"
ubi_293,"{""stance"":""positive"",""reasoning"":""The target user explicitly frames basic income as a policy Corbyn would be receptive to and calls the unions’ influence and current Labour leadership contest “a very positive step” toward UBI entering the political mainstream and national debate. Nothing in the exchange indicates any retreat from that view; the other user’s reassurance about funding/NHS aligns with and likely reinforces the target user’s optimism rather than undermining it.""}"
ubi_296,"{""stance"":""positive"",""reasoning"":""The target user strongly defends UBI against the claim it would require 70–80% of GDP, argues it could be funded with a ~40% tax on all income, and frames UBI as a large tax credit that would reduce the tax burden for most households. Their tone is dismissive of anti-UBI cost estimates and they present UBI as feasible and reasonable, indicating a clearly positive stance. The other user’s more nuanced reply doesn’t appear to shift the target user away from that pro-UBI position.""}"
ubi_297,"{""stance"":""neutral"",""reasoning"":""The target user does not appear in the transcript and provides no explicit opinion about UBI. While other users discuss UBI as potentially inevitable but risky (work incentives, inflation), there’s no evidence of how the target user reacts or whether their stance shifts. With insufficient information about the target user’s views after the conversation, the best prediction is neutral.""}"
ubi_299,"{""stance"":""positive"",""reasoning"":""The target user explains UBI/negative income tax in an approving way, argues it addresses inefficient distribution and reduces societal harms from poverty (crime, mental health, starvation), and explicitly claims it maintains incentives to work while helping people find better or more fulfilling work. Their framing is advocacy-oriented (“aims to…”, “shown time and again”), and nothing in the conversation suggests they became more skeptical afterward.""}"
ubi_300,"{""stance"":""positive"",""reasoning"":""The target user explains basic income in supportive terms, emphasizing its benefits (reducing poverty-related stress, crime, mental health issues), arguing it’s affordable via tax reform, and explicitly states it won’t remove incentives to work. Their framing is consistently pro-UBI/related schemes, and the other user’s reply reinforces rather than challenges their view, so the stance after the conversation remains positive.""}"
ubi_302,"{""stance"":""neutral"",""reasoning"":""The target user never speaks in the transcript, so there’s no direct evidence of their view on UBI or any change after the discussion. While others discuss UBI as a survival floor and note geographic cost disparities, we can’t reliably infer the target user’s resulting stance from that alone.""}"
ubi_305,"{""stance"":""positive"",""reasoning"":""The target user defends UBI as a necessary survival floor rather than funding an 'ideal life,' emphasizes that $12k is meaningfully better than $0, and notes it wouldn’t discourage them from working. Their comments frame UBI favorably as a practical safety net, and the other user’s supportive reply reinforces that stance rather than challenging it.""}"
ubi_306,"{""stance"":""neutral"",""reasoning"":""The target user never states an opinion about universal basic income in the transcript, only that they live in Ohio. Although another user makes a pro-UBI argument tailored to Ohio’s economic challenges, there’s no evidence the target user agrees, disagrees, or is persuaded, so their post-conversation stance can’t be determined beyond neutral.""}"
ubi_319,"{""stance"":""positive"",""reasoning"":""The target user explicitly supports implementing a modest UBI ($300–$500/month), defends it against inflation/death-spiral objections, and frames it as morally desirable to provide homeless people a dignified baseline and stimulate the economy. They reiterate willingness to accept small price increases to achieve these benefits, indicating a clearly favorable stance after the discussion.""}"
ubi_327,"{""stance"":""positive"",""reasoning"":""The target user expresses a supportive, pro-UBI view by suggesting that a basic income would reduce or eliminate the need for a minimum wage—implying UBI would effectively provide a floor and improve worker bargaining power. Nothing in the exchange indicates skepticism or reversal; the follow-up response reinforces their point, which would likely further solidify a favorable stance.""}"
ubi_328,"{""stance"":""neutral"",""reasoning"":""The target user makes a single, tentative comment (“I would think…”) suggesting that with UBI there may be less need for a minimum wage. This implies they see UBI as potentially effective at providing a financial floor and shifting bargaining power, but they do not explicitly endorse or oppose UBI overall, address costs/inflation concerns, or react further after the economist-style reply. With limited evidence of a clear pro- or anti-UBI position, the best prediction is neutral.""}"
ubi_334,"{""stance"":""positive"",""reasoning"":""The target user consistently defends UBI as preferable to a job-guarantee/make-work scheme, explicitly arguing it has less disincentive to employment than the current system, better supports valuable unpaid work (caregiving, schooling, volunteering, subsistence activities), and avoids forcing people into “bullshit jobs.” They link pro-UBI analysis and frame unconditional support as the “crux” they endorse (“You are, I’m not” re: denying support because others might ‘sleep in’). Nothing in the later replies indicates persuasion away from UBI; the other user’s clarification doesn’t change the target user’s expressed preference.""}"
ubi_341,"{""stance"":""negative"",""reasoning"":""The target user conditions any support for UBI on it fully replacing essentially all existing transfer programs, explicitly including Medicare/Medicaid and Social Security. When another user argues healthcare can’t realistically be replaced due to variable costs, the target user responds that this means they (and many like them) won’t support UBI, calling the replacement requirement a “bright line.” Nothing in the rest of the exchange indicates they soften this condition; they continue to emphasize skepticism and the ‘economic deterrent’ concern. Therefore their post-conversation stance remains negative (opposed unless an unlikely full-replacement design is guaranteed).""}"
ubi_343,"{""stance"":""neutral"",""reasoning"":""The target user is conditionally open to discussing UBI only if it fully replaces existing transfer programs (welfare, SNAP, Medicare/Medicaid, Social Security, etc.) and explicitly rejects proposals that add UBI on top of other major redistributive systems. In the exchange, they defend the idea that healthcare doesn’t justify keeping separate programs and push back on claims about medical bankruptcy. The final reply from the other user frames the issue as a difficult design tradeoff rather than refuting the target user’s core condition, so there’s no clear movement toward stronger support or outright rejection. Overall, the user remains skeptical but not opposed in principle—hence neutral.""}"
ubi_344,"{""stance"":""neutral"",""reasoning"":""The target user only asks clarifying, quantitative questions about UBI size and likely labor-force effects (e.g., married women leaving the workforce) without endorsing or rejecting the policy. Their focus suggests skepticism/concern about work disincentives, but they do not state a value judgment, and the reply they receive frames the issue as a complex trade-off rather than decisively swaying them. With no explicit approval or opposition expressed, the best prediction is neutral.""}"
ubi_348,"{""stance"":""neutral"",""reasoning"":""The target user is not endorsing UBI on its merits; they conditionally entertain it only if it fully replaces existing welfare and transfer programs, and they describe most real-world pro-UBI proposals as a “nonstarter.” The other user validates this as a legitimate position but doesn’t provide new arguments that would likely shift the target user into clear support. Overall, the stance remains conditional/skeptical rather than positive or outright opposed, best classified as neutral.""}"
ubi_361,"{""stance"":""neutral"",""reasoning"":""The target user never speaks in the transcript, so there’s no direct evidence of their views on UBI. While other participants raise concerns about UBI affordability and suggest a negative income tax instead, we can’t reliably infer the target user adopted those arguments or shifted stance. With insufficient information about the target user’s reaction, the safest prediction is neutral.""}"
ubi_362,"{""stance"":""neutral"",""reasoning"":""There is no message from the [TARGET USER] in the provided transcript, so we have no direct evidence of their views or any change after the conversation. While the other user presents a pro-UBI argument (early implementation to smooth automation-related transitions), we cannot infer the target user accepted or rejected it. With insufficient evidence about the target user’s reaction, the safest prediction is neutral.""}"
ubi_366,"{""stance"":""positive"",""reasoning"":""The target user repeatedly defends UBI as a valid tool and argues against framing it as mutually exclusive with other welfare programs, suggesting an openness to adopting UBI (potentially in combination with targeted supports). They engage in pro-UBI reasoning (utility/efficiency tradeoffs, diminishing marginal effects) and do not express opposition to UBI itself—only skepticism about claims that UBI alone is always optimal. Overall this indicates a generally favorable stance toward UBI after the conversation.""}"
ubi_368,"{""stance"":""positive"",""reasoning"":""The target user explicitly states they are “all for basic income” and continues to engage constructively about implementation details (amount setting, regional cost differences) rather than rejecting the concept. Their main reservations are conditional—UBI should be paired with policies that increase production/abundance to avoid inflation—and the other user’s reply reinforces that pairing and addresses their concerns, which is more likely to sustain or strengthen support than to turn them against UBI.""}"
ubi_369,"{""stance"":""positive"",""reasoning"":""The target user explicitly argues that UBI is necessary and can “succeed,” but only if paired with single-payer healthcare to prevent private insurers from capturing the added cash through price increases. They defend UBI against the ‘replace everything including healthcare with cash’ proposal and push for a structure (UBI + single payer) that makes UBI workable and sustainable. This indicates a supportive (positive) stance toward UBI after the conversation, albeit conditional on complementary healthcare reform.""}"
ubi_375,"{""stance"":""negative"",""reasoning"":""The target user repeatedly challenges the feasibility of a $10k universal basic income, emphasizing that it’s below the poverty line, would cost ~$3.1T (more than federal revenue), and would require unacceptable cuts—especially harming Social Security recipients. Their tone is skeptical (“Show your math,” “woefully, ridiculously inadequate”) and they do not concede after the other user pivots to a targeted/sliding-scale plan; nothing in the exchange indicates the target user becomes more supportive. If anything, the other user’s partial concession on the math reinforces the target user’s critique, leaving them negative toward UBI as discussed.""}"
ubi_380,"{""stance"":""negative"",""reasoning"":""The target user repeatedly and explicitly argues that basic income is a “bad idea,” says they personally would stop working if given enough for necessities, and maintains that removing the necessity to work would reduce labor participation and reshape social behavior away from jobs. They dismiss pro-UBI claims as speculative and biased, criticize survey evidence, and cite Social Security as an example of guaranteed income leading people to exit the workforce. The final reply from another user concedes some of the target’s points and offers counterarguments, but nothing in the transcript indicates the target user is persuaded or softens their view, so their stance remains strongly negative.""}"
ubi_381,"{""stance"":""negative"",""reasoning"":""The target user repeatedly and explicitly calls UBI a “bad idea,” a “fairy tale,” and argues it would cause large numbers of people (including themselves and people they know) to stop working, making it unsustainable. They reinforce this view with anecdotes about unemployment “vacations” and comparisons to welfare/unemployment incentives. The final reply from another user offers a pro-UBI incentive argument (UBI not being withdrawn when working), but there’s no indication the target user accepts it or softens; their prior messages are emphatic and entrenched, so their post-conversation stance remains negative.""}"
ubi_392,"{""stance"":""positive"",""reasoning"":""The target user explicitly defends UBI, asserting it \""ends poverty\"" and arguing that this removes the rationale for additional social programs. They further endorse reallocating/cutting other programs to increase an equal cash dividend. Nothing in the exchange suggests their support weakens; if anything, they push back confidently against skepticism, indicating a positive stance after the conversation.""}"
ubi_397,"{""stance"":""neutral"",""reasoning"":""The target user’s own views are only referenced indirectly through the other user’s reply (inflation concerns and worries about labor shortages in essential/“dirty” jobs). The response acknowledges these as valid concerns and frames them as manageable trade-offs with careful design, but we never see the target user accept, reject, or update their position. With no explicit indication that the target user becomes more supportive or more opposed after this exchange, the best prediction is that they remain undecided/neutral.""}"
ubi_400,"{""stance"":""neutral"",""reasoning"":""The target user challenges a key anti-UBI cost argument by pointing out that taxes would recoup some of the payout, showing openness to UBI and skepticism of simplistic ‘$4T cost’ claims. However, they don’t explicitly endorse UBI, and the reply they receive emphasizes implementation difficulties and tradeoffs (taxing the benefit reduces take-home pay or requires higher taxes elsewhere), which could temper enthusiasm. Overall, the exchange suggests curiosity and mild receptiveness but not a clear pro- or anti-UBI commitment.""}"
ubi_406,"{""stance"":""negative"",""reasoning"":""The target user argues that a UBI (at least in the form that replaces other welfare programs) will “never” happen because ending existing programs would provoke backlash and, even if implemented, new programs would inevitably be added over time. This reflects strong skepticism and opposition to UBI’s feasibility and political sustainability, with no indication the follow-up response changed their view.""}"
ubi_407,"{""stance"":""negative"",""reasoning"":""The target user argues that a basic income will never happen because it would require ending other welfare programs, which they believe is politically impossible and would inevitably lead to renewed program expansion (‘program creep’). This reflects a strongly pessimistic, dismissive view of UBI’s feasibility and sustainability, and nothing in the conversation indicates their stance softened afterward.""}"
ubi_410,"{""stance"":""negative"",""reasoning"":""The target user repeatedly rejects a core pro-UBI argument (that it meaningfully enables entrepreneurship), calling it “ridiculous,” “nuttery,” and saying $1k/month is “literally nothing” for starting a “real business.” They argue it would mainly subsidize hobbies/scams rather than create viable firms, and they dismiss the idea that marginal support would materially change entrepreneurial outcomes. While they express support for nationalized healthcare, their tone and continued pushback through the end indicate the conversation entrenched their skepticism toward UBI rather than moving them toward support.""}"
ubi_413,"{""stance"":""positive"",""reasoning"":""The target user argues that some paid jobs (e.g., a barista) can be net-negative when environmental costs are included, and that an unemployed person at home could be ‘more productive’ in climate terms. This framing aligns with a key pro-UBI rationale: enabling people to opt out of socially/environmentally harmful or low-value work. The final message explicitly connects their view to a pro-UBI argument, and nothing from the target user pushes back against that connection, so their stance after the conversation is most likely positive.""}"
ubi_414,"{""stance"":""positive"",""reasoning"":""The target user explicitly entertains basic income as part of the solution, contrasting it favorably against “Econ 101” thinking and criticizing “jobs for jobs sake.” Their comments frame UBI as potentially necessary for a new economic era and align with the pro-UBI argument that forcing low-value work is inefficient and environmentally costly. The final reply from another user reinforces this framing, and nothing in the target user’s statements indicates rejection or skepticism of UBI—more an openness/endorsement—so their post-conversation stance is best predicted as positive.""}"
ubi_421,"{""stance"":""positive"",""reasoning"":""The target user strongly pushes back against anti-UBI claims, explicitly calls them misinformation, asserts that most legitimate sources predict no/negligible inflation, and argues that most economists support UBI. They then provide multiple sources (Mankiw, Rogoff, Forbes) to defend UBI. The exchange reinforces their pro-UBI position rather than softening it, so their stance after the conversation is positive.""}"
ubi_423,"{""stance"":""negative"",""reasoning"":""The target user repeatedly argues that universality is strictly worse than targeted aid, emphasizing that giving money to people who don’t need it diverts limited resources from those who do (e.g., poor children, single mothers). They dismiss key pro-UBI arguments like reduced stigma and administrative savings as naive or unsupported, and they challenge the idea of giving everyone—including the wealthy—any payment at all. Although another user later offers counterarguments (welfare cliff, simplicity, automaticity, clawback via taxes, child allowances), the transcript contains no indication the target user is persuaded; their expressed position remains strongly opposed to UBI as a universal program.""}"
ubi_424,"{""stance"":""positive"",""reasoning"":""The target user consistently defends UBI as preferable to targeted aid, emphasizing universality as essential (anti-stigma, avoids bureaucracy, avoids welfare traps, stable regardless of changing circumstances). They explicitly state they don’t care if wealthy people receive it, argue it would help the working poor who don’t qualify for current assistance, and present multiple personal and systemic reasons in favor. The other user’s final reply is respectful and raises alternatives (tapered benefits), but nothing indicates the target user was persuaded away from UBI; their last stated position remains strongly supportive.""}"
ubi_437,"{""stance"":""neutral"",""reasoning"":""The target user never speaks in the transcript, so there’s no direct evidence of their view on UBI. While the conversation includes a rebuttal to the inflation critique (arguing UBI need not expand the money supply if funded via taxes/reallocation), we can’t reliably infer that the target user is persuaded or opposed. With insufficient evidence of the target user’s post-conversation position, the safest prediction is neutral.""}"
ubi_438,"{""stance"":""neutral"",""reasoning"":""There is no direct statement from the target user about UBI in the provided transcript, and the conversation excerpt only shows another user discussing potential rent effects. Without any response or reaction from the target user, there isn’t enough evidence to infer whether they end up supportive or opposed, so the best prediction is neutral.""}"
ubi_439,"{""stance"":""neutral"",""reasoning"":""The target user doesn’t express a clear opinion for or against universal basic income itself. They focus on cost-of-living strategies (living cheaply on $8/hr, buying cheap desert land, using a trailer) rather than endorsing or opposing UBI. The other user notes UBI would go further in cheap areas but raises practical concerns; there’s no indication the target user accepts or rejects those points in a way that shifts them toward support or opposition. Overall, insufficient evidence of a positive or negative stance toward UBI.""}"
ubi_441,"{""stance"":""neutral"",""reasoning"":""The target user challenges an anti-UBI assumption by asking why decent money would become impossible and by probing the assumed UBI amount, signaling openness and skepticism toward blanket criticisms. However, they do not explicitly endorse UBI or argue for its benefits; they mainly seek clarification. With no clear statement of support or opposition after the exchange, the most justified prediction is neutral.""}"
ubi_444,"{""stance"":""positive"",""reasoning"":""The target user explicitly endorses combining a consumption (sales) tax with a guaranteed basic income to make the tax non-regressive, describing it favorably as a “tax rebate” rather than welfare and expressing agreement with the approach. Nothing in their replies indicates doubt or opposition to UBI; instead they frame UBI as a key mechanism to offset regressive effects and improve incentives, suggesting a supportive stance after the conversation.""}"
ubi_445,"{""stance"":""neutral"",""reasoning"":""The target user never appears in the transcript and provides no explicit opinion about universal basic income. The discussion presents mixed feasibility and funding arguments (high cost, possible tax approaches, regressivity of sales taxes, alternative land value tax), but there’s no evidence of how the target user reacts or is persuaded. With insufficient information about the target user’s views after the conversation, the safest prediction is neutral.""}"
ubi_449,"{""stance"":""positive"",""reasoning"":""The target user explicitly endorses combining a guaranteed basic income with a consumption (sales) tax to make the system non-regressive, describing it as a desirable way to offset taxes up to poverty-level spending and even suggesting rebranding it as a tax rebate. Their tone is approving and enthusiastic, indicating support for UBI as part of a broader tax reform.""}"
ubi_455,"{""stance"":""negative"",""reasoning"":""The target user frames UBI as likely to provoke backlash over ‘irresponsible’ spending, leading to demands for guidance and oversight that recreate the welfare-state bureaucracy UBI is supposed to eliminate. They reject proposed spending restrictions as undermining UBI’s core premise, and the exchange ends with their concern validated rather than challenged, reinforcing a skeptical/negative stance toward UBI’s practicality.""}"
ubi_457,"{""stance"":""positive"",""reasoning"":""The target user argues that UBI would reduce the need to live in expensive cities by decoupling jobs from location, and responds to the rent-inflation objection with an optimistic, proactive plan (buy land and build housing/infrastructure). Their comments treat UBI as enabling beneficial mobility and market correction rather than as a problem, and nothing in the exchange indicates they are persuaded into opposing it.""}"
ubi_459,"{""stance"":""neutral"",""reasoning"":""The target user never speaks in the transcript, so there’s no explicit evidence of their view. The only content presented is a balanced discussion emphasizing fiscal trade-offs and feasibility hurdles while acknowledging possible partial/basic-income variants and alternative funding. Without any reaction from the target user, the safest prediction is that their stance remains neutral after the conversation.""}"
ubi_465,"{""stance"":""negative"",""reasoning"":""The target user repeatedly frames UBI as flawed because cash will be misused by a non-trivial subset (especially parents with addictions), and they believe society would still have to maintain additional safety nets to prevent harm, so UBI wouldn’t replace existing programs. They also reject the premise that poverty is mainly a lack of money, emphasizing life/job skills instead, and explicitly prefers in-kind support over cash. The final reply from another user acknowledges the trade-off but doesn’t appear to move the target user toward supporting UBI, leaving them opposed to a cash-based UBI approach.""}"
ubi_466,"{""stance"":""negative"",""reasoning"":""The target user argues UBI’s “main issue” is that many recipients would spend it irresponsibly and still require food, healthcare, and shelter, meaning society would still need safety nets and bureaucratic oversight—undercutting UBI’s purpose. They also reject the premise that poverty is mainly a cash shortfall, emphasizing deficits in life and job skills that UBI wouldn’t fix. The other user offers a mild counterpoint (UBI as a stabilizing floor), but nothing indicates the target user is persuaded or softens their critique, so their stance remains negative after the exchange.""}"
ubi_470,"{""stance"":""positive"",""reasoning"":""The target user explicitly argues in favor of basic income as a superior replacement for the current welfare system, citing simplicity, fairness, reduced bureaucracy, elimination of the unemployment trap, and potential broader economic/political benefits. While they express uncertainty and some skepticism around universal healthcare, that skepticism is separate from UBI itself and does not undermine their clearly supportive framing of basic income. Nothing in the conversation suggests they became less favorable toward UBI afterward.""}"
ubi_473,"{""stance"":""positive"",""reasoning"":""The target user consistently argues in favor of basic income as an improvement over the current welfare system: they emphasize simplification, fairness/universality, lower administrative costs, eliminating the unemployment trap, reducing market distortions, and even potentially replacing minimum wage. When challenged on cost and political feasibility, they defend UBI’s potential cost advantages under replacement scenarios, stress transparency, and push back by questioning the sustainability of the current system and asking the skeptic to justify why UBI wouldn’t be workable. Although the final other-user message raises substantial concerns (funding gap, heterogeneous needs, political pressure to retain programs), the target user has not conceded or shifted; their posture remains pro-UBI with pragmatic caveats about implementation.""}"
ubi_474,"{""stance"":""positive"",""reasoning"":""The target user repeatedly argues in favor of testing and potentially adopting basic income, citing Mincome’s promising effects, pushing back against objections about experimentation and costs, and suggesting UBI could outperform current welfare spending. They frame opposition as ideological \""doomsday\"" speculation and explicitly say they see no reason it shouldn’t be tested again, implying an overall supportive (though empirically minded) stance.""}"
ubi_487,"{""stance"":""positive"",""reasoning"":""The target user explicitly states they are “all in favor of basic income ASAP” and reiterates support on pragmatic grounds: since some form of state handouts will persist, they prefer UBI as the most efficient, least bureaucratic, least controlling way to distribute aid. Nothing in the conversation indicates they were persuaded away from UBI; if anything, the later clarification about geolibertarianism and UBI as an efficient alternative reinforces their pro-UBI position despite their anti-tax framing.""}"
ubi_488,"{""stance"":""positive"",""reasoning"":""The target user explicitly states they are “all in favor of basic income ASAP” and repeatedly frames basic income as the preferable, more efficient alternative to existing welfare: fewer bureaucrats, less state control over spending decisions, and a pragmatic concession to political reality. While they oppose taxation in principle and express contempt for welfare recipients, those views don’t reduce their support for UBI; they motivate it as the least-bad/most efficient form of inevitable state handouts. The later discussion (about vulnerable/disabled people) aligns with their preference for direct unconditional transfers, reinforcing a pro-UBI stance rather than weakening it.""}"
ubi_491,"{""stance"":""negative"",""reasoning"":""The target user repeatedly and explicitly rejects UBI (“It isn’t”), argues it would not address basic concerns, and frames it as a dangerous mechanism for social control via dependency, suspensions, and garnishments. They expand on how a universal payment infrastructure would create a pervasive ‘control lever’ and be ripe for abuse. Nothing in the conversation indicates softening; even after the other user proposes legal safeguards, the target user has already emphasized inevitability of suspension mechanisms and mission creep, implying continued opposition.""}"
ubi_498,"{""stance"":""positive"",""reasoning"":""The target user is actively proposing a modified basic income/minimum income scheme and frames it as a way to implement basic income while addressing a key criticism (reduced work incentives). They do not reject UBI; instead they assume it’s desirable and focus on policy design to make it workable and politically defensible. The follow-up discussion reinforces their approach as thoughtful, likely further solidifying a favorable view rather than moving them toward opposition or neutrality.""}"
ubi_499,"{""stance"":""positive"",""reasoning"":""The target user is actively proposing a structured minimum-income/UBI-like scheme and explicitly frames it as a way to make a minimum income system work while preserving work incentives. They treat the policy as something to calibrate rather than reject, and the other user’s supportive reply (linking it to negative income tax and downplaying work-disincentive evidence) would likely reinforce that constructive, pro-implementation attitude rather than push them negative or neutral.""}"
ubi_527,"{""stance"":""negative"",""reasoning"":""The target user repeatedly frames UBI as a “magical fairy tale,” argues there is no feasible middle ground between helpful and affordable, and dismisses a concrete $12k/adult proposal as “unaffordable,” emphasizing the ~$2.8–$3T/year price tag and claiming “there’s no possible budget” for it. Even after the other user introduces common funding mechanisms (consolidating programs, VAT, tax clawbacks), there’s no indication the target user is persuaded or softens; their stance remains strongly skeptical/hostile to UBI’s feasibility.""}"
ubi_540,"{""stance"":""neutral"",""reasoning"":""The target user states they are open to considering basic income and is engaging in the discussion, but they emphasize needing a strong justification because it could significantly reduce their income. They push back against moral accusations and frame their stance as skepticism pending convincing evidence (“need a good reason,” “numbers,” “significant hit to my income”), without expressing support or outright opposition. The follow-up from the other user is conciliatory and may reduce defensiveness, but it doesn’t show the target user being persuaded toward supporting UBI—only remaining open and cautious. Therefore their post-conversation stance is best predicted as neutral.""}"
ubi_546,"{""stance"":""positive"",""reasoning"":""The target user explicitly endorses basic income multiple times, arguing it would let them and their wife pursue education faster, become less dependent on existing welfare, and ultimately contribute more to society. They defend UBI against criticisms about fairness and incentives, framing it as a better alternative to the current system that already redistributes via taxes and can create stagnation. The later skeptical reply introduces concerns but the target user does not concede or shift; their last statement reiterates that the opposing premise (‘stop giving support’) is unrealistic. Overall, the conversation reinforces their pro-UBI stance rather than moving them toward neutrality or opposition.""}"
ubi_548,"{""stance"":""negative"",""reasoning"":""The target user repeatedly argues that UBI would create strong work disincentives, reduce labor supply and production, and trigger inflation that erodes real wages, calling these issues a “fundamental point” against the pro-UBI claims. They also reject the premise that automation will cause lasting job loss and instead see automation as lowering prices and enabling shorter work weeks without needing UBI. Although the other user offers counterarguments (subsistence-level UBI, tax-funded not money-printed, limited labor-hour reductions in trials), there is no indication the target user is persuaded or softens their view; their last contribution continues to frame automation as a positive that obviates UBI. بنابراین their stance after the conversation remains negative.""}"
ubi_559,"{""stance"":""negative"",""reasoning"":""The target user consistently argues against UBI, emphasizing that it requires higher taxes that raise business costs and slow growth, that redistribution has no stimulative effect (“no free lunch,” “taken from Peter to pay Paul”), and that shifting money from wealthy investors to consumers is “a bad policy.” They cite Sweden’s experience with high taxes and defend investment/infrastructure multipliers over consumption. Nothing in the conversation indicates they were persuaded otherwise, so their stance remains negative after the exchange.""}"
ubi_566,"{""stance"":""negative"",""reasoning"":""The target user argues that without the pressure of needing income, people won’t do unpleasant but necessary jobs unless wages rise substantially, which they believe would make a country uncompetitive and “ruin their economy.” Their comments are consistently critical and dismissive of key pro-UBI assumptions (e.g., robots replacing labor, people doing dirty work voluntarily). The other user offers a counterpoint about automation and innovation, but the target user does not show any sign of being persuaded or softening their view, so their stance remains negative after the conversation.""}"
ubi_567,"{""stance"":""positive"",""reasoning"":""The target user frames the 22% support as a meaningful achievement, emphasizes growth from earlier polling, and calls the increased coverage and awareness of basic income a “HUGE step forward,” indicating clear enthusiasm and support for universal basic income rather than skepticism or neutrality.""}"
ubi_568,"{""stance"":""positive"",""reasoning"":""The target user frames the 22% support as encouraging progress, emphasizes growth in polling support over time, and calls the increased coverage and awareness of basic income a \""HUGE step forward.\"" Their comments indicate optimism and advocacy for the idea rather than skepticism or neutrality, and the other user's supportive reply reinforces that positive outlook.""}"
ubi_572,"{""stance"":""negative"",""reasoning"":""The target user argues that UBI would cause inflation via wage increases needed to entice people to work, explicitly rejecting the idea that prices wouldn’t rise. They also state they would quit low-wage jobs (janitor/fast food) if given a basic income, reinforcing their belief that UBI reduces labor supply and forces wage-push inflation. The final reply from another user is exploratory and does not show the target user shifting; there’s no indication they became more favorable, so their stance remains negative.""}"
ubi_574,"{""stance"":""negative"",""reasoning"":""The target user argues that UBI would force wages up and therefore raise prices broadly, explicitly concluding it would cause inflation and make goods/services more expensive. They do not express any openness to UBI benefits, and the follow-up reply only partially challenges their view without eliciting any change from them. So their post-conversation stance remains negative.""}"
ubi_578,"{""stance"":""positive"",""reasoning"":""The target user is critical of being satisfied with mere awareness and pushes for more effective persuasion, implying they support UBI and want campaigns to do better at winning majority approval. Their comments focus on strategy and learning from mistakes rather than rejecting UBI’s goals or feasibility, indicating a generally favorable stance.""}"
ubi_579,"{""stance"":""positive"",""reasoning"":""The target user expresses conditional support for implementing a basic income, advocating that it should be introduced gradually and initially set below (or at most equal to) the poverty line (“Baby steps”). This indicates acceptance of the UBI concept but with cautious parameters rather than opposition. The reply from another user reinforces this incremental approach as reasonable, which would likely maintain or slightly strengthen the target user’s supportive stance rather than shift it negative.""}"
ubi_581,"{""stance"":""negative"",""reasoning"":""The target user repeatedly frames UBI as a bad idea and interprets the Swiss referendum as strong evidence against it (“overwhelmingly rejected,” “even more unlikely to succeed”). They also characterize UBI’s “real driver” as “money for nothing” and argue existing European welfare already covers the legitimate purposes. The final reply from another user offers a more nuanced defense, but the target user provides no sign of being persuaded or softening their view, so their post-conversation stance remains negative.""}"
ubi_584,"{""stance"":""neutral"",""reasoning"":""The target user never speaks in the transcript, so there’s no direct evidence of their view on UBI or any reaction to the pro-UBI arguments presented. While the other user makes a positive case for UBI (social value, motivation research), we can’t reliably infer that it changed or revealed the target user’s stance. With insufficient evidence, the best prediction is neutral.""}"
ubi_590,"{""stance"":""positive"",""reasoning"":""The target user strongly endorses UBI, stating funding feasibility is \""unequivocally\"" solvable and framing obstacles as political rather than economic. They rebut inflation/housing concerns with confidence, citing census housing supply data and arguing any rent inflation wouldn’t undermine UBI’s purpose. Their tone is assertive and persuasive, indicating a clearly positive stance after the exchange.""}"
ubi_595,"{""stance"":""positive"",""reasoning"":""The target user explicitly supports a form of UBI (they call it “Universal Social Security”), repeatedly arguing it would mitigate negative economic effects, reduce poverty, soften/eliminate welfare cliffs, and allow restructuring/streamlining of existing welfare programs while preserving or improving support. They provide a detailed funding and implementation model and defend its feasibility, indicating strong endorsement rather than neutrality. The conversation ends with the other user validating the proposal, which would reinforce rather than weaken the target user’s pro-UBI stance.""}"
ubi_596,"{""stance"":""positive"",""reasoning"":""The target user not only defends universal basic income conceptually but outlines their own detailed proposal (rebranding it as a “Citizen’s Dividend” / “Universal Social Security”), argues it would stabilize the middle class and support the poor, and discusses implementation via the Social Security Administration. While they characterize UBI as capitalist and driven by market pressures, they present that as an explanatory framing rather than a criticism, indicating overall support rather than neutrality or opposition.""}"
ubi_598,"{""stance"":""neutral"",""reasoning"":""The target user only characterizes UBI as “a capitalist approach to solving welfare issues,” which is more a framing than an endorsement or rejection. They don’t express approval, concern, or opposition, and there’s no follow-up indicating they were persuaded by the other user’s pro-UBI arguments. With insufficient evidence of a positive or negative attitude, the most likely stance remains neutral.""}"
ubi_601,"{""stance"":""positive"",""reasoning"":""The target user defends basic income against the 'communism' label by citing prominent conservative economists (Milton Friedman and Friedrich Hayek) as supporters. This is an affirmative argument meant to legitimize and promote basic income, indicating a favorable stance rather than neutrality or opposition.""}"
ubi_602,"{""stance"":""positive"",""reasoning"":""The target user repeatedly defends basic income against the “communism” label, argues it is compatible with (and even an enhancement/refinement of) capitalism, and treats it as a streamlined version of existing tax-and-transfer policy rather than a radical threat. They do not express concerns about UBI itself; their framing is largely supportive/normalizing, implying a favorable stance after the exchange.""}"
ubi_605,"{""stance"":""positive"",""reasoning"":""The target user explicitly argues in favor of a basic income as a way to reduce despair and provide financial security, framing UBI as something people can plan around to escape dead-end situations that contribute to destructive drug use. They rebut criticisms about affordability and housing by emphasizing that $1,000/month increases security and suggesting regional adjustment. Nothing in the conversation indicates them becoming less supportive; if anything, the final other-user message reinforces their pro-UBI framing.""}"
ubi_606,"{""stance"":""positive"",""reasoning"":""The target user explicitly argues in favor of UBI as a tool to reduce despair and financial insecurity, framing it as something people can plan around to improve their lives and potentially reduce harmful drug outcomes. They defend UBI against critiques (cost of pills/housing) and emphasize it provides greater security and access to necessities. Nothing in the exchange suggests they became less favorable afterward; if anything, they remain strongly supportive.""}"
ubi_608,"{""stance"":""neutral"",""reasoning"":""The target user repeatedly expresses strong opposition to Georgist land value taxation and to coupling UBI with a system they see as making the government a perpetual landlord, potentially harming homeowners, farmers, and the middle class. However, they do not reject universal basic income itself; in fact, they explicitly reference a “UBI society” and suggest wages would be voluntary under UBI, implying some openness to UBI as a concept. Their criticism is mainly about the Georgist implementation/direction for UBI rather than UBI outright. The final reply offers mitigations (deferrals, net gains for average homeowners), but there’s no indication the target user is persuaded. Net effect: not enough evidence they end up pro- or anti-UBI overall, so neutral.""}"
ubi_613,"{""stance"":""neutral"",""reasoning"":""The target user is strongly negative toward Georgism and land value taxation, repeatedly framing it as unfair, regressive, and akin to perpetual rent to the government. Universal basic income only appears late as a proposed mitigation (a floor to help cover LVT for modest landholders), and the target user does not endorse or reject UBI directly in response. Since their comments don’t express an explicit stance on UBI itself—and their main concerns are about LVT’s fairness rather than UBI’s merits—the best prediction is that their post-conversation stance toward UBI remains neutral.""}"
ubi_614,"{""stance"":""positive"",""reasoning"":""The target user explicitly endorses the idea of giving people a basic income (“If we're going to give people a basic income...”), and frames UBI as sensible policy, with the main dispute being about how to fund it (preferring income/ability-to-pay taxation over land value taxes). Nothing in the conversation indicates they became less supportive of UBI; the pushback they receives is about LVT/Georgism, not about UBI itself. So their post-conversation stance toward UBI remains positive.""}"
ubi_640,"{""stance"":""neutral"",""reasoning"":""The target user is not opposed to UBI in principle, but rejects framing it as a basic/natural right when it is funded by taking from others’ labor (taxation/redistribution). They explicitly say they can support basic income as a “necessary evil” or better-than-current-system policy, and would support it as a right only in a fully automated economy. The conversation does not move them off that position—if anything they reaffirm it—so their stance remains conditional/mixed rather than clearly positive or negative overall.""}"
ubi_644,"{""stance"":""positive"",""reasoning"":""The target user advocates for a future of “100% unemployment” via a political cyberparty, implying a post-labor society enabled by automation. In context, that vision requires decoupling income/survival from work, which aligns strongly with the rationale for universal basic income. The follow-up explicitly connects their idea to UBI as a “fundamental requirement,” and there is no pushback from the target user, so their stance after the exchange is best predicted as positive.""}"
ubi_646,"{""stance"":""positive"",""reasoning"":""The target user consistently argues in favor of basic income as a democratic and social good: it would free time for civic engagement, enable broader political participation, and create backlash capacity against anti-democratic moves. They explicitly dismiss concerns about idleness, saying they see no problem with an idle population and citing research that most people will remain productive, just in different arrangements. They also frame UBI as increasingly necessary as standard jobs disappear and as automation and shared technological heritage drive productivity. Nothing in the exchange indicates their support weakened; if anything, they defend UBI against productivity/risk objections and reaffirm its rationale, so their post-conversation stance remains strongly positive.""}"
ubi_647,"{""stance"":""positive"",""reasoning"":""The target user consistently argues in favor of basic income as a democratic and economic necessity: it would free time for political engagement, improve democracy, and they explicitly say they don’t see a problem with idleness. They justify UBI as grounded in automation, natural resources, and shared technological heritage, and they dismiss concerns about productivity and ‘risk’ as largely legal/moral narratives rather than real production inputs. Nothing in the exchange indicates their support weakens; if anything, they further elaborate and defend pro-UBI reasoning, so their post-conversation stance remains strongly positive.""}"
