conv_id,template_id,response
ubi_0,0,"{""stance"":""positive"",""reasoning"":""The target user explicitly says they’ve changed their perception and no longer believes prices would universally rise with UBI, agrees it would be a “great safety net for people in poverty,” and engages constructively on mitigating rent increases (asking about land value tax and improvements) rather than rejecting UBI. Their remaining concern is implementation around housing costs, not opposition to UBI itself.""}"
ubi_1,0,"{""stance"":""positive"",""reasoning"":""The target user explicitly says they used to believe UBI would broadly raise prices but has changed their perception, arguing competition would prevent universal price increases. They acknowledge some risk of increases in less competitive/regulated necessities (rent, cable/internet) but still defend UBI’s feasibility overall, indicating a generally favorable stance after the conversation.""}"
ubi_3,1,"{""stance"":""positive"",""reasoning"":""The target user repeatedly argues that large-scale automation/AI job displacement is a serious, plausible risk and that society should proactively “experiment with safety nets” like UBI. They defend Andrew Yang’s Freedom Dividend as an important experiment, say humanity needs to start testing universal basic incomes at larger scale, and even suggest UBI may need to be higher in the future. Despite acknowledging possible flaws/cost, their overall posture is strongly supportive of implementing and expanding UBI trials rather than opposing it.""}"
ubi_5,3,"{""stance"":""positive"",""reasoning"":""The target user defends the idea of giving people money unconditionally, arguing misuse should be handled through existing institutions (school/CPS/criminal justice) rather than restricting payments. They explicitly frame receiving the money as a right (“they’ll still get money as is their right as an American”), indicating support for universal/basic cash payments despite potential abuse.""}"
ubi_6,1,"{""stance"":""neutral"",""reasoning"":""The target user never speaks in the transcript, so there is no direct evidence of their beliefs about UBI or how (or whether) the arguments affected them. While the conversation contains both strong anti-UBI and pro-UBI points, we cannot reliably infer which side the target user would accept. With insufficient evidence of the target user’s post-conversation position, the safest prediction is neutral.""}"
ubi_7,9,"{""stance"":""neutral"",""reasoning"":""The target user’s only contribution is a technical confirmation about how a Negative Income Tax (a UBI-adjacent policy) would phase out benefits as earnings rise. They do not express approval, disapproval, or any value judgment about UBI itself, nor do they react to the pro-UBI arguments or feasibility criticisms in a way that signals persuasion. With no explicit stance and only procedural clarification, the best prediction is neutral.""}"
ubi_8,0,"{""stance"":""positive"",""reasoning"":""The target user strongly challenges the claim that welfare inherently erodes responsibility, saying it “needs defending,” and argues that people are “better able to be personally responsible in a robust welfare state.” They also frame current policy as failing to reduce dependency and link market conditions to declining self-sufficiency. This aligns with pro-UBI reasoning (a guaranteed floor enabling responsibility), and nothing in the exchange suggests they were persuaded away from that view.""}"
ubi_9,1,"{""stance"":""positive"",""reasoning"":""The target user directly defends UBI against collapse and work-disincentive criticisms, arguing collapse is unlikely and that people will still work for prestige, higher consumption via wages, and fulfillment. Nothing in the exchange suggests they were persuaded away from UBI; they maintain a pro-UBI rationale even after the other user’s skeptical meme.""}"
ubi_10,1,"{""stance"":""negative"",""reasoning"":""The target user explicitly rejects UBI repeatedly, calling it politically impossible, fiscally unsustainable (~$2T/year), and worse than targeted entitlements. They argue it would either be too low to help or high enough to distort labor markets, would undermine disability/needs-based programs, and would trigger inflationary/ever-increasing demands. In the follow-up, they also dismiss the automation rationale for UBI, insisting workers can retrain and that technological disruption is not new. Nothing in the conversation indicates they softened; they doubled down against automation-based arguments, so their stance remains negative.""}"
ubi_11,4,"{""stance"":""negative"",""reasoning"":""The target user repeatedly argues UBI is politically and fiscally impossible at the proposed scale (~$2T), less sustainable than targeted entitlements, and would either be too low to help or high enough to distort labor markets and drive inflationary pressure. They reject means-testing as no longer ‘universal,’ dismiss claims it can coexist with existing welfare as economically unsustainable, and maintain that only small, resource-rich states can fund anything similar. The conversation does not soften these views; they push back more strongly after the other user’s pro-UBI replies.""}"
ubi_12,9,"{""stance"":""negative"",""reasoning"":""The target user repeatedly argues UBI is fiscally impossible at the proposed scale (~$2T), politically infeasible, and less sustainable than targeted entitlements. They reject means-testing as no longer being “universal,” dispute claims of replacing/stacking with existing programs, predict inflationary/ratcheting pressures over time, and cite resource-rich small states as the only viable cases. The other user’s counterarguments do not soften their position; the target user responds by doubling down on cost and sustainability concerns.""}"
ubi_15,1,"{""stance"":""positive"",""reasoning"":""The target user repeatedly defends UBI against cost, sustainability, and work-disincentive critiques, arguing it would be broadly supported, can be means-tested, can coexist with other welfare programs, should track inflation, and is sustainable if funded by cutting other spending (e.g., defense). They also emphasize expected benefits like improved quality of life, higher wages, and reduced stress. Nothing in the exchange suggests their support decreases; if anything, they reinforce a pro-UBI position.""}"
ubi_16,1,"{""stance"":""positive"",""reasoning"":""The target user repeatedly defends UBI against criticisms, arguing it can be means-tested, run alongside other welfare programs, be adjusted for inflation and cost of living, and be funded by cutting waste (e.g., defense). They explicitly call it sustainable and say it will improve quality of life, wages, and reduce stress, indicating a clearly favorable stance after the conversation.""}"
ubi_18,1,"{""stance"":""negative"",""reasoning"":""The target user challenges core pro-UBI arguments by rejecting means-testing as incompatible with UBI and emphasizing the fiscal infeasibility: they calculate a poverty-level UBI would cost about $2.3T/year (~14% of GDP and ~72% of 2016 federal revenues). Their tone is dismissive of claims it could be funded by trimming 'wasted billions,' indicating strong skepticism and opposition after the exchange.""}"
ubi_20,0,"{""stance"":""positive"",""reasoning"":""The target user strongly defends UBI (specifically Yang’s Freedom Dividend) throughout the conversation, rebutting objections about VAT burden, inflation-adjustment, dependence on corporations/government, and fairness to high-need groups. They provide detailed funding arguments, cite sources, and frame UBI as increasing freedom and reducing exploitation (“No more exploitation!”, “actual freedom to choose”). Nothing in the exchange appears to weaken their support; if anything, they double down with more calculations and policy details.""}"
ubi_21,1,"{""stance"":""positive"",""reasoning"":""The target user defends Yang’s UBI-style proposal against a criticism (that single parents would be harmed) by pointing out a separate policy designed to address that gap and provides a supporting link. This indicates they are sympathetic to and supportive of UBI (at least Yang’s version) rather than skeptical or opposed, and nothing in their comments suggests they were persuaded by the negative arguments in the thread.""}"
ubi_22,4,"{""stance"":""neutral"",""reasoning"":""There are no messages from the [TARGET USER] in the transcript—only an image posted by another user implying a pro-UBI sentiment. Without any explicit statement, reaction, or engagement from the target user, there isn’t enough evidence to infer the target user’s attitude or any change in stance, so the safest prediction is neutral.""}"
ubi_24,1,"{""stance"":""neutral"",""reasoning"":""The transcript contains only other users presenting pro-UBI arguments and a supportive meme; the target user never speaks or signals agreement/disagreement. With no explicit reaction from the target user and no evidence of persuasion effect, their post-conversation stance can’t be inferred beyond neutral.""}"
ubi_25,9,"{""stance"":""positive"",""reasoning"":""The target user explicitly defends UBI against the claim that it incentivizes non-work, arguing that unlike means-tested welfare it removes the productivity disincentive, provides a safety net, and preserves incentives to earn more. Their comments frame UBI as a better alternative to welfare bureaucracy and as enabling productive activity, indicating a supportive stance after the conversation.""}"
ubi_27,0,"{""stance"":""neutral"",""reasoning"":""The target user never speaks in the transcript, so there’s no explicit indication of their view on UBI or how they react to the pro-UBI meme. With no evidence of agreement, disagreement, or engagement, their stance can’t be inferred beyond neutral.""}"
ubi_28,0,"{""stance"":""neutral"",""reasoning"":""The target user never speaks in the transcript, so there’s no explicit indication of their view on UBI. While the conversation includes strong pro-UBI arguments and a rebuttal (via a meme) to the ‘welfare queens’ concern, there’s no evidence of how the target user reacts or whether their stance changes. With insufficient direct signals, the best prediction is neutral.""}"
ubi_29,0,"{""stance"":""neutral"",""reasoning"":""The target user never speaks in the transcript, so there’s no explicit indication of their view. The conversation contains mixed cues (one user argues UBI would have negative work/operations effects, while an image implies UBI enables freedom/innovation), but there’s no evidence how the target user is persuaded. With insufficient information about the target user’s reaction, the safest prediction is neutral.""}"
ubi_30,9,"{""stance"":""neutral"",""reasoning"":""The target user never speaks in the provided transcript, so there’s no explicit indication of their attitude toward universal basic income. While the shared comic frames UBI as a proposed solution to AI-driven job loss and poverty, there’s no evidence the target user endorses or rejects that framing or is influenced by it. With insufficient information about the target user’s reaction, their stance is best classified as neutral.""}"
ubi_32,9,"{""stance"":""positive"",""reasoning"":""The target user explicitly argues in favor of universal basic income, especially via a negative income tax, listing multiple benefits (simplifying welfare/tax code, reducing poverty traps, improving incentives and labor-market functioning, supporting intrinsic motivation, counter-cyclical demand) and dismissing the claim that it would cause mass refusal to work. They also express a clear normative preference for eliminating homelessness and hunger, and they defend funding feasibility through welfare/tax expenditure reductions and progressive taxation. Nothing in the conversation indicates they became less supportive afterward.""}"
ubi_35,0,"{""stance"":""positive"",""reasoning"":""The target user explicitly argues in favor of basic income/negative income tax, calling it non-fringe and “optimal,” listing multiple advantages (simplifying welfare/taxes, reducing poverty traps, improving incentives and labor-market outcomes, supporting intrinsic motivation, counter-cyclical demand), and dismissing the claim it would cause mass refusal to work. They end by expressing a desire for a society without homelessness and hunger, consistent with strong support. The other user’s meme reinforces rather than challenges this view, so their stance remains positive after the conversation.""}"
ubi_37,4,"{""stance"":""positive"",""reasoning"":""The target user strongly endorses universal basic income—especially via a negative income tax—calling it non-fringe, outlining multiple benefits (simplifying welfare/taxes, reducing poverty traps, improving incentives and labor-market adjustment, supporting demand, and reducing homelessness/hunger), and explicitly arguing against the common objection that it would cause mass refusal to work. Nothing in the brief reply from the other user challenges these views, so the user’s stance remains clearly positive after the conversation.""}"
ubi_39,4,"{""stance"":""neutral"",""reasoning"":""The transcript contains only an image/meme and no explicit statements from the [TARGET USER] about UBI. Without any text showing the target user’s reaction, agreement, disagreement, or how the discussion influenced them, there isn’t enough evidence to infer a positive or negative stance shift. Therefore the safest prediction is neutral.""}"
ubi_40,9,"{""stance"":""negative"",""reasoning"":""The target user repeatedly attacks UBI-related analysis as ignorant and dangerous, calls UBI a \""deeply problematic meme,\"" and argues it would centralize control of citizens’ sustenance in a single bureaucratic entity prone to political abuse. Their tone is strongly hostile and dismissive throughout, with no indication of softening after the discussion, so their post-conversation stance remains clearly negative.""}"
ubi_43,4,"{""stance"":""positive"",""reasoning"":""The target user repeatedly defends UBI as a serious, economically grounded policy, citing broad economist support (including Friedman), arguing it is more efficient than existing welfare/minimum-wage systems, useful for Keynesian stimulus, and a check on wealth concentration. They dismiss objections about laziness and runaway political demands as unrealistic and provide additional economic rationale (not full employment; consumption preferences exceed a basic stipend). Their tone is combative but consistently pro-UBI, and nothing in the exchange suggests their stance becomes more skeptical afterward.""}"
ubi_45,1,"{""stance"":""positive"",""reasoning"":""The target user repeatedly clarifies and defends UBI against common objections (people won’t work; people will claim luxuries as necessities), explaining it as a modest cash transfer around the poverty line and implying it wouldn’t remove incentives to work for higher living standards. Their comments are corrective and supportive rather than skeptical, indicating a generally favorable stance after the exchange.""}"
ubi_46,0,"{""stance"":""neutral"",""reasoning"":""The transcript contains only other users advocating for UBI/negative income tax and a pro-UBI meme. The target user never speaks, so there’s no explicit evidence of their view or any reaction showing persuasion. With insufficient information about the target user’s stance after the conversation, the best prediction is neutral.""}"
ubi_47,0,"{""stance"":""neutral"",""reasoning"":""The target user’s only comment is a sarcastic challenge about UBI being limited to adults and potentially neglecting children. That reads as a critique of that specific design detail rather than a clear rejection of UBI overall. The reply they receive argues parents’ guaranteed income would cover children, but we don’t see the target user accept or reject that. With no explicit endorsement or opposition beyond the child-focused objection, the most supported classification is neutral.""}"
ubi_48,3,"{""stance"":""neutral"",""reasoning"":""The target user never speaks in the provided transcript, so there’s no explicit opinion or reaction to infer. The only content is another user posting a pro-UBI meme, but without any response from the target user there’s insufficient evidence that their stance shifted or what it is, so neutral is the safest prediction.""}"
ubi_50,3,"{""stance"":""positive"",""reasoning"":""The target user repeatedly defends basic income against criticisms, arguing it is not inherently socialist (citing Milton Friedman and libertarian advocacy), framing it as a simplification/replacement for existing welfare, and emphasizing its efficiency (“here’s money. Find a roof”). Even when acknowledging possible market distortions (e.g., rent increases), they respond with potential mitigations and still conclude recipients would be better able to afford housing/insurance. Overall their comments indicate supportive, pro-UBI sentiment after the conversation.""}"
ubi_51,1,"{""stance"":""neutral"",""reasoning"":""The transcript contains only other users presenting pro-UBI arguments and a supportive meme; the target user never speaks or indicates agreement/disagreement. With no explicit reaction from the target user and no evidence of how they were persuaded, their post-conversation stance can’t be inferred beyond neutral.""}"
ubi_52,9,"{""stance"":""neutral"",""reasoning"":""The target user repeatedly clarifies they are not advocating for or against UBI and that they haven’t analyzed it deeply enough to form a policy opinion. They approach it as exploratory arithmetic and even note their initial numbers suggest the approach is flawed and would need many tweaks to seem fair, which doesn’t signal support. The other user’s hostile anti-UBI arguments don’t appear to persuade the target user toward opposition; the target mainly objects to the anger and stays focused on the legitimacy of doing preliminary calculations. Overall, there’s insufficient evidence of a settled positive or negative stance after the conversation.""}"
ubi_54,0,"{""stance"":""neutral"",""reasoning"":""The transcript contains only other users advocating for UBI/NIT and a pro-UBI meme; the target user never speaks or reacts. With no explicit statements or observable response from the target user, there isn’t enough evidence to infer their stance changed or what it is, so the safest prediction is neutral.""}"
ubi_55,0,"{""stance"":""neutral"",""reasoning"":""The transcript contains only messages from other users advocating for basic income/negative income tax and a pro-UBI meme. There is no message from the [TARGET USER], so we have no direct evidence of their prior view or how they reacted to these arguments. Without any indication of agreement, disagreement, or engagement from the target user, the safest prediction is neutral.""}"
ubi_56,0,"{""stance"":""positive"",""reasoning"":""The target user argues in favor of implementing a basic income via a negative income tax, discussing concrete funding mechanisms (pairing NIT with regressive and progressive taxes, increased economic activity) and policy design (keeping a minimum wage to avoid it becoming a business subsidy). Their comments treat UBI/NIT as workable and desirable, indicating a supportive stance rather than skepticism or neutrality.""}"
ubi_57,1,"{""stance"":""positive"",""reasoning"":""The target user’s contributions strongly align with pro-UBI arguments: they cite historical/economist support, advocate implementing it as a negative income tax, emphasize simplifying welfare/tax systems, reducing poverty traps, improving long-term decision-making and labor-market flexibility, and argue evidence doesn’t show mass work refusal. The tone is explicitly supportive (“I’d like to live in a country without homelessness and hunger”) and they rebut common anti-UBI objections, indicating a firmly positive stance after the conversation.""}"
ubi_58,1,"{""stance"":""negative"",""reasoning"":""The target user expresses skepticism about UBI’s long-term benefits, arguing it would lead to more part-time work and reduced commitment to work, and says they do not see it having a positive outcome. Even after others counter with arguments about real-world trials and replacing minimum wage, the target user maintains they don’t think swapping minimum wage for a new basic income guarantee would be beneficial, indicating a continued negative stance.""}"
ubi_60,1,"{""stance"":""positive"",""reasoning"":""The target user explicitly highlights a “major benefit” of universal basic income—broad-based support because almost everyone benefits—and frames opposition as limited to the super-wealthy facing higher luxury taxes. This indicates endorsement of UBI’s political and distributive advantages rather than skepticism, so their stance after the conversation is positive.""}"
ubi_61,9,"{""stance"":""neutral"",""reasoning"":""The target user never speaks in the transcript, so there’s no direct evidence of their view on UBI or any reaction to the pro-UBI arguments and meme. Without any explicit statement or identifiable shift attributable to them, their post-conversation stance can’t be inferred beyond neutral.""}"
ubi_62,3,"{""stance"":""neutral"",""reasoning"":""The transcript contains only messages from other users advocating for UBI/negative income tax and rebutting objections, plus a meme. The target user never speaks, so there’s no explicit evidence of their view or any observable shift in response to the arguments. With no direct signal of agreement or disagreement from the target user, the safest prediction is neutral.""}"
ubi_64,9,"{""stance"":""positive"",""reasoning"":""The target user argues that with a low phase-out rate, most people would keep working, and frames this as solving the welfare/benefits trap by ensuring additional earnings still increase net income. They cite an NBER paper on negative income tax showing labor supply effects are not catastrophic, indicating they view UBI/NIT favorably and as a workable policy.""}"
ubi_65,0,"{""stance"":""neutral"",""reasoning"":""The transcript contains only messages from other users; the target user never speaks. While one participant offers pro-UBI reasoning (UBI increases worker leverage and could raise unpleasant-job wages) and another raises concerns, there’s no evidence of the target user’s prior view or any reaction/change. With no explicit statements or identifiable cues from the target user, the safest prediction is neutral.""}"
ubi_68,4,"{""stance"":""positive"",""reasoning"":""The target user repeatedly defends UBI against cost and feasibility critiques, argues it should exist (at least starting with children and with adjustments for parents/need), and contrasts it favorably with welfare by emphasizing that benefits shouldn’t disappear when someone starts doing well. Their tone is consistently pro-UBI and they reject objections as expected for “socialist policies,” indicating a supportive stance after the conversation.""}"
ubi_69,4,"{""stance"":""positive"",""reasoning"":""The target user actively defends UBI against cost and feasibility criticisms, arguing the recipient pool would be smaller than ‘everyone’ (e.g., starting with children, excluding some groups, adjusting for those who don’t need it) and pushing back on the idea that inflation/living-wage complaints are a decisive objection. Their comments indicate support for implementing UBI in some form rather than skepticism, and nothing in the conversation shows them being persuaded away from that position.""}"
ubi_70,1,"{""stance"":""positive"",""reasoning"":""The target user repeatedly defends UBI against criticisms: they challenge the cost estimate by arguing the eligible population would be smaller, they argue inflation/living-wage complaints are not a decisive objection, and they insist UBI has been tried (at smaller scales) while downplaying the ‘it ends so behavior differs’ critique. Their tone is argumentative and protective of the concept rather than skeptical, indicating a favorable stance after the exchange.""}"
ubi_71,9,"{""stance"":""positive"",""reasoning"":""The target user repeatedly defends UBI against concerns raised by others: they argue wages for undesirable/menial work would likely rise due to increased worker bargaining power, reject the idea that UBI implies additional safety nets for addicts/gamblers, and push back on the inflation/price-hike argument by noting businesses could absorb costs via reduced profit margins rather than automatically raising prices. Their tone is generally supportive and they treat UBI as a plausible replacement for minimum wage, with only mild openness to being wrong, indicating an overall favorable stance after the conversation.""}"
ubi_72,9,"{""stance"":""positive"",""reasoning"":""The target user defends the basic income proposal against concerns about wage suppression, arguing instead that UBI would increase workers’ leverage and likely push wages for undesirable jobs up because people wouldn’t need to accept bad pay to survive. They also dismiss the idea that UBI would require an additional safety net for addicts/gamblers. Their tone is supportive and they engage in refining how UBI affects job appeal and compensation, indicating an overall favorable stance after the conversation.""}"
ubi_74,0,"{""stance"":""positive"",""reasoning"":""The target user repeatedly defends the idea of a basic income, arguing it would let people live without being forced to take undesirable jobs and would likely push wages for unpleasant/low-skill work up rather than down. They also dismiss concerns about needing extra safety nets for addicts/gamblers. Overall their comments indicate a supportive view of UBI as empowering workers and improving labor-market bargaining power.""}"
ubi_75,3,"{""stance"":""positive"",""reasoning"":""The target user defends UBI against concerns raised, arguing it would increase workers’ bargaining power and likely push wages for undesirable/menial jobs up rather than down because people could refuse low pay. They also dismiss the idea that UBI would require additional safety nets for addicts/gamblers. Their tone is supportive and pro-UBI, with only mild openness to being wrong, so their post-conversation stance is best predicted as positive.""}"
ubi_78,9,"{""stance"":""positive"",""reasoning"":""The target user repeatedly defends UBI/Basic Income as improving workers’ bargaining power and likely raising (not lowering) wages for undesirable jobs because people wouldn’t be forced to work. They dismiss concerns about extra safety nets for addicts and, when confronted with inflation arguments, concede some price increases but argues they would not be significant relative to the benefits and that poor people would still be better off. Overall, their comments indicate a supportive stance after the conversation.""}"
ubi_80,1,"{""stance"":""neutral"",""reasoning"":""The target user never speaks in the transcript, so there is no explicit endorsement or rejection of universal basic income to anchor a stance change. The conversation presents concerns and a pro-UBI meme, but without any response from the target user, there isn’t enough evidence to infer how they were influenced. Therefore the best prediction is neutral.""}"
ubi_81,9,"{""stance"":""negative"",""reasoning"":""The target user repeatedly rejects the premise of a basic income, framing it as others asking him to pay for their lifestyle and as an unearned entitlement. He insists people must “earn a living,” stresses an obligation to be productive, and explicitly says those who refuse productivity and want a “free ride” deserve to “starve in the cold.” He defends inequality (“life ain't fucking fair”) and does not show any softening in response to automation arguments or the closing pro-UBI image, so his stance remains strongly opposed.""}"
ubi_82,4,"{""stance"":""positive"",""reasoning"":""The target user treats UBI and a negative income tax as largely equivalent and does not express objections to UBI; they imply UBI works well as support for the unemployed. The follow-up meme frames UBI favorably (universal, no-stigma, simple) versus NIT as complex and means-tested, which would likely nudge the target user toward a more favorable view of UBI rather than away from it.""}"
ubi_83,0,"{""stance"":""neutral"",""reasoning"":""The target user never speaks in the transcript, so there’s no explicit indication of their view on UBI or any reaction to the pro-UBI meme. With insufficient evidence of their prior stance or any change due to the conversation, the most reliable prediction is neutral.""}"
ubi_84,1,"{""stance"":""positive"",""reasoning"":""The target user argues that providing a basic income would cover basic needs, force employers to offer more attractive wages, and thereby reduce incentives for crime by making legitimate options less punishing. They explicitly defend the rationality of people in poverty and frame UBI as a way to change incentives and improve communities, indicating a supportive stance after the conversation.""}"
ubi_85,3,"{""stance"":""neutral"",""reasoning"":""The target user never states an opinion about universal basic income in the provided conversation. The only content is another user posting a meme implying society is veering toward UBI for financial security, but there is no response from the target user indicating agreement, disagreement, or a shift in attitude. With no explicit stance or reaction, the best prediction is neutral.""}"
ubi_87,3,"{""stance"":""neutral"",""reasoning"":""The transcript only shows an image posted by another user contrasting means-tested welfare traps with universal basic income. The target user does not speak or react, so there’s no explicit evidence of their opinion or any change in stance. With insufficient information about the target user’s views after the conversation, the best classification is neutral.""}"
ubi_89,9,"{""stance"":""negative"",""reasoning"":""The target user repeatedly argues that UBI hasn’t truly been tried in the relevant sense (permanent, lifelong payments), treats the temporary nature of trials as a major confound that undermines evidence, and expresses skepticism that proponents can address this. They also challenge the ‘universal’ framing (children vs adults, differing needs) and imply the policy wouldn’t be politically workable. The conversation ends with frustration rather than persuasion, suggesting their stance remains or becomes more negative.""}"
ubi_90,1,"{""stance"":""positive"",""reasoning"":""The target user consistently defends UBI against criticisms, emphasizing that unlike current welfare it doesn’t create perverse incentives because benefits aren’t withdrawn as earnings rise. They argue this would encourage work rather than laziness and challenge claims that many would stop working. Their comments indicate a favorable view of UBI’s design and effects, with no sign of being persuaded otherwise in the conversation.""}"
ubi_91,4,"{""stance"":""positive"",""reasoning"":""The target user endorses the core premise of UBI by defining it as “the minimum amount necessary to provide for your survival,” aligning with the pro-UBI framing in the conversation (preventing starvation, simplifying welfare). They do not express concerns about dependency or disincentives, and their contribution supports implementing UBI at a subsistence level, indicating a favorable stance.""}"
ubi_92,4,"{""stance"":""neutral"",""reasoning"":""The target user never states an opinion about universal basic income in the provided transcript, and there is no visible response from them showing agreement or disagreement with the pro-UBI meme. With no explicit stance or interaction indicating persuasion, the safest prediction is neutral.""}"
ubi_93,9,"{""stance"":""negative"",""reasoning"":""The target user repeatedly argues that UBI would trigger broad price inflation via increased demand and limited supply, likening it to historical hyperinflation cases (Weimar, Zimbabwe, Venezuela, Russia). They conclude they \""don't see how it might work well for anyone\"" and challenge attempts to distinguish redistribution from money printing, indicating a firmly skeptical/negative stance after the conversation.""}"
ubi_94,9,"{""stance"":""negative"",""reasoning"":""The target user argues that UBI would force businesses to raise prices, triggering broad inflation and a feedback loop where basic income must rise to keep up, further fueling inflation. They cite historical hyperinflation cases (Weimar Republic, Zimbabwe, Venezuela, Russia in the 90s) and insist that when people have more money prices ‘ALWAYS’ go up due to limited supply, concluding they don’t see how UBI could work well for anyone. The conversation does not appear to shift them away from this view.""}"
ubi_97,1,"{""stance"":""positive"",""reasoning"":""The target user repeatedly defends the concept of a basic income as a minimal safety net (“enough to get by on”), argues it is necessary to prevent mass homelessness amid automation-driven job loss, and frames opposition as ignoring declining social mobility and structural constraints. Their comments strongly endorse UBI-like policy for fairness and social stability, with no indication the conversation softened that support.""}"
ubi_98,0,"{""stance"":""positive"",""reasoning"":""The target user repeatedly and explicitly advocates for a basic income/UBI: they say they would rather have a minimum income to prevent homelessness, argue $15/hr is insufficient, and state that no one should be homeless even if unemployed. They also frame UBI as compatible with working and as “the best of both worlds” (socialism + capitalism), indicating a clearly favorable stance after the conversation.""}"
ubi_100,1,"{""stance"":""positive"",""reasoning"":""The target user repeatedly defends universal basic income, arguing it wouldn’t make people lazy, would primarily help the poor meet basic needs, and would likely be offset by taxes. They also cite personal experience with strong social benefits enabling entrepreneurship and job creation, framing UBI/social programs as an investment rather than a handout. Nothing in the exchange suggests they softened or reversed this support.""}"
ubi_101,9,"{""stance"":""positive"",""reasoning"":""The target user defends the idea of a basic income, directly challenges the claim that it makes people lazy, and argues that people can still be ambitious and successful with a guaranteed income (“a base income and still be a successful person”). Their comments frame UBI as enabling a better quality of life rather than discouraging work, indicating a supportive stance after the conversation.""}"
ubi_102,3,"{""stance"":""positive"",""reasoning"":""The target user pushes back against the anti-UBI framing that poor people would stop working without survival pressure, calling it a caricature and implicitly endorsing the idea that people remain rational actors even with an income floor. This aligns with common pro-UBI arguments and suggests a supportive stance after the exchange.""}"
ubi_103,3,"{""stance"":""neutral"",""reasoning"":""The target user never speaks in the transcript, so there’s no explicit evidence of their view on UBI or how (if at all) the other users’ concerns and the pro-UBI meme influenced them. With no direct statements or reactions from the target user, their post-conversation stance can’t be reliably inferred and is best classified as neutral.""}"
ubi_105,1,"{""stance"":""neutral"",""reasoning"":""The target user never speaks in the transcript, so there is no direct evidence of their view on universal basic income or any reaction to the arguments presented. While other users raise concerns and joke about overthinking versus economic boom, there’s nothing showing the target user being persuaded either way. With insufficient evidence of a shift or stated position, the safest prediction is neutral.""}"
ubi_106,1,"{""stance"":""neutral"",""reasoning"":""The target user never appears in the transcript and provides no statements or reactions about universal basic income. While the image shared by another user frames UBI positively (as giving everyone a floor to stand on versus a welfare trap), there’s no evidence of the target user engaging with it or being influenced. With insufficient information about the target user’s view after the conversation, the best prediction is neutral.""}"
ubi_107,4,"{""stance"":""positive"",""reasoning"":""The target user repeatedly argues in favor of universal basic income as a superior alternative to targeted programs like food stamps, emphasizing that targeting assumes central planners can set budgets well and leads back to a complex, special-interest-driven welfare system. They explicitly endorse UBI’s purpose as replacing existing welfare with a simpler system with fewer loopholes, and they push back against incremental expansion of current programs. Overall their comments indicate clear support for UBI rather than neutrality or opposition.""}"
ubi_108,0,"{""stance"":""neutral"",""reasoning"":""The target user repeatedly expresses concern that many people would choose not to work if given unconditional income, indicating skepticism toward UBI. However, they also criticize the current welfare system as “terrible” and explicitly invite explanation (“I’m all ears”), showing openness rather than a fixed rejection. The conversation ends without the target user conceding or endorsing UBI, so their post-conversation stance is best predicted as neutral (skeptical but not firmly negative).""}"
ubi_112,0,"{""stance"":""neutral"",""reasoning"":""The target user never speaks in the provided transcript, so there’s no explicit indication of their view. While the other user’s meme argues strongly in favor of UBI (simpler than welfare, avoids ‘deserving’ debates, ends poverty), there’s no evidence the target user agrees, disagrees, or is persuaded by it. With insufficient information about the target user’s reaction, the safest prediction is neutral.""}"
ubi_113,1,"{""stance"":""negative"",""reasoning"":""The target user repeatedly argues UBI is arithmetically unaffordable (citing trillions vs. revenue), mocks proposed funding mechanisms (fiat money, taxes), rejects the idea of raising taxes and redistributing as harmful to investment, and expresses frustration that the debate persists. Nothing in the conversation appears to persuade them; their responses become more dismissive and entrenched, indicating a negative stance after the exchange.""}"
ubi_114,3,"{""stance"":""positive"",""reasoning"":""The target user pushes back against affordability skepticism by citing basic income affordability studies and then actively argues in favor of UBI’s feasibility, claiming tax revenue could rise through “recycling” the income and that it’s a more efficient distribution mechanism without cutting essential services. This is advocacy rather than uncertainty, indicating a positive stance after the conversation.""}"
ubi_115,1,"{""stance"":""positive"",""reasoning"":""The target user actively defends UBI’s feasibility by linking to affordability studies, correcting a critic’s framing, proposing workable benefit levels (e.g., 15k) while preserving public services, and suggesting higher tax revenue as a way to fund it while keeping key benefits like reduced inequality. This indicates a supportive, pro-UBI stance after the conversation.""}"
ubi_116,4,"{""stance"":""positive"",""reasoning"":""The target user consistently defends UBI as an objective worth pursuing, arguing that cutting parts of the welfare state is part of the plan and that shortcomings can be addressed by raising the basic income and adjusting taxes or making more targeted cuts. They also push back against feasibility/democratic-support objections (suggesting even 60% support is workable and invoking the possibility of major political change), indicating an overall favorable stance rather than skepticism or opposition.""}"
ubi_117,3,"{""stance"":""positive"",""reasoning"":""The target user repeatedly defends UBI against cost objections, arguing that gross-cost calculations are misleading because taxes can be raised and “recycled,” so only the net transfer matters. They suggest UBI could end poverty with modest average net gains, view tax/flat-tax changes as potentially simplifying and saving administrative costs, and dismiss opponents as missing the key point. Despite some frustration in the exchange, their comments consistently support the feasibility and desirability of UBI rather than expressing doubt.""}"
ubi_119,4,"{""stance"":""positive"",""reasoning"":""The target user actively supports UBI by providing a detailed numerical analysis in defense of it when challenged, explains design choices to make it workable (maintaining median income, not taxing the grant, considering progressive taxation), and engages constructively on implementation details rather than rejecting the concept. Nothing in their replies indicates skepticism or retreat; instead they refine and extend pro-UBI arguments.""}"
ubi_121,1,"{""stance"":""neutral"",""reasoning"":""The target user reacts with cautious curiosity rather than endorsement or rejection. They note monetary-policy funding as an “interesting idea” but emphasize it would be a “HUGE experiment” and should be tried in a smaller country first, signaling skepticism about implementation risk without taking a clear pro- or anti-UBI position overall.""}"
ubi_122,4,"{""stance"":""neutral"",""reasoning"":""The target user expresses curiosity about a funding mechanism for UBI (“Interesting idea…”) but immediately frames it as a risky, large-scale experiment and prefers it be tried in a smaller country first. They do not endorse or reject UBI itself, only show cautious interest and skepticism about implementation, so their overall stance remains neutral.""}"
ubi_123,3,"{""stance"":""neutral"",""reasoning"":""The target user never speaks in the transcript, so there’s no direct evidence of their opinion or any shift in attitude. While other participants express interest in and some support for guaranteed minimum income/UBI, we can’t reliably infer that the target user adopts that stance from the conversation alone.""}"
ubi_124,9,"{""stance"":""neutral"",""reasoning"":""The target user engages with UBI by sharing cost calculations and discussing feasibility, but does not express clear support or opposition to the policy itself. Their main point is skepticism about a specific high ($20k) UBI figure being realistic, not a rejection of UBI overall. The brief exchange (a meme) doesn’t provide evidence of their stance shifting in either direction, so their overall attitude remains best classified as neutral.""}"
ubi_125,4,"{""stance"":""neutral"",""reasoning"":""The target user never speaks in the transcript, so there’s no explicit indication of their view on universal basic income or any reaction to others’ pro-UBI framing (marketing/PR and the meme suggesting UBI enables innovation). Without any statements from the target user, there isn’t enough evidence to infer a positive or negative stance change; neutral is the safest prediction.""}"
ubi_126,3,"{""stance"":""neutral"",""reasoning"":""The target user never speaks in the transcript, so there is no explicit indication of their opinion on universal basic income. The only content is an image posted by another user that portrays UBI positively (as ‘financial security for all’ versus ‘living paycheck to paycheck’), but without any response from the target user, there isn’t enough evidence to infer that they adopt that stance or that their view changes. Therefore the safest prediction is neutral.""}"
ubi_128,1,"{""stance"":""neutral"",""reasoning"":""The target user never speaks in the transcript, so there’s no direct evidence of their view on UBI or any reaction to the arguments presented. While other participants raise critiques of typical UBI proposals and favor a negative income tax instead, we can’t reliably infer the target user adopted those views. With insufficient evidence of the target user’s stance or change, the best prediction is neutral.""}"
ubi_129,3,"{""stance"":""neutral"",""reasoning"":""The target user never speaks in the transcript, so there is no direct evidence of their opinion shifting. While several participants argue in favor of UBI and cite experiments, without any response from the target user indicating agreement or disagreement, the safest prediction is that their stance remains indeterminate/neutral after the conversation.""}"
ubi_130,1,"{""stance"":""neutral"",""reasoning"":""The target user reacts strongly against the idea of UBI accruing during long prison sentences and being paid out on release, calling it an unacceptable 'gift' and a political nonstarter. However, they also say this is 'about the only exception' they can think of and suggest limited carve-outs (e.g., court-ordered treatment payments), implying they are not broadly opposed to UBI itself—just to specific eligibility/payout rules. Overall this reads as conditional/mixed rather than clearly pro- or anti-UBI.""}"
ubi_131,4,"{""stance"":""neutral"",""reasoning"":""The target user is open to UBI in principle if it replaces existing welfare programs, even saying they \""might actually like it better\"" and that it \""sounds better in theory.\"" However, throughout the conversation they focus on perceived perverse incentives around children/family benefits and conclude they’re \""convinced it will run into its own sets of problems.\"" That mix of conditional approval and substantial skepticism indicates neither clear support nor outright opposition overall.""}"
ubi_132,4,"{""stance"":""negative"",""reasoning"":""The target user repeatedly emphasizes that UBI and a negative income tax are not equivalent in functionality, accuses UBI proponents of dishonestly invoking Friedman, and argues that apples-to-apples comparisons show materially different outcomes. They never express support for UBI’s goals or merits; instead their tone is dismissive and critical of UBI framing, suggesting an overall negative stance after the exchange.""}"
ubi_134,1,"{""stance"":""negative"",""reasoning"":""The target user repeatedly challenges pro-UBI arguments (questioning the claimed multiplier effects and pointing out that current administrative spending also circulates money), expresses strong skepticism about UBI’s economic benefits, and doubts recipients would use the money responsibly (e.g., homeless alcoholics spending on liquor). Their tone and content indicate an overall unfavorable view after the discussion.""}"
ubi_135,3,"{""stance"":""negative"",""reasoning"":""The target user responds skeptically (“Sooooo what’s the point?”) and argues against UBI’s universality compared to means-tested programs, expressing concern that giving cash without restrictions is worse because poor individuals are “notoriously bad at finance management.” This indicates a negative view of UBI, and nothing in the subsequent exchange (a meme about cutting bureaucracy) shows the target user being persuaded or softening their stance.""}"
ubi_136,0,"{""stance"":""neutral"",""reasoning"":""The target user never speaks in the transcript, so there’s no explicit indication of their view. While other participants present both pro-UBI arguments (reducing welfare traps, simplifying benefits) and concerns (work disincentives, need for testing, price effects), there’s no evidence of how the target user reacts or is persuaded. With insufficient evidence about the target user’s post-conversation attitude, the best prediction is neutral.""}"
ubi_140,0,"{""stance"":""neutral"",""reasoning"":""The target user never speaks in the transcript, so there’s no explicit opinion from them about universal basic income. While the other user’s meme frames UBI positively (as empowering workers to leave exploitative jobs), there’s no evidence the target user accepted or rejected that framing or changed their view. With insufficient information about the target user’s reaction, the best prediction is neutral.""}"
ubi_141,3,"{""stance"":""positive"",""reasoning"":""The target user repeatedly treats basic income as a plausible and potentially reasonable policy, focusing mainly on feasibility and funding details rather than rejecting it. They explicitly state, “Don’t get me wrong, I am all for something like a basic income (specifically a negative income tax),” indicating an overall supportive stance, while expressing skepticism about a particular funding mechanism (an ‘industrial army’) and calling for more economic analysis.""}"
ubi_143,1,"{""stance"":""neutral"",""reasoning"":""The target user calls UBI “an interesting idea” but immediately raises skepticism about feasibility, emphasizing that it would only work if surplus economic value can cover additional non-working recipients and that it needs “solid economic analysis” to determine affordability. They neither endorse nor reject UBI outright, instead withholding judgment pending evidence, so their stance remains neutral.""}"
ubi_145,0,"{""stance"":""positive"",""reasoning"":""The target user repeatedly and forcefully argues in favor of UBI, explaining that means-tested programs create welfare cliffs while a universal, non-means-tested basic income would monotonically increase total income with work and thus remove the welfare trap. They defend UBI as preferable to complex attempts to patch means-testing, provide links, examples, and express confusion at objections—indicating a clearly supportive stance after the discussion.""}"
ubi_146,9,"{""stance"":""negative"",""reasoning"":""The target user repeatedly argues against UBI as “handing out money,” worries about higher taxes and the existing deficit, and frames reliance on government checks as creating dependency/‘government slaves.’ They also say UBI shouldn’t go to everyone and would only support assistance restricted to the poor, indicating opposition to universal basic income specifically.""}"
ubi_147,4,"{""stance"":""negative"",""reasoning"":""The target user repeatedly argues against UBI, saying it would “corrupt” people, normalize not working, and should be replaced by targeted, monitored aid rather than automatic payments. They express strong concern that UBI would require large tax increases, have far-ranging harmful economic effects, and could even lead to “destruction” of the economy. While they show conditional support for reducing welfare bureaucracy, they explicitly reject UBI as more than that and remain firmly opposed by the end of the conversation.""}"
ubi_148,1,"{""stance"":""negative"",""reasoning"":""The target user repeatedly argues against UBI/BI, calling it corrupting, economically destructive, and akin to “communism 2.0.” They emphasize that it would normalize not working, prefer targeted/monitored aid over universal payments, and believe it would require significant tax hikes and lead to currency devaluation. Although they say they once supported UBI in theory (bureaucracy reduction), the conversation reinforces and hardens their opposition rather than softening it.""}"
ubi_149,0,"{""stance"":""positive"",""reasoning"":""The target user repeatedly defends UBI as desirable and beneficial: they argue it would free most people from coerced labor, provide meaningful choice of work, improve health and family life, and help smooth the business cycle. They explicitly endorse the idea that UBI is about not having to work and frame their state pension as a form of basic income. Despite pushback about taxes and economic harm, they do not soften; instead they reinforce pro-UBI arguments and critique current capitalism as outdated. Overall their stance after the conversation is clearly supportive.""}"
ubi_150,0,"{""stance"":""positive"",""reasoning"":""The target user repeatedly defends UBI as desirable and socially beneficial: they argue it would free most people from coerced work for elites, provide meaningful choice of work, improve health and family life, and help smooth the business cycle. They explicitly endorse the idea of not having to work and liken pensions to a form of basic income. Despite pushback about taxpayer burden and economic harm, the target user does not soften; instead they double down with broader economic critiques and claim UBI would improve macroeconomic stability. Overall their stance after the conversation is clearly pro-UBI.""}"
ubi_151,1,"{""stance"":""positive"",""reasoning"":""The target user repeatedly argues in favor of UBI/basic income: they describe pensions as a form of basic income, endorse de-coupling a decent minimum income from employment, claim it would free people to pursue meaningful work and entrepreneurship without fear, improve family/health outcomes, and help smooth recessions/business cycles. They push back strongly against anti-UBI objections (work disincentives, taxation, communism analogies) and end the conversation still advocating redistribution to fund UBI. The exchange appears to reinforce, not weaken, their pro-UBI stance.""}"
ubi_152,4,"{""stance"":""positive"",""reasoning"":""The target user repeatedly defends UBI-style income transfers as fair, downplays the negativity of “wealth redistribution,” and suggests a tax-and-clawback design (taxing the basic income away from the well-off) as reasonable—especially in a Nordic welfare-state context. They show no opposition to UBI in principle and frame the debate as largely about fairness rather than a fatal flaw, indicating an overall favorable stance after the exchange.""}"
ubi_154,4,"{""stance"":""neutral"",""reasoning"":""The target user highlights significant concerns about inflation and feasibility, calling the tested model unrealistic and implying prices would rise under that design. However, they also note that a more realistic, tax-funded version could keep prices reasonably stable, indicating they are not outright opposed to UBI in principle but skeptical of certain implementations. Overall this reads as a conditional/analytical stance rather than clearly supportive or opposed.""}"
ubi_156,4,"{""stance"":""positive"",""reasoning"":""The target user defends basic income schemes as compatible with Nordic welfare realities (arguing against replacing all benefits), explicitly calls basic income a “neat idea,” and highlights perceived advantages like reducing welfare traps and encouraging part-time work and entrepreneurship. Their tone is supportive and they push back on criticisms, indicating an overall positive stance after the conversation.""}"
ubi_157,0,"{""stance"":""neutral"",""reasoning"":""The target user never speaks in the provided transcript, so there’s no explicit indication of their view on universal basic income or any reaction to the pro-UBI meme. With no evidence of agreement, disagreement, or persuasion, their stance cannot be inferred beyond neutral.""}"
ubi_159,3,"{""stance"":""neutral"",""reasoning"":""The transcript only shows another user posting a pro-UBI meme contrasting UBI with complex welfare bureaucracy and implying economic prosperity. The target user does not speak or react, so there’s no explicit evidence of their opinion or of persuasion taking effect. With no statements from the target user, their stance can’t be inferred reliably and is best classified as neutral.""}"
ubi_160,1,"{""stance"":""positive"",""reasoning"":""The target user explicitly states they \""support universal basic income somewhat\"" and repeatedly argues the U.S. could implement at least a modest UBI if it reprioritized spending (especially reducing military spending), framing affordability as a political choice rather than an economic impossibility. While they acknowledge UBI isn’t their top issue and that replacing existing programs would be a bad idea, their overall position after the discussion remains supportive of UBI in principle and feasibility.""}"
ubi_161,3,"{""stance"":""positive"",""reasoning"":""The target user explicitly states they “support universal basic income somewhat,” and repeatedly argues the U.S. could implement at least a modest UBI if it reprioritized spending (especially away from defense) and/or adjusted taxation. They frame affordability as primarily a political choice rather than an economic impossibility, defending UBI feasibility against skepticism. Although they note UBI isn’t a top personal issue and acknowledge tradeoffs with existing programs, their overall posture remains supportive rather than neutral or opposed.""}"
ubi_162,9,"{""stance"":""negative"",""reasoning"":""The target user repeatedly criticizes the UBI-related experiment as a “tax relief for a select group” and calls it a “terrible experiment,” expressing skepticism about both the framing and feasibility of meaningful UBI studies (“true study of UBI would be a monumental undertaking”). They do not show any shift toward supporting UBI; instead they emphasize impracticality and misrepresentation, indicating an overall negative stance after the conversation.""}"
ubi_163,4,"{""stance"":""positive"",""reasoning"":""The target user consistently defends UBI against criticisms, calling opposing claims “bullshit,” arguing it would close holes in the current welfare system, simplify access, and support students/entrepreneurs while being taxed back from high earners. They emphasize political feasibility and the need for an overhaul, and reject the idea that UBI would leave people homeless because other supports would remain. Overall their comments show clear support for UBI as an improvement over the current system.""}"
ubi_164,0,"{""stance"":""neutral"",""reasoning"":""The target user initially proposes a negative income tax as a preferable policy (safety net while encouraging work) rather than endorsing UBI directly. During the discussion they become enthusiastic about the economics wiki and acknowledge the mathematical relationship/differences between NIT and UBI, but they never express clear support for UBI itself or a shift away from preferring NIT. The conversation mainly increases their interest/understanding rather than revealing a pro-UBI or anti-UBI stance.""}"
ubi_165,3,"{""stance"":""neutral"",""reasoning"":""The target user does not endorse or reject UBI directly. They propose a negative income tax as a preferable/alternative design because it preserves work incentives and uses existing tax bureaucracy, implying some skepticism toward UBI’s structure but not opposition to the underlying goal of a guaranteed safety net. The other user’s meme frames UBI as simpler, but there’s no evidence the target user is persuaded either way, so their post-conversation stance toward UBI remains best classified as neutral.""}"
ubi_166,3,"{""stance"":""positive"",""reasoning"":""The target user actively develops and defends a detailed financing plan for a basic income, clarifies misconceptions (e.g., BI not being taxed directly), provides personal net-benefit calculations, and challenges inflation objections. Their engagement is solution-oriented and supportive rather than skeptical, indicating a positive stance after the conversation.""}"
ubi_167,9,"{""stance"":""positive"",""reasoning"":""The target user actively supports implementing a basic income: they run detailed funding/tax calculations, propose specific policy changes to make it feasible, and defend BI against criticisms about consumption taxes and incentives. They argue BI would exceed the poverty line, improve welfare relative to existing programs, and emphasize benefits like leisure/utility and reduced bureaucratic burdens. Nothing in the exchange suggests they were persuaded away from BI; instead they reinforce and justify it.""}"
ubi_168,1,"{""stance"":""positive"",""reasoning"":""The target user actively defends UBI against inflation concerns, argues it can be funded via taxes with limited net demand impact, and then elaborates multiple purported macro benefits (closing the output gap, increasing savings/entrepreneurialism, empowering workers, increasing aggregate supply and employment). Their tone is combative toward critics but substantively pro-UBI, indicating a positive stance after the conversation.""}"
ubi_169,3,"{""stance"":""positive"",""reasoning"":""The target user explicitly advocates for a universal basic income, proposing a specific generous level (indexed to 25% of per-capita GDP) and arguing it avoids procyclicality and creates better electoral incentives. They defend UBI conceptually against a Negative Income Tax on efficiency grounds (deadweight loss, workforce entry barriers), indicating a strong pro-UBI preference. Nothing in the exchange suggests they were persuaded away from UBI; if anything, they reinforce their position.""}"
ubi_170,9,"{""stance"":""positive"",""reasoning"":""The target user engages in detailed policy design around including children in a basic income system, arguing for structures (daycare, per-student grants, nutrition supplements, anti-capture rules like the “35 cent rule”) that make UBI workable and beneficial. This shows they view UBI as a desirable tool and are focused on implementation details rather than rejecting the concept, indicating an overall supportive stance after the conversation.""}"
ubi_171,1,"{""stance"":""neutral"",""reasoning"":""The target user doesn’t directly endorse or oppose UBI. They engage mainly on the related claim that UBI would eliminate the need for a minimum wage, arguing that even if UBI reduced the starvation pressure, removing minimum wage would still be bad for the economy due to employer power/oligopsony concerns. This suggests they see UBI as potentially compatible with worker protections but gives no clear overall approval or rejection of UBI itself, so the best prediction is neutral.""}"
ubi_173,9,"{""stance"":""neutral"",""reasoning"":""The target user never speaks in the provided transcript, so there is no direct evidence of their view on UBI. While the conversation contains arguments both for an alternative (negative income tax) and a claim that income floors discourage work plus a pro-UBI meme, we cannot reliably infer how (or whether) these would shift the target user's opinion. With insufficient evidence of the target user’s stance after the exchange, the best prediction is neutral.""}"
ubi_174,3,"{""stance"":""positive"",""reasoning"":""The target user defends UBI with detailed calculations and argues it preserves work incentives while improving workers’ bargaining power and ability to leave intolerable jobs. Their tone is supportive and they present UBI as a net benefit both personally and structurally, indicating a clearly positive stance after the conversation.""}"
ubi_175,9,"{""stance"":""neutral"",""reasoning"":""The target user never speaks in the provided transcript, so there’s no direct evidence of their view on UBI or any change after the discussion. The conversation includes a skeptical question about inflation and a pro-UBI meme response, but without the target user’s reactions or statements, the safest prediction is neutral.""}"
ubi_176,9,"{""stance"":""neutral"",""reasoning"":""The target user never speaks in the transcript, so there’s no explicit indication of their attitude toward UBI or any reaction to the arguments/meme. With no evidence of their prior view or how they were influenced by the conversation, the safest prediction is neutral.""}"
ubi_177,3,"{""stance"":""neutral"",""reasoning"":""The transcript contains no message from the target user—only an image posted by another user implying a pro-UBI sentiment. Since the target user’s own views, reactions, or engagement are absent, there’s insufficient evidence to infer either support or opposition or any change in stance. Therefore, the best prediction is neutral.""}"
ubi_179,3,"{""stance"":""negative"",""reasoning"":""The target user repeatedly argues against UBI on feasibility and welfare-replacement grounds: they emphasize the enormous $2.4T cost, question funding sources, and strongly reject replacing Medicare/Medicaid/Social Security with UBI, calling that idea harmful and unrealistic given healthcare costs (e.g., insurers needing ~$8k/year per person). Their tone is skeptical and dismissive of pro-UBI arguments, and nothing in the exchange suggests they were persuaded toward support.""}"
ubi_180,1,"{""stance"":""negative"",""reasoning"":""The target user emphasizes the very large fiscal cost of UBI (noting it exceeds twice the discretionary federal budget) and directly challenges claims that it could be offset by eliminating existing programs. They argue replacing Medicaid/welfare/SS would be impractical or harmful (e.g., shifting health costs to the poor, SS benefits being higher than proposed UBI, and added costs for 65+). Their comments consistently frame UBI as financially and programmatically unworkable, indicating a negative stance after the conversation.""}"
ubi_181,3,"{""stance"":""negative"",""reasoning"":""The target user repeatedly emphasizes UBI’s prohibitive cost ($2.4T for $10k/adult), argues major existing programs (Medicare/Medicaid, Social Security) can’t realistically be cut to fund it, and rejects proposed offsets (defense cuts, single-payer alongside UBI) as still fiscally insufficient. Their responses show escalating skepticism focused on funding feasibility, with no indication the conversation moved them toward support.""}"
ubi_182,3,"{""stance"":""negative"",""reasoning"":""The target user repeatedly emphasizes UBI’s enormous cost (~$2.4T for $10k/adult) and argues that even eliminating major budgets (Defense, HHS) wouldn’t cover it. They also resist replacing existing programs (Social Security, Medicare/Medicaid), warning of large benefit cuts and practical/legal barriers. Their responses show sustained skepticism focused on feasibility and funding, with no sign the other users’ proposals (single payer, taxing automation) changed their view.""}"
ubi_183,3,"{""stance"":""negative"",""reasoning"":""The target user focuses on UBI’s fiscal infeasibility, emphasizing the trillions in cost and arguing it can’t be funded by cutting defense and can’t realistically replace or gut Medicare/Medicaid or Social Security without harming retirees. They also note UBI would be undermined by healthcare costs. The other users’ suggestions (single payer + military cuts) don’t elicit any shift or endorsement from the target user, so their stance remains strongly skeptical/negative after the exchange.""}"
ubi_184,0,"{""stance"":""negative"",""reasoning"":""The target user repeatedly argues against UBI on feasibility and funding grounds, emphasizing the enormous cost ($2.4T), inability to cut major programs enough to pay for it, and skepticism that $10k meaningfully reduces poverty or Medicaid needs. They also reject the idea that raising taxes makes it broadly beneficial, framing it as another attempt to redistribute from the rich who will resist. Nothing in the exchange appears to shift them toward support, so their post-conversation stance remains negative.""}"
ubi_185,0,"{""stance"":""neutral"",""reasoning"":""The target user never speaks in the transcript, so there’s no explicit indication of their attitude toward UBI or how the discussion affected them. While other users raise cost/tax concerns and share a pro-UBI meme, there’s insufficient evidence to infer the target user’s post-conversation stance.""}"
ubi_186,0,"{""stance"":""negative"",""reasoning"":""The target user consistently challenges UBI’s feasibility and desirability, emphasizing its enormous cost (~$2.4T), lack of credible funding sources, and the political/ethical problems of cutting Social Security, Medicare/Medicaid, or government pay. They also object to shifting the burden onto higher earners (“raising taxes on those who already foot more than 70% of the income tax bill”). No part of the exchange suggests they are persuaded by pro-UBI arguments; they remain focused on budget math and distributional objections, indicating a negative stance after the conversation.""}"
ubi_187,9,"{""stance"":""negative"",""reasoning"":""The target user focuses on UBI’s fiscal infeasibility, emphasizing the $2.4T annual cost and arguing that major existing programs (Medicare/Medicaid, Social Security) can’t realistically be cut and even eliminating defense wouldn’t cover the expense. This indicates a strongly skeptical, cost-based opposition, and nothing in the conversation suggests their view shifts toward support.""}"
ubi_188,0,"{""stance"":""positive"",""reasoning"":""The target user argues that $10,000/year is not sufficient to meet basic living costs and criticizes calling it a “basic income,” implying they support the idea of a guaranteed income but believe the proposed amount is far too low. The other user’s reply reframes UBI as a safety net rather than sole income, which aligns with the target user’s concern about adequacy rather than rejecting UBI itself. Overall, the target user’s stance toward UBI is favorable in principle, but critical of insufficient benefit levels.""}"
ubi_190,9,"{""stance"":""positive"",""reasoning"":""The target user explicitly defends the core rationale for a universal basic income by arguing strongly against means testing, citing welfare poverty-trap incentives, administrative cost, and corruption risks. This indicates they view unconditional, universal payments favorably and see UBI as a solution to problems in targeted welfare systems.""}"
ubi_191,4,"{""stance"":""positive"",""reasoning"":""The target user explicitly defends the core rationale for universal basic income by arguing that means-testing is harmful (creates poverty traps), costly, and prone to corruption, and frames opposition to means tests as a key justification for basic income. This indicates a favorable stance toward UBI after the conversation.""}"
ubi_194,1,"{""stance"":""neutral"",""reasoning"":""The target user never speaks in the transcript, so there’s no direct evidence of their view. The conversation presents both concerns (cost-of-living differences, migration incentives, regional poverty traps) and pro-UBI rebuttals (uniform payment, labor market adjustments, new consumer demand), but without any indication of how the target user reacts, the safest prediction is that their stance remains undetermined/neutral after the discussion.""}"
ubi_195,9,"{""stance"":""neutral"",""reasoning"":""The target user never speaks in the provided transcript, so there’s no explicit indication of their view on UBI or any reaction to the arguments shown. While other users raise a skeptical point about subjective needs and a pro-UBI comic argues UBI enables participation, there’s no evidence the target user adopts either position after the exchange. With insufficient information to infer a shift, the safest prediction is neutral.""}"
ubi_197,0,"{""stance"":""neutral"",""reasoning"":""The target user never speaks in the provided transcript, so there’s no direct evidence of their view on UBI or how the meme affected them. With no explicit statements or reactions from the target user, the safest prediction is neutral.""}"
ubi_198,9,"{""stance"":""neutral"",""reasoning"":""The target user never expresses an opinion about universal basic income in the provided transcript. The only content shown is another user posting a meme that presents UBI favorably, but there’s no response from the target user indicating agreement, disagreement, or any shift in attitude. With no explicit stance or reaction, the safest prediction is neutral.""}"
ubi_200,9,"{""stance"":""positive"",""reasoning"":""The target user pushes back against simplistic anti-UBI inflation claims, argues a fully paid-for UBI mainly reallocates spending power (higher MPC recipients), notes “ceteris paribus” doesn’t apply due to broader reforms, and says CPI need not rise unless the economy is at full employment. This reads as economically literate defense of UBI feasibility/impacts rather than opposition, indicating an overall favorable stance after the exchange.""}"
ubi_201,1,"{""stance"":""neutral"",""reasoning"":""The target user never speaks in the provided transcript, so there’s no direct evidence of their opinion on UBI or any reaction to the arguments presented. While other users raise administrative and migration/cost-of-living concerns and a pro-UBI simplification meme appears, we can’t reliably infer how the target user is influenced. With insufficient evidence of a shift or a baseline stance, the best prediction is neutral.""}"
ubi_204,4,"{""stance"":""negative"",""reasoning"":""The target user repeatedly argues that UBI would lead employers to cut wages, that taxes to fund it would ultimately come out of workers’ pockets, and calls it a “fanciful dreaming”/“free $10k fantasy” that is a “dumb idea” and would “never” happen in America. They dismiss counterarguments and end the conversation more entrenched, indicating a firmly negative stance after the discussion.""}"
ubi_206,1,"{""stance"":""positive"",""reasoning"":""The target user repeatedly and explicitly advocates for an unconditional universal basic income, arguing it preserves dignity, avoids bureaucratic/admin costs and political interest-group carveouts, and is the most efficient way to meet diverse individual needs. They also outline a funding mechanism (higher taxes on >100k earners) and propose replacing most existing welfare programs with UBI, indicating strong support rather than neutrality or opposition.""}"
ubi_207,9,"{""stance"":""neutral"",""reasoning"":""The target user never speaks in the provided transcript, so there’s no explicit indication of their opinion on universal basic income or any reaction to the arguments shown. With no evidence of their pre- or post-conversation view, the safest prediction is neutral.""}"
ubi_209,3,"{""stance"":""positive"",""reasoning"":""The target user explicitly argues that society can provide a universal basic income and that doing so would alleviate the logistical and psychological burdens of poverty, enabling people to stabilize their lives, be happier, and become more productive. Their comments strongly endorse UBI as a solution rather than expressing doubts or opposition.""}"
ubi_211,9,"{""stance"":""neutral"",""reasoning"":""The target user shows some sympathy for the problems UBI aims to address (time/stress burdens of poverty, enabling parenting or creative pursuits), and asks substantive questions about implementation and evidence. However, they repeatedly raise major reservations: they doubt UBI is politically feasible, worry it could reduce work incentives for low-skill workers, and fear it would trigger escalating demands for further subsidies and greater government dependence. They do not endorse UBI; instead they remain inquisitive but skeptical, leaving their overall stance mixed rather than clearly supportive or opposed.""}"
ubi_212,9,"{""stance"":""neutral"",""reasoning"":""The target user never speaks in the transcript, so there’s no direct evidence of their view. The discussion they observe is dominated by skepticism about UBI’s feasibility (regional cost differences, massive funding requirements, and concerns about replacing existing programs), which could push them negative, but without any indication of their reaction or prior stance, the safest prediction is neutral.""}"
ubi_214,4,"{""stance"":""positive"",""reasoning"":""The target user repeatedly defends UBI, emphasizing that everyone (including workers) would receive it and arguing it would increase workers’ bargaining power by reducing economic desperation. They provide an economic supply/demand rationale for why wages wouldn’t simply drop across the board and even suggest undesirable jobs might need to pay more. They reject the idea that employers could uniformly cut wages and state they’d quit if their employer tried, indicating a pro-UBI attitude that remains positive after the exchange.""}"
ubi_215,3,"{""stance"":""positive"",""reasoning"":""The target user speaks in a way that assumes implementing basic income is desirable and discusses its economic effects as additional points in favor (“You can add to that…”), framing UBI as feasible (a redistribution of existing welfare without needing tax increases) and beneficial for labor-market competition via wage effects. Nothing in the conversation indicates they were persuaded against UBI, so their stance remains supportive overall.""}"
ubi_216,0,"{""stance"":""positive"",""reasoning"":""The target user criticizes means-tested welfare for creating welfare traps and effective marginal tax rates above 100%, arguing this removes incentives to work. They imply a universal/basic-income-style approach would avoid these traps, eliminate the need for minimum wage, and allow people to keep additional earnings—framing UBI as a preferable alternative. The subsequent meme reinforces this view rather than challenging it.""}"
ubi_217,0,"{""stance"":""positive"",""reasoning"":""The target user engages constructively with UBI funding, provides a detailed spreadsheet breakdown, and explains how the effective tax rate and break-even point work in a way that defends feasibility. They acknowledge uncertainties (overhead, offsetting cuts) but still frame UBI as workable and potentially improved via diversified revenue sources, indicating an overall supportive stance rather than skepticism.""}"
ubi_218,1,"{""stance"":""neutral"",""reasoning"":""The target user never expresses approval or disapproval of UBI—only asks a cost/tax feasibility question. The replies provide funding ideas and a pro-UBI simplification meme, but there’s no evidence the target user is persuaded or reacts. With no explicit stance shift or evaluative language from the target user, the most defensible prediction is neutral.""}"
ubi_219,9,"{""stance"":""positive"",""reasoning"":""The target user corrects a misconception in a way that defends UBI’s design—emphasizing it is paid to individuals (including all family members) and contrasting it favorably with existing minimum-income schemes. This indicates familiarity with and support for UBI’s principles rather than skepticism, and nothing in the exchange suggests they became less supportive afterward.""}"
ubi_220,0,"{""stance"":""neutral"",""reasoning"":""The target user does not appear in the transcript and makes no statements about universal basic income. The only content shown is another user posting a pro-UBI meme, which suggests a positive argument in the environment but provides no evidence of the target user’s reaction or change in view. With no explicit or implicit cues from the target user, the best prediction is neutral.""}"
ubi_221,4,"{""stance"":""positive"",""reasoning"":""The target user pushes back against suspicion of billionaire-backed UBI by arguing that reducing poverty is in Facebook’s/advertisers’ interest, implying UBI’s poverty-reducing effects are desirable and pragmatic. They do not criticize UBI itself; instead they normalize elite support as aligned with broad social benefit, suggesting an overall favorable stance toward UBI after the exchange.""}"
ubi_222,9,"{""stance"":""neutral"",""reasoning"":""The target user does not provide any explicit opinion about universal basic income in the transcript. The only content is an image posted by another user that references UBI, but there is no response from the target user indicating agreement, disagreement, or any shift in attitude. With no evidence of the target user’s view or how they were influenced, the safest prediction is neutral.""}"
ubi_224,3,"{""stance"":""positive"",""reasoning"":""The target user expresses strong enthusiasm for universal basic income, calling the endorsement “HUGE,” framing UBI as a “fundamentally different social contract,” and celebrating a powerful billionaire potentially making it a major political platform. Nothing in the brief reply from the other user appears to temper or reverse that view, so their stance remains clearly positive after the conversation.""}"
ubi_227,4,"{""stance"":""positive"",""reasoning"":""The target user repeatedly defends UBI against criticisms, emphasizing that it is unconditional and uniquely avoids “hoops” compared to current welfare. They argue a sufficiently large UBI would ensure basic purchasing power, discuss expanding UBI potentially up to full GDP redistribution (saying they’d be “ecstatic” if that proved viable), and reject alternatives like random robot ownership as worse. Overall, their comments show clear support for implementing UBI (at least as a significant baseline), indicating a positive stance after the conversation.""}"
ubi_229,1,"{""stance"":""positive"",""reasoning"":""The target user explicitly says they “support the concept” of a basic income and later reiterates they are “strongly in favor of meeting the basic needs of everybody.” They accept taxation as at least part of the funding mechanism (even if they prefer certain kinds of taxes) and discuss ways to make provision of needs more efficient, suggesting they want UBI/need fulfillment implemented pragmatically rather than rejecting it. Nothing in the conversation indicates their support decreased; if anything, they articulate and defend it more clearly.""}"
ubi_230,4,"{""stance"":""positive"",""reasoning"":""The target user repeatedly defends the feasibility of basic income outside of government and challenges the claim that UBI is inherently unlibertarian. They cite examples of wealthy private companies that could fund it and explicitly say, “Would the rich do it? A lot of them wouldn’t, but I would,” indicating personal support for providing a basic income. The other user’s skepticism and meme don’t appear to change the target user’s underlying pro-UBI orientation; it mainly shifts the debate to implementation (private vs government), not whether UBI is desirable.""}"
ubi_231,9,"{""stance"":""positive"",""reasoning"":""The target user repeatedly endorses universal basic income as a preferable, more efficient replacement for the current patchwork of welfare programs and as consistent with limited-government/libertarian goals. They argue for a safety-net UBI that guarantees necessities, emphasize ‘basic income instead of on top of’ existing programs, and push back only against very high/inflationary or wealth-redistribution-focused versions that would create work disincentives. Overall, they support UBI with qualifications rather than rejecting it.""}"
ubi_232,3,"{""stance"":""positive"",""reasoning"":""The target user explicitly argues in favor of implementing a basic income (framed as UBI or a Negative Income Tax) as a more efficient replacement for existing welfare bureaucracy, cites right-leaning/libertarian support (e.g., Milton Friedman), and states that many libertarians “myself included” can and should support UBI instead of expanding current programs. This indicates a clearly supportive stance after the conversation.""}"
ubi_233,1,"{""stance"":""positive"",""reasoning"":""The target user explicitly endorses the article as making a strong case for basic income, argues it can appeal across conservative/progressive/libertarian lines, discusses practical funding via replacing existing welfare bureaucracy, and suggests negative income tax/UBI-style policies as compelling—overall indicating support rather than skepticism.""}"
ubi_235,1,"{""stance"":""positive"",""reasoning"":""The target user defends the basic income community against accusations of being a “circle jerk,” points out that an anti-UBI comment was upvoted (implying openness and legitimacy of pro-UBI discussion), and criticizes intolerance toward differing views. While they don’t explicitly endorse UBI policy details, their repeated defense of the pro-UBI space and rejection of anti-UBI framing suggests a generally favorable (pro) stance rather than neutral or negative.""}"
ubi_236,4,"{""stance"":""neutral"",""reasoning"":""The target user asks how a libertarian would hope to fund a basic income, which signals curiosity rather than clear approval or opposition. They don’t state support for UBI itself, only inquire about funding. The other user’s meme suggests a libertarian-friendly funding approach (replacing other welfare programs), but there’s no evidence the target user accepts or rejects it, so their post-conversation stance remains indeterminate/neutral.""}"
ubi_237,9,"{""stance"":""neutral"",""reasoning"":""The target user doesn’t reject UBI on its merits; instead they argue it’s incompatible with strict libertarian/voluntaryist principles and that adequate funding requires a state. Their comments suggest conditional openness to UBI if one isn’t a libertarian purist, but skepticism about non-state/voluntary funding models. Overall this reads as neither clearly pro-UBI nor anti-UBI, but contingent/agnostic depending on ideology and implementation.""}"
ubi_239,9,"{""stance"":""positive"",""reasoning"":""The target user explicitly defends basic income against ideological labeling and calls it “amazing,” arguing it would make the economy run better and isn’t inherently socialist/capitalist/libertarian. Their responses show endorsement rather than skepticism, and nothing in the exchange indicates they were persuaded away from supporting UBI.""}"
ubi_241,9,"{""stance"":""positive"",""reasoning"":""The target user expresses agreement in a libertarian context, and the shared image frames UBI as a libertarian-friendly solution that cuts bureaucracy and maximizes liberty. Given their concern about misconceptions of libertarianism and their initial agreement, the conversation context aligns UBI with their values, indicating a positive stance toward UBI after the exchange.""}"
ubi_242,9,"{""stance"":""neutral"",""reasoning"":""The target user supports the idea of a very strong, inflation-resistant UBI primarily as a tool for economic justice and reducing the wealth gap, but rejects replacing existing social programs unless UBI is extremely high (e.g., ~$100k) and pegged to national wealth/top wealth shares. They explicitly oppose a more modest ‘basic floor’ version and insist it must be on top of current programs if limited. This conditional, highly demanding support makes their overall stance neither clearly pro-UBI as typically proposed nor anti-UBI; it’s contingent and thus best classified as neutral.""}"
ubi_243,1,"{""stance"":""neutral"",""reasoning"":""The transcript contains only other users arguing that libertarianism should support UBI and a meme about libertarians’ conflict over it. The target user never speaks, so there’s no direct evidence of their view or any observable reaction/change. With insufficient evidence about the target user’s stance after the conversation, the safest classification is neutral.""}"
ubi_246,3,"{""stance"":""negative"",""reasoning"":""The target user explicitly argues that basic income would cause national collapse by eliminating incentives to work, leading to mass quitting, anarchy, and devalued money. Throughout the exchange they remain skeptical and confrontational (“Why pay the human anything…”, “Letting someone die literally costs me nothing”), and nothing in the conversation indicates they were persuaded by counterarguments or the meme about UBI being cheaper than poverty’s consequences.""}"
ubi_248,0,"{""stance"":""negative"",""reasoning"":""The target user repeatedly and emphatically rejects UBI, claiming it would collapse society, reduce willingness to work, devalue money, and \""destroy the country.\"" They also state \""Nobody should get free shit\"" and are unmoved by counterarguments (e.g., Milton Friedman/negative income tax) and framing UBI as modest support. Nothing in the exchange indicates softening; if anything, they double down on opposition.""}"
ubi_249,1,"{""stance"":""negative"",""reasoning"":""The target user repeatedly argues that UBI would collapse the country by destroying work incentives, causing anarchy and devaluing money, and frames it as taking from the rich to give to the poor. They dismiss counterarguments (people would still work for more, spending recycles money, welfare-trap reduction) and double down by claiming most people are lazy. Nothing in the exchange indicates they were persuaded or softened, so their stance remains strongly negative.""}"
ubi_250,0,"{""stance"":""negative"",""reasoning"":""The target user repeatedly argues that UBI would collapse the country by removing incentives to work, fueling laziness, and requiring excessive taxation/redistribution from “hardworking people” to “lazy” people. They maintain objections throughout the exchange (high taxes, retail jobs left undone) and do not show any shift toward accepting UBI; if anything, the discussion reinforces their opposition.""}"
ubi_251,1,"{""stance"":""negative"",""reasoning"":""The target user repeatedly argues that universal basic income would cause people to stop working, trigger economic collapse, devalue money, and lead to anarchy. Throughout the exchange they double down on a work-for-pay view (calling unemployment a result of laziness and defending low pay for low-skill work) and show no signs of being persuaded by counterarguments about automation or poverty, so their stance remains strongly negative after the conversation.""}"
ubi_252,1,"{""stance"":""negative"",""reasoning"":""The target user explicitly argues that basic income would cause societal collapse, widespread quitting of jobs, anarchy, and devaluation of money. Throughout the exchange they double down on the need for monetary incentives and frame unemployment as a result of laziness rather than structural change. The other user's counterarguments and meme do not lead to any expressed softening or reconsideration, so the post-conversation stance remains strongly opposed.""}"
ubi_253,0,"{""stance"":""negative"",""reasoning"":""The target user explicitly argues that basic income would cause people to stop working, trigger anarchy, and devalue money, calling UBI advocates “commies.” Throughout the exchange they double down on pro-work-for-pay and anti-welfare views and show no sign of being persuaded by automation/UBI arguments, so their stance remains strongly negative after the conversation.""}"
ubi_254,3,"{""stance"":""negative"",""reasoning"":""The target user explicitly argues that basic income would cause societal collapse by removing incentives to work, leading to mass quitting, anarchy, and devalued money. Nothing in the subsequent replies appears to persuade them; they respond with another skeptical question (“Why pay the human anything then if he isn't doing anything?”), indicating continued opposition rather than softened views.""}"
ubi_255,3,"{""stance"":""negative"",""reasoning"":""The target user explicitly argues that basic income would cause national collapse, mass quitting of jobs, anarchy, and devaluation of money. Their follow-up question (“Why pay the human anything then if he isn't doing anything?”) reinforces skepticism rather than showing persuasion by others’ pro-UBI arguments or the meme. No evidence appears that the conversation softened their view, so their stance remains negative.""}"
ubi_256,1,"{""stance"":""negative"",""reasoning"":""The target user repeatedly argues UBI would collapse the country by reducing work incentives, causing anarchy and devaluing money. They oppose welfare broadly (“There should be no welfare system”), reject funding via taxing the rich, and dismiss evidence/experiments cited by others. Even when acknowledging they personally would work less and that some would happily do nothing, they frame this as a reason UBI is harmful rather than desirable. The conversation does not soften their opposition; it reinforces it.""}"
ubi_257,3,"{""stance"":""negative"",""reasoning"":""The target user explicitly argues that basic income would collapse the country by removing incentives to work, causing mass quitting, anarchy, and devalued money. Throughout the exchange they remain dismissive and hostile toward pro-UBI arguments and show no sign of being persuaded; if anything, the other user’s extreme claims and meme response likely reinforce the target user’s opposition.""}"
ubi_258,3,"{""stance"":""negative"",""reasoning"":""The target user repeatedly and explicitly argues that universal basic income would \""lead to the collapse of the country,\"" destroy work incentives, cause anarchy and devalue money. Throughout the exchange they double down, framing UBI as an irrational left-wing policy intended to harm society, and show no signs of being persuaded by counterarguments. The conversation appears to reinforce their opposition rather than soften it.""}"
ubi_259,3,"{""stance"":""negative"",""reasoning"":""The target user repeatedly and emphatically opposes UBI, calling it “free shit,” predicting it would collapse the country, reduce work incentives, devalue money, and “destroy the country” by redistributing from “the rich” to “the lazy.” They explicitly say endorsements (e.g., Friedman) don’t change their view and extend the same anti-redistribution stance to mandatory health insurance and free college. Nothing in the conversation indicates softening; they remain entrenched and hostile toward the idea.""}"
ubi_260,0,"{""stance"":""negative"",""reasoning"":""The target user explicitly argues that basic income would collapse the country by removing incentives to work, causing mass quitting, anarchy, and devalued money. Throughout the exchange they double down on a strong work-incentive and personal-responsibility framing (calling unemployed people “lazy bums,” opposing government job creation), and they do not show any shift after the other user’s automation/UBI arguments and meme. The conversation context is more likely to reinforce their opposition than soften it.""}"
ubi_262,9,"{""stance"":""negative"",""reasoning"":""The target user explicitly argues that basic income would collapse the country by removing incentives to work, leading to mass quitting, anarchy, and devalued money. Throughout the conversation they double down on a work-for-pay worldview, dismiss unemployment/automation concerns, and frame nonworkers as lazy, showing no openness to UBI even after the other user’s counterarguments and image.""}"
ubi_263,4,"{""stance"":""negative"",""reasoning"":""The target user explicitly argues that basic income would cause national collapse by removing incentives to work, leading to mass quitting, anarchy, and devalued money. Throughout the exchange they double down on a strong pro-work-for-pay, anti-welfare framing (calling nonworkers lazy, emphasizing market wage logic, and defending bosses paying as little as possible). The other user’s counterarguments and meme do not appear to soften or change the target user’s view, so their post-conversation stance remains negative.""}"
ubi_264,0,"{""stance"":""negative"",""reasoning"":""The target user repeatedly argues that basic income would collapse the country, calls it “free money” people don’t deserve, and insists there should be “no free shit anywhere.” Throughout the exchange they reject cost-saving and harm-reduction arguments for UBI, instead preferring punitive alternatives (ending welfare/food stamps, forced labor for prisoners, even letting unemployed people starve and using police/army to control crime). Nothing in the conversation indicates softening; if anything, their stance hardens against UBI.""}"
ubi_265,4,"{""stance"":""negative"",""reasoning"":""The target user repeatedly argues that UBI would collapse the country by removing incentives to work, devaluing money, and leading to anarchy. They also frame UBI as a net loss for themselves via higher taxes and say they would stop working if it existed, reinforcing their view that it undermines labor participation. Despite others’ counterarguments about automation and social value, the target user rejects the moral premise and dismisses personal need (claims their job isn’t threatened), showing no shift toward support.""}"
ubi_266,4,"{""stance"":""negative"",""reasoning"":""The target user explicitly argues that UBI would cause people to stop working, lead to anarchy, and devalue money—strongly negative claims. The other user’s meme rebuttal doesn’t show any sign of changing the target user’s view, so their stance remains negative after the conversation.""}"
ubi_268,1,"{""stance"":""negative"",""reasoning"":""The target user explicitly argues that universal basic income would cause people to stop working, trigger economic collapse, anarchy, and devalue money. The only reply from the other user is a meme implying UBI supports consumer demand, which doesn’t address the target user’s core fears and provides no sign the target user’s view softened. So their stance remains strongly negative after the exchange.""}"
ubi_270,1,"{""stance"":""negative"",""reasoning"":""The target user repeatedly and explicitly condemns basic income, calling it a cause of societal collapse and equating it with “free shit,” and later says it’s “as retarded as basic income.” Their broader pro-market, anti-welfare framing (workers’ poverty is “their problem,” people are “lazy”) indicates the conversation does not soften their view; if anything, it reinforces opposition to UBI.""}"
ubi_271,0,"{""stance"":""negative"",""reasoning"":""The target user repeatedly argues that basic income would cause societal collapse by removing incentives to work, calls pro-UBI arguments “retarded,” and frames UBI as “free money” that would devalue currency and lead to anarchy. Throughout the exchange they double down on market-determined wages and personal responsibility rather than accepting the other user’s fairness/automation arguments, showing no softening toward UBI by the end.""}"
ubi_272,4,"{""stance"":""negative"",""reasoning"":""The target user repeatedly argues that UBI would collapse the country, reduce incentives to work, devalue money, and constitutes “free shit”/“steal money from others.” They reject automation-based justifications, insist jobs will always exist and unemployment is individuals’ fault, and show no sign of being persuaded by counterarguments, maintaining a strongly anti-UBI position through the end of the conversation.""}"
ubi_273,4,"{""stance"":""positive"",""reasoning"":""The target user engages from a position of curiosity and implicit acceptance of UBI, asking what specific version the skeptical commenter would support. They do not express objections to UBI itself and frame the debate around implementation details rather than rejecting the idea. In the context of a pro-UBI discussion and pushback against “socialism” framing, the target user’s stance appears supportive overall rather than neutral or negative.""}"
ubi_274,3,"{""stance"":""positive"",""reasoning"":""The target user repeatedly defends universal basic income as necessary and morally justified, arguing that human life shouldn’t depend on employment and that automation will increase unemployment and poverty. They also make a self-interested case for UBI as a safety net and rebut claims that people would rationally stop working under UBI by providing concrete tax/income examples. Nothing in the conversation indicates they became less supportive; if anything, they reinforce a pro-UBI position.""}"
ubi_275,4,"{""stance"":""neutral"",""reasoning"":""The target user never speaks in the transcript, so there’s no direct evidence of their views or any shift after the discussion. While other participants express pro-UBI arguments (UBI replacing minimum wage, empowering workers) and frame it as politically promising, we can’t reliably infer the target user adopted those views. With insufficient evidence about the target user's reaction, the best prediction is neutral.""}"
ubi_276,4,"{""stance"":""positive"",""reasoning"":""The target user directly rebuts the anti-UBI claim that people would stop working by arguing UBI is only enough to barely live on and that people would still work to earn more money. This defense indicates a supportive/positive stance toward UBI rather than neutrality or opposition.""}"
ubi_277,9,"{""stance"":""neutral"",""reasoning"":""The target user never speaks in the transcript, so there’s no explicit indication of their view. The conversation presents both strong criticism of UBI (harm to poor people, unrealistic tax requirements, benefits replaced and tax break for higher earners) and pro-UBI arguments (reducing costly/abusive welfare bureaucracy, improving dignity and work flexibility), without showing how the target user reacts. With no evidence of the target user being persuaded either way, the best prediction is neutral.""}"
ubi_279,0,"{""stance"":""negative"",""reasoning"":""The target user consistently argues that UBI in the UK would harm poor people by replacing targeted benefits with an insufficient flat payment, functioning as a tax break for higher earners unless taxes rose dramatically. They reject proposed funding/administrative-savings arguments as negligible relative to the cost, worry it would require cuts like abolishing the NHS, and state they (and other taxpayers) would leave if taxes rose enough. Even after engagement with counterarguments, they remain skeptical and reinforce means-tested support as superior, indicating a negative stance after the conversation.""}"
ubi_280,0,"{""stance"":""negative"",""reasoning"":""The target user consistently argues that UBI in the UK would harm poor people by replacing targeted benefits with an insufficient flat payment, and that a workable UBI would require unsustainably large tax rises and a risky expansion of the state. Even after engaging with counterarguments about GDP percentages and phasing, they maintain that the needed tax increase would be historically huge and suggest shelving UBI until automation-driven mass unemployment occurs. Their concessions are about specific figures/sources, not about the core objection, so their stance remains negative.""}"
ubi_281,3,"{""stance"":""negative"",""reasoning"":""The target user repeatedly argues that UBI in the UK would harm poor people by replacing targeted benefits with an insufficient flat payment, effectively giving higher earners a tax break while cutting support (rent, council tax, disability, child-related aid) for those who need it. They also claim a meaningful UBI would require politically impossible tax levels or cuts as drastic as abolishing the NHS, and they personally oppose the tax increases needed (even saying they’d leave). The other user’s counterpoints and meme do not appear to shift them; they reinforce their opposition with detailed budget math and strong language.""}"
ubi_283,1,"{""stance"":""negative"",""reasoning"":""The target user explicitly argues that a UK basic income would harm poor people by replacing targeted benefits with an insufficient flat payment, effectively redistributing money to higher earners. They provide budget calculations to claim UBI would be too low to live on without additional supports (rent, council tax, disability benefits), and say a livable UBI would require unacceptable tradeoffs like abolishing the NHS or raising taxes so much that taxpayers (including themselves) would leave. The other user’s counterpoints and meme do not appear to shift their view; the target user doubles down with stronger objections.""}"
ubi_284,9,"{""stance"":""negative"",""reasoning"":""The target user explicitly argues that a UK basic income would be \""terrible for poor people\"" unless paired with unrealistically high taxation, and that it would effectively replace targeted benefits with a broad giveaway that functions like a tax break for higher earners. The only reply is a pro-UBI meme, which doesn’t engage their fiscal/redistribution concerns, so there’s no sign their view would soften after the conversation.""}"
ubi_285,0,"{""stance"":""positive"",""reasoning"":""The target user repeatedly defends universal basic income as a preferable alternative to the current welfare system, emphasizing reduced bureaucracy, less humiliation for claimants, and elimination of jobcentres/private assessors. They propose an incremental UBI model and explicitly state that “basic income as a system just makes a lot of sense to me,” indicating a supportive stance despite acknowledging implementation details and trade-offs.""}"
ubi_287,4,"{""stance"":""positive"",""reasoning"":""The target user defends the pro-UBI argument by clarifying the logic that most people would still choose to work for a better lifestyle even with a $12k basic income. They explicitly counter the claim that UBI would collapse work incentives, indicating supportive/positive alignment with UBI rather than skepticism or neutrality.""}"
ubi_289,4,"{""stance"":""positive"",""reasoning"":""The target user frames basic income as a “very positive step” toward the political mainstream, discusses practical routes to advance it (union campaigning, trial-balloons across parties), and suggests it could become a normal policy like NHS support within 10–20 years. While they’re skeptical about immediate electoral viability, their overall tone is supportive and focused on how to make UBI happen rather than questioning its merits.""}"
ubi_290,3,"{""stance"":""positive"",""reasoning"":""The target user explicitly frames basic income as a desirable policy and calls trade union support for it “a very positive step” toward mainstream adoption. They defend UBI against accusations of socialism, challenge an anti-UBI commenter, and emphasize that UBI should enter mainstream UK debate from the left—indicating a clearly supportive, pro-UBI stance after the conversation.""}"
ubi_291,4,"{""stance"":""positive"",""reasoning"":""The target user explicitly frames basic income as a desirable policy outcome, calling the situation a “very positive step” toward UBI becoming politically mainstream and part of the national debate. They also suggest key political actors (trade unions and Corbyn) would be receptive to it, indicating an overall supportive stance rather than skepticism or neutrality.""}"
ubi_292,1,"{""stance"":""positive"",""reasoning"":""The target user explicitly frames basic income as a desirable policy and says the current union/Labour leadership situation is a \""very positive step\"" toward making it mainstream and part of the national debate. They also suggest Corbyn would be receptive to it, indicating approval and optimism rather than skepticism or neutrality.""}"
ubi_293,0,"{""stance"":""positive"",""reasoning"":""The target user frames basic income as a desirable policy and explicitly calls developments that could bring it into UK mainstream politics “a very positive step.” They also suggest Corbyn would be receptive to it and discuss union influence as a pathway for adoption, indicating supportive expectations rather than skepticism. Nothing in the brief follow-up (a meme) challenges or dampens that view, so their stance remains positive.""}"
ubi_296,0,"{""stance"":""positive"",""reasoning"":""The target user strongly defends UBI against claims it would be disastrous or require extreme tax levels, argues it can be financed with a manageable tax structure, and frames it as reducing tax burden for most households. Nothing in the exchange suggests they were swayed away from that view; if anything they reiterate confidence that the anti-UBI cost figures are absurd.""}"
ubi_297,4,"{""stance"":""neutral"",""reasoning"":""The transcript contains only messages from OTHER USER(s) advocating for UBI and sharing a pro-UBI meme. The TARGET USER never speaks, so there’s no explicit stance or reaction to infer. With no evidence of agreement, disagreement, or persuasion affecting the TARGET USER, the safest prediction is neutral.""}"
ubi_299,0,"{""stance"":""positive"",""reasoning"":""The target user explains UBI in supportive terms, highlights evidence from studies, argues poverty stress harms society, frames UBI as improving dignity and enabling better work choices, and explicitly counters the claim that it removes work incentives. Nothing in the conversation suggests they became more skeptical afterward.""}"
ubi_300,0,"{""stance"":""positive"",""reasoning"":""The target user explains UBI in supportive terms, emphasizing its benefits (covering basic needs, reducing stress and crime, improving mental health), argues poverty is due to distribution inefficiency, and explicitly counters a common criticism by saying it doesn’t remove the incentive to work. Their framing and reasoning indicate approval rather than skepticism or neutrality.""}"
ubi_302,0,"{""stance"":""neutral"",""reasoning"":""The transcript contains no messages from the explicitly identified [TARGET USER], only from other users. Without any direct statements or reactions from the target user, there isn’t enough evidence to infer whether they end up supportive or opposed to UBI after the conversation, so the safest prediction is neutral.""}"
ubi_305,3,"{""stance"":""positive"",""reasoning"":""The target user defends UBI against cost-of-living critiques, frames it as a meaningful improvement over $0 to prevent starvation/exposure, and explicitly says it wouldn’t stop them from working. Their comments indicate support for UBI’s purpose as a basic safety net, and nothing in the conversation suggests they become more skeptical afterward.""}"
ubi_306,1,"{""stance"":""neutral"",""reasoning"":""The target user never speaks in the transcript, so there is no explicit opinion to infer. The only content related to UBI is another user's meme implying UBI provides security and reduces anxiety, but without any response from the target user there’s insufficient evidence that they adopt a positive or negative stance after the conversation.""}"
ubi_319,0,"{""stance"":""positive"",""reasoning"":""The target user explicitly endorses implementing UBI (suggesting $300–$500/month) primarily to help homeless and very low-income people live with dignity. They push back against inflation/death-spiral concerns, arguing price increases would be minimal and worth it, and they emphasize benefits like stimulating the economy and enabling supportive services. Nothing in the conversation appears to reduce their support; if anything, they reaffirm it when challenged.""}"
ubi_327,0,"{""stance"":""positive"",""reasoning"":""The target user expresses an affirmative view of UBI’s effects, suggesting that with a basic income there would be little need for a minimum wage—implying UBI would provide sufficient baseline security and bargaining power. They do not echo the inflation/death-spiral concern raised by others, and their comment aligns with pro-UBI arguments about increasing worker freedom and reducing reliance on wage floors.""}"
ubi_328,0,"{""stance"":""positive"",""reasoning"":""The target user engages with UBI as a workable policy and suggests it could replace the need for a minimum wage, implying they see UBI as empowering workers and improving labor market dynamics rather than causing a harmful inflationary spiral. Nothing in their comment signals opposition; it reflects acceptance and a pro-UBI framing.""}"
ubi_334,3,"{""stance"":""positive"",""reasoning"":""The target user repeatedly defends UBI against a guaranteed-jobs program, arguing UBI has less disincentive to employment than the current system, avoids forcing people into ‘bullshit’ make-work, and better supports socially valuable unpaid activities like caregiving, schooling, volunteering, and subsistence work. They cite pro-UBI analysis links and frame UBI as the preferable policy choice, indicating a clearly positive stance after the conversation.""}"
ubi_341,0,"{""stance"":""negative"",""reasoning"":""The target user conditions any support for UBI on it fully replacing major existing transfer programs (including Medicare/Medicaid and Social Security) and explicitly says that if health programs aren’t replaced too, “you’re not going to get people like me on board.” They frame UBI as an “economic deterrent” and draw a “bright line” against UBI combined with other welfare/health programs. The other user’s pushback and meme do not appear to shift their position; they continue defending the deterrent concern rather than expressing openness to UBI as proposed.""}"
ubi_343,3,"{""stance"":""neutral"",""reasoning"":""The target user is conditionally open to discussing or supporting a UBI only if it fully replaces existing welfare and transfer programs (SNAP, Medicare/Medicaid, Social Security, etc.), and explicitly rejects a UBI layered on top of other programs. In the conversation they largely argue against keeping healthcare programs alongside UBI, but they do not move to endorsing UBI outright—only reiterate constraints and skepticism about common pro-UBI bundles. So their stance remains neither clearly pro-UBI nor anti-UBI overall, but conditional/undecided.""}"
ubi_344,4,"{""stance"":""neutral"",""reasoning"":""The target user only asks clarifying and skeptical questions about the size of a proposed UBI and potential labor-force exit effects (e.g., married women leaving work). They don’t explicitly endorse or reject UBI, and there’s no clear indication the conversation shifted them toward support or opposition, so their stance remains best classified as neutral.""}"
ubi_348,9,"{""stance"":""neutral"",""reasoning"":""The target user is not outright opposed to UBI, but conditions support on it fully replacing essentially all existing welfare/transfer programs (SNAP, Medicaid/Medicare, Social Security, etc.) and rejects any proposal that adds UBI on top of other redistribution (“UBI and single payer”). That makes their stance contingent rather than supportive; after the conversation (which adds only a meme reinforcing UBI as bureaucracy-reducing, without addressing their key replacement-demand), there’s no clear shift toward endorsement or rejection. So the best prediction is neutral/conditional.""}"
ubi_361,9,"{""stance"":""neutral"",""reasoning"":""The target user never speaks in the transcript, so there’s no direct evidence of their view. The conversation presents mixed/critical takes on UBI (cost/poverty-gap concerns, political pressure around child benefits) alongside an alternative (negative income tax) and a pro-UBI argument in the comic. With no indication of how the target user reacts, the safest prediction is neutral.""}"
ubi_362,9,"{""stance"":""neutral"",""reasoning"":""The target user never appears in the transcript and makes no explicit comments about UBI. The only content shown is another user's meme presenting UBI as one proposed solution to AI-driven job loss, but there’s no evidence of the target user’s reaction or any stance shift. With insufficient information about the target user’s views after the conversation, the best prediction is neutral.""}"
ubi_366,1,"{""stance"":""neutral"",""reasoning"":""The target user pushes back against framing UBI as a total replacement for other welfare programs and argues a mixed system could be optimal, but they never explicitly endorse UBI itself. Their comments are mainly about uncertainty (“we don’t know”) and rejecting the either/or premise, rather than expressing support or opposition to implementing UBI. By the end they seem frustrated with the other user’s certainty, not newly persuaded for or against UBI, so their stance remains best classified as neutral.""}"
ubi_368,1,"{""stance"":""positive"",""reasoning"":""The target user explicitly says they are “all for basic income,” and throughout the exchange they continue engaging with implementation details (amounts, cost of living differences, inflation/production constraints) rather than rejecting the idea. The other user’s point about mobility and the meme about lowering urban rent doesn’t appear to change their underlying support—at most it raises a concern about urban exodus. Overall, their stance remains supportive but conditional on complementary policies to increase production/abundance.""}"
ubi_375,4,"{""stance"":""negative"",""reasoning"":""The target user consistently argues that a $10k UBI is fiscally infeasible (calculating ~$3.1T/year), below the poverty line, and would require cutting or reducing existing benefits like Social Security, harming recipients. They repeatedly demand detailed funding math and dismiss the proposal as “woefully, ridiculously inadequate.” The other user’s response is a meme rather than substantive numbers, which likely reinforces the target user’s skepticism rather than shifting them toward support.""}"
ubi_380,1,"{""stance"":""negative"",""reasoning"":""The target user explicitly calls basic income a “bad idea,” says they would stop working if given enough for necessities, and repeatedly argues UBI would reduce labor participation and economic activity. They dismiss pro-UBI arguments as speculative and criticize supporting studies as biased or methodologically weak, indicating a strong and sustained negative stance with no sign of being persuaded during the conversation.""}"
ubi_397,0,"{""stance"":""positive"",""reasoning"":""The only content in the conversation is an image/meme framing UBI as empowering workers to leave “soul-crushing essential jobs” and “poverty wages,” portraying UBI as a beneficial tool that increases bargaining power. With no counterarguments or expressed skepticism from the target user, the implied stance after this exchange is supportive of UBI.""}"
ubi_406,9,"{""stance"":""negative"",""reasoning"":""The target user argues that a UBI ‘will never happen’ because it would require replacing existing welfare programs, which they believe is politically impossible and would trigger backlash. They also predict welfare programs would re-emerge over time, implying skepticism toward UBI’s feasibility and durability rather than support. Nothing in the conversation suggests they become more favorable afterward.""}"
ubi_407,0,"{""stance"":""negative"",""reasoning"":""The target user argues that a basic income ‘will never happen’ because it would require ending existing welfare programs, which they believe is politically impossible and would lead to backlash and eventual re-creation of programs. This reflects skepticism and opposition toward UBI as a viable policy, and nothing in the conversation indicates they were persuaded otherwise.""}"
ubi_410,3,"{""stance"":""negative"",""reasoning"":""The target user repeatedly rejects UBI’s purported benefits, especially the claim that $1k/month would meaningfully enable entrepreneurship. They call the entrepreneurship argument “ridiculous,” “nuttery,” and say it would mainly subsidize hobbies/scams rather than create “real businesses.” They show no movement toward acceptance during the exchange, remain dismissive of pro-UBI arguments, and only express agreement with nationalized healthcare as a separate issue, not as support for UBI.""}"
ubi_413,3,"{""stance"":""positive"",""reasoning"":""The target user argues that conventional paid work (e.g., a barista job) can be net harmful relative to staying home due to resource use and emissions, implying they favor decoupling survival from employment. In the context of the discussion—especially the UBI/climate framing in the meme—they align with the idea that people should be supported without needing ‘zero-value’ jobs, which is consistent with a pro-UBI stance.""}"
ubi_414,1,"{""stance"":""positive"",""reasoning"":""The target user argues that many paid jobs are not truly productive and suggests that forcing 'jobs for jobs sake' is wasteful. They explicitly entertain basic income as part of 'bigger thinking' beyond traditional Econ 101 frameworks, implying openness and support rather than skepticism. Nothing in the exchange indicates they moved away from that view, so their stance after the conversation is positive toward UBI.""}"
ubi_421,9,"{""stance"":""positive"",""reasoning"":""The target user strongly defends UBI against claims of inflation and budget collapse, calls opposing arguments misinformation, asserts that most economists support UBI, and provides multiple citations (Mankiw, Rogoff, Forbes) to bolster pro-UBI credibility. Their tone and effort indicate a supportive stance rather than neutrality or skepticism.""}"
ubi_423,0,"{""stance"":""negative"",""reasoning"":""The target user repeatedly argues that making benefits universal is strictly worse than targeted welfare, emphasizing that giving money to people who don’t need it is inefficient and harms those who do need it by diverting funds. They dismiss key pro-UBI justifications (reduced stigma, administrative savings) as weak or naive, and they press that children/poorer households should receive more rather than equal payments. Nothing in the conversation appears to shift them toward support; if anything, their responses become more forceful against UBI.""}"
ubi_424,4,"{""stance"":""positive"",""reasoning"":""The target user repeatedly defends UBI as preferable to means-tested welfare, emphasizing universality as essential to remove stigma, reduce bureaucracy, avoid prejudicial eligibility determinations, and eliminate perverse work disincentives. They explicitly say they don’t care if rich people like Bezos receive it, argue it would help those just above welfare thresholds, and cite Yang’s opt-in UBI framing positively. Their responses show strong, sustained support despite pushback, indicating a positive stance after the conversation.""}"
ubi_437,4,"{""stance"":""neutral"",""reasoning"":""The transcript shows multiple other users debating whether UBI would cause inflation and one sharing a pro-UBI meme, but the target user never speaks. With no explicit statements or reactions from the target user, there isn’t enough evidence to infer a positive or negative stance shift, so neutral is the safest prediction.""}"
ubi_438,9,"{""stance"":""neutral"",""reasoning"":""The target user never speaks in the provided transcript, so there is no explicit indication of their attitude toward UBI or how (if at all) the conversation affected them. The only content is another user posting a comic that mentions UBI, but without any response from the target user there’s insufficient evidence to infer a positive or negative stance change.""}"
ubi_439,3,"{""stance"":""negative"",""reasoning"":""The target user argues that even very low wages ($8/hr) can provide a comfortable life if someone chooses a cheap location and lifestyle (e.g., buying inexpensive desert land and living in a trailer). This frames financial hardship as largely solvable through personal relocation/choices rather than needing a policy like UBI, implying skepticism toward UBI’s necessity. The meme contrasting UBI with their advice further positions them as dismissive of UBI’s rationale.""}"
ubi_441,3,"{""stance"":""positive"",""reasoning"":""The target user challenges an anti-UBI claim by questioning the assumption that UBI would make it 'next to impossible to make decent money' and asks for specifics about the UBI amount. This skeptical pushback against negative framing implies openness to or support for UBI’s potential benefits (e.g., improved bargaining power), rather than opposition. There’s no indication they were persuaded by anti-UBI arguments in the thread, so their stance is best predicted as positive.""}"
ubi_444,1,"{""stance"":""positive"",""reasoning"":""The target user explicitly endorses combining a sales/consumption tax with a “guaranteed basic income” to make the tax non-regressive, and even frames it favorably as a tax rebate rather than welfare. Nothing in the subsequent replies shows the target user backing off that support; the pushback is from others, but there’s no evidence the target user changed their view. لذا their stance toward UBI after the conversation remains positive.""}"
ubi_445,3,"{""stance"":""neutral"",""reasoning"":""The transcript contains arguments both against UBI’s feasibility (very high cost, political difficulty) and in favor of it (simplicity vs bureaucracy, pro-poor effects, possible funding via taxes). The target user never speaks or signals agreement/disagreement with any side, so there isn’t enough evidence to infer a clear positive or negative stance shift. Defaulting to neutral.""}"
ubi_449,1,"{""stance"":""positive"",""reasoning"":""The target user explicitly endorses combining a consumption (sales) tax with a guaranteed basic income to make the tax non-regressive and frames the basic income as a desirable “tax rebate” alternative to welfare. Their tone is supportive and constructive toward implementing a basic income as part of a broader tax reform, indicating a positive stance after the conversation.""}"
ubi_455,9,"{""stance"":""neutral"",""reasoning"":""The target user presents a conservative rebuttal highlighting a key political/implementation risk: public backlash to recipients spending cash on \""undesirable\"" items could lead to demands for guidance and oversight, recreating welfare bureaucracy. They also reject restricted debit cards because that undermines UBI’s core appeal (simplicity and reduced bureaucracy). However, they do not clearly endorse or oppose UBI itself—acknowledging that some conservatives see it as better than the current system while emphasizing a practical obstacle—so their overall stance remains mixed/undecided rather than clearly positive or negative.""}"
ubi_457,3,"{""stance"":""positive"",""reasoning"":""The target user argues that a basic income would reduce the need to live in expensive cities by decoupling survival from proximity to jobs, and responds to rent-inflation concerns by proposing using UBI-enabled mobility/capital to buy land and build housing. Their comments treat UBI as enabling desirable choices and solutions rather than as a problem, indicating a supportive (positive) stance after the discussion.""}"
ubi_459,3,"{""stance"":""neutral"",""reasoning"":""The transcript only shows another user posting a meme that favors universal basic income over complex welfare bureaucracy. The target user never responds or expresses any view, so there’s no direct evidence of their stance or that the meme changed their opinion. With insufficient information, the best prediction is neutral.""}"
ubi_465,9,"{""stance"":""negative"",""reasoning"":""The target user repeatedly argues that UBI’s core premise is flawed: poverty is driven by lack of life/job skills, not just lack of cash. They emphasize that many recipients would spend payments on drugs or other non-essentials, leaving needs unmet and forcing society to maintain additional safety nets anyway. They explicitly prefer in-kind assistance (housing/groceries) over cash, suggesting they view UBI as ineffective and likely to recreate welfare-state problems rather than solve them.""}"
ubi_466,4,"{""stance"":""negative"",""reasoning"":""The target user explicitly criticizes UBI as flawed: they argue recipients will waste funds, that society would still need existing safety nets, and that poverty is driven more by lack of life/job skills than lack of cash. Nothing in the subsequent exchange appears to persuade them otherwise, so their stance remains negative after the conversation.""}"
ubi_470,4,"{""stance"":""positive"",""reasoning"":""The target user argues strongly in favor of basic income as an improvement over current welfare: simpler administration, equal treatment, reduced stigma, fewer budget battles, and especially eliminating the unemployment/benefits trap. While they express skepticism/uncertainty about universal healthcare and note not all UBI supporters favor it, that does not undermine their clearly supportive view of UBI itself. Nothing in the conversation indicates they were persuaded away from UBI.""}"
ubi_473,9,"{""stance"":""positive"",""reasoning"":""The target user consistently argues in favor of a basic income as an improvement over the current welfare system: simpler administration, equal treatment, eliminating the unemployment trap, reducing market distortions, and potentially replacing minimum wage. They rebut cost objections by emphasizing lower administrative burden and transparency, and they challenge critics to provide reasons UBI would be less sustainable. Overall their comments show clear support rather than ambivalence or opposition.""}"
ubi_474,9,"{""stance"":""positive"",""reasoning"":""The target user expresses interest in UBI, cites Mincome’s promising effects, argues current welfare spending is already an ongoing ‘experiment,’ and repeatedly pushes back against objections by suggesting UBI could be funded by reallocating existing welfare spending. They explicitly advocate for renewed small-scale trials and imply openness to broader implementation if outcomes are better than the status quo, indicating an overall favorable (though empirically minded) stance toward UBI.""}"
ubi_487,1,"{""stance"":""positive"",""reasoning"":""The target user explicitly states they are “all in favor of basic income ASAP” and reiterates support for state handouts being delivered in the “most efficient way possible” with minimal bureaucracy and control—core pro-UBI arguments. Although they object to taxation on ideological grounds and criticize leftists, they still prefer UBI as the practical policy given they believe handouts are inevitable, so their stance remains positive after the conversation.""}"
ubi_488,0,"{""stance"":""positive"",""reasoning"":""The target user explicitly states they are \""all in favor of basic income ASAP\"" and repeatedly defends UBI as the most efficient way to deliver inevitable state handouts, minimizing bureaucracy and control over spending. While they object to taxation on libertarian grounds and express cynicism about political feasibility and leftist involvement, these concerns don’t reverse their support; they still prefer UBI over other welfare forms.""}"
ubi_491,3,"{""stance"":""negative"",""reasoning"":""The target user explicitly rejects UBI (“It isn’t [reasonable]”) and argues it would not address basic concerns, would create dependency, and would function as a coercive control mechanism via suspensions/garnishments and administrative holds. They reinforce this view repeatedly and dismiss counterarguments, indicating a firmly negative stance after the conversation.""}"
ubi_498,1,"{""stance"":""positive"",""reasoning"":""The target user is actively proposing a modified basic income/minimum income scheme and explicitly frames it as a way to implement basic income while addressing a common criticism (reduced work incentives). This indicates they are broadly supportive of UBI in principle and are focused on making it politically/economically workable rather than rejecting it. The other user’s pushback doesn’t elicit any reversal from the target user, so their stance remains favorable.""}"
ubi_499,0,"{""stance"":""positive"",""reasoning"":""The target user is proposing a modified minimum income/UBI-style system (universal base plus earnings supplements) explicitly aimed at making such a program work better by preserving work incentives. That indicates support for the idea of providing a guaranteed income floor rather than opposition. The other user’s critique focuses on administrative complexity and argues for a simpler UBI, which may push the target user toward simplification, but it doesn’t provide evidence they’d turn against UBI itself. Overall, their stance remains favorable toward UBI/guaranteed income.""}"
ubi_527,9,"{""stance"":""negative"",""reasoning"":""The target user repeatedly argues UBI is inherently unaffordable and either too small to matter or too large to fund, calls it a “magical fairy tale” and “pie-in-the-sky fantasy,” and rejects a concrete proposal ($12k/year) as impossible due to ~$3T annual cost. Nothing in the exchange appears to move them toward acceptance; if anything, the back-and-forth reinforces their opposition.""}"
ubi_540,9,"{""stance"":""neutral"",""reasoning"":""The target user explicitly says they are open to considering basic income and came to be convinced, but also emphasizes needing a “good reason” because it could be a significant hit to their income. They push back against moral condemnation rather than endorsing or rejecting UBI on policy grounds. There’s no clear acceptance of UBI, but also no outright opposition—just skepticism and a demand for justification—so the most supported stance after the exchange is neutral.""}"
ubi_546,1,"{""stance"":""positive"",""reasoning"":""The target user explicitly endorses basic income multiple times, saying it would let him and his wife pursue education faster, improve their skills, and ultimately contribute more to society and stop needing ongoing assistance. He argues UBI is a better, time-limited path out of dependency than the current welfare system and rejects the opposing user’s premise, indicating he remains strongly supportive after the exchange.""}"
ubi_548,3,"{""stance"":""negative"",""reasoning"":""The target user repeatedly argues against UBI, emphasizing work-disincentive effects, reduced labor supply, and inflation that would erode real wages and trigger an unsustainable cycle. They also reject the premise that automation will create lasting mass unemployment and instead propose market adjustments (lower prices, fewer hours worked) as a solution. Nothing in the exchange suggests they were persuaded toward supporting UBI.""}"
ubi_559,1,"{""stance"":""negative"",""reasoning"":""The target user repeatedly argues against UBI, emphasizing that it is purely redistributive (“taken from Peter to pay Paul”), provides no stimulative effect, raises taxes that slow growth, and reallocates funds away from investment toward consumption in a way they view as harmful. Their tone is firm (“There is no free lunch”) and they rebut pro-UBI claims with counterarguments and citations, showing entrenched opposition rather than being persuaded.""}"
ubi_566,0,"{""stance"":""negative"",""reasoning"":""The target user argues that without financial pressure people won’t do unpleasant but necessary jobs, leading to higher labor costs, loss of competitiveness, bankruptcies, and economic ruin. They reject the idea that automation/robots will fill the gap broadly. The other user’s pro-UBI meme doesn’t elicit any shift from the target user, so their stance remains negative after the exchange.""}"
ubi_567,4,"{""stance"":""positive"",""reasoning"":""The target user frames increased public awareness and growing polling support for basic income as a major success and a “HUGE step forward,” indicating clear enthusiasm and optimism toward universal basic income rather than skepticism or neutrality.""}"
ubi_568,9,"{""stance"":""positive"",""reasoning"":""The target user frames the 22% support as meaningful progress, emphasizes growing coverage and awareness, and calls it a “HUGE step forward,” indicating clear optimism and support for basic income rather than skepticism or opposition.""}"
ubi_572,0,"{""stance"":""negative"",""reasoning"":""The target user argues that UBI would cause inflation by forcing wages to rise so people will still work, which would raise input costs and thus prices. They also state they would quit low-wage jobs if given a basic income, reinforcing their concern about labor supply and wage/price pressures. Nothing in the exchange indicates they were persuaded otherwise, so their stance remains negative.""}"
ubi_574,9,"{""stance"":""negative"",""reasoning"":""The target user argues that UBI would force wages up and therefore raise the prices of goods and services, explicitly concluding it would cause inflation and make things more expensive. Nothing in the conversation indicates they were persuaded away from this view, so their stance remains negative after the exchange.""}"
ubi_578,9,"{""stance"":""positive"",""reasoning"":""The target user is frustrated with the campaign strategy and the tendency to celebrate awareness over persuasion, but their comments assume UBI is a goal worth achieving and focus on how to win broader support. This indicates a supportive (pro-UBI) stance rather than neutrality or opposition.""}"
ubi_579,4,"{""stance"":""neutral"",""reasoning"":""The target user accepts the idea of a basic income but argues it should be introduced cautiously and capped below (or at most at) the poverty line. This indicates neither clear support nor outright opposition to UBI itself—more a skeptical/conditional stance focused on limiting its generosity and pace of implementation.""}"
ubi_581,4,"{""stance"":""negative"",""reasoning"":""The target user repeatedly characterizes the Swiss rejection as a strong negative signal for UBI’s prospects, emphasizes that voters understood it and still overwhelmingly rejected it, and argues that the main motivation behind UBI is “money for nothing,” preferring existing welfare systems instead. Nothing in the exchange suggests their view softened; if anything, they reinforce a skeptical/critical stance.""}"
ubi_584,9,"{""stance"":""neutral"",""reasoning"":""The target user does not provide any explicit opinion or reaction to universal basic income in the conversation. The only content is another user sharing a comic that mentions UBI as one option, but there is no message from the target user indicating agreement, disagreement, or any shift in attitude. With no evidence of the target user’s view after the exchange, the stance is best classified as neutral.""}"
ubi_590,3,"{""stance"":""positive"",""reasoning"":""The target user strongly endorses UBI, asserting it is unequivocally affordable (“the math is the easy part”) and counters concerns about housing inflation by citing census housing availability and arguing any rent increases wouldn’t undermine UBI’s goals. Their confident, argumentative defense indicates a clearly positive stance after the conversation.""}"
ubi_595,3,"{""stance"":""positive"",""reasoning"":""The target user repeatedly argues in favor of a universal basic income-like policy (they call it a “Universal Social Security” or “Universal Benefit”), describing it as a needed foundation that mitigates negative economic effects, reduces poverty, and improves welfare design by restructuring/streamlining existing programs. They provide detailed funding mechanisms, benefit levels, and policy rationale, defend it against the ‘strip entitlements’ critique, and even link to their own political campaign advocating this approach—indicating strong support rather than neutrality or opposition.""}"
ubi_596,0,"{""stance"":""positive"",""reasoning"":""The target user not only defends the concept of basic income but presents their own detailed proposal (“Citizen’s Dividend” / “Universal Social Security”), arguing it stabilizes the middle class and supports the poor. They discuss implementation via the Social Security Administration and describe economic mechanisms for sustainability, indicating endorsement rather than skepticism. Their critique is about labeling UBI as capitalist, not about opposing UBI itself.""}"
ubi_598,9,"{""stance"":""neutral"",""reasoning"":""The target user characterizes basic income as a capitalist approach to welfare, which is more a framing/critique than an endorsement. They don’t express support or opposition to implementing UBI, nor do they react to the pro-UBI meme with agreement or disagreement. With only this limited statement and no clear evaluative stance, the best prediction is neutral.""}"
ubi_601,4,"{""stance"":""positive"",""reasoning"":""The target user defends basic income against claims that it is “communism,” citing prominent conservative economists (Milton Friedman and Friedrich Hayek) as supporters. This indicates they view UBI favorably and as a legitimate, even market-friendly policy, with no evidence in the conversation of doubts or a shift away from that position.""}"
ubi_602,0,"{""stance"":""neutral"",""reasoning"":""The target user consistently argues that basic income/UBI is not communism and frames it as an administrative streamlining and even an “enhancement to the capitalist system.” However, they never express support for or opposition to implementing UBI on policy grounds (costs, benefits, desirability). Their engagement is focused on definitional/classification debate rather than endorsing UBI, so their stance toward UBI itself remains best classified as neutral.""}"
ubi_605,1,"{""stance"":""positive"",""reasoning"":""The target user repeatedly defends UBI against claims it would increase overdoses, arguing that poverty and despair drive destructive drug use and that a basic income would provide security and a way out. They rebut affordability objections, suggest adjusting UBI by region, and frame UBI as unambiguously increasing financial security with no-strings income. Overall their comments show a clearly supportive stance.""}"
ubi_606,1,"{""stance"":""positive"",""reasoning"":""The target user repeatedly defends UBI against claims it would increase overdoses, arguing that lack of money drives people to dangerous street drugs and despair-driven use. They explicitly state that a basic income provides security, planning ability, and a way out of financial insecurity, and they rebut objections about affordability and housing by suggesting adjustments by region. Overall their comments show a clearly supportive stance toward UBI.""}"
ubi_608,3,"{""stance"":""neutral"",""reasoning"":""The target user is strongly negative toward Georgism and land-value-tax-funded UBI, arguing it would turn government into a permanent landlord, be regressive, and harm homeowners/farmers. However, they also speak as if UBI could exist in a form they prefer (e.g., wage taxes being voluntary in a UBI society), indicating they are not rejecting UBI itself—mainly the Georgist framing/funding and associated property-tax implications. Since they never clearly endorse or oppose UBI in general, their post-conversation stance toward UBI is best predicted as neutral.""}"
ubi_613,4,"{""stance"":""neutral"",""reasoning"":""The target user strongly criticizes Georgism and land value taxation as regressive and unfair, but they do not directly reject universal basic income itself. Their concerns focus on the funding mechanism (perpetual land taxes, impact on homeowners/farmers) and distributional effects, and they even imply conditional openness to alternative arrangements (e.g., paying a mortgage-like payment rather than perpetual tax). The UBI meme presented by the other user doesn’t elicit an explicit reaction from the target, so there isn’t enough evidence they end up pro- or anti-UBI overall.""}"
ubi_614,9,"{""stance"":""positive"",""reasoning"":""The target user explicitly advocates for providing a basic income (“If we're going to give people a basic income…”) and frames UBI as a sensible policy goal, focusing their disagreement on how to fund it (preferring income/ability-to-pay taxation over land value taxes). They do not express skepticism about UBI itself, and despite being challenged, they maintain the pro-UBI position while arguing about funding mechanisms.""}"
ubi_640,4,"{""stance"":""negative"",""reasoning"":""The target user repeatedly rejects UBI as a basic right when it is funded by taking from others (taxation/redistribution), calling it negating others’ rights and likening it to theft. While they allow conditional support for a UBI only if it is funded entirely by fully automated, non-human labor wealth (robots/AI), the conversation ends with them reaffirming their hard line and skepticism (including concerns about defining 'hoarding'). Overall, their post-conversation stance toward UBI in the typical policy sense is negative, with only a narrow hypothetical exception.""}"
ubi_644,4,"{""stance"":""positive"",""reasoning"":""The target user advocates for a “post-work” political movement aiming at “100% unemployment,” implying strong support for a future where paid work is unnecessary. In this context, universal basic income is the standard policy associated with enabling a post-work society, and the meme explicitly frames UBI as the alternative the target user is choosing away from only rhetorically. Overall, their expressed preference aligns with pro-UBI sentiment rather than opposition.""}"
ubi_646,0,"{""stance"":""positive"",""reasoning"":""The target user consistently argues in favor of basic income/UBI as a democratic game-changer, explicitly saying it would improve democracy and is becoming a necessity as standard jobs disappear. They dismiss concerns about an ‘idle population,’ cite research suggesting most people will still be productive, and justify UBI on automation, shared technological heritage, and natural resources. The conversation does not show them being persuaded away from UBI; if anything, they reinforce their pro-UBI stance while countering objections about productivity and ‘risk.’""}"
ubi_647,0,"{""stance"":""positive"",""reasoning"":""The target user repeatedly argues in favor of a basic income/UBI as a democratic game-changer that would free people’s time for political engagement, enable broader participation in governance, and create backlash capacity against corruption. They explicitly dismiss concerns about idleness, stating the economy exists for people and that research suggests most will still be productive, and they frame UBI as increasingly necessary due to automation. They also justify UBI as grounded in collective technological/cultural inheritance and natural resources, showing strong ideological support rather than ambivalence.""}"
