conv_id,response
ubi_0,"{""stance"":""positive"",""reasoning"":""The target user explicitly endorses UBI as “a great safety net for people in poverty” and agrees with pro-UBI arguments. While they raise a concern about rent inflation from landowners, they engage constructively by asking about policy complements (rent/mortgage regulation, land value tax) rather than rejecting UBI. Overall, their comments indicate support with caveats, i.e., a positive stance after the conversation.""}"
ubi_1,"{""stance"":""positive"",""reasoning"":""The target user argues against the idea that UBI would universally raise prices, emphasizing competition as a check on inflation and noting they have already shifted away from the inflation-fear view (“I used to think this, but…changed my perception”). While they concede some price increases could occur in low-competition/regulated necessity sectors (rent, cable/internet), they still largely defend UBI against the main criticism raised in the conversation and do not express opposition to UBI itself. The exchange ends with them acknowledging limited risks rather than reversing their position, indicating an overall favorable stance.""}"
ubi_3,"{""stance"":""positive"",""reasoning"":""The target user repeatedly argues that large-scale automation/AI displacement is likely and that society should proactively “experiment with safety nets” like universal basic income. They defend Andrew Yang’s Freedom Dividend as a potentially necessary first step, caution against demonizing it, and explicitly call for testing UBI at larger scale. They also include “Basic Income” as a core component of their envisioned future economy. Overall, their comments indicate clear support for UBI rather than neutrality or opposition.""}"
ubi_5,"{""stance"":""positive"",""reasoning"":""The target user defends the idea that people should still receive the money even if they misuse it, framing it as a right and arguing that existing institutions (school/CPS, criminal justice) should handle neglect rather than restricting payments. This indicates support for UBI and rejection of the misuse objection.""}"
ubi_6,"{""stance"":""neutral"",""reasoning"":""The target user never speaks in the transcript, so there’s no direct evidence of their prior or updated view. The conversation contains strong arguments both against UBI (cost, sustainability, inflation/greed, universality vs means-testing, redundancy with other programs) and in favor (means-testing, running alongside other programs, quality-of-life and labor-market benefits), with no indication which side the target user finds persuasive. With insufficient evidence of the target user’s reaction or alignment, the safest prediction is neutral.""}"
ubi_7,"{""stance"":""neutral"",""reasoning"":""The target user only confirms how a Negative Income Tax (NIT) scheme would work and does not express approval or disapproval of UBI. They are positioned as advocating/explaining NIT, and another user challenges them by suggesting UBI could be simpler/equivalent, but the target user does not respond with acceptance or rejection. With no explicit evaluative language and only an implied preference for NIT (without stated reasons), there isn’t enough evidence to conclude a positive or negative stance toward UBI after the conversation.""}"
ubi_8,"{""stance"":""positive"",""reasoning"":""The target user pushes back strongly against the idea that welfare inevitably erodes responsibility, saying the claim “needs defending,” and then explicitly argues that people are “better able to be personally responsible in a robust welfare state.” They also frame current policy as failing to address dependency and causing poverty-related social problems, and suggest increasing market difficulty makes self-sufficiency harder—implying support for stronger guaranteed support. Although UBI is not named, these statements align with a pro-UBI stance (favoring broad, durable income support rather than limited aid). The other user’s counterarguments don’t appear to sway the target user within the transcript.""}"
ubi_9,"{""stance"":""positive"",""reasoning"":""The target user pushes back against anti-UBI arguments and provides multiple pro-UBI motivations for continued work (prestige/status, higher consumption from wages beyond UBI, and personal fulfillment). They treat collapse as avoidable (“Why WOULD this happen?”) and frame UBI as increasing collective happiness and appreciation, indicating a supportive stance rather than skepticism or neutrality.""}"
ubi_10,"{""stance"":""negative"",""reasoning"":""The target user repeatedly and emphatically argues against UBI on fiscal, political, and practical grounds: they call it unsustainable, implausible to fund (~$2T), politically impossible, inflationary over time, worse than targeted entitlements, and harmful to people with special needs if it replaces existing programs. In the automation discussion, they reject the premise that automation necessitates UBI, framing it as a recurring ‘luddite’ fear and insisting workers can retrain as in past technological shifts. Nothing in the exchange indicates softening; if anything, the pushback reinforces their anti-UBI position.""}"
ubi_11,"{""stance"":""negative"",""reasoning"":""The target user repeatedly argues strongly against UBI on feasibility and sustainability grounds: they emphasize the massive implied cost (~$2T/year), political impossibility of the required tax hikes/cuts, and believe it would be less sustainable than targeted entitlements. They reject reframing UBI as means-tested (calling that not universal), argue that stacking it with existing programs would crash the economy, and predict long-run inflationary/political pressure to raise benefits leading to collapse. The other users’ counterarguments (means testing, replacing programs, low admin costs, capping near poverty) do not appear to move the target user; they respond by doubling down on cost/scale and resource-funding constraints. Overall, the conversation reinforces a negative stance rather than shifting it.""}"
ubi_12,"{""stance"":""negative"",""reasoning"":""The target user repeatedly argues against UBI on fiscal and political feasibility grounds (multi-trillion-dollar cost, implausible tax hikes/cuts), sustainability (would \""crash the economy,\"" less sustainable than targeted entitlements), and incentive/inflation dynamics (expects pressure to continually raise payments and prices). When challenged, they double down—rejecting means-testing as not truly universal, rejecting running UBI alongside existing programs as impossible, and reiterating that the scale dwarfs major budgets and that resource-poor, high-population countries can’t fund it like Gulf states. Nothing in the exchange suggests they softened; if anything, the back-and-forth reinforces their opposition.""}"
ubi_15,"{""stance"":""positive"",""reasoning"":""The target user repeatedly defends UBI and counters objections on political feasibility, sustainability, inflation, and interaction with other welfare programs. They argue UBI can be means-tested, can coexist with existing programs, should track inflation, can be funded by cutting defense/waste, and would improve quality of life, wages, and worker stress. Even after pushback from the other user, the target user’s expressed position remains strongly supportive rather than wavering, indicating a positive stance toward UBI after the conversation.""}"
ubi_16,"{""stance"":""positive"",""reasoning"":""The target user repeatedly defends UBI against multiple critiques, arguing it can be means-tested, can coexist with other welfare programs, should adjust with inflation, is sustainable if spending priorities (e.g., defense) are reduced, and would improve quality of life, wages, and worker stress. Their language is clearly supportive and advocacy-oriented, and nothing in the conversation shows them conceding or shifting away from support after the cost-focused rebuttal.""}"
ubi_18,"{""stance"":""negative"",""reasoning"":""The target user pushes back strongly on UBI’s feasibility and framing. They insist that means-testing makes it ‘not UBI,’ then present back-of-the-envelope calculations showing a poverty-level universal payment would cost about $2.3T/year—around 14% of GDP and ~72% of 2016 federal revenues—explicitly rejecting the idea that this could be funded by trimming ‘billions’ from defense/other areas. Their tone and argumentation indicate skepticism and opposition rather than openness, and nothing in the exchange suggests they were persuaded toward supporting UBI.""}"
ubi_20,"{""stance"":""positive"",""reasoning"":""The target user strongly defends UBI (specifically Yang’s Freedom Dividend) throughout the conversation, rebutting objections about fairness, VAT clawback, dependence on government, and “neo-feudalism.” They argue UBI increases freedom to refuse exploitative work, can coexist with targeted welfare for high-need cases, and provide detailed funding/math to show it’s feasible and revenue-neutral or better. Nothing in the exchange suggests their support weakens; if anything, they become more committed and detailed in advocating for it.""}"
ubi_21,"{""stance"":""neutral"",""reasoning"":""The target user only defends Yang’s proposal by noting there is a separate plan for single parents and linking to it. They don’t explicitly endorse or criticize universal basic income itself, nor do they engage with the broader objections about regressivity, welfare overlap, or VAT impacts. Their comment suggests mild openness to the policy framework but provides insufficient evidence of a clearly positive or negative stance toward UBI overall after the exchange.""}"
ubi_22,"{""stance"":""neutral"",""reasoning"":""The target user never speaks in the transcript, so there’s no direct evidence of their view on UBI or any shift after the conversation. While another participant expresses conditional support for UBI, we can’t reliably infer the target user’s stance or that they were persuaded in any direction.""}"
ubi_24,"{""stance"":""neutral"",""reasoning"":""The transcript contains only messages from other users. The target user never speaks, so there’s no direct evidence of their opinion or any reaction indicating they were persuaded. Without any explicit stance or behavioral cue from the target user, the safest prediction is neutral.""}"
ubi_25,"{""stance"":""positive"",""reasoning"":""The target user explicitly defends UBI against the claim that it discourages work, arguing that unlike means-tested welfare it removes the productivity trap, preserves incentives to earn more, and provides a non-torturous safety net that enables people to pursue work, skills, or entrepreneurship. Their tone is confident and pro-UBI, and nothing in the later exchange indicates they were swayed away from that position.""}"
ubi_27,"{""stance"":""neutral"",""reasoning"":""The transcript contains no substantive statements from the target user (or anyone else) about universal basic income—only a placeholder line from another user. With no evidence of the target user’s views or any persuasive interaction that could shift them, the safest prediction is neutral.""}"
ubi_28,"{""stance"":""neutral"",""reasoning"":""The target user never speaks in the transcript, so there’s no direct evidence of their view on universal basic income. While other participants provide pro-UBI arguments and discuss design concerns (child credits, incentives), there’s nothing showing how the target user reacts or whether they are persuaded. With insufficient evidence of the target user’s position or any change in it, the best prediction is neutral.""}"
ubi_29,"{""stance"":""neutral"",""reasoning"":""The transcript contains no messages from the identified [TARGET USER], only statements from other users debating UBI. Without any explicit indication of the target user’s views or reactions, there isn’t enough evidence to infer whether they end up supportive or opposed after the conversation, so the safest classification is neutral.""}"
ubi_30,"{""stance"":""neutral"",""reasoning"":""The target user never appears in the transcript or expresses any view. With no evidence of their prior stance or reaction to the other user's negative comments about UBI, there isn’t enough information to infer a positive or negative position, so the safest prediction is neutral.""}"
ubi_32,"{""stance"":""positive"",""reasoning"":""The target user explicitly argues in favor of universal basic income (especially via a negative income tax), listing multiple benefits (simplifying welfare/taxes, reducing poverty traps, improving labor-market outcomes, supporting intrinsic motivation, reducing homelessness/hunger) and dismissing the concern that people will stop working. Even after being challenged on costs and program replacement (healthcare, education, housing), the target user responds by defending feasibility through reallocating existing welfare/tax expenditures and progressive taxation, indicating continued support rather than retreat or uncertainty. The conversation provides no sign they moved toward neutrality or opposition.""}"
ubi_35,"{""stance"":""positive"",""reasoning"":""The target user strongly endorses universal basic income, arguing it is historically mainstream, best implemented as a negative income tax, and would reduce welfare/tax complexity, poverty traps, and improve incentives and labor-market outcomes. They explicitly rebut the main objection (people won’t work), cite evidence from experiments, and close by expressing a clear normative desire for a society without homelessness and hunger—indicating a firmly positive stance that is not undermined by the other user’s cost-of-living concern.""}"
ubi_37,"{""stance"":""positive"",""reasoning"":""The target user strongly endorses universal basic income in the form of a negative income tax, calling it “optimal,” and provides multiple detailed pro-UBI arguments (simplifying welfare/taxes, reducing poverty traps, improving incentives, supporting labor-market transitions, and preventing homelessness/hunger). The other user’s skepticism doesn’t elicit any softening from the target user in the transcript, so the most likely stance after the conversation remains clearly positive.""}"
ubi_39,"{""stance"":""positive"",""reasoning"":""The target user strongly advocates for a basic income implemented as a negative income tax, listing multiple benefits (reducing welfare bureaucracy, avoiding welfare traps, improving long-term decision-making, supporting retraining amid job loss, maintaining demand, and reducing homelessness/hunger) and explicitly dismisses the main objection that people would stop working. Their tone is confident and normative in favor of adoption, indicating a clearly positive stance after the conversation.""}"
ubi_40,"{""stance"":""negative"",""reasoning"":""The target user repeatedly attacks the idea of universal/basic income as a “deeply problematic meme,” arguing it’s based on naive ceteris paribus thinking, would enable technocratic reshuffling of the economy, and—most importantly—would centralize control of people’s sustenance in a single bureaucratic entity prone to political abuse. Their tone is strongly hostile throughout and nothing in the exchange suggests softening or openness to UBI; if anything, they double down on opposition.""}"
ubi_43,"{""stance"":""positive"",""reasoning"":""The target user consistently defends universal basic income as a serious, mainstream policy, explicitly citing economist support (including Milton Friedman), arguing it is more efficient than existing welfare programs, useful for Keynesian stimulus, and unlikely to cause mass work withdrawal. They rebut criticisms as illogical or politically/economically illiterate and show no movement toward doubt by the end of the exchange, so their post-conversation stance remains clearly supportive.""}"
ubi_45,"{""stance"":""positive"",""reasoning"":""The target user defends universal basic income as a limited, poverty-line-level cash transfer that would cover only basic necessities and would not eliminate incentives to work for higher living standards. They repeatedly clarify misconceptions and argue it wouldn’t fund luxuries like a large house, indicating a generally supportive stance rather than opposition or skepticism.""}"
ubi_46,"{""stance"":""neutral"",""reasoning"":""The transcript contains only messages from other users; the target user never speaks, so there’s no direct evidence of their views on universal basic income or how they react to the arguments presented. Without any target-user statements or reactions, the safest prediction is neutral.""}"
ubi_47,"{""stance"":""neutral"",""reasoning"":""The target user doesn’t express support or opposition to universal basic income itself; instead they challenge a specific design (adults-only UBI) by raising concern about children being excluded. The tone is sarcastic, but it indicates a welfare/coverage concern rather than a clear anti-UBI position. Since they don’t endorse UBI or reject it outright after the exchange, the most supported classification is neutral.""}"
ubi_48,"{""stance"":""neutral"",""reasoning"":""The target user never speaks in the provided transcript, so there is no direct evidence of their view on universal basic income or any reaction to the other user’s conditional support. With insufficient information to infer a shift in attitude, the most reliable classification is neutral.""}"
ubi_50,"{""stance"":""positive"",""reasoning"":""The target user repeatedly defends basic income against the “socialistic” label, frames it as compatible with Friedman/libertarian thinking, and emphasizes its efficiency and autonomy (“here’s money. Find a roof…”). They provide a citation to support the claim that Friedman/libertarians advocated it, and while acknowledging possible market distortions, they respond with proposed mitigations rather than backing away. Nothing in their replies indicates a shift away from support; if anything, they become more committed by rebutting objections and offering policy complements.""}"
ubi_51,"{""stance"":""neutral"",""reasoning"":""The target user never speaks in the transcript, so there’s no direct evidence of their view. The conversation presents a strong pro-UBI/NIT case followed by a skeptical rebuttal based on personal experience with welfare misuse and work disincentives. With no indication of how the target user reacts or which side they find persuasive, the safest prediction is that their stance remains undetermined/neutral after the exchange.""}"
ubi_52,"{""stance"":""neutral"",""reasoning"":""The target user repeatedly clarifies they are not advocating for or against UBI and that their spreadsheet was exploratory to see if it might be workable. They acknowledge potential flaws and fairness issues and even note they’d personally take a financial hit, but they do not endorse or reject the policy itself. Despite being confronted with strongly anti-UBI arguments, the target user focuses on defending the legitimacy of preliminary analysis rather than adopting a pro- or anti-UBI position, so their post-conversation stance remains essentially undecided/neutral.""}"
ubi_54,"{""stance"":""neutral"",""reasoning"":""The target user never appears in the transcript and provides no explicit opinion about universal basic income/negative income tax. While other users argue strongly in favor and one raises a concern about reduced work incentives, there’s no evidence of how the target user reacts or is persuaded. With insufficient information about the target user’s post-conversation view, the best prediction is neutral.""}"
ubi_55,"{""stance"":""neutral"",""reasoning"":""The target user never speaks in the transcript, so there’s no direct evidence of their views on universal basic income or any reaction to the pro-UBI arguments being made. Without any expressed agreement, disagreement, or engagement indicating persuasion, the safest prediction is neutral.""}"
ubi_56,"{""stance"":""positive"",""reasoning"":""The target user argues in favor of implementing a basic income via a negative income tax (NIT), discussing concrete funding mechanisms (combining regressive taxes with progressive income tax, wealth tax ideas) and policy design safeguards (keeping a minimum wage to avoid it becoming a business subsidy). Their comments assume UBI/NIT is desirable and focus on how to make it workable rather than questioning its premise. Although another user challenges their economics, there’s no sign the target user concedes or shifts away, so their stance remains supportive.""}"
ubi_57,"{""stance"":""neutral"",""reasoning"":""The target user expresses mixed views: they like the idea in principle (they would quit hated work if they had a basic income, and their “optimistic side” sees it as the future with automation), but they also emphasize it’s unproven, needs more refinement, and worry people still need motivation. They explicitly want to see real-world implementation (e.g., Switzerland) before endorsing it. Overall this indicates an uncertain, wait-and-see position rather than clearly positive or negative.""}"
ubi_58,"{""stance"":""neutral"",""reasoning"":""The target user never speaks in the transcript, so there’s no direct evidence of their view on UBI or any reaction to the arguments presented. While other participants debate pros/cons (work incentives, meaning, minimum wage replacement), we can’t reliably infer how the target user would be influenced. With insufficient evidence, the safest prediction is neutral.""}"
ubi_60,"{""stance"":""positive"",""reasoning"":""The target user explicitly endorses a “major benefit” of basic income—broad-based support because “almost everyone benefits”—and frames opposition as limited to the super wealthy facing higher luxury taxes. This is supportive language that reinforces the pro-UBI arguments in the thread rather than expressing doubts or neutrality.""}"
ubi_61,"{""stance"":""neutral"",""reasoning"":""The target user never speaks in the transcript, so there’s no direct evidence of their view on universal basic income or any shift after the exchange. While other users present a pro-UBI argument (simplicity, less bureaucracy), we can’t reliably infer the target user adopted it.""}"
ubi_62,"{""stance"":""neutral"",""reasoning"":""The target user expresses mixed feelings: they acknowledge that a basic income could be beneficial (e.g., enabling people to leave hated jobs and possibly being an inevitable response to automation), but they also emphasize uncertainty and concern about whether it would work in practice and whether people would remain motivated/productive. They explicitly say it is “certainly unproven” and want to see more evidence (e.g., Switzerland implementing it). This combination of tentative optimism and significant reservations indicates an overall neutral stance after the conversation.""}"
ubi_64,"{""stance"":""positive"",""reasoning"":""The target user engages constructively with UBI/NIT design, arguing most people would still work if the phase-out rate is modest and citing research suggesting labor-supply impacts aren’t catastrophic. This indicates a generally supportive, pro-UBI stance focused on implementation details rather than opposition.""}"
ubi_65,"{""stance"":""neutral"",""reasoning"":""The target user never appears in the transcript, so there’s no direct evidence of their views. The discussion presents both concerns about unintended consequences (inflation, wage effects, safety nets) and counterarguments suggesting basic income could raise wages for undesirable work and reduce the need for additional safety nets. With no indication of how the target user reacts to these points, the most defensible prediction is neutral.""}"
ubi_68,"{""stance"":""positive"",""reasoning"":""The target user repeatedly defends UBI against cost and universality objections, proposes implementation details (excluding many groups from the headline 300M figure, adjusting payments for parents/children), and contrasts it favorably with welfare by arguing welfare is conditional and withdrawn when recipients improve. They acknowledge common criticisms as expected and do not concede the core idea; despite the conversation becoming hostile, their replies remain pro-UBI and committed to making it work rather than expressing doubt.""}"
ubi_69,"{""stance"":""positive"",""reasoning"":""The target user pushes back against common anti-UBI objections by questioning the cost estimate and arguing the eligible population (and thus total cost) would be lower, suggesting they see UBI as feasible. They also indicates a normative preference for implementing UBI at least for minors and some exceptions, which reflects support for the concept even if their version is not fully universal. Nothing in the conversation shows them being persuaded into opposition; overall their stance remains supportive.""}"
ubi_70,"{""stance"":""positive"",""reasoning"":""The target user repeatedly defends UBI against cost and feasibility critiques (arguing the recipient pool could be smaller than claimed, correcting the claim that it has “never been tried,” and insisting time-limited trials still count as meaningful experiments). Their responses are argumentative in support of the concept rather than skeptical, and nothing in the exchange indicates they were persuaded toward opposition or doubt. Overall they come across as pro-UBI after the conversation.""}"
ubi_71,"{""stance"":""positive"",""reasoning"":""The target user repeatedly defends basic income against concerns raised by others, arguing it would increase workers’ bargaining power and likely raise (not lower) wages for undesirable jobs because people wouldn’t be forced to accept bad pay. They also dismiss the idea of additional safety nets for addicts/gamblers and push back on the inflation/price-rise argument by questioning assumptions about profits and price increases. Overall, their tone is supportive and they reason in favor of UBI’s benefits, with only mild openness to being wrong, indicating a net positive stance after the conversation.""}"
ubi_72,"{""stance"":""positive"",""reasoning"":""The target user defends key pro-UBI claims: they argue wages for undesirable work would need to rise because BI reduces desperation to accept low pay, and they reject the idea that BI would necessitate additional safety nets for addicts/gamblers. Their tone is supportive and analytical, and nothing in the exchange appears to shift them away from that view; they continue engaging in a way consistent with endorsing BI’s labor-market effects.""}"
ubi_74,"{""stance"":""positive"",""reasoning"":""The target user consistently defends UBI against concerns raised by others. They argue that with a basic income people wouldn’t be forced into low-paid work, so undesirable jobs would need to offer higher wages to attract workers, indicating they see UBI as empowering workers rather than depressing wages. They also dismiss the idea that UBI would require additional safety nets for addicts/gamblers. Their tone is supportive and analytic, with only mild openness to being wrong but no expressed shift toward skepticism after the conversation.""}"
ubi_75,"{""stance"":""positive"",""reasoning"":""The target user defends universal basic income against concerns raised by another participant. They argue BI would likely increase (not decrease) wages for undesirable menial work because workers could refuse low pay if their basic needs are met, indicating they see BI as empowering and improving labor conditions. They also dismiss the idea that BI would necessitate additional safety nets for addicts/gamblers. While they acknowledge uncertainty (“maybe… I might be wrong”), their overall framing is supportive and optimistic toward BI’s effects, so their stance is best predicted as positive.""}"
ubi_78,"{""stance"":""positive"",""reasoning"":""The target user repeatedly defends basic income against concerns raised by others: they argue BI would likely increase (not decrease) wages for undesirable jobs by shifting bargaining power to workers, reject the idea that BI would require extra safety nets for addicts/gamblers, and downplay inflation concerns as likely not significant relative to the benefits. Even when conceding inflation could raise prices of essentials, they still conclude it would be an improvement for poor people. Overall their comments indicate a supportive stance after the conversation.""}"
ubi_80,"{""stance"":""neutral"",""reasoning"":""The transcript contains only other users raising concerns and questions about universal basic income; the target user does not speak or reveal any view. Without any explicit response or evidence of how the target user is influenced by the discussion, their post-conversation stance cannot be inferred beyond neutral.""}"
ubi_81,"{""stance"":""negative"",""reasoning"":""The target user repeatedly rejects the premise of universal basic income, framing it as forcing them to pay for others’ lifestyles and as an unearned “free ride.” They emphasize that people must “earn a living,” accuse proponents of entitlement, and state that those who refuse to be productive “deserve to starve in the cold.” Even when confronted with automation and reduced social mobility arguments, they double down on personal responsibility and fairness-as-reality (“life ain’t fucking fair”), citing their own rise from poverty as evidence. Nothing in the exchange suggests softening; if anything, the discussion entrenches their opposition.""}"
ubi_82,"{""stance"":""neutral"",""reasoning"":""The target user treats UBI and a negative income tax as essentially equivalent and asks clarifying questions rather than endorsing or rejecting the policy. They don’t express approval or disapproval of UBI itself, and the subsequent pro-UBI claim about pay parity is from another user with no recorded reaction from the target user. With no clear evidence of persuasion or a shift, the most supported stance is neutral.""}"
ubi_83,"{""stance"":""neutral"",""reasoning"":""The target user did not speak in the provided transcript, so there is no direct evidence of their view on universal basic income or any change in attitude after the conversation. With only another user's skepticism present, the safest prediction is that the target user's stance cannot be determined and is therefore neutral.""}"
ubi_84,"{""stance"":""positive"",""reasoning"":""The target user defends basic income as a way to reduce crime by changing incentives: if basic needs are covered, low-wage work must become more attractive and criminal activity becomes less appealing. They argue many people engage in crime due to economic desperation and that UBI would help people ‘get ahead’ through legitimate means. Nothing in the later exchange suggests they back off this view; they continue to push against framing poverty/criminality as intrinsic irrationality, reinforcing their pro-UBI rationale.""}"
ubi_85,"{""stance"":""neutral"",""reasoning"":""The target user never speaks in the provided transcript, so there’s no explicit indication of their view on universal basic income. The only content is another user raising open-ended questions about possible economic and social side effects, which reads as cautious/analytical rather than clearly pro- or anti-UBI. With no evidence of the target user’s reaction or prior stance, the safest prediction is neutral.""}"
ubi_87,"{""stance"":""neutral"",""reasoning"":""The transcript contains only an [OTHER USER] expressing skepticism about universal basic income, and there are no statements from the [TARGET USER] at all. Without any explicit response or evidence of how the target user reacts to or is influenced by the comment, the target user’s stance cannot be determined and is best classified as neutral.""}"
ubi_89,"{""stance"":""negative"",""reasoning"":""The target user repeatedly challenges core premises of UBI: they argue it ‘doesn’t work,’ emphasize that true lifelong UBI has never been tried, and treat the temporary nature of pilots as a fatal confound that undermines positive evidence. Their tone is skeptical and dismissive, and they end the exchange unconvinced, indicating a negative stance after the conversation.""}"
ubi_90,"{""stance"":""positive"",""reasoning"":""The target user repeatedly defends universal basic income against the claim that it would reduce work. They emphasize a key pro-UBI argument—removing welfare cliffs/perverse incentives—by noting that under UBI people keep the basic income even if they earn more, so additional work is rewarded rather than punished. Their tone is corrective and supportive of UBI’s design, and nothing in the exchange suggests they become more skeptical afterward.""}"
ubi_91,"{""stance"":""neutral"",""reasoning"":""The target user expresses a basic defining view of UBI—setting it at the minimum needed for survival—but does not clearly endorse or oppose implementing it, nor engage with the economic/moral objections raised. Their comment is descriptive and leaves key details unresolved, so there isn’t enough evidence of a positive or negative stance after the exchange.""}"
ubi_92,"{""stance"":""neutral"",""reasoning"":""The target user never speaks in the provided transcript, so there’s no direct evidence of their prior stance or any change after the exchange. While the other user presents mildly pro-UBI evidence (small labor supply reductions with potential benefits), we can’t reliably infer that the target user accepts it or shifts position. With insufficient information about the target user’s reaction, the best prediction is neutral.""}"
ubi_93,"{""stance"":""negative"",""reasoning"":""The target user repeatedly argues that a basic income would trigger broad inflation due to increased demand against limited supply, leading to a self-reinforcing cycle where BI must rise to keep up, further fueling inflation. They cite historical hyperinflation examples (Weimar, Zimbabwe, Venezuela, Russia) and conclude, \""I don't see how it might work well for anyone.\"" They remain unconvinced by others’ points about redistribution vs printing and eventual price equilibrium, continuing to press the inflation argument through the end of the conversation.""}"
ubi_94,"{""stance"":""negative"",""reasoning"":""The target user repeatedly argues that universal basic income would trigger significant inflation and a self-reinforcing cycle (higher wages → higher prices → need to raise BI → more inflation). They cite historical hyperinflation examples (Weimar Republic, Zimbabwe, Venezuela, Russia in the 90s) and insist that when people have more money, prices “ALWAYS go up,” emphasizing supply limits and dismissing others as underestimating this. Their concluding remarks maintain skepticism and do not show openness to being persuaded, indicating a negative stance after the conversation.""}"
ubi_97,"{""stance"":""positive"",""reasoning"":""The target user repeatedly defends the idea of a basic income as a necessary safety net (“enough to get by on… a roof… food”), explicitly rejects the framing that it funds luxuries, and argues it will be crucial as automation displaces large segments of workers. Throughout the exchange they become more forceful in favor of societal measures to increase fairness and prevent mass poverty/homelessness, indicating a clearly supportive stance toward UBI rather than neutral or negative.""}"
ubi_98,"{""stance"":""positive"",""reasoning"":""The target user explicitly advocates for a basic income multiple times, stating they want a minimum income to prevent homelessness and that no one should be homeless even if unemployed. They frame it as a desirable blend of socialism and capitalism and defend the idea against objections (e.g., squandering is on the recipient). This indicates a clearly positive stance toward universal basic income after the conversation.""}"
ubi_100,"{""stance"":""positive"",""reasoning"":""The target user repeatedly defends a basic income/UBI, arguing it wouldn’t make people lazy, that $1000/month is only enough for basic necessities, and that it would primarily help the poor. They also express support for social programs and give a personal example of how a stronger welfare/benefits system enabled entrepreneurship and job creation. They reject the idea they’d stop working under UBI and view it as a helpful safety net rather than a handout, indicating an overall positive stance after the conversation.""}"
ubi_101,"{""stance"":""positive"",""reasoning"":""The target user defends universal basic income, questioning the stereotype that it makes people lazy and arguing that people would still pursue success, relationships, and higher living standards beyond a base payment. Their framing is supportive and suggests they see basic income as enabling a better life rather than discouraging work.""}"
ubi_102,"{""stance"":""positive"",""reasoning"":""The target user pushes back against the idea that poor people will stop working unless coerced by threat of starvation, criticizing that assumption as a caricature. This aligns with a pro-UBI framing that people’s labor decisions aren’t purely driven by desperation and that providing an income floor doesn’t inherently destroy work incentives. They do not express concerns about inflation, costs, or fairness, and their only explicit contribution defends the poor against anti-UBI incentive arguments, indicating a more favorable stance toward UBI after the exchange.""}"
ubi_103,"{""stance"":""neutral"",""reasoning"":""The target user never speaks in the transcript, so there’s no direct evidence of their view. While other participants raise both skepticism (unintended consequences, moral hazard, government reliance) and a pro-UBI argument (efficiency, market-aligned), there’s no indication of how the target user reacts or which arguments persuade them. With insufficient evidence of the target user’s post-conversation position, the safest prediction is neutral.""}"
ubi_105,"{""stance"":""neutral"",""reasoning"":""The transcript contains only remarks from other users expressing concerns and questions about unintended consequences and moral hazard. The target user does not appear to speak, so there’s no direct evidence of their view or any observable shift in stance. With insufficient information about the target user’s reaction, the best prediction is neutral.""}"
ubi_106,"{""stance"":""neutral"",""reasoning"":""The target user does not appear in the transcript and makes no explicit statements about universal basic income. The only content shown is another user raising open-ended concerns and questions, which signals uncertainty but does not provide evidence of the target user adopting a positive or negative view. With no direct input or reaction from the target user, the most defensible prediction is neutral.""}"
ubi_107,"{""stance"":""positive"",""reasoning"":""The target user repeatedly defends universal basic income as a preferable policy: they argue against targeted aid like food stamps, emphasize that economists favor fewer restrictions, and explicitly state UBI’s purpose is to replace existing welfare with a simpler system with fewer loopholes. Their responses push back on incremental SNAP expansion and reaffirm the conceptual advantages of UBI, indicating a clearly positive stance after the conversation.""}"
ubi_108,"{""stance"":""neutral"",""reasoning"":""The target user repeatedly expresses concern that many people would choose not to work if given a basic income, indicating skepticism about UBI’s labor incentives. However, they also explicitly criticize the current welfare system as “terrible” and ask for explanations with an open mind (“I’m all ears”), showing they are not firmly opposed. The conversation provides a pro-UBI counterargument (removing benefit cliffs), but the target user’s last response still centers on the worry that people may opt out of work, without conceding. Overall, this leaves them unconvinced but not definitively anti-UBI.""}"
ubi_112,"{""stance"":""neutral"",""reasoning"":""The transcript contains no statements from the target user (and no discussion of universal basic income at all). With no evidence of the target user’s views or any UBI-related influence in the conversation, the stance cannot be inferred and is best classified as neutral.""}"
ubi_113,"{""stance"":""negative"",""reasoning"":""The target user repeatedly argues UBI is arithmetically impossible at proposed levels, mocks proposals as ignoring basic budget constraints, and views funding mechanisms (tax increases, redistribution, fiat money, various taxes) as either unrealistic, economically harmful, or self-defeating. Even after other users explain net vs. gross cost and tax recoupment, the target user remains dismissive and does not concede feasibility, indicating a firmly negative stance after the conversation.""}"
ubi_114,"{""stance"":""positive"",""reasoning"":""The target user pushes back against affordability objections by linking to affordability studies and arguing that UBI could be funded via “recycling” the basic income through the economy, increasing revenue/throughput without cutting essential services. They frame it as a more efficient distribution mechanism and defend feasibility rather than expressing skepticism, indicating a supportive (positive) stance after the exchange.""}"
ubi_115,"{""stance"":""positive"",""reasoning"":""The target user defends UBI’s feasibility and value: they cite affordability studies, argue that a lower payment (e.g., 15k) could preserve most existing public services without raising current tax revenue, and suggest higher tax revenue could fund a larger UBI while maintaining benefits like reduced inequality. They push back against the critic’s framing and do not express doubt or retreat, indicating a supportive (positive) stance after the exchange.""}"
ubi_116,"{""stance"":""positive"",""reasoning"":""The target user consistently defends UBI as an objective worth pursuing, challenges claims that “the numbers don’t add up,” and proposes ways to make it work (raising the UBI alongside taxes, using targeted rather than sweeping welfare cuts). They also argue it could be democratically achievable and push back against objections about feasibility and legitimacy, indicating continued or strengthened support rather than doubt.""}"
ubi_117,"{""stance"":""positive"",""reasoning"":""The target user repeatedly defends UBI against cost critiques, argues that only the net benefit (after higher taxes and recycling) must be funded, suggests tax simplification/flat tax as feasible, and frames UBI as a way to end poverty while preserving work incentives. Despite pushback and frustration, they do not concede; they double down and provide a pro-UBI link, indicating a supportive stance after the conversation.""}"
ubi_119,"{""stance"":""neutral"",""reasoning"":""The target user engages with UBI in a technical, exploratory way—sharing calculations, explaining modeling choices, and suggesting design tweaks (e.g., not taxing the grant, possibly using progressive taxes). They don’t express clear value-based support or opposition, and they acknowledge potential distributional issues (e.g., super-rich coming out ahead in their model) without concluding for or against implementation. The exchange stays analytical rather than persuasive, so their post-conversation stance is best classified as neutral.""}"
ubi_121,"{""stance"":""neutral"",""reasoning"":""The target user shows some interest in a possible funding mechanism (via monetary policy), indicating openness to exploring UBI-related ideas. However, they immediately frame it as a “HUGE experiment” and express caution, preferring it be tried in a smaller country first. They do not endorse UBI overall or reject it; their position remains exploratory and cautious rather than clearly positive or negative.""}"
ubi_122,"{""stance"":""neutral"",""reasoning"":""The target user shows some openness to UBI by calling monetary-policy funding an \""interesting idea,\"" but immediately frames it as a risky, \""HUGE experiment\"" and expresses caution about scale (preferring it be tried in a smaller country first). They do not endorse or reject UBI overall, and the subsequent anti-inflation argument is from another user with no further response from the target user, so there isn’t enough evidence of a clear positive or negative shift.""}"
ubi_123,"{""stance"":""neutral"",""reasoning"":""The target user never appears in the transcript and provides no explicit statements about universal basic income. While other participants discuss a Canadian guaranteed minimum income experiment—one supportive and one skeptical—there’s no evidence of how the target user reacts or which side they find persuasive. With no direct input or clear inferred shift, the safest prediction is neutral.""}"
ubi_124,"{""stance"":""neutral"",""reasoning"":""The target user frames their post as a rough cost estimation and explicitly doubts high UBI levels (calling $20k a “pipe dream”), but they don’t reject UBI outright—only question feasibility/scale. They present it analytically rather than ideologically, and the other user’s pro-UBI reply doesn’t elicit any shown shift. Overall, the evidence suggests a cautious, noncommittal stance rather than clearly positive or negative.""}"
ubi_125,"{""stance"":""neutral"",""reasoning"":""The target user never speaks in the provided transcript, so there’s no direct evidence of their view on universal basic income or how the discussion affected them. With only other users raising marketing and funding-feasibility concerns, we can’t reliably infer the target user’s post-conversation stance, so the safest classification is neutral.""}"
ubi_126,"{""stance"":""neutral"",""reasoning"":""The target user does not appear in the provided transcript and expresses no explicit view on universal basic income. With no statements or reactions from the target user, there isn’t enough evidence to infer whether they would be persuaded positively or negatively by the other user’s comment, so the safest prediction is neutral.""}"
ubi_128,"{""stance"":""neutral"",""reasoning"":""The target user never speaks in the transcript, so there’s no direct evidence of their view on UBI. The conversation presents mixed arguments (concerns about UBI being too small and tied to cutting Social Security/Medicare, plus an alternative of negative income tax), but without any reaction from the target user it’s not possible to infer whether they end up pro- or anti-UBI. With insufficient evidence, the best prediction is neutral.""}"
ubi_129,"{""stance"":""neutral"",""reasoning"":""The target user never speaks in the transcript, so there’s no direct evidence of their view. While the discussion includes both pro-UBI arguments (fear of reduced work is irrational; pilots suggest benefits) and skeptical points (pilot design limits conclusions; concern it won’t replace other programs and will expand government spending), there’s no indication how the target user reacts or which side persuades them. With insufficient evidence of their post-conversation position, the best prediction is neutral.""}"
ubi_130,"{""stance"":""neutral"",""reasoning"":""The target user reacts strongly against giving UBI to people leaving long prison sentences, calling it a large “gift” and suggesting it would incentivize crime, which signals a negative view in that specific case. However, they immediately add that this is “about the only exception” they can think of, implying they are otherwise broadly okay with UBI and only want carve-outs (e.g., court-ordered seizure for treatment). The conversation doesn’t show a clear shift to overall support or opposition after the exchange, so the best prediction is an overall neutral stance with conditional support.""}"
ubi_131,"{""stance"":""neutral"",""reasoning"":""The target user is open to UBI if it replaces existing welfare programs, calling it “better in theory,” but repeatedly raises concerns about perverse incentives around children and believes it would “run into its own sets of problems.” They don’t reject UBI outright, yet they aren’t convinced or supportive after the discussion, leaving them ambivalent overall.""}"
ubi_132,"{""stance"":""negative"",""reasoning"":""The target user consistently pushes back against equating UBI with a negative income tax, calls the common appeal to Friedman “completely dishonest,” and emphasizes that UBI’s unconditional payment differs importantly in function and incentives from NIT. They also present examples intended to show UBI and NIT produce different outcomes under comparable parameters and do not express any support for UBI itself. Overall tone is critical/skeptical toward UBI advocacy, indicating a negative stance after the exchange.""}"
ubi_134,"{""stance"":""negative"",""reasoning"":""The target user expresses strong skepticism about UBI’s purported economic multiplier effects, questions the argument that reallocating funds increases revenue, and raises concerns about recipients misusing the money (e.g., homeless alcoholics spending it on alcohol). Their comments indicate distrust in both the fiscal rationale and behavioral outcomes of UBI, reflecting an overall negative stance after the conversation.""}"
ubi_135,"{""stance"":""negative"",""reasoning"":""The target user responds skeptically (“Sooooo what’s the point?”) and argues against UBI on multiple fronts: that giving it to everyone is less sensible than means-tested programs, that earmarked benefits (food/health/housing) are preferable, and that poor recipients are “notoriously bad” at managing money—implying UBI would be misused. The reply they receive pushes back, but there’s no indication the target user is persuaded or softens their view, so their stance remains negative after the conversation.""}"
ubi_136,"{""stance"":""neutral"",""reasoning"":""The target user does not appear in the transcript at all, so there are no explicit statements or reactions from them to infer support or opposition. While other participants discuss potential pros/cons of UBI (replacing welfare, reducing marginal tax cliffs, concerns about work incentives), there’s no evidence of how the target user is influenced. With insufficient information about the target user’s views after the conversation, the most justified prediction is neutral.""}"
ubi_140,"{""stance"":""neutral"",""reasoning"":""The target user never states an opinion about universal basic income in the transcript. The only content provided is another user raising critiques (cost, incentives, eligibility, COL adjustments, inflation), but there’s no evidence of how the target user reacts or whether they are persuaded. With no explicit stance or response from the target user, the safest prediction is neutral.""}"
ubi_141,"{""stance"":""positive"",""reasoning"":""The target user explicitly states support for “something like a basic income (specifically a negative income tax),” indicating an overall favorable view of UBI-like policy. While they raise substantial concerns about affordability, efficiency, and the proposed funding mechanism (an ‘industrial army’ and government-run businesses), these critiques are about implementation details rather than opposition to the concept. The conversation leaves them still supportive but cautious, so their stance after the discussion remains positive.""}"
ubi_143,"{""stance"":""neutral"",""reasoning"":""The target user expresses cautious interest (“an interesting idea”) but immediately raises feasibility concerns, focusing on whether surplus value could fund non-working recipients and insisting on “solid economic analysis” to determine affordability. They do not endorse UBI, but they also do not reject it outright; their stance remains conditional and undecided after the exchange.""}"
ubi_145,"{""stance"":""positive"",""reasoning"":""The target user repeatedly defends UBI as a clear, arithmetic solution to the welfare trap created by means-tested benefit cutoffs, arguing that removing means-testing eliminates welfare cliffs entirely and is preferable to trying to patch an inherently flawed system. They provide explanations, links, and examples to support UBI and push back against alternatives, showing a strongly favorable stance with no indication of being persuaded away from it by the end of the conversation.""}"
ubi_146,"{""stance"":""negative"",""reasoning"":""The target user consistently argues against UBI as “handing out money,” emphasizes the tax/deficit burden and revenue shortfalls, worries about reliance on government checks, and prefers targeted aid or other interventions (healthcare, schooling, training) over universal cash. They explicitly say they’re “not a big fan of handing out money” and only support something like it if restricted to the poor, indicating opposition to universal basic income specifically.""}"
ubi_147,"{""stance"":""negative"",""reasoning"":""The target user repeatedly argues against UBI, saying it “corrupts” people, normalizes not working, should not be automatic, and is inferior to targeted/monitored aid. They express strong fears that UBI would re-orient and potentially “destroy” the economy, and emphasize tax-burden concerns (e.g., taxes rising far more than any UBI received). They also dismiss pro-UBI arguments like automation-driven job loss as unsubstantiated. Nothing in the conversation indicates persuasion toward UBI; if anything, their opposition hardens.""}"
ubi_148,"{""stance"":""negative"",""reasoning"":""The target user repeatedly argues against UBI, saying it would \""corrupt\"" people, normalize not working, and should not be automatic; they prefer targeted, monitored aid. They express strong concerns about economic destruction, inflation/devaluation, and significant tax increases, and characterize UBI as \""communism 2.0\"" and wealth plunder. While they mention they once supported UBI in principle (bureaucracy reduction), the conversation ends with hardened opposition and no sign of persuasion toward support.""}"
ubi_149,"{""stance"":""positive"",""reasoning"":""The target user consistently argues in favor of UBI, framing it as liberating people from coerced labor, enabling meaningful work/education/caregiving, improving health and family life, and helping stabilize capitalism by smoothing recessions/overproduction cycles. They explicitly endorse the idea that BI is about not having to work and defend it against claims of corruption, laziness, and economic destruction. Nothing in the exchange suggests they were persuaded away from UBI; if anything, they become more committed and articulate broader systemic justifications.""}"
ubi_150,"{""stance"":""positive"",""reasoning"":""The target user consistently defends UBI and frames it as emancipatory (freeing people from coerced labor), beneficial for health and family life, and economically stabilizing (smoothing the business cycle). They explicitly agree with the idea that BI enables not having to work in undesirable jobs and argue it would improve society. Despite pushback about costs and incentives, they do not soften their position; they reiterate pro-UBI claims and broaden them into a structural critique of “primitive capitalism.”""}"
ubi_151,"{""stance"":""positive"",""reasoning"":""The target user repeatedly argues in favor of decoupling income from employment, explicitly endorses UBI as a way to free people from coerced labor, improve family life and health, enable meaningful work and entrepreneurship without fear of failure, and smooth recessions/business cycles. They describe their state pension as a form of basic income and defend redistribution to fund social benefits. Despite pushback and accusations of communism, the target user does not soften; they reaffirm the core UBI idea and its benefits, indicating a clearly positive stance after the conversation.""}"
ubi_152,"{""stance"":""positive"",""reasoning"":""The target user defends UBI-style income transfers as broadly fair, downplays the stigma around “wealth redistribution,” and notes that in a Nordic context replacing existing benefits with a basic income (taxed back from the well-off) wouldn’t be drastic. They explicitly state that a transfer system at roughly Nordic levels “just seems fair,” indicating a generally favorable stance toward UBI/redistributive basic income after the discussion.""}"
ubi_154,"{""stance"":""neutral"",""reasoning"":""The target user highlights major concerns with a universal rollout of the Finnish trial-style UBI, arguing it’s unrealistic to finance without tax changes and would likely cause inflation and price increases. However, they also describe a more realistic tax-funded model as potentially keeping prices stable, implying UBI could be workable if designed properly. This mix of skepticism about naive implementations and conditional acceptance of a tax-adjusted version suggests neither clear support nor outright opposition overall.""}"
ubi_156,"{""stance"":""positive"",""reasoning"":""The target user defends basic income schemes as politically and ethically compatible with Nordic welfare states even if they don’t replace every other benefit, and explicitly calls basic income “a neat idea regardless.” They emphasize perceived advantages (reduced bureaucracy relative to conditional welfare, improved incentives for part-time work and entrepreneurship) and push back against skepticism. The other user’s criticism doesn’t appear to shift them; they maintain a supportive framing, so their post-conversation stance is positive.""}"
ubi_157,"{""stance"":""neutral"",""reasoning"":""The target user never speaks in the provided transcript, so there’s no explicit indication of their view on universal basic income. While the other user argues in favor of a negative income tax as preferable to UBI, we can’t reliably infer that the target user adopted that stance from the conversation alone. With insufficient evidence of the target user’s post-conversation position, the best prediction is neutral.""}"
ubi_159,"{""stance"":""neutral"",""reasoning"":""The transcript contains only another user expressing skepticism about UBI; the target user does not speak or reveal any opinion. With no evidence of the target user’s prior stance or reaction to these arguments, there isn’t enough information to infer a positive or negative stance change, so the safest prediction is neutral.""}"
ubi_160,"{""stance"":""positive"",""reasoning"":""The target user explicitly states they “support universal basic income somewhat,” and repeatedly argues that the U.S. could implement at least a modest UBI if it chose different fiscal priorities (e.g., reallocating some defense spending), rejecting the idea that Nordic feasibility is mainly due to timber/resources. They defend UBI’s affordability-in-principle despite acknowledging political tradeoffs (e.g., seniors/Medicare) and that it’s not a top personal issue. Overall, their post-conversation position is mildly supportive rather than neutral or opposed.""}"
ubi_161,"{""stance"":""positive"",""reasoning"":""The target user explicitly states “I support universal basic income somewhat,” and repeatedly argues the U.S. could implement at least a modest UBI if it prioritized spending differently (e.g., reallocating part of the defense budget). They defend the feasibility of UBI against claims that Finland’s ability is uniquely due to natural resources, framing UBI as mainly a political/prioritization choice. Although they acknowledge UBI isn’t a top personal issue and note tradeoffs (e.g., replacing Medicare/SS would be bad), their overall posture after the conversation remains mildly supportive rather than neutral or opposed.""}"
ubi_162,"{""stance"":""negative"",""reasoning"":""The target user repeatedly criticizes the UBI experiment as \""mostly tax relief for a select group\"" and calls it a \""terrible experiment.\"" They further downplay attempts to frame it positively, saying calling it unemployment reform is \""ultra-generous,\"" and imply that meaningful UBI study is impractical due to scale and cost. Nothing in the exchange suggests their view softened; if anything, their skepticism toward UBI framing and feasibility is reinforced.""}"
ubi_163,"{""stance"":""positive"",""reasoning"":""The target user consistently defends UBI, calling criticisms “bullshit,” and frames UBI as a needed overhaul to fix holes/underuse in the current welfare system, expand coverage (students, entrepreneurs, people who don’t navigate bureaucracy), and provide a universal baseline. They rebut the ‘free money for the rich’ objection via taxation and insist UBI wouldn’t replace all targeted supports (e.g., disability/housing). Despite a heated exchange, they do not soften or retreat; they double down, indicating a positive stance after the conversation.""}"
ubi_164,"{""stance"":""neutral"",""reasoning"":""The target user expresses interest in a negative income tax as a safety net that preserves work incentives and notes administrative simplicity, but does not explicitly endorse or oppose UBI itself. After others argue NIT and UBI can be equivalent under certain parameters, the target user mainly reacts positively to the economics wiki and the clarity of the distinction, without stating a pro-UBI conclusion. Overall they seem open-minded and learning rather than taking a clear positive or negative stance toward UBI.""}"
ubi_165,"{""stance"":""neutral"",""reasoning"":""The target user expresses interest in a negative income tax as an alternative design that preserves work incentives and uses existing tax bureaucracy, but they do not clearly endorse or reject universal basic income itself. The reply about Finland running a negative income tax experiment aligns with their curiosity and likely reinforces interest in that approach, yet it still doesn’t show explicit approval or disapproval of UBI; it mainly indicates a preference for NIT framing. Therefore the best prediction is neutral toward UBI after the conversation.""}"
ubi_166,"{""stance"":""positive"",""reasoning"":""The target user actively advocates for implementing a basic income by proposing a detailed financing plan (higher flat taxes, broader GST, corporate tax changes, carbon tax, cutting other transfers, etc.), calculates personal net gains, and defends the design against objections (taxing it back, inflation). Their tone is explanatory and supportive, and they push back on critiques rather than expressing doubt, indicating a favorable stance after the conversation.""}"
ubi_167,"{""stance"":""positive"",""reasoning"":""The target user actively supports implementing a basic income, doing detailed tax-and-budget calculations to fund it, defending design choices (e.g., consumption tax, minimizing distortions), and arguing it would lift people above poverty and improve welfare compared to existing programs. Their responses are consistently justificatory and advocacy-oriented rather than skeptical, indicating a positive stance after the conversation.""}"
ubi_168,"{""stance"":""positive"",""reasoning"":""The target user defends UBI as non-inflationary when tax-funded, provides quantitative reasoning about limited aggregate demand effects, and argues it could be stimulative and improve outcomes (higher savings from stability, household formation, entrepreneurship, increased labor participation and wages). Despite the hostile tone, their substantive contributions consistently support UBI’s feasibility and potential benefits, indicating a positive stance after the conversation.""}"
ubi_169,"{""stance"":""positive"",""reasoning"":""The target user explicitly advocates for a Basic Income, proposes a specific benefit level indexed to 25% of per-capita GDP, and argues it would improve incentives and avoid procyclicality. They engage in technical debate (NIT vs UBI) but their criticisms are about implementation details (marginal rates/deadweight loss), not opposition to the concept. Nothing in the exchange suggests they became less supportive; if anything, they defend and clarify their pro-UBI position.""}"
ubi_170,"{""stance"":""positive"",""reasoning"":""The target user engages with the premise of UBI as a workable policy and discusses implementation details (how children’s benefits should be structured, preventing perverse incentives, tying funds to childcare/education/nutrition, and avoiding parents capturing too much). They treat basic income as a legitimate tool and focus on optimizing it rather than rejecting it, indicating a supportive stance after the conversation.""}"
ubi_171,"{""stance"":""neutral"",""reasoning"":""The target user does not take a clear pro- or anti-UBI position. They engage with the idea mainly in terms of its interaction with minimum wage policy, conceding that a basic income could reduce the starvation-driven need for minimum wage but arguing that removing minimum wage would be bad for the economy due to employer oligopsony and participation/output effects. This reflects skepticism about UBI as a substitute for other labor regulations, but not an overall rejection (or endorsement) of UBI itself. With no explicit statement of support/opposition to UBI and only partial, conditional acceptance, the best classification is neutral.""}"
ubi_173,"{""stance"":""neutral"",""reasoning"":""The target user never states a clear opinion about universal basic income. The discussion contrasts UBI with a Negative Income Tax, arguing UBI can discourage work due to taxation and phase-out issues, while NIT preserves incentives. However, since the target user’s own reactions or agreement/disagreement are not shown, there isn’t enough evidence to infer they end up pro- or anti-UBI after the exchange.""}"
ubi_174,"{""stance"":""positive"",""reasoning"":""The target user explicitly defends a Basic Income with a detailed numerical example showing they would still be better off working, arguing it preserves work incentives while improving worker leverage and the ability to leave intolerable jobs. Their tone is confident and supportive, and nothing in the conversation suggests they were persuaded away from this view; if anything, the follow-up reinforces their argument.""}"
ubi_175,"{""stance"":""neutral"",""reasoning"":""The target user does not appear in the provided transcript and expresses no explicit view. The conversation includes a concern about inflation from UBI and a rebuttal that UBI is largely revenue-neutral for most people, but there’s no evidence of the target user accepting or rejecting either argument or shifting position. With insufficient information about the target user’s reaction, the best prediction is neutral.""}"
ubi_176,"{""stance"":""neutral"",""reasoning"":""The target user never states a personal view on universal basic income, nor do they react to or endorse any argument in the exchange. The conversation presents skepticism about political feasibility and a question about state-level pilots, but there’s no evidence the target user adopts a positive or negative stance as a result.""}"
ubi_177,"{""stance"":""neutral"",""reasoning"":""The transcript contains no statements from the target user, only another participant advocating a Negative Income Tax as an alternative to UBI. With no evidence of the target user’s prior view or any reaction to the argument, there isn’t enough information to infer that the target user supports or opposes UBI after the conversation.""}"
ubi_179,"{""stance"":""negative"",""reasoning"":""The target user consistently emphasizes UBI’s prohibitive cost ($2.4T for $10k/adult) and argues it can’t be financed without cutting major programs. They strongly reject replacing Medicare/Medicaid/Social Security with UBI, calling it harmful to retirees and the poor, and dispute that deregulation or administrative reshuffling would make the numbers work (e.g., healthcare costs would still overwhelm a basic income). Their replies show entrenched skepticism and no sign of persuasion toward supporting UBI.""}"
ubi_180,"{""stance"":""negative"",""reasoning"":""The target user focuses on the high fiscal cost of UBI, emphasizing it exceeds the federal discretionary budget and challenging claims that it could replace major non-discretionary programs. They argue UBI can’t realistically substitute for Medicaid/health coverage without undermining its purpose, note Social Security benefits are higher than the proposed UBI so savings would be limited, and add that including 65+ would raise costs further. Their contributions consistently rebut pro-UBI cost-offset arguments, indicating a negative stance after the exchange.""}"
ubi_181,"{""stance"":""negative"",""reasoning"":""The target user repeatedly emphasizes the prohibitive fiscal cost of UBI (citing $2.4T for $10k/adult), argues it cannot be funded by cutting major existing programs or even eliminating defense, and pushes back against proposed add-ons like single-payer by asking who would pay for that as well. They frame UBI as financially unrealistic and potentially harmful to retirees if it replaces Social Security, showing a skeptical-to-opposed stance after the conversation.""}"
ubi_182,"{""stance"":""negative"",""reasoning"":""The target user consistently argues against UBI on feasibility grounds, emphasizing the enormous cost ($2.4T for $10k/adult), the inability to fund it by cutting major programs or even eliminating defense, and rejecting proposed pairings (like single-payer plus UBI) as compounding the funding problem. Their repeated rhetorical questions (“Where is this money going to come from?”, “Who pays for that?”) and pushback to others’ suggestions indicate a skeptical, oppositional stance rather than openness or neutrality.""}"
ubi_183,"{""stance"":""negative"",""reasoning"":""The target user repeatedly emphasizes major practical and fiscal objections to UBI: the enormous cost ($2.4T for $10k/adult), lack of credible funding sources even with extreme budget cuts, and the incompatibility with existing programs like Medicare/Medicaid and Social Security (arguing BI would be swallowed by healthcare costs and that replacing SS would sharply cut retirees’ income and be legally/politically untenable). They do not express openness to pro-UBI proposals raised by others (single payer, military/police downsizing) and instead reinforce constraints, indicating a skeptical/negative stance after the conversation.""}"
ubi_184,"{""stance"":""negative"",""reasoning"":""The target user repeatedly emphasizes major feasibility and funding objections (UBI cost at $2.4T, inability to cut major programs enough, and skepticism that $10k meaningfully solves poverty). They also argue that raising taxes makes it essentially a redistributive program that won’t benefit everyone and is politically unrealistic due to resistance from the wealthy. The other user offers counterarguments, but the target user does not concede or soften; their last expressed position remains strongly skeptical, indicating a negative stance after the conversation.""}"
ubi_185,"{""stance"":""neutral"",""reasoning"":""The transcript contains no messages from the [TARGET USER], only from other users discussing cost/tax mechanics of basic income. Without any explicit statement or reaction from the target user, there’s insufficient evidence to infer whether they end up supportive or opposed after the conversation.""}"
ubi_186,"{""stance"":""negative"",""reasoning"":""The target user repeatedly emphasizes UBI’s fiscal infeasibility (citing ~$2.4T/year for $10k/adult), rejects funding it by cutting Social Security/Medicare/Medicaid, and challenges every proposed offset as unrealistic or politically/legally untenable. Even when others propose single-payer, military cuts, benefit offsets, or taxing the top 10%, the target user responds with skepticism about both the remaining funding gap and fairness (e.g., objecting to shifting more burden to high earners) and feasibility (e.g., cutting government pay). Nothing in the exchange indicates they are persuaded toward supporting UBI; the conversation reinforces their objections.""}"
ubi_187,"{""stance"":""negative"",""reasoning"":""The target user focuses on major practical objections to UBI—especially the enormous fiscal cost ($2.4T for $10k/adult) and the implausibility of funding it without cutting core programs like Medicare/Medicaid or Social Security, noting even eliminating defense wouldn’t cover it. This indicates strong skepticism toward feasibility and affordability. The other user’s pushback about taxes doesn’t show the target user softening or reconsidering, so their stance remains negative after the exchange.""}"
ubi_188,"{""stance"":""negative"",""reasoning"":""The target user explicitly mocks the idea that $10,000/year qualifies as a “basic income,” arguing it wouldn’t cover realistic living costs and would leave people without essentials like healthcare or any quality of life. Their tone is strongly dismissive (“my ass”) and they frame the concept as socially destabilizing at that level, indicating a negative stance toward UBI as discussed (i.e., a $10k basic income proposal).""}"
ubi_190,"{""stance"":""positive"",""reasoning"":""The target user argues strongly against means testing and frames universal/basic income as preferable because it avoids poverty traps, reduces incentives to remain poor, lowers administrative costs, and limits corruption from benefit screening. This is a clear defense of (unconditional) basic income principles, indicating a positive stance toward UBI after the conversation.""}"
ubi_191,"{""stance"":""positive"",""reasoning"":""The target user explicitly defends core UBI principles by arguing strongly against means-testing, calling it “a terrible idea” and citing classic pro-UBI rationales: avoiding poverty traps and avoiding costly/corrupt eligibility screening. Even after another user challenges these points and claims UBI is inefficient, there’s no indication the target user shifts away; the target’s stated reasoning aligns with a pro-UBI stance.""}"
ubi_194,"{""stance"":""neutral"",""reasoning"":""The target user never speaks in the transcript, so there’s no direct evidence of their view on universal basic income or how they react to the arguments presented. While the conversation includes both criticisms (administrative/geographic cost issues) and pro-UBI defenses (uniform payments, mobility, local demand, labor-market adjustments), we can’t reliably infer which side the target user finds persuasive. With insufficient evidence of endorsement or rejection, the best prediction is neutral.""}"
ubi_195,"{""stance"":""neutral"",""reasoning"":""The target user does not appear in the provided transcript, and there are no statements attributable to them expressing support for, opposition to, or uncertainty about universal basic income. Since we lack any explicit evidence of their views or how the discussion affected them, the safest prediction is neutral.""}"
ubi_197,"{""stance"":""neutral"",""reasoning"":""The transcript contains no statements or arguments from the target user (or anyone else) about universal basic income—only a deleted message from another user. With no evidence of the target user’s views or any persuasive context that could shift them, the safest prediction is neutral.""}"
ubi_198,"{""stance"":""neutral"",""reasoning"":""The target user never speaks in the provided transcript, so there is no direct evidence of their view on universal basic income. While the other user mentions the need for a “comfortable minimum allowance” as a policy response, we can’t reliably infer that the target user adopts or rejects that idea based solely on this one-sided context. With insufficient evidence of the target user’s post-conversation stance, neutral is the safest classification.""}"
ubi_200,"{""stance"":""neutral"",""reasoning"":""The target user engages analytically about UBI’s potential CPI effects, emphasizing funding mechanisms, redistribution via marginal propensities to consume, and slack/full-employment conditions. They push back on simplistic ‘free money causes inflation’ claims and note broader systemic changes, but they never express approval or disapproval of UBI itself—only conditional macroeconomic reasoning. The exchange ends without a clear value judgment or policy preference, so their stance remains best classified as neutral.""}"
ubi_201,"{""stance"":""neutral"",""reasoning"":""The transcript contains only other users raising concerns about UBI (administrative/geographic cost differences and funding scale), and the target user never speaks. With no direct statements or reactions from the target user, there isn’t enough evidence to infer whether they adopt these critiques or resist them, so their post-conversation stance is best classified as neutral.""}"
ubi_204,"{""stance"":""negative"",""reasoning"":""The target user repeatedly argues that UBI would lead employers to cut wages, that taxes to fund it would come out of workers’ pockets, and calls it a “fanciful”/“free $10k fantasy” that is “a dumb idea” and “never going to happen” in America. They remain dismissive and entrenched even after counterarguments, indicating a firmly negative stance after the conversation.""}"
ubi_206,"{""stance"":""positive"",""reasoning"":""The target user strongly defends universal, unconditional basic income as a matter of dignity and as the most efficient approach, emphasizing lower administrative costs, avoidance of political rent-seeking via eligibility rules, and greater individual autonomy in spending. They also propose concrete funding (higher taxes on >100k earners) and endorse replacing most existing welfare programs with UBI (keeping mainly health-related programs and adjusting Social Security). Nothing in the conversation indicates their support weakened; they consistently argue in favor of UBI’s design and advantages.""}"
ubi_207,"{""stance"":""neutral"",""reasoning"":""The target user never speaks in the transcript, and the only message shown is from another user discussing healthcare reform rather than universal basic income. There’s no direct evidence of the target user’s views on UBI or any interaction that would plausibly shift their stance, so the safest prediction is neutral.""}"
ubi_209,"{""stance"":""positive"",""reasoning"":""The target user argues that society can provide a universal basic income and that doing so would alleviate the logistical and psychological burdens of poverty, making people happier and more productive while reducing harmful downstream behaviors. Their comments strongly endorse UBI’s feasibility and benefits. The other user’s cost objection appears after the target user’s pro-UBI argument and there’s no indication the target user is swayed by it, so their stance remains positive.""}"
ubi_211,"{""stance"":""neutral"",""reasoning"":""The target user acknowledges the hardships of poverty and sees potential benefits in giving people more stability (e.g., enabling a parent to stay home, supporting creative pursuits). However, they repeatedly raise major reservations: they doubt UBI’s political feasibility, worry it would reduce work incentives for low-skill workers, and fear it would expand into ever-growing redistribution demands (“tip of the iceberg”). Their questions remain exploratory rather than endorsing or rejecting UBI outright, leaving their post-conversation stance mixed/undecided overall.""}"
ubi_212,"{""stance"":""neutral"",""reasoning"":""The target user never speaks in the transcript, so there’s no direct evidence of their views on universal basic income or how they react to the competing arguments. While the conversation includes both criticism (administrative hurdles, cost, interaction with existing programs) and a supportive proposal (pair UBI with single-payer and cut military spending), there’s no indication which side the target user finds persuasive. With insufficient evidence, the best prediction is neutral.""}"
ubi_214,"{""stance"":""positive"",""reasoning"":""The target user consistently defends UBI, starting by correcting that “everyone including working people get the 10k,” and then repeatedly argues that across-the-board wage cuts are not economically automatic. They use supply/demand reasoning to claim UBI would increase workers’ bargaining power, likely raising wages in undesirable jobs and allowing people to quit bad employers if pay is cut. They challenge the opposing user’s claims as illogical and unsupported and show no sign of being persuaded; instead they become more entrenched and dismissive of the anti-UBI arguments. Overall, after the exchange the target user remains strongly pro-UBI.""}"
ubi_215,"{""stance"":""positive"",""reasoning"":""The target user discusses basic income in a matter-of-fact, supportive way: they add an argument in favor (it makes the workforce more competitive) and frame it as largely a redistribution of existing welfare, implying feasibility without needing tax increases. They do note a potential downside (downward pressure on wages), but they present it as an expected effect rather than a reason to oppose the policy. Overall, their contribution aligns with endorsing UBI rather than rejecting it.""}"
ubi_216,"{""stance"":""positive"",""reasoning"":""The target user criticizes means-tested welfare for creating very high effective marginal tax rates that discourage work, calling it harmful. This aligns with a common pro-UBI argument that a universal, non-means-tested income avoids these poverty traps. They also add that such a system could eliminate the need for a minimum wage and enable more flexible labor arrangements, implying they view a guaranteed income (in a universal form) as beneficial overall.""}"
ubi_217,"{""stance"":""positive"",""reasoning"":""The target user engages constructively with UBI cost questions, provides a detailed funding model, and frames UBI as feasible with manageable effective tax rates and a clear break-even point benefiting lower incomes. They acknowledge uncertainties (overhead, offsets from cutting other programs, alternative revenue sources) but do not express opposition; instead they refine and defend the proposal’s plausibility, indicating a supportive/positive stance after the discussion.""}"
ubi_218,"{""stance"":""neutral"",""reasoning"":""The target user never appears in the transcript and provides no statements indicating approval or disapproval of UBI. The discussion shown is largely technical (cost, offsets from existing welfare, and funding mechanisms) without any expressed value judgment from the target user, so there isn’t enough evidence to infer a positive or negative stance change.""}"
ubi_219,"{""stance"":""positive"",""reasoning"":""The target user corrects a misconception in a way that defends UBI’s design: they emphasize that basic income is paid to individuals (including each family member) and contrast this favorably with existing minimum-income schemes. This indicates approval and support rather than skepticism or opposition, with no countervailing negative remarks.""}"
ubi_220,"{""stance"":""neutral"",""reasoning"":""The target user never states an opinion for or against UBI; they only ask a genuine question about whether UBI would cause inflation in essentials (especially housing) without price controls. This expresses concern/uncertainty rather than endorsement or rejection, so their post-conversation stance is best classified as neutral.""}"
ubi_221,"{""stance"":""neutral"",""reasoning"":""The target user does not endorse or reject UBI on its merits; they frame it as something Facebook/Mark Zuckerberg might support out of self-interest (keeping users solvent for advertisers). That’s a pragmatic, skeptical explanation rather than a value-based pro-UBI position. After another user warns this could be predatory, the target user offers no further defense or opposition, leaving their personal stance unclear overall.""}"
ubi_222,"{""stance"":""neutral"",""reasoning"":""The transcript contains no message from the target user and no explicit discussion of universal basic income. The only statement compares Sweden and the United States in general terms, which is insufficient to infer the target user’s post-conversation stance on UBI.""}"
ubi_224,"{""stance"":""positive"",""reasoning"":""The target user frames the endorsement as “HUGE,” calls it one of the biggest basic income endorsements ever, and expresses excitement about UBI being central to a potential presidential platform and a “fundamentally different social contract.” There’s no indication the other user’s suspicion changes their view; the target’s language remains strongly supportive and optimistic about pushing UBI forward.""}"
ubi_227,"{""stance"":""positive"",""reasoning"":""The target user repeatedly defends UBI against criticisms, emphasizing that its defining feature is unconditionality (reducing “hoops” compared to current welfare), and argues that a properly sized UBI can ensure poverty-level purchasing power. They also entertain expanding UBI substantially (even saying they’d be “ecstatic” if it could grow toward full GDP redistribution) and reject alternative schemes like randomly distributing robot ownership as worse than UBI. Overall, their comments show clear support for UBI in principle, with caveats about implementation quality.""}"
ubi_229,"{""stance"":""positive"",""reasoning"":""The target user explicitly says they “support the concept” of basic income and later states they are “strongly in favor of meeting the basic needs of everybody.” While they’re uncertain about exact funding and open to alternatives to cash transfers, they accept taxation as at least part of the solution and focus on making provision more efficient rather than rejecting the idea. Nothing in the exchange pushes them away from UBI; if anything, the discussion reinforces a pragmatic, reform-minded pro-UBI orientation.""}"
ubi_230,"{""stance"":""neutral"",""reasoning"":""The target user shows openness to the idea of basic income but primarily questions the assumption that it must be government-run, exploring private/voluntary alternatives and challenging the other user’s framing. They even say they personally would contribute if rich, indicating some sympathy, but they do not explicitly endorse implementing UBI (especially via government) and focus more on feasibility and institutional mechanisms. The pushback they receive (cost scale, shareholder duty) doesn’t clearly shift them toward or against UBI, so their post-conversation stance remains best classified as neutral.""}"
ubi_231,"{""stance"":""positive"",""reasoning"":""The target user repeatedly endorses a universal basic income as a preferable, more efficient replacement for the current patchwork of welfare programs, noting it can align with limited-government/libertarian goals. They argue for a UBI that guarantees necessities (a basic livelihood) and is set at a “reasonableness” level, explicitly supporting it as a social safety net while rejecting using UBI primarily to level wealth gaps or provide a high lifestyle. Overall, they remain supportive of UBI in principle, with clear qualifications about size and replacing—not stacking on—existing programs.""}"
ubi_232,"{""stance"":""positive"",""reasoning"":""The target user explicitly endorses UBI (or a closely related Negative Income Tax) as an efficient replacement for expanding welfare bureaucracy, states that many libertarians 'myself included' can and should support it, and argues it better achieves basic survival than minimum-wage hikes. The subsequent reply from a socialist agreeing about phasing out redundant programs would likely reinforce rather than weaken this supportive stance.""}"
ubi_233,"{""stance"":""positive"",""reasoning"":""The target user presents an article they say makes a strong case for basic income across ideologies, explains how UBI could replace existing welfare to shrink bureaucracy, and cites Friedman’s negative income tax as a way to address right-leaning concerns about work disincentives. They also frame UBI as increasingly necessary due to automation and emphasize bipartisan compromise to achieve it. This indicates an overall supportive (positive) stance, acknowledging challenges but arguing they are manageable.""}"
ubi_235,"{""stance"":""neutral"",""reasoning"":""The target user defends the community against accusations of a pro-UBI “circle jerk” and criticizes intolerance toward differing views, but they never express support for or opposition to universal basic income itself. Their focus is on civility and fair discussion rather than the policy merits, so there’s insufficient evidence of a positive or negative stance on UBI after the conversation.""}"
ubi_236,"{""stance"":""neutral"",""reasoning"":""The target user asks an exploratory question about funding a basic income from a libertarian perspective, without expressing approval or disapproval. The other user’s tentative support doesn’t provide enough evidence that the target user’s stance shifts; the target user’s position remains unclear, so neutral is most appropriate.""}"
ubi_237,"{""stance"":""negative"",""reasoning"":""The target user argues that UBI is inherently tied to government action (“UBI is a government program, then UBI is bad”), rejects the possibility of funding it without the state (“There’s no way you can get adequate funding without a state”), and explicitly concludes that voluntaryist/libertarian approaches cannot support it (“Voluntaryism and basic income are incompatible”). They do not express support for UBI itself, and the conversation ends with them maintaining this incompatibility framing rather than softening, indicating a negative stance after the exchange.""}"
ubi_239,"{""stance"":""positive"",""reasoning"":""The target user explicitly defends basic income, rejects framing it as inherently socialist, and calls it “amazing,” emphasizing perceived economic benefits (“the economy will run better”). Nothing in the subsequent replies indicates they reconsider or soften that support, so their stance remains positive after the conversation.""}"
ubi_241,"{""stance"":""neutral"",""reasoning"":""The target user only expresses agreement with a point about misconceptions of libertarianism versus anarchy, with no mention of universal basic income or related policy views. There isn’t enough evidence to infer a positive or negative stance toward UBI from this exchange.""}"
ubi_242,"{""stance"":""positive"",""reasoning"":""The target user supports UBI in principle and argues strongly for it as a tool for economic justice and reducing the wealth gap. They conditionally endorse replacing existing social programs only if UBI is very high and inflation-resistant; otherwise they want UBI on top of current programs. Despite disagreement with others about what ‘basic’ means, they consistently advocate for UBI (at robust levels) rather than rejecting it, indicating an overall positive stance after the conversation.""}"
ubi_243,"{""stance"":""neutral"",""reasoning"":""The transcript contains no messages from the [TARGET USER], so there’s no direct evidence of their prior stance or any reaction to the pro-UBI libertarian framing. While other users argue that libertarianism can support basic income and note many libertarians oppose safety nets, we can’t infer how (or whether) the target user is persuaded. With insufficient information about the target user’s beliefs or responses, the safest prediction is neutral.""}"
ubi_246,"{""stance"":""negative"",""reasoning"":""The target user explicitly argues that basic income would collapse the country by removing incentives to work, causing mass quitting, anarchy, and currency devaluation. They continue pushing back with skeptical questions (“Why pay the human anything then if he isn't doing anything?” and “Letting someone die literally costs me nothing.”), showing strong opposition and no sign of being persuaded by others’ pro-UBI arguments.""}"
ubi_248,"{""stance"":""negative"",""reasoning"":""The target user repeatedly argues that UBI would collapse society, reduce work incentives, devalue money, and “destroy the country.” They explicitly reject the idea on principle (“Nobody should get free shit”) and are not persuaded by counterarguments (e.g., that UBI is modest, or that Milton Friedman supported similar policies). Their stance remains firmly negative after the exchange.""}"
ubi_249,"{""stance"":""negative"",""reasoning"":""The target user repeatedly argues that universal basic income would cause people to stop working, trigger economic collapse/anarchy, and \""destroy the country\"" by taking from the rich to give to the poor. They also express a low view of work incentives and call people lazy. Despite others offering counterarguments (people would still work for more money; UBI as stimulus), the target user does not concede and remains dismissive, so their stance after the conversation is still negative.""}"
ubi_250,"{""stance"":""negative"",""reasoning"":""The target user repeatedly argues that UBI would collapse the country by reducing incentives to work, causing inflation/devaluation, and rewarding “lazy” people at the expense of “hardworking” taxpayers. Even after others challenge these claims, the user maintains objections centered on high taxes, redistribution, and fears that undesirable jobs (e.g., retail) would be abandoned. There is no sign of softening or acceptance; if anything, they double down on anti-UBI reasoning.""}"
ubi_251,"{""stance"":""negative"",""reasoning"":""The target user explicitly argues that universal basic income would collapse the country by removing incentives to work, causing mass quitting, anarchy, and currency devaluation. Throughout the exchange they double down on a work-for-pay ethic, attribute unemployment to laziness/poor choices, and reject the idea that society should support people without requiring work. Nothing in the conversation suggests they were persuaded otherwise.""}"
ubi_252,"{""stance"":""negative"",""reasoning"":""The target user repeatedly argues that universal basic income would cause societal collapse by removing the incentive to work (“Why would anyone continue to work if they get free money?”), leading to anarchy and devalued money. Throughout the exchange they double down on a work-incentive/merit-based view (people should work, low-skill jobs should pay less, unemployment is due to laziness/bad choices) and do not show any softening in response to counterarguments about automation or job quality. Nothing in the conversation indicates movement toward support, so their post-conversation stance remains negative.""}"
ubi_253,"{""stance"":""negative"",""reasoning"":""The target user repeatedly argues that basic income would collapse the country by destroying work incentives, causing mass quitting, anarchy, and devalued money. They double down by blaming unemployment on individual laziness/education choices, defending money as the main incentive to work, and dismissing pro-UBI voices as “commies.” Although another user notes UBI support from Hayek/Friedman and frames it as pro-freedom, the target user shows no sign of being persuaded within the conversation, so their stance remains negative.""}"
ubi_254,"{""stance"":""negative"",""reasoning"":""The target user explicitly argues that basic income would collapse the country by removing incentives to work, leading to mass quitting, anarchy, and devalued money. They reiterate opposition by questioning why anyone should be paid if they \""aren't doing anything.\"" Nothing in the conversation indicates they were persuaded otherwise, so their stance remains negative.""}"
ubi_255,"{""stance"":""negative"",""reasoning"":""The target user explicitly argues that basic income would collapse the country by destroying work incentives, causing people to quit en masse, leading to anarchy and devalued money. Even after others counter with automation and public-health/democracy arguments, the target user remains skeptical and challenges the idea further (“Why pay the human anything then if he isn't doing anything?”), indicating continued opposition rather than persuasion.""}"
ubi_256,"{""stance"":""negative"",""reasoning"":""The target user repeatedly argues UBI would cause economic collapse by reducing work incentives, explicitly opposes welfare in general (“There should be no welfare system”), and frames funding UBI as “commie shit.” Although they admit they personally wouldn’t work 40 hours if they didn’t have to (which aligns with a UBI-enabled lifestyle), they present this as evidence against UBI rather than in favor of it, and they state others will not convince them otherwise. Overall, the conversation leaves them firmly opposed.""}"
ubi_257,"{""stance"":""negative"",""reasoning"":""The target user explicitly argues that basic income would collapse the country by removing incentives to work, causing mass quitting, anarchy, and devalued money. Nothing in the conversation provides credible counterarguments that would plausibly shift their view; instead, the exchange becomes hostile and the other user’s claims are dismissed as absurd, likely reinforcing the target user’s opposition.""}"
ubi_258,"{""stance"":""negative"",""reasoning"":""The target user repeatedly argues that universal basic income would collapse the country, eliminate incentives to work, cause anarchy and devalue money. Throughout the exchange they double down, framing UBI as an irrational left-wing policy intended to destroy society, and show no openness to counterarguments—so their post-conversation stance remains strongly negative.""}"
ubi_259,"{""stance"":""negative"",""reasoning"":""The target user repeatedly and emphatically opposes UBI, calling it “free shit,” “stealing,” and saying it would “destroy the country” and make business “impossible.” They argue it would reduce work incentives, devalue money, and reward “the lazy,” and they reject counterarguments (including Friedman/negative income tax comparisons and tax-funded framing) without softening. Nothing in the exchange indicates persuasion or a shift toward acceptance, so their stance remains strongly negative after the conversation.""}"
ubi_260,"{""stance"":""negative"",""reasoning"":""The target user explicitly argues that basic income would collapse the country by removing incentives to work, causing mass quitting, anarchy, and currency devaluation. Throughout the exchange they double down on a work-incentive/‘free money’ critique and blame unemployment on individual laziness rather than structural factors. The other user’s rebuttals and insult do not prompt any softening or reconsideration, so the stance remains strongly negative after the conversation.""}"
ubi_262,"{""stance"":""negative"",""reasoning"":""The target user repeatedly argues that basic income would collapse the country, remove incentives to work, cause mass quitting, anarchy, and devalue money. Throughout the exchange they double down on a work-incentive/\""lazy people\"" framing and reject the other user’s structural arguments, showing no movement toward acceptance. The conversation ends with the target user remaining defensive rather than persuaded, so their stance stays negative.""}"
ubi_263,"{""stance"":""negative"",""reasoning"":""The target user repeatedly argues that basic income would cause people to stop working, trigger economic collapse, devalue money, and lead to anarchy. Throughout the exchange they defend wage incentives and market discipline, reject the idea that people should receive money without work, and show no sign of being persuaded by counterarguments. The conversation ends with them still combative and entrenched, so their post-conversation stance remains strongly negative.""}"
ubi_264,"{""stance"":""negative"",""reasoning"":""The target user repeatedly argues that basic income would collapse the country by removing work incentives, calls it “free money they don’t deserve,” and rejects even minimal support (“I wouldn't give them a single cent,” “Just let them starve”). Throughout the exchange they double down on eliminating welfare/food stamps, endorsing coercive alternatives (army in streets, hard labor, even voluntary-slavery framing) rather than any unconditional cash support. Nothing in the conversation softens their view; the other user’s cost-saving and automation arguments do not persuade them, so their stance remains strongly negative after the discussion.""}"
ubi_265,"{""stance"":""negative"",""reasoning"":""The target user repeatedly argues that UBI would cause societal collapse by removing incentives to work, expresses unwillingness to support others (“Why pay the human anything then if he isn't doing anything?”), and objects to the tax/redistribution aspect (“I would have to pay more taxes… would then stop working”). They dismiss moral arguments about human life and reject the need for a safety net, and they also say their job isn’t threatened by automation—reducing any self-interested reason to support UBI. Despite other users’ counterarguments, the target user does not soften their position, so their stance remains negative after the conversation.""}"
ubi_266,"{""stance"":""negative"",""reasoning"":""The target user explicitly argues that universal basic income would cause people to stop working, trigger economic collapse, anarchy, and devalue money. They express a strongly negative view and there is no indication the brief reply from the other user changes their position.""}"
ubi_268,"{""stance"":""negative"",""reasoning"":""The target user explicitly argues that basic income would collapse the country by destroying work incentives, leading to mass quitting, anarchy, and inflation. The only reply challenges this by saying people would still work to earn more, but the target user provides no indication of being persuaded or moderating their view. Thus their stance remains negative after the conversation.""}"
ubi_270,"{""stance"":""negative"",""reasoning"":""The target user repeatedly and explicitly argues against universal basic income, calling it a cause of national collapse, claiming it would destroy work incentives, lead to anarchy and devalued money, and later equating it with “free shit.” They reject related welfare/rights framing and double down on a hardline capitalist view that poverty is individuals’ responsibility. Nothing in the exchange indicates softening; the conversation reinforces their opposition.""}"
ubi_271,"{""stance"":""negative"",""reasoning"":""The target user repeatedly argues that basic income would cause people to stop working, collapse the country, and devalue money. They reject automation-based justifications as premature, oppose the idea of guaranteed living standards as “rights,” and frame redistribution as “steal[ing] from others.” The other user’s collective-wealth/dividend framing does not elicit any softening or agreement from the target user, so their stance remains strongly negative after the conversation.""}"
ubi_272,"{""stance"":""negative"",""reasoning"":""The target user repeatedly argues that UBI would collapse the country, reduce incentives to work, devalue money, and constitute “free shit”/“steal money from others.” They reject automation-based justifications, insist jobs will simply change, and explicitly oppose redistributive funding for UBI. Nothing in the conversation indicates softening; if anything, their responses become more entrenched and hostile to the idea.""}"
ubi_273,"{""stance"":""neutral"",""reasoning"":""The target user does not express approval or disapproval of UBI; they only ask a clarifying question about what version of UBI the other participant would support. Their tone is inquisitive rather than evaluative, and nothing in the exchange indicates they were persuaded toward or against UBI. With no explicit stance and no clear directional shift implied by the context, the best prediction is neutral.""}"
ubi_274,"{""stance"":""positive"",""reasoning"":""The target user repeatedly argues in favor of basic income on moral and practical grounds: that people shouldn’t lose the ability to live when unemployed, especially as automation increases job loss. They also try to persuade a skeptic by appealing to self-interest (UBI would protect them from future poverty) and by rebutting the claim that UBI would make working irrational, using concrete tax/income examples. Nothing in the exchange suggests the target user became less supportive; if anything they double down and refine their pro-UBI arguments.""}"
ubi_275,"{""stance"":""neutral"",""reasoning"":""The transcript contains no message from [TARGET USER], so there’s no direct evidence of their views or any reaction to the arguments presented. While other participants offer both pro-UBI points (replacing minimum wage, reducing exploitation, political momentum) and an anti-UBI concern (reduced work incentives and tax base), there’s nothing indicating how the target user would be influenced. With insufficient evidence, the most defensible prediction is neutral.""}"
ubi_276,"{""stance"":""positive"",""reasoning"":""The target user directly pushes back against the claim that UBI would cause collapse by arguing people would still work to earn more because the income is only enough to barely live on. This is a defense of UBI’s viability and implies support rather than opposition; there’s no indication they shift to a negative view afterward.""}"
ubi_277,"{""stance"":""neutral"",""reasoning"":""The target user never speaks in the transcript, so there is no direct evidence of their view. While the conversation contains strong anti-UBI arguments (insufficient funding, harm to benefit recipients, large tax rises or cuts to services like the NHS) and a partial pro-UBI rebuttal (reducing humiliating bureaucracy), we can’t reliably infer how the target user would be persuaded. With no explicit reaction from the target user, the safest prediction is neutral.""}"
ubi_279,"{""stance"":""negative"",""reasoning"":""The target user consistently argues that UBI would harm poor people by replacing targeted benefits (housing, council tax support, child/disability benefits) with an inadequate flat payment, effectively redistributing money from those who need more support to higher earners. They emphasize the fiscal scale (current welfare budget implying too-low per-person payments), reject proposed savings from administrative cuts as negligible, and warn that making UBI adequate would require unacceptable tradeoffs (e.g., abolishing the NHS) or large tax increases that would drive high earners (including themselves) to leave. Even after others propose tax clawbacks and incremental implementation, the target user remains focused on feasibility and regressivity concerns, showing no shift toward support.""}"
ubi_280,"{""stance"":""negative"",""reasoning"":""The target user consistently argues UBI would harm poor people by replacing targeted benefits with a broad payout that functions like a tax break for higher earners. Throughout the exchange they maintain that a workable UBI would require ‘mammoth’ tax rises (on the order of 20%+ of GDP on top of existing spending), create unsustainably high taxation, and be a risky reorganization of the state reliant on mobile high earners. While they concede a data-point about UK spending figures and acknowledge the other user’s position (‘Fair enough’), they do not shift toward supporting UBI; instead they reiterate that even 16–20% of GDP is an enormous tax increase and suggest shelving UBI until automation-driven unemployment. Overall their stance remains negative after the conversation.""}"
ubi_281,"{""stance"":""negative"",""reasoning"":""The target user argues strongly that UBI in the UK would harm poor people by replacing targeted benefits (housing, council tax support, disability benefits) with an insufficient flat payment, effectively shifting money from those who need it to higher earners. They emphasize the fiscal scale (would require huge tax increases or cuts like abolishing the NHS) and state they would oppose it and even leave the country if taxes rose substantially. Nothing in the exchange appears to soften this view, so their stance remains negative after the conversation.""}"
ubi_283,"{""stance"":""negative"",""reasoning"":""The target user explicitly argues that UBI in the UK would harm poor people by replacing targeted benefits (housing support, council tax relief, disability/child benefits) with an insufficient flat payment, effectively shifting money to higher earners. They emphasize that a meaningful UBI would require politically impossible tax levels or cuts as extreme as abolishing the NHS, and they state they would oppose such outcomes and might leave the country if taxes rose significantly. The brief challenge about administrative costs does not appear to change their view, so their stance remains strongly negative after the conversation.""}"
ubi_284,"{""stance"":""negative"",""reasoning"":""The target user explicitly argues UBI would be “terrible for poor people,” would require unrealistically high tax levels, and would replace targeted benefits with what they see as a tax break for higher earners. The other user challenges the funding numbers, but there’s no indication the target user is persuaded or softens their view. So their stance after the exchange remains negative.""}"
ubi_285,"{""stance"":""positive"",""reasoning"":""The target user consistently argues in favor of UBI, emphasizing reduced bureaucracy/means-testing, eliminating jobcentres and private assessment contractors, and improving dignity and flexibility for claimants. Even after pushback about costs and impacts on targeted benefits, they reaffirm that “basic income as a system just makes a lot of sense to me” and say they can’t see it being worse for most under £50k, indicating a net supportive stance rather than neutrality or opposition.""}"
ubi_287,"{""stance"":""positive"",""reasoning"":""The target user defends the pro-UBI argument, clarifying the logic that most people would still work because they want more than a subsistence-level income and noting that only some would opt out (as they already do now). This indicates acceptance of UBI as workable and pushes back against collapse/anarchy claims, implying a favorable stance after the discussion.""}"
ubi_289,"{""stance"":""positive"",""reasoning"":""The target user frames basic income as a “very positive step” toward mainstream political debate, discusses plausible pathways for it to enter UK policy via unions and party factions, and predicts it could become a normal policy position within 10–20 years. While they’re skeptical about immediate electoral viability (“laughed down” and “not…mainstream policy just yet”), their overall evaluation is supportive and optimistic rather than opposed or indifferent.""}"
ubi_290,"{""stance"":""positive"",""reasoning"":""The target user explicitly frames trade union support and Labour leadership dynamics as a “very positive step” toward UBI entering the political mainstream. They defend UBI against accusations of socialism, challenge anti-redistribution objections, and express a pro-collective view (“I win if and when society at large wins”), indicating strong support rather than neutrality or opposition. Nothing in the exchange suggests their stance becomes less favorable afterward.""}"
ubi_291,"{""stance"":""positive"",""reasoning"":""The target user explicitly frames basic income as a policy Corbyn would be receptive to and calls the unions’ involvement “a very positive step” toward UBI entering the political mainstream and national debate. The other user’s note about inconsistent membership polling doesn’t directly counter the target user’s optimism or show the target user backing off, so their post-conversation stance remains positive.""}"
ubi_292,"{""stance"":""positive"",""reasoning"":""The target user explicitly frames basic income as a promising, mainstreaming policy development, calling the unions’ influence and Labour leadership dynamics “a very positive step” toward getting basic income into national debate and potentially adopted. Nothing in the follow-up from the other user appears to shift the target user away from that view, so their stance remains positive.""}"
ubi_293,"{""stance"":""positive"",""reasoning"":""The target user explicitly frames basic income as a promising, mainstreaming policy development in UK politics, calling it a “very positive step” toward national debate and implying receptiveness from influential unions and Labour leadership. Nothing in the brief exchange suggests their view becomes more skeptical; the other user’s question introduces a potential concern (replacing the NHS), but the target user has not responded to it, so their stance remains clearly supportive.""}"
ubi_296,"{""stance"":""positive"",""reasoning"":""The target user strongly defends UBI against claims it would require impossibly high taxes, argues it can be funded with a 40% flat tax structure, and frames the 80% of GDP estimate as absurd. Their tone is dismissive of anti-UBI cost arguments and they present UBI as feasible and broadly beneficial (reduced tax burden for most households). Nothing in the exchange indicates they were persuaded away from that view, so their stance remains positive after the conversation.""}"
ubi_297,"{""stance"":""neutral"",""reasoning"":""The target user never speaks in the provided transcript, so there is no direct evidence of their view on universal basic income or how (if at all) the opposing arguments affected them. With insufficient information to infer their post-conversation stance, the safest classification is neutral.""}"
ubi_299,"{""stance"":""positive"",""reasoning"":""The target user explains UBI in supportive terms, emphasizes evidence from studies, argues it improves societal outcomes (less crime, better mental health), frames poverty as a distribution problem, and explicitly says it preserves incentives to work. Their tone and content advocate for UBI rather than merely describing it, indicating a positive stance after the conversation.""}"
ubi_300,"{""stance"":""positive"",""reasoning"":""The target user explains basic income in supportive terms, emphasizing its benefits (reducing poverty-related stress, crime, and mental health issues), arguing it’s affordable via tax reform, and explicitly stating it wouldn’t remove work incentives. Their framing is largely advocacy-oriented (“aims to put an anchor on the poorest…”) and they note influential support. The correction about negative income tax vs UBI doesn’t show them backing off; it’s a definitional nuance rather than a shift away from endorsement.""}"
ubi_302,"{""stance"":""neutral"",""reasoning"":""The target user never speaks in the transcript, so there’s no explicit indication of their view. While the conversation frames UBI as a modest safety net rather than a ‘dream life’ subsidy and highlights skepticism about public expectations, we can’t infer how the target user reacts to these points. With insufficient evidence of agreement or disagreement, the most reliable prediction is neutral.""}"
ubi_305,"{""stance"":""positive"",""reasoning"":""The target user frames basic income as a meaningful improvement over $0, explicitly argues it can prevent starvation/homelessness even if it doesn’t enable an “ideal life” in expensive cities, and notes it wouldn’t stop them from working. They acknowledge limits (not enough for NYC) but still defend UBI’s purpose and value, indicating an overall supportive stance that isn’t undermined by the other user’s skepticism.""}"
ubi_306,"{""stance"":""neutral"",""reasoning"":""The transcript contains no discussion of universal basic income or related policy views from the target user, nor any cues that would let us infer their attitude toward UBI. The exchange is about location (Ohio) and desirability of living there, so there’s insufficient evidence to predict a positive or negative stance shift.""}"
ubi_319,"{""stance"":""positive"",""reasoning"":""The target user explicitly endorses implementing a UBI (suggesting $300–$500/month) and defends it against inflation/price-spiral objections. They frame UBI as a way to reduce homelessness, provide food and dignity, and say they are willing to accept small price increases to achieve these benefits. Nothing in the exchange indicates they were persuaded away from UBI; instead they reaffirm support and challenge critics.""}"
ubi_327,"{""stance"":""positive"",""reasoning"":""The target user expresses agreement with a core pro-UBI implication: that a basic income would reduce or eliminate the need for a minimum wage because it provides an income floor and changes labor market dynamics. This aligns with viewing UBI as a viable policy that can replace or reduce other interventions, and they do not voice concerns about inflation, taxes, or feasibility in the exchange. The immediate affirmation from another user reinforces that framing, making a positive stance most likely after the conversation.""}"
ubi_328,"{""stance"":""neutral"",""reasoning"":""The target user makes a single, limited comment: that a basic income might reduce the need for a minimum wage. This suggests they see UBI as potentially workable as a wage-floor substitute, but they do not explicitly endorse or oppose UBI overall, nor do they engage with the inflation/death-spiral critique or funding concerns. With insufficient evidence of clear support or rejection after the exchange, the most justified classification is neutral.""}"
ubi_334,"{""stance"":""positive"",""reasoning"":""The target user consistently defends UBI against a guaranteed-jobs alternative, arguing it has less employment disincentive than the current system and that it better supports valuable non-market activities (caregiving, schooling, growing food, volunteering) without forcing people into “bullshit” make-work. They explicitly link to pro-UBI work-incentive analysis, emphasize that UBI can cover unpaid care work, and frame the opponent’s job-guarantee as a harmful false choice. Nothing in the exchange suggests the target user is persuaded away from UBI; if anything, they double down on UBI’s advantages.""}"
ubi_341,"{""stance"":""negative"",""reasoning"":""The target user conditions any support for UBI on it fully replacing essentially all existing transfer programs, including Medicare/Medicaid, and explicitly says that if health programs aren’t replaced too, “you’re not going to get people like me on board.” They also describe UBI as an “economic deterrent” and maintain a bright-line opposition when others argue for keeping healthcare entitlements alongside UBI. Nothing in the exchange indicates they soften this position after pushback; they reaffirm skepticism and the replacement requirement, implying an overall negative stance toward UBI as typically proposed.""}"
ubi_343,"{""stance"":""neutral"",""reasoning"":""The target user is conditionally open to discussing a basic income but only if it fully replaces existing welfare/transfer programs (including Medicare/Medicaid and Social Security) and rejects UBI layered on top of other redistribution. In the exchange, they defend minimizing/ending healthcare assistance rather than warming to UBI itself, and nothing indicates they became more supportive or more opposed beyond their original conditional acceptance. Overall this reflects a constrained, skeptical-but-open position rather than clearly positive or negative.""}"
ubi_344,"{""stance"":""neutral"",""reasoning"":""The target user only asks clarifying, quantitative questions (how much UBI would be, per person vs per taxpayer) and raises a potential labor-force participation concern (married women leaving the workforce). They do not explicitly endorse or reject UBI, and their skepticism is limited to probing implications rather than stating opposition. With insufficient evidence of a settled view, the most supported classification is neutral.""}"
ubi_348,"{""stance"":""neutral"",""reasoning"":""The target user is conditionally open to discussing a basic income only if it fully replaces existing welfare and transfer programs; they reject UBI as an add-on and frame it as a potential nonstarter otherwise. This indicates neither clear support nor outright opposition to UBI itself, but a skeptical, conditional openness. The brief challenge from the other user doesn’t show the target user shifting stance, so the most supported prediction is neutral.""}"
ubi_361,"{""stance"":""neutral"",""reasoning"":""The target user is not clearly present in the transcript, and no statement is explicitly attributed to [TARGET USER]. Without any direct evidence of the target user’s views or reactions, there isn’t enough basis to infer a positive or negative stance shift toward universal basic income from the conversation alone.""}"
ubi_362,"{""stance"":""neutral"",""reasoning"":""The transcript contains only another user advocating for implementing universal basic income sooner, but provides no statements or reactions from the target user. Without any evidence of the target user’s views or how they were influenced by the argument, the safest prediction is that their stance remains indetermined/neutral.""}"
ubi_366,"{""stance"":""positive"",""reasoning"":""The target user repeatedly defends UBI as a valid anti-poverty tool and pushes back against framing it as an all-or-nothing replacement for existing programs. They argue UBI can be combined with targeted welfare (e.g., Medicaid) and may yield higher social utility than UBI alone at the same cost, indicating support for implementing UBI (at least partially) rather than rejecting it.""}"
ubi_368,"{""stance"":""positive"",""reasoning"":""The target user explicitly states they are “all for basic income,” and nothing in the subsequent exchange indicates they retract or substantially weaken that support. Their comments focus on implementation details (how to set amounts, location cost differences) and economic prerequisites (increasing production to avoid inflation), which reads as conditional/nuanced support rather than opposition. The follow-up about potential migration effects shows uncertainty about consequences, but not a shift away from supporting UBI overall.""}"
ubi_369,"{""stance"":""positive"",""reasoning"":""The target user argues in favor of UBI’s viability and explicitly frames it as something that should “succeed,” defending it against critiques that it can’t replace healthcare programs. They contend UBI should be paired with single-payer healthcare to avoid private-insurer price inflation, citing student-loan-style cost spirals. This is a supportive, pro-UBI stance (with the condition that healthcare be handled separately via single payer), not neutral or opposed.""}"
ubi_375,"{""stance"":""negative"",""reasoning"":""The target user repeatedly challenges the feasibility of a $10k universal basic income, emphasizing that it’s below the poverty line, would cost about $3.1T if universal, exceeds federal revenue, and would require cutting or reducing benefits like Social Security. They demand detailed funding math and characterize attempts they’ve seen as “woefully, ridiculously inadequate.” The other user later shifts to a means-tested/sliding-scale proposal (not truly universal) and offers some offsets, but there’s no indication the target user is persuaded; given their sustained skepticism and focus on funding gaps and harm to current recipients, their stance after the exchange remains negative.""}"
ubi_380,"{""stance"":""negative"",""reasoning"":""The target user repeatedly and explicitly argues that universal basic income is a bad idea, saying they would personally stop working if given enough for necessities and asserting many others would too. They challenges pro-UBI claims as speculative, argues UBI would reduce labor participation and spending on non-necessities (shrinking jobs), and likens UBI to “guaranteed free shit” that encourages people to quit working (citing retirement/Social Security). Their tone is strongly hostile and dismissive of supporting evidence, indicating a firmly negative stance after the conversation.""}"
ubi_381,"{""stance"":""negative"",""reasoning"":""The target user explicitly and repeatedly argues that UBI is a “bad idea,” saying they and many others would stop working if given enough to cover necessities. They cite personal anecdotes about gaming unemployment, claim most people don’t want to work, and frame UBI as a naive “fantasy/utopia” that would create widespread labor withdrawal. Nothing in the conversation suggests their view softened; if anything, they doubled down with more examples and stronger language, indicating a firmly negative stance after the discussion.""}"
ubi_392,"{""stance"":""positive"",""reasoning"":""The target user explicitly defends UBI, stating it “ends poverty,” challenges pessimistic assumptions about program creep, and argues that other programs could be cut to increase an equal cash dividend. This indicates a clearly favorable view, and nothing in the subsequent reply appears to change their stance—only raises political feasibility concerns from others.""}"
ubi_397,"{""stance"":""neutral"",""reasoning"":""The transcript contains no substantive dialogue or statements from the target user (or anyone else) about universal basic income—only a deleted message. With no evidence of the target user’s views or any persuasive interaction that could shift them, the stance cannot be inferred and is best classified as neutral.""}"
ubi_400,"{""stance"":""neutral"",""reasoning"":""The target user engages with the critique by asking a clarifying question about whether higher incomes from UBI would partially fund itself through increased taxes, which suggests openness rather than opposition. However, they do not explicitly endorse UBI, and the follow-up response emphasizes funding/taxation problems without showing the target user accepting or rejecting that argument. With no clear statement of support or opposition after the exchange, the best prediction is neutral.""}"
ubi_406,"{""stance"":""negative"",""reasoning"":""The target user argues that a UBI replacing existing welfare programs will “never happen” due to political backlash and the inevitable re-creation of new programs, framing UBI as politically infeasible and unstable. They express no support for UBI’s merits and focus on why it would fail in practice; the other user’s rebuttal doesn’t elicit any softening from the target user in the transcript, so the predicted stance remains negative.""}"
ubi_407,"{""stance"":""negative"",""reasoning"":""The target user argues that a basic income will “never happen” because it would require replacing existing welfare programs, which they believe is politically impossible and would inevitably lead to re-expansion of programs. This reflects a pessimistic, oppositional view toward UBI’s feasibility and implementation rather than support, indicating a negative stance after the conversation.""}"
ubi_410,"{""stance"":""negative"",""reasoning"":""The target user repeatedly dismisses UBI’s entrepreneurship rationale as “ridiculous,” “nuttery,” and “dribbling out a little bit of money,” arguing $1k/month is too small to meaningfully reduce real startup barriers and would instead subsidize hobbies or scams. Throughout the exchange they become more entrenched, citing their own entrepreneurial experience, rejecting counterexamples, and showing no movement toward seeing UBI as beneficial. This indicates a negative stance toward UBI after the conversation.""}"
ubi_413,"{""stance"":""neutral"",""reasoning"":""The target user argues that conventional job-based “productivity” can be net harmful (e.g., barista work causing emissions) and that an unemployed person could be “more productive” by that metric. This aligns with a critique that people shouldn’t be judged solely by paid employment, which is compatible with pro-UBI reasoning, but they never mention universal basic income, income support, or policy preferences. The exchange is mainly about redefining productivity in climate terms, so there isn’t enough evidence to conclude a clearly positive or negative stance toward UBI after the conversation.""}"
ubi_414,"{""stance"":""positive"",""reasoning"":""The target user criticizes “jobs for jobs sake,” questions whether many service jobs are truly productive given resource costs, and explicitly entertains “ideas like basic income,” implying they may be needed as society rethinks work and productivity beyond traditional Econ 101 frameworks. Their tone suggests openness and support rather than skepticism.""}"
ubi_421,"{""stance"":""positive"",""reasoning"":""The target user strongly defends UBI, calling criticism “densely packed misinformation,” asserting that inflation would be “no or negligible” per “most legitimate sources,” and claiming “most economists support UBI.” They then provide multiple pro-UBI citations (Mankiw, Rogoff, Forbes endorsement list). Nothing in the exchange indicates they softened or reversed this view; if anything, they reinforced their supportive stance when challenged.""}"
ubi_423,"{""stance"":""negative"",""reasoning"":""The target user repeatedly argues that universalizing welfare is \""strictly worse\"" than targeting aid to those who need it, emphasizing that giving money to people who don’t need it is inefficient and would be better reallocated to poorer recipients (e.g., single mothers, children). They dismiss key pro-UBI justifications like reduced stigma and administrative savings as weak or unrealistic, and they challenge universality on moral and practical grounds throughout. Nothing in the later reply appears to persuade them; their objections are fundamental (means-testing vs universality), so their post-conversation stance remains negative toward UBI.""}"
ubi_424,"{""stance"":""positive"",""reasoning"":""The target user repeatedly defends UBI on principle (“It isnt universal unless everyone gets it”), argues it reduces stigma, avoids bureaucracy, fixes welfare-trap incentives, and helps the near-poor who don’t qualify for targeted aid. They explicitly state they don’t care if rich people also receive it and provide personal reasons they’d support it (financial cushion enabling investment/charity, reduced risk aversion). Although another user challenges these points, the target user’s replies double down and expand the pro-UBI rationale rather than conceding, so their stance after the conversation remains positive.""}"
ubi_437,"{""stance"":""neutral"",""reasoning"":""The transcript contains no messages from the [TARGET USER] at all, so there is no explicit evidence of their view on universal basic income or how they responded to the arguments presented. With insufficient information to infer a post-conversation shift, the safest prediction is neutral.""}"
ubi_438,"{""stance"":""neutral"",""reasoning"":""There is no message from the target user in the transcript, so their views cannot be directly inferred. The only content is another user expressing concern that UBI would raise rents/property values; without evidence of the target user adopting or rejecting that argument, the safest prediction is neutral.""}"
ubi_439,"{""stance"":""negative"",""reasoning"":""The target user downplays the need for a basic income by arguing it’s already easy to live well on very low wages ($8/hr) if you choose a cheap area and minimal lifestyle (e.g., buying cheap desert land and living in a trailer). This framing suggests skepticism toward UBI’s necessity and aligns more with a negative stance than neutral or supportive.""}"
ubi_441,"{""stance"":""positive"",""reasoning"":""The target user challenges anti-UBI assumptions by asking why it would become “next to impossible to make decent money” and by probing what UBI amount is being assumed, indicating skepticism toward negative claims and openness to UBI rather than opposition. They do not express clear reservations themselves, so their stance trends supportive/positive after the exchange.""}"
ubi_444,"{""stance"":""positive"",""reasoning"":""The target user explicitly endorses pairing a consumption (sales) tax with a guaranteed basic income to make the tax non-regressive, and speaks favorably about framing it as a rebate rather than welfare. Their comment treats UBI as a desirable policy tool to offset regressive taxation and improve fairness, with no sign of backing away after others challenge the idea.""}"
ubi_445,"{""stance"":""neutral"",""reasoning"":""The target user never speaks in the transcript, so there’s no explicit indication of their view on UBI. The discussion presents mixed considerations—high cost/feasibility concerns, possible offsets via cutting benefits or tax changes, and debate over sales taxes vs. land value taxes—without showing how the target user reacts. With no evidence of endorsement or rejection, the most defensible prediction is neutral.""}"
ubi_449,"{""stance"":""positive"",""reasoning"":""The target user explicitly endorses combining a consumption (sales) tax with a guaranteed basic income, arguing it can make the tax non-regressive and function like a rebate rather than welfare. They present UBI as a constructive policy tool and speak favorably about its benefits and framing, indicating an overall positive stance after the conversation.""}"
ubi_455,"{""stance"":""negative"",""reasoning"":""The target user frames UBI as likely leading to public backlash over “irresponsible” spending, followed by demands for guidance and oversight that reintroduce bureaucracy—“right back where we started.” They reject constrained debit-card proposals as undermining UBI’s core appeal and emphasize the risk of recreating welfare-state administration. Nothing in the exchange suggests they become more favorable; their comments remain skeptical and critical.""}"
ubi_457,"{""stance"":""positive"",""reasoning"":""The target user consistently argues in favor of UBI’s benefits: it would reduce the need to live in high-rent cities near jobs and could enable people (including themselves) to relocate and build housing/infrastructure elsewhere, alleviating housing pressure. They respond to critiques (rent capture by landlords) with proactive solutions rather than rejecting UBI, indicating an overall supportive stance after the conversation.""}"
ubi_459,"{""stance"":""neutral"",""reasoning"":""The target user never speaks in the provided transcript, so there is no direct evidence of their attitude toward UBI or any shift after the conversation. While the other user presents skeptical cost-based arguments, we cannot reliably infer the target user adopted them without any response or reaction.""}"
ubi_465,"{""stance"":""negative"",""reasoning"":""The target user repeatedly argues that a basic income would be spent irresponsibly by a nontrivial minority, would not eliminate the need for existing safety nets (especially to protect children), and rests on a flawed assumption that poverty is mainly about lack of cash rather than skills. They explicitly prefer in-kind assistance over cash transfers and frame current welfare incentives as harmful, implying skepticism that UBI would improve outcomes. Nothing in the exchange suggests their view shifts toward supporting UBI; if anything, their objections are reinforced.""}"
ubi_466,"{""stance"":""negative"",""reasoning"":""The target user argues UBI’s core premise is flawed: poverty isn’t mainly lack of cash but lack of life/job skills, so unconditional payments won’t solve underlying problems. They also emphasize that many recipients would waste funds and still require existing safety nets, implying UBI would add cost without replacing welfare. The brief pushback from another user about trials doesn’t elicit any softening, so their stance remains negative.""}"
ubi_470,"{""stance"":""positive"",""reasoning"":""The target user argues in favor of basic income as a clear improvement over the current welfare system: simpler administration, more equal treatment, reduced bureaucracy, fewer budget fights, and elimination of the unemployment/benefits trap. They also mention potential broader labor-market benefits (e.g., less need for minimum wage). Their only expressed skepticism is about universal healthcare, not UBI itself, and nothing in the exchange suggests they were persuaded away from supporting UBI.""}"
ubi_473,"{""stance"":""positive"",""reasoning"":""The target user consistently argues in favor of basic income as an improvement over existing welfare: simpler administration, equal treatment, reduced bureaucracy, elimination of the unemployment trap, less market distortion, and more transparent payouts. When challenged on cost and political feasibility, they defend UBI (or a full entitlement replacement) as potentially comparable in cost with lower admin overhead and press others for reasons it wouldn’t be sustainable, indicating they remain persuaded of UBI’s merits despite acknowledging implementation difficulties.""}"
ubi_474,"{""stance"":""positive"",""reasoning"":""The target user expresses interest in basic income, cites Mincome’s promising effects, and argues that UBI should be rigorously tested rather than dismissed. They push back against objections, contend existing welfare spending could be reallocated, and explicitly say they see no reason it shouldn’t be tested again because it might improve outcomes. While they acknowledge cost and implementation challenges (e.g., Medicaid, recession sustainability) and emphasize experimentation, their overall posture is supportive of UBI as a potentially better anti-poverty tool, making their stance positive rather than neutral or negative.""}"
ubi_487,"{""stance"":""positive"",""reasoning"":""The target user explicitly states they are “all in favor of basic income ASAP.” They reiterate support on pragmatic grounds: since state handouts will exist, they prefer an efficient, low-bureaucracy, low-control mechanism—i.e., basic income. Despite arguing taxation is theft and criticizing leftists, nothing in the exchange indicates their support weakens; if anything, they defend their libertarian rationale for UBI as the least-bad/most efficient form of welfare.""}"
ubi_488,"{""stance"":""positive"",""reasoning"":""The target user explicitly states they are “all in favor of basic income ASAP.” They further defends it as the most efficient form of inevitable state handouts—reducing bureaucracy and control compared to other welfare—despite believing taxation is theft and expressing contempt for some recipients. Nothing in the conversation moves them away from supporting UBI; their subsequent comments reinforce it as a pragmatic, liberty-maximizing policy under current political constraints.""}"
ubi_491,"{""stance"":""negative"",""reasoning"":""The target user explicitly rejects UBI (\""It isn't\"") and argues it would not address basic concerns, would benefit few, and would become a coercive control mechanism over most of the population via suspension/garnishment/administrative holds. Their extended reasoning reinforces a strongly negative stance, with no indications of softening after the exchange.""}"
ubi_498,"{""stance"":""positive"",""reasoning"":""The target user is actively proposing a modified minimum income/basic income scheme and frames it as a way to implement basic income while addressing a common criticism (reduced work incentives). They do not reject UBI; instead they assume its adoption is desirable and focus on policy design details to make it politically/economically viable. The pushback from the other user challenges the premise of needing to incentivize work, but the target user’s last explicit position remains supportive of implementing basic income, just with tweaks.""}"
ubi_499,"{""stance"":""positive"",""reasoning"":""The target user proposes a detailed way to implement a minimum income/UBI-like system while preserving work incentives, indicating they are engaged in improving and supporting the concept rather than opposing it. The follow-up message from another user raises concerns about reduced work incentives but notes the effect may be minimal; there’s no evidence the target user is persuaded against the idea. Overall, the target user’s stance after the exchange remains supportive/constructively positive toward universal basic income.""}"
ubi_527,"{""stance"":""negative"",""reasoning"":""The target user repeatedly argues UBI is a “magical fairy tale,” sets up a dichotomy that any meaningful payment would be unaffordable, and rejects a concrete proposal ($12k/year) as costing ~$2.8–3T annually with “no possible budget” to fund it. Their tone remains dismissive and they do not concede any points, indicating a firmly negative stance after the exchange.""}"
ubi_540,"{""stance"":""neutral"",""reasoning"":""The target user expresses openness to considering basic income but repeatedly frames support as contingent on avoiding or justifying a potentially significant personal tax hit, asking whether it’s unreasonable to need a “good reason” before accepting that. They push back against moral condemnation rather than endorsing UBI’s ethical or practical case. The conversation ends without the target user accepting pro-UBI arguments or rejecting UBI outright; their position remains skeptical-but-open, so overall stance is best classified as neutral.""}"
ubi_546,"{""stance"":""positive"",""reasoning"":""The target user explicitly endorses basic income multiple times, arguing it would let them and their wife pursue education faster, become more productive, and reduce long-term dependence on existing welfare. They defend UBI against criticism by framing it as a more efficient, temporary investment compared to ongoing support, and they do not show any sign of being persuaded away from it during the exchange—if anything, they double down on its benefits and inevitability of some redistribution.""}"
ubi_548,"{""stance"":""negative"",""reasoning"":""The target user repeatedly argues against universal basic income, emphasizing work disincentives, reduced labor supply, falling production, and resulting inflation that would erode the value of the basic income. They also reject the automation-justifies-UBI premise, claiming automation historically lowers prices and creates new jobs, and that increased automation would improve real wages without needing UBI. Nothing in the exchange suggests they were persuaded toward supporting UBI; they reinforce their skepticism.""}"
ubi_559,"{""stance"":""negative"",""reasoning"":""The target user repeatedly argues against UBI, emphasizing that it requires higher taxes, raises business costs, slows growth, and provides no net stimulative effect because it is redistributive (“no free lunch,” “taken from Peter to pay Paul”). They also claim shifting money from the rich to the poor is economically harmful (less investment, more consumption of imports) and cite Sweden’s experience with high taxes. Nothing in the conversation indicates their view softens; they defend their position with multipliers and push back on pro-UBI claims. Therefore their stance after the conversation remains negative.""}"
ubi_566,"{""stance"":""negative"",""reasoning"":""The target user argues that if people had enough income without needing unpleasant work, they would refuse low-status/low-pay jobs unless wages rose significantly. They believe that would raise labor costs, reduce national competitiveness, and “ruin” the economy. They explicitly dismiss automation/robots as a solution for most such jobs, reinforcing a view that policies like UBI would be economically damaging. Nothing in the exchange indicates they softened this position after the other user mentioned automation.""}"
ubi_567,"{""stance"":""positive"",""reasoning"":""The target user frames the 22% support as encouraging progress (“over 1/5th of the country,” “half that in initial polling”) and emphasizes increased media coverage as a “HUGE step forward,” indicating optimism and support for basic income. The other user’s criticism doesn’t elicit any expressed doubt from the target user in the transcript, so the target user’s stance remains clearly positive after the conversation.""}"
ubi_568,"{""stance"":""positive"",""reasoning"":""The target user frames 22% support for basic income as encouraging progress, emphasizes growing polling support over time, and celebrates increased media coverage as a “HUGE step forward,” indicating a clearly favorable attitude toward universal basic income. The other user’s dismissive comment doesn’t show any change in the target user’s expressed optimism or support.""}"
ubi_572,"{""stance"":""negative"",""reasoning"":""The target user argues that universal basic income would be inflationary because it would force wages up (especially for low-wage jobs), raising production costs and therefore prices. They also state they would quit low-paid work if given a basic income, reinforcing their view that UBI would disrupt labor supply and contribute to inflation. The follow-up questions from others do not elicit any softening or acceptance from the target user, so their stance remains negative.""}"
ubi_574,"{""stance"":""negative"",""reasoning"":""The target user argues that a universal basic income would force wages up and thereby raise prices across the economy, leading to inflation and making goods/services (and implicitly Switzerland for tourists) more expensive. They present this as a direct consequence of UBI and do not show any acceptance of the counterargument offered afterward, so their post-conversation stance remains negative.""}"
ubi_578,"{""stance"":""positive"",""reasoning"":""The target user’s comments assume basic income is a goal worth achieving and focus on strategy: they criticize being satisfied with mere awareness and urge campaigns to learn from mistakes to better convince people. This indicates support for UBI itself, with frustration at ineffective advocacy rather than opposition to the policy.""}"
ubi_579,"{""stance"":""neutral"",""reasoning"":""The target user accepts the idea of a basic income but argues it should be introduced cautiously and kept at or below the poverty line (“Baby steps”), indicating concern about scale/cost rather than outright rejection. This reflects a tempered, implementation-skeptical view: neither clearly supportive of UBI as typically proposed (poverty-line+), nor clearly opposed to having any basic income at all.""}"
ubi_581,"{""stance"":""negative"",""reasoning"":""The target user repeatedly frames the Swiss rejection as a clear “bad sign,” argues that informed voters “overwhelmingly rejected” UBI, and concludes it’s even less likely to succeed elsewhere. They also characterize UBI’s “real driver” as “money for nothing” and point to existing European welfare as the alternative. Nothing in the exchange indicates their view softens; if anything, they double down against pro-UBI interpretations.""}"
ubi_584,"{""stance"":""neutral"",""reasoning"":""The target user never speaks in the transcript, so there’s no direct evidence of their view or any change after the discussion. While the other user presents pro-UBI arguments (supporting creativity, intrinsic motivation, critique of commodifying art), we can’t reliably infer the target user accepted or rejected them. With insufficient evidence about the target user’s reaction, the best prediction is neutral.""}"
ubi_590,"{""stance"":""positive"",""reasoning"":""The target user strongly endorses UBI’s feasibility and effectiveness. They respond to concerns with high confidence (“Unequivocally yes”), argue funding is straightforward, and rebut inflation/housing-shortage worries by citing existing housing supply and stating any rent inflation wouldn’t undermine UBI. This indicates a clearly positive stance after the conversation.""}"
ubi_595,"{""stance"":""positive"",""reasoning"":""The target user consistently frames UBI (and their preferred version, a 'Universal Social Security') as a beneficial structural reform: a foundation that mitigates negative economic effects, reduces poverty and welfare cliffs, stabilizes households, and allows restructuring rather than simply cutting entitlements. They provide extensive technical justification, cost figures, and argue it can sustainably support/replace parts of the welfare system while preserving other benefits. They even link to their own political campaign centered on implementing such a plan, indicating strong commitment. Although they acknowledge risks and the need for careful implementation, their overall position after the conversation is clearly supportive rather than doubtful or opposed.""}"
ubi_596,"{""stance"":""positive"",""reasoning"":""The target user argues in favor of universal basic income (calling it a “Citizen’s Dividend” / “Universal Social Security”), presents it as stabilizing the middle class and supporting the poor, and describes it as a plan they designed to fit existing administrative structures. While they frame UBI as ‘capitalist’ and discuss potential downsides/market dynamics, their overall position is clearly supportive and proactive rather than skeptical or opposed, and nothing in the conversation indicates they moved away from that support.""}"
ubi_598,"{""stance"":""neutral"",""reasoning"":""The target user characterizes basic income as a capitalist welfare fix, which signals a descriptive framing rather than clear support or opposition. They do not express approval or disapproval, and there’s no follow-up showing they were persuaded by the other user’s pro-UBI argument. With only this brief comment, their post-conversation stance is best predicted as neutral.""}"
ubi_601,"{""stance"":""positive"",""reasoning"":""The target user defends basic income against claims of “communism” and offers a pro-UBI argument by citing prominent conservative economists (Milton Friedman and Friedrich Hayek) as supporters, implying endorsement and seeing it as compatible with conservative thought. There’s no indication of doubt or opposition; the context reinforces a favorable stance.""}"
ubi_602,"{""stance"":""neutral"",""reasoning"":""The target user argues that basic income is not communism and frames it as an enhancement/streamlining of the existing capitalist tax-and-transfer system. They defend BI against a common criticism but do not express clear support for adopting BI or opposition to it; their focus is definitional and rhetorical rather than normative. Nothing in the exchange indicates they became more favorable or more hostile toward UBI itself, so the best prediction is neutral.""}"
ubi_605,"{""stance"":""positive"",""reasoning"":""The target user argues in favor of a basic income as a way to reduce despair and financial insecurity that can drive destructive drug use, explicitly calling it something people can plan with, that provides security, and can help people get out of dead-end situations. They rebut criticisms about affordability and housing by emphasizing that $1,000/month increases financial security and that UBI could be adjusted regionally. Overall, their comments consistently defend and promote UBI’s benefits, indicating a positive stance after the conversation.""}"
ubi_606,"{""stance"":""positive"",""reasoning"":""The target user consistently defends UBI and argues it would reduce despair and financial insecurity that contribute to harmful drug use, calling it something people can plan around and that provides security. They rebut objections about affordability and housing by emphasizing that any additional no-strings income increases stability and suggesting cost-of-living adjustments. Nothing in the exchange indicates their support weakens; if anything, they remain firmly pro-UBI despite acknowledging drug use has multiple causes.""}"
ubi_608,"{""stance"":""neutral"",""reasoning"":""The target user is strongly negative toward Georgist land value taxation and the idea of funding/structuring UBI around land rents, calling it dangerous and akin to government landlordism. However, they explicitly reference a “UBI society” and frame wage taxes as voluntary in that context, and they say Georgists take basic income in a different direction than they’d want—implying they may still be open to UBI in some other form. Since they never clearly endorse or reject UBI itself (only the Georgist approach to it), their post-conversation stance toward UBI overall is best predicted as neutral.""}"
ubi_613,"{""stance"":""neutral"",""reasoning"":""The target user is strongly negative toward Georgism/land value taxation, calling it nonsensical, dangerous, and regressive, and arguing land is not central to modern wealth. However, they do not mention universal basic income directly, and their objections are aimed at land taxation and property/rent concepts rather than cash transfers as such. Since UBI could be funded in many ways (including but not limited to Georgist rents), the conversation provides insufficient evidence that their stance on UBI itself became positive or negative; it remains indeterminate/neutral.""}"
ubi_614,"{""stance"":""positive"",""reasoning"":""The target user explicitly advocates for giving people a basic income (“If we're going to give people a basic income…”) and frames UBI as sensible policy, mainly debating how it should be funded (preferring income-based taxation over land/value taxes). There’s no indication the conversation reduced their support for UBI; if anything, they continue to defend it against criticism and treat it as a desirable goal.""}"
ubi_640,"{""stance"":""neutral"",""reasoning"":""The target user accepts a basic income only conditionally: they support it as a pragmatic improvement or a “necessary evil,” and would endorse it as a *right* only if it were funded by fully automated production (no human labor/taxation). They strongly reject framing UBI as a natural/basic right when it requires taking from others, and they reaffirm this stance despite pushback. That leaves them neither broadly pro-UBI nor fully anti-UBI—support depends on funding mechanism—so overall stance after the conversation is best classified as neutral.""}"
ubi_644,"{""stance"":""neutral"",""reasoning"":""The target user’s only statement is a satirical/ironic proposal for a political “cyberparty” aiming for “100% unemployment,” which could be interpreted in multiple ways (anti-work automation utopianism, trolling, or a critique of labor policy). Universal basic income is not mentioned, and there’s no clear endorsement or rejection of income guarantees as the mechanism to handle unemployment. With insufficient direct evidence of their view on UBI after the conversation, the best classification is neutral.""}"
ubi_646,"{""stance"":""positive"",""reasoning"":""The target user consistently argues in favor of a basic income, claiming it would improve democracy, enable broader political participation, and be necessary as traditional employment declines. They explicitly dismiss concerns about idleness, say most people will still be productive, and defend UBI’s funding/justification via automation, natural resources, and collective technological heritage. The back-and-forth does not show them being persuaded away; instead they reinforce their pro-UBI position and rebut objections about productivity, labor, and risk.""}"
ubi_647,"{""stance"":""positive"",""reasoning"":""The target user consistently argues in favor of basic income as a democratic and social good: it would free time for political engagement, enable broader participation in governance, and create backlash against anti-democratic interference. They explicitly reject concerns about an ‘idle population,’ framing the economy as serving people and citing research that most would still be productive. They further justify UBI/UMI economically via automation, natural resources, and shared technological heritage, and criticize property-rights/risk narratives used to justify unequal rewards—positions that align with strong support rather than ambivalence. Nothing in the exchange suggests they were persuaded away from this view; if anything, they double down on pro-UBI reasoning.""}"
