conv_id,topic,template_id,inferred,meme
deepseek_3,deepseek,0,neutral,neutral
deepseek_3,deepseek,1,neutral,neutral
deepseek_3,deepseek,3,neutral,neutral
deepseek_3,deepseek,4,neutral,neutral
deepseek_3,deepseek,9,neutral,neutral
deepseek_4,deepseek,0,neutral,neutral
deepseek_4,deepseek,1,neutral,neutral
deepseek_4,deepseek,3,neutral,neutral
deepseek_4,deepseek,4,neutral,neutral
deepseek_4,deepseek,9,neutral,neutral
deepseek_5,deepseek,0,positive,positive
deepseek_5,deepseek,1,positive,positive
deepseek_5,deepseek,3,positive,positive
deepseek_5,deepseek,4,positive,positive
deepseek_5,deepseek,9,positive,positive
deepseek_13,deepseek,0,positive,positive
deepseek_13,deepseek,1,positive,positive
deepseek_13,deepseek,3,positive,positive
deepseek_13,deepseek,4,positive,positive
deepseek_13,deepseek,9,positive,positive
deepseek_14,deepseek,0,positive,positive
deepseek_14,deepseek,1,positive,positive
deepseek_14,deepseek,3,positive,positive
deepseek_14,deepseek,4,positive,positive
deepseek_14,deepseek,9,positive,positive
deepseek_16,deepseek,0,positive,positive
deepseek_16,deepseek,1,positive,positive
deepseek_16,deepseek,3,positive,positive
deepseek_16,deepseek,4,positive,positive
deepseek_16,deepseek,9,positive,positive
deepseek_17,deepseek,0,positive,positive
deepseek_17,deepseek,1,positive,positive
deepseek_17,deepseek,3,positive,positive
deepseek_17,deepseek,4,positive,positive
deepseek_17,deepseek,9,positive,positive
deepseek_18,deepseek,0,positive,positive
deepseek_18,deepseek,1,positive,positive
deepseek_18,deepseek,3,positive,positive
deepseek_18,deepseek,4,positive,positive
deepseek_18,deepseek,9,positive,positive
deepseek_20,deepseek,0,positive,positive
deepseek_20,deepseek,1,positive,positive
deepseek_20,deepseek,3,positive,positive
deepseek_20,deepseek,4,positive,positive
deepseek_20,deepseek,9,positive,positive
deepseek_21,deepseek,0,neutral,neutral
deepseek_21,deepseek,1,neutral,neutral
deepseek_21,deepseek,3,neutral,neutral
deepseek_21,deepseek,4,neutral,neutral
deepseek_21,deepseek,9,neutral,neutral
deepseek_26,deepseek,0,neutral,neutral
deepseek_26,deepseek,1,neutral,neutral
deepseek_26,deepseek,3,neutral,neutral
deepseek_26,deepseek,4,neutral,neutral
deepseek_26,deepseek,9,neutral,neutral
deepseek_28,deepseek,0,neutral,neutral
deepseek_28,deepseek,1,neutral,neutral
deepseek_28,deepseek,3,neutral,neutral
deepseek_28,deepseek,4,neutral,neutral
deepseek_28,deepseek,9,neutral,neutral
deepseek_29,deepseek,0,neutral,positive
deepseek_29,deepseek,1,neutral,positive
deepseek_29,deepseek,3,neutral,positive
deepseek_29,deepseek,4,neutral,positive
deepseek_29,deepseek,9,neutral,positive
deepseek_39,deepseek,0,positive,positive
deepseek_39,deepseek,1,positive,positive
deepseek_39,deepseek,3,positive,positive
deepseek_39,deepseek,4,positive,positive
deepseek_39,deepseek,9,positive,positive
deepseek_40,deepseek,0,positive,positive
deepseek_40,deepseek,1,positive,positive
deepseek_40,deepseek,3,positive,positive
deepseek_40,deepseek,4,positive,positive
deepseek_40,deepseek,9,positive,positive
deepseek_42,deepseek,0,positive,positive
deepseek_42,deepseek,1,positive,positive
deepseek_42,deepseek,3,positive,positive
deepseek_42,deepseek,4,positive,positive
deepseek_42,deepseek,9,positive,positive
deepseek_43,deepseek,0,positive,positive
deepseek_43,deepseek,1,positive,positive
deepseek_43,deepseek,3,positive,positive
deepseek_43,deepseek,4,positive,positive
deepseek_43,deepseek,9,positive,positive
deepseek_48,deepseek,0,neutral,neutral
deepseek_48,deepseek,1,neutral,neutral
deepseek_48,deepseek,3,neutral,neutral
deepseek_48,deepseek,4,neutral,negative
deepseek_48,deepseek,9,neutral,neutral
deepseek_49,deepseek,0,neutral,neutral
deepseek_49,deepseek,1,neutral,neutral
deepseek_49,deepseek,3,neutral,neutral
deepseek_49,deepseek,4,neutral,neutral
deepseek_49,deepseek,9,neutral,neutral
deepseek_50,deepseek,0,positive,positive
deepseek_50,deepseek,1,positive,positive
deepseek_50,deepseek,3,positive,positive
deepseek_50,deepseek,4,positive,positive
deepseek_50,deepseek,9,positive,positive
deepseek_51,deepseek,0,neutral,neutral
deepseek_51,deepseek,1,neutral,negative
deepseek_51,deepseek,3,neutral,neutral
deepseek_51,deepseek,4,neutral,negative
deepseek_51,deepseek,9,neutral,neutral
deepseek_52,deepseek,0,neutral,neutral
deepseek_52,deepseek,1,neutral,neutral
deepseek_52,deepseek,3,neutral,neutral
deepseek_52,deepseek,4,neutral,neutral
deepseek_52,deepseek,9,neutral,neutral
deepseek_53,deepseek,0,positive,positive
deepseek_53,deepseek,1,positive,positive
deepseek_53,deepseek,3,positive,positive
deepseek_53,deepseek,4,positive,positive
deepseek_53,deepseek,9,positive,positive
deepseek_61,deepseek,0,neutral,neutral
deepseek_61,deepseek,1,neutral,neutral
deepseek_61,deepseek,3,neutral,neutral
deepseek_61,deepseek,4,neutral,neutral
deepseek_61,deepseek,9,neutral,neutral
deepseek_70,deepseek,0,positive,positive
deepseek_70,deepseek,1,positive,positive
deepseek_70,deepseek,3,positive,positive
deepseek_70,deepseek,4,positive,positive
deepseek_70,deepseek,9,positive,positive
deepseek_72,deepseek,0,positive,positive
deepseek_72,deepseek,1,positive,positive
deepseek_72,deepseek,3,positive,positive
deepseek_72,deepseek,4,positive,positive
deepseek_72,deepseek,9,positive,positive
deepseek_74,deepseek,0,positive,neutral
deepseek_74,deepseek,1,positive,neutral
deepseek_74,deepseek,3,positive,neutral
deepseek_74,deepseek,4,positive,neutral
deepseek_74,deepseek,9,positive,neutral
deepseek_75,deepseek,0,negative,negative
deepseek_75,deepseek,1,negative,negative
deepseek_75,deepseek,3,negative,negative
deepseek_75,deepseek,4,negative,negative
deepseek_75,deepseek,9,negative,negative
deepseek_76,deepseek,0,neutral,neutral
deepseek_76,deepseek,1,neutral,neutral
deepseek_76,deepseek,3,neutral,neutral
deepseek_76,deepseek,4,neutral,neutral
deepseek_76,deepseek,9,neutral,neutral
deepseek_77,deepseek,0,neutral,neutral
deepseek_77,deepseek,1,neutral,neutral
deepseek_77,deepseek,3,neutral,neutral
deepseek_77,deepseek,4,neutral,neutral
deepseek_77,deepseek,9,neutral,neutral
deepseek_82,deepseek,0,negative,positive
deepseek_82,deepseek,1,negative,negative
deepseek_82,deepseek,3,negative,neutral
deepseek_82,deepseek,4,negative,positive
deepseek_82,deepseek,9,negative,positive
deepseek_85,deepseek,0,neutral,neutral
deepseek_85,deepseek,1,neutral,neutral
deepseek_85,deepseek,3,neutral,neutral
deepseek_85,deepseek,4,neutral,neutral
deepseek_85,deepseek,9,neutral,neutral
deepseek_94,deepseek,0,neutral,neutral
deepseek_94,deepseek,1,neutral,neutral
deepseek_94,deepseek,3,neutral,neutral
deepseek_94,deepseek,4,neutral,neutral
deepseek_94,deepseek,9,neutral,neutral
deepseek_97,deepseek,0,neutral,neutral
deepseek_97,deepseek,1,neutral,neutral
deepseek_97,deepseek,3,neutral,neutral
deepseek_97,deepseek,4,neutral,neutral
deepseek_97,deepseek,9,neutral,neutral
deepseek_109,deepseek,0,neutral,neutral
deepseek_109,deepseek,1,neutral,neutral
deepseek_109,deepseek,3,neutral,neutral
deepseek_109,deepseek,4,neutral,neutral
deepseek_109,deepseek,9,neutral,neutral
deepseek_111,deepseek,0,positive,neutral
deepseek_111,deepseek,1,positive,neutral
deepseek_111,deepseek,3,positive,neutral
deepseek_111,deepseek,4,positive,neutral
deepseek_111,deepseek,9,positive,neutral
deepseek_115,deepseek,0,neutral,negative
deepseek_115,deepseek,1,neutral,negative
deepseek_115,deepseek,3,neutral,negative
deepseek_115,deepseek,4,neutral,negative
deepseek_115,deepseek,9,neutral,negative
deepseek_122,deepseek,0,negative,negative
deepseek_122,deepseek,1,negative,negative
deepseek_122,deepseek,3,negative,negative
deepseek_122,deepseek,4,negative,negative
deepseek_122,deepseek,9,negative,negative
deepseek_123,deepseek,0,negative,negative
deepseek_123,deepseek,1,negative,negative
deepseek_123,deepseek,3,negative,negative
deepseek_123,deepseek,4,negative,negative
deepseek_123,deepseek,9,negative,negative
deepseek_124,deepseek,0,positive,positive
deepseek_124,deepseek,1,positive,positive
deepseek_124,deepseek,3,positive,positive
deepseek_124,deepseek,4,positive,positive
deepseek_124,deepseek,9,positive,positive
deepseek_125,deepseek,0,positive,positive
deepseek_125,deepseek,1,positive,positive
deepseek_125,deepseek,3,positive,positive
deepseek_125,deepseek,4,positive,positive
deepseek_125,deepseek,9,positive,positive
deepseek_127,deepseek,0,negative,negative
deepseek_127,deepseek,1,negative,negative
deepseek_127,deepseek,3,negative,negative
deepseek_127,deepseek,4,negative,negative
deepseek_127,deepseek,9,negative,negative
deepseek_137,deepseek,0,negative,neutral
deepseek_137,deepseek,1,negative,negative
deepseek_137,deepseek,3,negative,negative
deepseek_137,deepseek,4,negative,negative
deepseek_137,deepseek,9,negative,negative
deepseek_138,deepseek,0,negative,negative
deepseek_138,deepseek,1,negative,negative
deepseek_138,deepseek,3,negative,negative
deepseek_138,deepseek,4,negative,negative
deepseek_138,deepseek,9,negative,negative
deepseek_139,deepseek,0,negative,negative
deepseek_139,deepseek,1,negative,negative
deepseek_139,deepseek,3,negative,negative
deepseek_139,deepseek,4,negative,negative
deepseek_139,deepseek,9,negative,negative
deepseek_140,deepseek,0,negative,negative
deepseek_140,deepseek,1,negative,negative
deepseek_140,deepseek,3,negative,negative
deepseek_140,deepseek,4,negative,negative
deepseek_140,deepseek,9,negative,negative
deepseek_141,deepseek,0,negative,negative
deepseek_141,deepseek,1,negative,negative
deepseek_141,deepseek,3,negative,negative
deepseek_141,deepseek,4,negative,negative
deepseek_141,deepseek,9,negative,negative
deepseek_147,deepseek,0,neutral,neutral
deepseek_147,deepseek,1,neutral,neutral
deepseek_147,deepseek,3,neutral,neutral
deepseek_147,deepseek,4,neutral,neutral
deepseek_147,deepseek,9,neutral,neutral
deepseek_148,deepseek,0,neutral,neutral
deepseek_148,deepseek,1,neutral,neutral
deepseek_148,deepseek,3,neutral,neutral
deepseek_148,deepseek,4,neutral,neutral
deepseek_148,deepseek,9,neutral,neutral
deepseek_154,deepseek,0,neutral,neutral
deepseek_154,deepseek,1,neutral,neutral
deepseek_154,deepseek,3,neutral,neutral
deepseek_154,deepseek,4,neutral,neutral
deepseek_154,deepseek,9,neutral,neutral
deepseek_156,deepseek,0,neutral,neutral
deepseek_156,deepseek,1,neutral,neutral
deepseek_156,deepseek,3,neutral,neutral
deepseek_156,deepseek,4,neutral,neutral
deepseek_156,deepseek,9,neutral,neutral
deepseek_159,deepseek,0,neutral,neutral
deepseek_159,deepseek,1,neutral,neutral
deepseek_159,deepseek,3,neutral,neutral
deepseek_159,deepseek,4,neutral,neutral
deepseek_159,deepseek,9,neutral,neutral
deepseek_160,deepseek,0,neutral,neutral
deepseek_160,deepseek,1,neutral,neutral
deepseek_160,deepseek,3,neutral,neutral
deepseek_160,deepseek,4,neutral,neutral
deepseek_160,deepseek,9,neutral,neutral
deepseek_165,deepseek,0,neutral,neutral
deepseek_165,deepseek,1,neutral,neutral
deepseek_165,deepseek,3,neutral,neutral
deepseek_165,deepseek,4,neutral,neutral
deepseek_165,deepseek,9,neutral,neutral
deepseek_166,deepseek,0,neutral,neutral
deepseek_166,deepseek,1,neutral,neutral
deepseek_166,deepseek,3,neutral,neutral
deepseek_166,deepseek,4,neutral,neutral
deepseek_166,deepseek,9,neutral,neutral
deepseek_167,deepseek,0,neutral,neutral
deepseek_167,deepseek,1,neutral,neutral
deepseek_167,deepseek,3,neutral,neutral
deepseek_167,deepseek,4,neutral,neutral
deepseek_167,deepseek,9,neutral,neutral
deepseek_173,deepseek,0,negative,negative
deepseek_173,deepseek,1,negative,negative
deepseek_173,deepseek,3,negative,negative
deepseek_173,deepseek,4,negative,negative
deepseek_173,deepseek,9,negative,negative
deepseek_176,deepseek,0,negative,negative
deepseek_176,deepseek,1,negative,negative
deepseek_176,deepseek,3,negative,negative
deepseek_176,deepseek,4,negative,negative
deepseek_176,deepseek,9,negative,negative
deepseek_177,deepseek,0,negative,negative
deepseek_177,deepseek,1,negative,negative
deepseek_177,deepseek,3,negative,negative
deepseek_177,deepseek,4,negative,negative
deepseek_177,deepseek,9,negative,negative
deepseek_178,deepseek,0,negative,negative
deepseek_178,deepseek,1,negative,negative
deepseek_178,deepseek,3,negative,negative
deepseek_178,deepseek,4,negative,negative
deepseek_178,deepseek,9,negative,negative
deepseek_179,deepseek,0,positive,positive
deepseek_179,deepseek,1,positive,positive
deepseek_179,deepseek,3,positive,positive
deepseek_179,deepseek,4,positive,positive
deepseek_179,deepseek,9,positive,positive
deepseek_180,deepseek,0,positive,positive
deepseek_180,deepseek,1,positive,positive
deepseek_180,deepseek,3,positive,positive
deepseek_180,deepseek,4,positive,positive
deepseek_180,deepseek,9,positive,positive
deepseek_181,deepseek,0,positive,positive
deepseek_181,deepseek,1,positive,positive
deepseek_181,deepseek,3,positive,positive
deepseek_181,deepseek,4,positive,positive
deepseek_181,deepseek,9,positive,positive
deepseek_188,deepseek,0,negative,negative
deepseek_188,deepseek,1,negative,negative
deepseek_188,deepseek,3,negative,negative
deepseek_188,deepseek,4,negative,negative
deepseek_188,deepseek,9,negative,negative
deepseek_189,deepseek,0,negative,negative
deepseek_189,deepseek,1,negative,negative
deepseek_189,deepseek,3,negative,negative
deepseek_189,deepseek,4,negative,negative
deepseek_189,deepseek,9,negative,negative
deepseek_194,deepseek,0,positive,positive
deepseek_194,deepseek,1,positive,positive
deepseek_194,deepseek,3,positive,positive
deepseek_194,deepseek,4,positive,positive
deepseek_194,deepseek,9,positive,positive
deepseek_196,deepseek,0,positive,positive
deepseek_196,deepseek,1,positive,positive
deepseek_196,deepseek,3,positive,positive
deepseek_196,deepseek,4,positive,positive
deepseek_196,deepseek,9,positive,positive
deepseek_197,deepseek,0,positive,positive
deepseek_197,deepseek,1,positive,positive
deepseek_197,deepseek,3,positive,positive
deepseek_197,deepseek,4,positive,positive
deepseek_197,deepseek,9,positive,positive
deepseek_198,deepseek,0,positive,positive
deepseek_198,deepseek,1,positive,positive
deepseek_198,deepseek,3,positive,positive
deepseek_198,deepseek,4,positive,positive
deepseek_198,deepseek,9,positive,positive
deepseek_202,deepseek,0,positive,positive
deepseek_202,deepseek,1,positive,positive
deepseek_202,deepseek,3,positive,positive
deepseek_202,deepseek,4,positive,positive
deepseek_202,deepseek,9,positive,positive
deepseek_204,deepseek,0,neutral,neutral
deepseek_204,deepseek,1,neutral,neutral
deepseek_204,deepseek,3,neutral,neutral
deepseek_204,deepseek,4,neutral,neutral
deepseek_204,deepseek,9,neutral,neutral
deepseek_205,deepseek,0,neutral,neutral
deepseek_205,deepseek,1,neutral,neutral
deepseek_205,deepseek,3,neutral,neutral
deepseek_205,deepseek,4,neutral,positive
deepseek_205,deepseek,9,neutral,neutral
deepseek_206,deepseek,0,neutral,positive
deepseek_206,deepseek,1,neutral,neutral
deepseek_206,deepseek,3,neutral,neutral
deepseek_206,deepseek,4,neutral,neutral
deepseek_206,deepseek,9,neutral,neutral
deepseek_208,deepseek,0,negative,negative
deepseek_208,deepseek,1,negative,negative
deepseek_208,deepseek,3,negative,negative
deepseek_208,deepseek,4,negative,negative
deepseek_208,deepseek,9,negative,negative
deepseek_210,deepseek,0,neutral,neutral
deepseek_210,deepseek,1,neutral,neutral
deepseek_210,deepseek,3,neutral,neutral
deepseek_210,deepseek,4,neutral,neutral
deepseek_210,deepseek,9,neutral,neutral
deepseek_212,deepseek,0,neutral,negative
deepseek_212,deepseek,1,neutral,negative
deepseek_212,deepseek,3,neutral,neutral
deepseek_212,deepseek,4,neutral,neutral
deepseek_212,deepseek,9,neutral,negative
deepseek_227,deepseek,0,neutral,neutral
deepseek_227,deepseek,1,neutral,neutral
deepseek_227,deepseek,3,neutral,neutral
deepseek_227,deepseek,4,neutral,neutral
deepseek_227,deepseek,9,neutral,neutral
deepseek_228,deepseek,0,neutral,neutral
deepseek_228,deepseek,1,neutral,neutral
deepseek_228,deepseek,3,neutral,neutral
deepseek_228,deepseek,4,neutral,neutral
deepseek_228,deepseek,9,neutral,neutral
deepseek_231,deepseek,0,neutral,positive
deepseek_231,deepseek,1,neutral,positive
deepseek_231,deepseek,3,neutral,positive
deepseek_231,deepseek,4,neutral,positive
deepseek_231,deepseek,9,neutral,positive
deepseek_234,deepseek,0,positive,positive
deepseek_234,deepseek,1,positive,positive
deepseek_234,deepseek,3,positive,positive
deepseek_234,deepseek,4,positive,positive
deepseek_234,deepseek,9,positive,positive
deepseek_236,deepseek,0,negative,negative
deepseek_236,deepseek,1,negative,negative
deepseek_236,deepseek,3,negative,negative
deepseek_236,deepseek,4,negative,negative
deepseek_236,deepseek,9,negative,negative
deepseek_238,deepseek,0,neutral,positive
deepseek_238,deepseek,1,neutral,positive
deepseek_238,deepseek,3,neutral,positive
deepseek_238,deepseek,4,neutral,positive
deepseek_238,deepseek,9,neutral,positive
deepseek_252,deepseek,0,negative,negative
deepseek_252,deepseek,1,negative,negative
deepseek_252,deepseek,3,negative,negative
deepseek_252,deepseek,4,negative,negative
deepseek_252,deepseek,9,negative,negative
deepseek_258,deepseek,0,negative,negative
deepseek_258,deepseek,1,negative,negative
deepseek_258,deepseek,3,negative,negative
deepseek_258,deepseek,4,negative,negative
deepseek_258,deepseek,9,negative,negative
deepseek_260,deepseek,0,negative,neutral
deepseek_260,deepseek,1,negative,neutral
deepseek_260,deepseek,3,negative,neutral
deepseek_260,deepseek,4,negative,neutral
deepseek_260,deepseek,9,negative,negative
deepseek_261,deepseek,0,negative,neutral
deepseek_261,deepseek,1,negative,neutral
deepseek_261,deepseek,3,negative,negative
deepseek_261,deepseek,4,negative,neutral
deepseek_261,deepseek,9,negative,negative
deepseek_262,deepseek,0,neutral,neutral
deepseek_262,deepseek,1,neutral,neutral
deepseek_262,deepseek,3,neutral,neutral
deepseek_262,deepseek,4,neutral,neutral
deepseek_262,deepseek,9,neutral,neutral
deepseek_266,deepseek,0,negative,negative
deepseek_266,deepseek,1,negative,negative
deepseek_266,deepseek,3,negative,negative
deepseek_266,deepseek,4,negative,negative
deepseek_266,deepseek,9,negative,negative
deepseek_269,deepseek,0,positive,positive
deepseek_269,deepseek,1,positive,positive
deepseek_269,deepseek,3,positive,positive
deepseek_269,deepseek,4,positive,positive
deepseek_269,deepseek,9,positive,positive
deepseek_270,deepseek,0,neutral,positive
deepseek_270,deepseek,1,neutral,neutral
deepseek_270,deepseek,3,neutral,positive
deepseek_270,deepseek,4,neutral,positive
deepseek_270,deepseek,9,neutral,positive
deepseek_271,deepseek,0,neutral,neutral
deepseek_271,deepseek,1,neutral,neutral
deepseek_271,deepseek,3,neutral,neutral
deepseek_271,deepseek,4,neutral,neutral
deepseek_271,deepseek,9,neutral,neutral
deepseek_273,deepseek,0,positive,positive
deepseek_273,deepseek,1,positive,positive
deepseek_273,deepseek,3,positive,positive
deepseek_273,deepseek,4,positive,positive
deepseek_273,deepseek,9,positive,positive
deepseek_283,deepseek,0,negative,negative
deepseek_283,deepseek,1,negative,negative
deepseek_283,deepseek,3,negative,negative
deepseek_283,deepseek,4,negative,negative
deepseek_283,deepseek,9,negative,negative
deepseek_297,deepseek,0,neutral,positive
deepseek_297,deepseek,1,neutral,positive
deepseek_297,deepseek,3,neutral,positive
deepseek_297,deepseek,4,neutral,positive
deepseek_297,deepseek,9,neutral,positive
deepseek_305,deepseek,0,neutral,neutral
deepseek_305,deepseek,1,neutral,neutral
deepseek_305,deepseek,3,neutral,neutral
deepseek_305,deepseek,4,neutral,neutral
deepseek_305,deepseek,9,neutral,neutral
deepseek_306,deepseek,0,neutral,neutral
deepseek_306,deepseek,1,neutral,neutral
deepseek_306,deepseek,3,neutral,neutral
deepseek_306,deepseek,4,neutral,neutral
deepseek_306,deepseek,9,neutral,neutral
deepseek_307,deepseek,0,neutral,neutral
deepseek_307,deepseek,1,neutral,neutral
deepseek_307,deepseek,3,neutral,neutral
deepseek_307,deepseek,4,neutral,neutral
deepseek_307,deepseek,9,neutral,neutral
deepseek_308,deepseek,0,negative,negative
deepseek_308,deepseek,1,negative,negative
deepseek_308,deepseek,3,negative,negative
deepseek_308,deepseek,4,negative,negative
deepseek_308,deepseek,9,negative,negative
deepseek_309,deepseek,0,neutral,neutral
deepseek_309,deepseek,1,neutral,neutral
deepseek_309,deepseek,3,neutral,neutral
deepseek_309,deepseek,4,neutral,neutral
deepseek_309,deepseek,9,neutral,neutral
deepseek_311,deepseek,0,negative,negative
deepseek_311,deepseek,1,negative,negative
deepseek_311,deepseek,3,negative,negative
deepseek_311,deepseek,4,negative,negative
deepseek_311,deepseek,9,negative,negative
deepseek_313,deepseek,0,positive,positive
deepseek_313,deepseek,1,positive,positive
deepseek_313,deepseek,3,positive,positive
deepseek_313,deepseek,4,positive,positive
deepseek_313,deepseek,9,positive,positive
deepseek_314,deepseek,0,positive,positive
deepseek_314,deepseek,1,positive,positive
deepseek_314,deepseek,3,positive,neutral
deepseek_314,deepseek,4,positive,positive
deepseek_314,deepseek,9,positive,positive
deepseek_315,deepseek,0,positive,positive
deepseek_315,deepseek,1,positive,positive
deepseek_315,deepseek,3,positive,positive
deepseek_315,deepseek,4,positive,positive
deepseek_315,deepseek,9,positive,positive
deepseek_316,deepseek,0,positive,positive
deepseek_316,deepseek,1,positive,positive
deepseek_316,deepseek,3,positive,positive
deepseek_316,deepseek,4,positive,positive
deepseek_316,deepseek,9,positive,positive
deepseek_340,deepseek,0,neutral,neutral
deepseek_340,deepseek,1,neutral,neutral
deepseek_340,deepseek,3,neutral,neutral
deepseek_340,deepseek,4,neutral,neutral
deepseek_340,deepseek,9,neutral,neutral
deepseek_349,deepseek,0,positive,positive
deepseek_349,deepseek,1,positive,positive
deepseek_349,deepseek,3,positive,positive
deepseek_349,deepseek,4,positive,positive
deepseek_349,deepseek,9,positive,positive
deepseek_350,deepseek,0,positive,positive
deepseek_350,deepseek,1,positive,positive
deepseek_350,deepseek,3,positive,positive
deepseek_350,deepseek,4,positive,positive
deepseek_350,deepseek,9,positive,positive
deepseek_357,deepseek,0,neutral,neutral
deepseek_357,deepseek,1,neutral,neutral
deepseek_357,deepseek,3,neutral,neutral
deepseek_357,deepseek,4,neutral,neutral
deepseek_357,deepseek,9,neutral,neutral
deepseek_358,deepseek,0,neutral,negative
deepseek_358,deepseek,1,neutral,negative
deepseek_358,deepseek,3,neutral,negative
deepseek_358,deepseek,4,neutral,negative
deepseek_358,deepseek,9,neutral,negative
deepseek_359,deepseek,0,neutral,negative
deepseek_359,deepseek,1,neutral,neutral
deepseek_359,deepseek,3,neutral,neutral
deepseek_359,deepseek,4,neutral,neutral
deepseek_359,deepseek,9,neutral,neutral
deepseek_360,deepseek,0,neutral,neutral
deepseek_360,deepseek,1,neutral,neutral
deepseek_360,deepseek,3,neutral,neutral
deepseek_360,deepseek,4,neutral,neutral
deepseek_360,deepseek,9,neutral,negative
deepseek_365,deepseek,0,positive,positive
deepseek_365,deepseek,1,positive,positive
deepseek_365,deepseek,3,positive,positive
deepseek_365,deepseek,4,positive,positive
deepseek_365,deepseek,9,positive,positive
deepseek_368,deepseek,0,neutral,neutral
deepseek_368,deepseek,1,neutral,neutral
deepseek_368,deepseek,3,neutral,neutral
deepseek_368,deepseek,4,neutral,neutral
deepseek_368,deepseek,9,neutral,neutral
deepseek_369,deepseek,0,neutral,neutral
deepseek_369,deepseek,1,neutral,neutral
deepseek_369,deepseek,3,neutral,neutral
deepseek_369,deepseek,4,neutral,neutral
deepseek_369,deepseek,9,neutral,neutral
deepseek_378,deepseek,0,negative,neutral
deepseek_378,deepseek,1,negative,negative
deepseek_378,deepseek,3,negative,negative
deepseek_378,deepseek,4,negative,negative
deepseek_378,deepseek,9,negative,negative
deepseek_379,deepseek,0,negative,negative
deepseek_379,deepseek,1,negative,neutral
deepseek_379,deepseek,3,negative,negative
deepseek_379,deepseek,4,negative,negative
deepseek_379,deepseek,9,negative,negative
deepseek_388,deepseek,0,neutral,neutral
deepseek_388,deepseek,1,neutral,neutral
deepseek_388,deepseek,3,neutral,neutral
deepseek_388,deepseek,4,neutral,neutral
deepseek_388,deepseek,9,neutral,neutral
deepseek_389,deepseek,0,positive,positive
deepseek_389,deepseek,1,positive,positive
deepseek_389,deepseek,3,positive,positive
deepseek_389,deepseek,4,positive,positive
deepseek_389,deepseek,9,positive,positive
deepseek_390,deepseek,0,positive,positive
deepseek_390,deepseek,1,positive,positive
deepseek_390,deepseek,3,positive,positive
deepseek_390,deepseek,4,positive,positive
deepseek_390,deepseek,9,positive,positive
deepseek_391,deepseek,0,positive,positive
deepseek_391,deepseek,1,positive,positive
deepseek_391,deepseek,3,positive,positive
deepseek_391,deepseek,4,positive,positive
deepseek_391,deepseek,9,positive,positive
deepseek_396,deepseek,0,positive,positive
deepseek_396,deepseek,1,positive,positive
deepseek_396,deepseek,3,positive,positive
deepseek_396,deepseek,4,positive,positive
deepseek_396,deepseek,9,positive,positive
deepseek_410,deepseek,0,positive,positive
deepseek_410,deepseek,1,positive,positive
deepseek_410,deepseek,3,positive,positive
deepseek_410,deepseek,4,positive,positive
deepseek_410,deepseek,9,positive,positive
deepseek_411,deepseek,0,positive,positive
deepseek_411,deepseek,1,positive,positive
deepseek_411,deepseek,3,positive,positive
deepseek_411,deepseek,4,positive,positive
deepseek_411,deepseek,9,positive,positive
deepseek_412,deepseek,0,neutral,positive
deepseek_412,deepseek,1,neutral,positive
deepseek_412,deepseek,3,neutral,positive
deepseek_412,deepseek,4,neutral,positive
deepseek_412,deepseek,9,neutral,positive
deepseek_416,deepseek,0,neutral,neutral
deepseek_416,deepseek,1,neutral,neutral
deepseek_416,deepseek,3,neutral,neutral
deepseek_416,deepseek,4,neutral,neutral
deepseek_416,deepseek,9,neutral,neutral
deepseek_417,deepseek,0,neutral,neutral
deepseek_417,deepseek,1,neutral,neutral
deepseek_417,deepseek,3,neutral,neutral
deepseek_417,deepseek,4,neutral,neutral
deepseek_417,deepseek,9,neutral,neutral
deepseek_418,deepseek,0,positive,positive
deepseek_418,deepseek,1,positive,positive
deepseek_418,deepseek,3,positive,positive
deepseek_418,deepseek,4,positive,positive
deepseek_418,deepseek,9,positive,positive
deepseek_419,deepseek,0,positive,positive
deepseek_419,deepseek,1,positive,positive
deepseek_419,deepseek,3,positive,positive
deepseek_419,deepseek,4,positive,positive
deepseek_419,deepseek,9,positive,positive
deepseek_420,deepseek,0,positive,positive
deepseek_420,deepseek,1,positive,positive
deepseek_420,deepseek,3,positive,positive
deepseek_420,deepseek,4,positive,positive
deepseek_420,deepseek,9,positive,positive
deepseek_436,deepseek,0,positive,positive
deepseek_436,deepseek,1,positive,positive
deepseek_436,deepseek,3,positive,positive
deepseek_436,deepseek,4,positive,positive
deepseek_436,deepseek,9,positive,positive
deepseek_439,deepseek,0,negative,negative
deepseek_439,deepseek,1,negative,negative
deepseek_439,deepseek,3,negative,negative
deepseek_439,deepseek,4,negative,negative
deepseek_439,deepseek,9,negative,negative
deepseek_441,deepseek,0,negative,negative
deepseek_441,deepseek,1,negative,negative
deepseek_441,deepseek,3,negative,negative
deepseek_441,deepseek,4,negative,negative
deepseek_441,deepseek,9,negative,negative
deepseek_442,deepseek,0,negative,negative
deepseek_442,deepseek,1,negative,negative
deepseek_442,deepseek,3,negative,negative
deepseek_442,deepseek,4,negative,negative
deepseek_442,deepseek,9,negative,negative
deepseek_443,deepseek,0,negative,negative
deepseek_443,deepseek,1,negative,negative
deepseek_443,deepseek,3,negative,negative
deepseek_443,deepseek,4,negative,negative
deepseek_443,deepseek,9,negative,negative
deepseek_444,deepseek,0,negative,negative
deepseek_444,deepseek,1,negative,negative
deepseek_444,deepseek,3,negative,negative
deepseek_444,deepseek,4,negative,negative
deepseek_444,deepseek,9,negative,negative
deepseek_446,deepseek,0,negative,negative
deepseek_446,deepseek,1,negative,negative
deepseek_446,deepseek,3,negative,negative
deepseek_446,deepseek,4,negative,negative
deepseek_446,deepseek,9,negative,negative
deepseek_447,deepseek,0,positive,positive
deepseek_447,deepseek,1,positive,positive
deepseek_447,deepseek,3,positive,positive
deepseek_447,deepseek,4,positive,positive
deepseek_447,deepseek,9,positive,positive
deepseek_454,deepseek,0,positive,positive
deepseek_454,deepseek,1,positive,positive
deepseek_454,deepseek,3,positive,positive
deepseek_454,deepseek,4,positive,positive
deepseek_454,deepseek,9,positive,positive
deepseek_455,deepseek,0,positive,positive
deepseek_455,deepseek,1,positive,positive
deepseek_455,deepseek,3,positive,positive
deepseek_455,deepseek,4,positive,positive
deepseek_455,deepseek,9,positive,positive
deepseek_461,deepseek,0,negative,negative
deepseek_461,deepseek,1,negative,negative
deepseek_461,deepseek,3,negative,negative
deepseek_461,deepseek,4,negative,negative
deepseek_461,deepseek,9,negative,negative
deepseek_462,deepseek,0,negative,negative
deepseek_462,deepseek,1,negative,negative
deepseek_462,deepseek,3,negative,negative
deepseek_462,deepseek,4,negative,negative
deepseek_462,deepseek,9,negative,negative
deepseek_463,deepseek,0,negative,negative
deepseek_463,deepseek,1,negative,negative
deepseek_463,deepseek,3,negative,negative
deepseek_463,deepseek,4,negative,negative
deepseek_463,deepseek,9,negative,negative
deepseek_469,deepseek,0,neutral,positive
deepseek_469,deepseek,1,neutral,positive
deepseek_469,deepseek,3,neutral,positive
deepseek_469,deepseek,4,neutral,positive
deepseek_469,deepseek,9,neutral,positive
deepseek_478,deepseek,0,neutral,positive
deepseek_478,deepseek,1,neutral,positive
deepseek_478,deepseek,3,neutral,positive
deepseek_478,deepseek,4,neutral,positive
deepseek_478,deepseek,9,neutral,positive
deepseek_479,deepseek,0,neutral,neutral
deepseek_479,deepseek,1,neutral,neutral
deepseek_479,deepseek,3,neutral,neutral
deepseek_479,deepseek,4,neutral,neutral
deepseek_479,deepseek,9,neutral,negative
deepseek_485,deepseek,0,negative,negative
deepseek_485,deepseek,1,negative,negative
deepseek_485,deepseek,3,negative,negative
deepseek_485,deepseek,4,negative,negative
deepseek_485,deepseek,9,negative,negative
deepseek_488,deepseek,0,neutral,positive
deepseek_488,deepseek,1,neutral,positive
deepseek_488,deepseek,3,neutral,neutral
deepseek_488,deepseek,4,neutral,positive
deepseek_488,deepseek,9,neutral,positive
deepseek_489,deepseek,0,neutral,neutral
deepseek_489,deepseek,1,neutral,neutral
deepseek_489,deepseek,3,neutral,neutral
deepseek_489,deepseek,4,neutral,neutral
deepseek_489,deepseek,9,neutral,neutral
deepseek_491,deepseek,0,positive,positive
deepseek_491,deepseek,1,positive,positive
deepseek_491,deepseek,3,positive,positive
deepseek_491,deepseek,4,positive,positive
deepseek_491,deepseek,9,positive,positive
deepseek_493,deepseek,0,neutral,negative
deepseek_493,deepseek,1,neutral,negative
deepseek_493,deepseek,3,neutral,negative
deepseek_493,deepseek,4,neutral,negative
deepseek_493,deepseek,9,neutral,negative
deepseek_500,deepseek,0,positive,positive
deepseek_500,deepseek,1,positive,positive
deepseek_500,deepseek,3,positive,positive
deepseek_500,deepseek,4,positive,positive
deepseek_500,deepseek,9,positive,positive
deepseek_501,deepseek,0,positive,positive
deepseek_501,deepseek,1,positive,positive
deepseek_501,deepseek,3,positive,positive
deepseek_501,deepseek,4,positive,positive
deepseek_501,deepseek,9,positive,positive
deepseek_502,deepseek,0,positive,positive
deepseek_502,deepseek,1,positive,positive
deepseek_502,deepseek,3,positive,positive
deepseek_502,deepseek,4,positive,positive
deepseek_502,deepseek,9,positive,positive
deepseek_503,deepseek,0,positive,positive
deepseek_503,deepseek,1,positive,positive
deepseek_503,deepseek,3,positive,positive
deepseek_503,deepseek,4,positive,positive
deepseek_503,deepseek,9,positive,positive
deepseek_505,deepseek,0,positive,positive
deepseek_505,deepseek,1,positive,positive
deepseek_505,deepseek,3,positive,positive
deepseek_505,deepseek,4,positive,positive
deepseek_505,deepseek,9,positive,positive
deepseek_506,deepseek,0,positive,positive
deepseek_506,deepseek,1,positive,positive
deepseek_506,deepseek,3,positive,positive
deepseek_506,deepseek,4,positive,positive
deepseek_506,deepseek,9,positive,positive
deepseek_507,deepseek,0,positive,positive
deepseek_507,deepseek,1,positive,positive
deepseek_507,deepseek,3,positive,positive
deepseek_507,deepseek,4,positive,positive
deepseek_507,deepseek,9,positive,positive
deepseek_513,deepseek,0,neutral,neutral
deepseek_513,deepseek,1,neutral,neutral
deepseek_513,deepseek,3,neutral,neutral
deepseek_513,deepseek,4,neutral,neutral
deepseek_513,deepseek,9,neutral,neutral
deepseek_520,deepseek,0,neutral,positive
deepseek_520,deepseek,1,neutral,neutral
deepseek_520,deepseek,3,neutral,positive
deepseek_520,deepseek,4,neutral,neutral
deepseek_520,deepseek,9,neutral,neutral
deepseek_523,deepseek,0,negative,positive
deepseek_523,deepseek,1,negative,positive
deepseek_523,deepseek,3,negative,positive
deepseek_523,deepseek,4,negative,positive
deepseek_523,deepseek,9,negative,positive
deepseek_529,deepseek,0,negative,negative
deepseek_529,deepseek,1,negative,negative
deepseek_529,deepseek,3,negative,negative
deepseek_529,deepseek,4,negative,negative
deepseek_529,deepseek,9,negative,negative
deepseek_530,deepseek,0,negative,negative
deepseek_530,deepseek,1,negative,negative
deepseek_530,deepseek,3,negative,negative
deepseek_530,deepseek,4,negative,negative
deepseek_530,deepseek,9,negative,negative
deepseek_539,deepseek,0,neutral,positive
deepseek_539,deepseek,1,neutral,neutral
deepseek_539,deepseek,3,neutral,positive
deepseek_539,deepseek,4,neutral,positive
deepseek_539,deepseek,9,neutral,positive
deepseek_551,deepseek,0,positive,positive
deepseek_551,deepseek,1,positive,positive
deepseek_551,deepseek,3,positive,positive
deepseek_551,deepseek,4,positive,positive
deepseek_551,deepseek,9,positive,positive
deepseek_552,deepseek,0,positive,positive
deepseek_552,deepseek,1,positive,positive
deepseek_552,deepseek,3,positive,positive
deepseek_552,deepseek,4,positive,positive
deepseek_552,deepseek,9,positive,positive
deepseek_553,deepseek,0,positive,positive
deepseek_553,deepseek,1,positive,positive
deepseek_553,deepseek,3,positive,positive
deepseek_553,deepseek,4,positive,positive
deepseek_553,deepseek,9,positive,positive
deepseek_554,deepseek,0,positive,positive
deepseek_554,deepseek,1,positive,positive
deepseek_554,deepseek,3,positive,positive
deepseek_554,deepseek,4,positive,positive
deepseek_554,deepseek,9,positive,positive
deepseek_555,deepseek,0,positive,positive
deepseek_555,deepseek,1,positive,positive
deepseek_555,deepseek,3,positive,positive
deepseek_555,deepseek,4,positive,positive
deepseek_555,deepseek,9,positive,positive
deepseek_556,deepseek,0,positive,positive
deepseek_556,deepseek,1,positive,positive
deepseek_556,deepseek,3,positive,positive
deepseek_556,deepseek,4,positive,positive
deepseek_556,deepseek,9,positive,positive
deepseek_558,deepseek,0,positive,positive
deepseek_558,deepseek,1,positive,positive
deepseek_558,deepseek,3,positive,positive
deepseek_558,deepseek,4,positive,positive
deepseek_558,deepseek,9,positive,positive
deepseek_559,deepseek,0,positive,positive
deepseek_559,deepseek,1,positive,positive
deepseek_559,deepseek,3,positive,positive
deepseek_559,deepseek,4,positive,positive
deepseek_559,deepseek,9,positive,positive
deepseek_560,deepseek,0,positive,positive
deepseek_560,deepseek,1,positive,positive
deepseek_560,deepseek,3,positive,positive
deepseek_560,deepseek,4,positive,positive
deepseek_560,deepseek,9,positive,positive
deepseek_561,deepseek,0,positive,positive
deepseek_561,deepseek,1,positive,positive
deepseek_561,deepseek,3,positive,positive
deepseek_561,deepseek,4,positive,positive
deepseek_561,deepseek,9,positive,positive
deepseek_562,deepseek,0,positive,positive
deepseek_562,deepseek,1,positive,positive
deepseek_562,deepseek,3,positive,positive
deepseek_562,deepseek,4,positive,positive
deepseek_562,deepseek,9,positive,positive
deepseek_563,deepseek,0,positive,positive
deepseek_563,deepseek,1,positive,positive
deepseek_563,deepseek,3,positive,positive
deepseek_563,deepseek,4,positive,positive
deepseek_563,deepseek,9,positive,positive
deepseek_566,deepseek,0,positive,positive
deepseek_566,deepseek,1,positive,positive
deepseek_566,deepseek,3,positive,positive
deepseek_566,deepseek,4,positive,positive
deepseek_566,deepseek,9,positive,positive
deepseek_567,deepseek,0,positive,positive
deepseek_567,deepseek,1,positive,positive
deepseek_567,deepseek,3,positive,positive
deepseek_567,deepseek,4,positive,positive
deepseek_567,deepseek,9,positive,positive
deepseek_568,deepseek,0,positive,positive
deepseek_568,deepseek,1,positive,positive
deepseek_568,deepseek,3,positive,positive
deepseek_568,deepseek,4,positive,positive
deepseek_568,deepseek,9,positive,positive
deepseek_569,deepseek,0,positive,positive
deepseek_569,deepseek,1,positive,positive
deepseek_569,deepseek,3,positive,positive
deepseek_569,deepseek,4,positive,positive
deepseek_569,deepseek,9,positive,positive
deepseek_570,deepseek,0,positive,positive
deepseek_570,deepseek,1,positive,positive
deepseek_570,deepseek,3,positive,positive
deepseek_570,deepseek,4,positive,positive
deepseek_570,deepseek,9,positive,positive
deepseek_571,deepseek,0,positive,positive
deepseek_571,deepseek,1,positive,positive
deepseek_571,deepseek,3,positive,positive
deepseek_571,deepseek,4,positive,positive
deepseek_571,deepseek,9,positive,positive
deepseek_585,deepseek,0,positive,positive
deepseek_585,deepseek,1,positive,positive
deepseek_585,deepseek,3,positive,positive
deepseek_585,deepseek,4,positive,positive
deepseek_585,deepseek,9,positive,positive
deepseek_586,deepseek,0,positive,positive
deepseek_586,deepseek,1,positive,positive
deepseek_586,deepseek,3,positive,positive
deepseek_586,deepseek,4,positive,positive
deepseek_586,deepseek,9,positive,positive
deepseek_587,deepseek,0,positive,positive
deepseek_587,deepseek,1,positive,positive
deepseek_587,deepseek,3,positive,positive
deepseek_587,deepseek,4,positive,positive
deepseek_587,deepseek,9,positive,positive
deepseek_597,deepseek,0,positive,positive
deepseek_597,deepseek,1,positive,positive
deepseek_597,deepseek,3,positive,positive
deepseek_597,deepseek,4,positive,positive
deepseek_597,deepseek,9,positive,positive
deepseek_598,deepseek,0,positive,positive
deepseek_598,deepseek,1,positive,positive
deepseek_598,deepseek,3,positive,positive
deepseek_598,deepseek,4,positive,positive
deepseek_598,deepseek,9,positive,positive
deepseek_599,deepseek,0,positive,positive
deepseek_599,deepseek,1,positive,positive
deepseek_599,deepseek,3,positive,positive
deepseek_599,deepseek,4,positive,positive
deepseek_599,deepseek,9,positive,positive
deepseek_601,deepseek,0,neutral,positive
deepseek_601,deepseek,1,neutral,positive
deepseek_601,deepseek,3,neutral,positive
deepseek_601,deepseek,4,neutral,positive
deepseek_601,deepseek,9,neutral,positive
deepseek_603,deepseek,0,positive,positive
deepseek_603,deepseek,1,positive,positive
deepseek_603,deepseek,3,positive,positive
deepseek_603,deepseek,4,positive,positive
deepseek_603,deepseek,9,positive,positive
deepseek_604,deepseek,0,positive,positive
deepseek_604,deepseek,1,positive,positive
deepseek_604,deepseek,3,positive,positive
deepseek_604,deepseek,4,positive,positive
deepseek_604,deepseek,9,positive,positive
deepseek_605,deepseek,0,neutral,neutral
deepseek_605,deepseek,1,neutral,neutral
deepseek_605,deepseek,3,neutral,neutral
deepseek_605,deepseek,4,neutral,neutral
deepseek_605,deepseek,9,neutral,positive
deepseek_610,deepseek,0,neutral,neutral
deepseek_610,deepseek,1,neutral,neutral
deepseek_610,deepseek,3,neutral,neutral
deepseek_610,deepseek,4,neutral,neutral
deepseek_610,deepseek,9,neutral,neutral
deepseek_618,deepseek,0,neutral,positive
deepseek_618,deepseek,1,neutral,positive
deepseek_618,deepseek,3,neutral,positive
deepseek_618,deepseek,4,neutral,positive
deepseek_618,deepseek,9,neutral,positive
deepseek_624,deepseek,0,negative,negative
deepseek_624,deepseek,1,negative,negative
deepseek_624,deepseek,3,negative,negative
deepseek_624,deepseek,4,negative,negative
deepseek_624,deepseek,9,negative,negative
deepseek_626,deepseek,0,positive,positive
deepseek_626,deepseek,1,positive,positive
deepseek_626,deepseek,3,positive,positive
deepseek_626,deepseek,4,positive,positive
deepseek_626,deepseek,9,positive,positive
deepseek_629,deepseek,0,negative,negative
deepseek_629,deepseek,1,negative,negative
deepseek_629,deepseek,3,negative,negative
deepseek_629,deepseek,4,negative,negative
deepseek_629,deepseek,9,negative,negative
deepseek_630,deepseek,0,negative,negative
deepseek_630,deepseek,1,negative,negative
deepseek_630,deepseek,3,negative,negative
deepseek_630,deepseek,4,negative,negative
deepseek_630,deepseek,9,negative,negative
deepseek_633,deepseek,0,positive,positive
deepseek_633,deepseek,1,positive,positive
deepseek_633,deepseek,3,positive,positive
deepseek_633,deepseek,4,positive,positive
deepseek_633,deepseek,9,positive,positive
deepseek_634,deepseek,0,positive,positive
deepseek_634,deepseek,1,positive,positive
deepseek_634,deepseek,3,positive,neutral
deepseek_634,deepseek,4,positive,positive
deepseek_634,deepseek,9,positive,positive
deepseek_635,deepseek,0,positive,positive
deepseek_635,deepseek,1,positive,positive
deepseek_635,deepseek,3,positive,positive
deepseek_635,deepseek,4,positive,positive
deepseek_635,deepseek,9,positive,positive
deepseek_636,deepseek,0,positive,positive
deepseek_636,deepseek,1,positive,positive
deepseek_636,deepseek,3,positive,positive
deepseek_636,deepseek,4,positive,positive
deepseek_636,deepseek,9,positive,positive
deepseek_637,deepseek,0,positive,positive
deepseek_637,deepseek,1,positive,positive
deepseek_637,deepseek,3,positive,positive
deepseek_637,deepseek,4,positive,positive
deepseek_637,deepseek,9,positive,positive
deepseek_638,deepseek,0,positive,positive
deepseek_638,deepseek,1,positive,positive
deepseek_638,deepseek,3,positive,positive
deepseek_638,deepseek,4,positive,positive
deepseek_638,deepseek,9,positive,positive
deepseek_639,deepseek,0,positive,positive
deepseek_639,deepseek,1,positive,positive
deepseek_639,deepseek,3,positive,positive
deepseek_639,deepseek,4,positive,positive
deepseek_639,deepseek,9,positive,positive
deepseek_640,deepseek,0,positive,positive
deepseek_640,deepseek,1,positive,positive
deepseek_640,deepseek,3,positive,positive
deepseek_640,deepseek,4,positive,positive
deepseek_640,deepseek,9,positive,positive
deepseek_641,deepseek,0,positive,positive
deepseek_641,deepseek,1,positive,positive
deepseek_641,deepseek,3,positive,positive
deepseek_641,deepseek,4,positive,positive
deepseek_641,deepseek,9,positive,positive
deepseek_642,deepseek,0,positive,positive
deepseek_642,deepseek,1,positive,positive
deepseek_642,deepseek,3,positive,positive
deepseek_642,deepseek,4,positive,positive
deepseek_642,deepseek,9,positive,positive
deepseek_643,deepseek,0,positive,positive
deepseek_643,deepseek,1,positive,positive
deepseek_643,deepseek,3,positive,positive
deepseek_643,deepseek,4,positive,positive
deepseek_643,deepseek,9,positive,positive
deepseek_644,deepseek,0,positive,positive
deepseek_644,deepseek,1,positive,positive
deepseek_644,deepseek,3,positive,positive
deepseek_644,deepseek,4,positive,positive
deepseek_644,deepseek,9,positive,positive
deepseek_645,deepseek,0,positive,positive
deepseek_645,deepseek,1,positive,positive
deepseek_645,deepseek,3,positive,positive
deepseek_645,deepseek,4,positive,positive
deepseek_645,deepseek,9,positive,positive
deepseek_646,deepseek,0,positive,positive
deepseek_646,deepseek,1,positive,positive
deepseek_646,deepseek,3,positive,positive
deepseek_646,deepseek,4,positive,positive
deepseek_646,deepseek,9,positive,positive
deepseek_648,deepseek,0,positive,positive
deepseek_648,deepseek,1,positive,positive
deepseek_648,deepseek,3,positive,positive
deepseek_648,deepseek,4,positive,positive
deepseek_648,deepseek,9,positive,positive
deepseek_649,deepseek,0,positive,positive
deepseek_649,deepseek,1,positive,positive
deepseek_649,deepseek,3,positive,positive
deepseek_649,deepseek,4,positive,positive
deepseek_649,deepseek,9,positive,positive
deepseek_650,deepseek,0,positive,positive
deepseek_650,deepseek,1,positive,positive
deepseek_650,deepseek,3,positive,positive
deepseek_650,deepseek,4,positive,positive
deepseek_650,deepseek,9,positive,positive
deepseek_651,deepseek,0,positive,positive
deepseek_651,deepseek,1,positive,positive
deepseek_651,deepseek,3,positive,positive
deepseek_651,deepseek,4,positive,positive
deepseek_651,deepseek,9,positive,positive
deepseek_653,deepseek,0,positive,positive
deepseek_653,deepseek,1,positive,positive
deepseek_653,deepseek,3,positive,positive
deepseek_653,deepseek,4,positive,positive
deepseek_653,deepseek,9,positive,positive
deepseek_654,deepseek,0,positive,positive
deepseek_654,deepseek,1,positive,positive
deepseek_654,deepseek,3,positive,positive
deepseek_654,deepseek,4,positive,positive
deepseek_654,deepseek,9,positive,positive
deepseek_655,deepseek,0,positive,positive
deepseek_655,deepseek,1,positive,positive
deepseek_655,deepseek,3,positive,positive
deepseek_655,deepseek,4,positive,positive
deepseek_655,deepseek,9,positive,positive
deepseek_656,deepseek,0,positive,positive
deepseek_656,deepseek,1,positive,positive
deepseek_656,deepseek,3,positive,positive
deepseek_656,deepseek,4,positive,positive
deepseek_656,deepseek,9,positive,positive
deepseek_657,deepseek,0,positive,positive
deepseek_657,deepseek,1,positive,positive
deepseek_657,deepseek,3,positive,positive
deepseek_657,deepseek,4,positive,positive
deepseek_657,deepseek,9,positive,positive
deepseek_658,deepseek,0,neutral,negative
deepseek_658,deepseek,1,neutral,negative
deepseek_658,deepseek,3,neutral,negative
deepseek_658,deepseek,4,neutral,negative
deepseek_658,deepseek,9,neutral,negative
deepseek_659,deepseek,0,negative,negative
deepseek_659,deepseek,1,negative,negative
deepseek_659,deepseek,3,negative,negative
deepseek_659,deepseek,4,negative,negative
deepseek_659,deepseek,9,negative,negative
deepseek_660,deepseek,0,positive,positive
deepseek_660,deepseek,1,positive,positive
deepseek_660,deepseek,3,positive,positive
deepseek_660,deepseek,4,positive,positive
deepseek_660,deepseek,9,positive,positive
deepseek_661,deepseek,0,neutral,positive
deepseek_661,deepseek,1,neutral,positive
deepseek_661,deepseek,3,neutral,positive
deepseek_661,deepseek,4,neutral,positive
deepseek_661,deepseek,9,neutral,positive
deepseek_662,deepseek,0,negative,negative
deepseek_662,deepseek,1,negative,negative
deepseek_662,deepseek,3,negative,negative
deepseek_662,deepseek,4,negative,negative
deepseek_662,deepseek,9,negative,negative
deepseek_666,deepseek,0,positive,positive
deepseek_666,deepseek,1,positive,positive
deepseek_666,deepseek,3,positive,positive
deepseek_666,deepseek,4,positive,positive
deepseek_666,deepseek,9,positive,positive
deepseek_667,deepseek,0,positive,positive
deepseek_667,deepseek,1,positive,positive
deepseek_667,deepseek,3,positive,positive
deepseek_667,deepseek,4,positive,positive
deepseek_667,deepseek,9,positive,positive
deepseek_670,deepseek,0,positive,positive
deepseek_670,deepseek,1,positive,positive
deepseek_670,deepseek,3,positive,positive
deepseek_670,deepseek,4,positive,positive
deepseek_670,deepseek,9,positive,positive
deepseek_672,deepseek,0,positive,positive
deepseek_672,deepseek,1,positive,positive
deepseek_672,deepseek,3,positive,positive
deepseek_672,deepseek,4,positive,positive
deepseek_672,deepseek,9,positive,positive
deepseek_673,deepseek,0,positive,positive
deepseek_673,deepseek,1,positive,positive
deepseek_673,deepseek,3,positive,positive
deepseek_673,deepseek,4,positive,positive
deepseek_673,deepseek,9,positive,positive
deepseek_674,deepseek,0,positive,positive
deepseek_674,deepseek,1,positive,positive
deepseek_674,deepseek,3,positive,positive
deepseek_674,deepseek,4,positive,positive
deepseek_674,deepseek,9,positive,positive
deepseek_675,deepseek,0,neutral,neutral
deepseek_675,deepseek,1,neutral,neutral
deepseek_675,deepseek,3,neutral,neutral
deepseek_675,deepseek,4,neutral,neutral
deepseek_675,deepseek,9,neutral,neutral
deepseek_676,deepseek,0,positive,positive
deepseek_676,deepseek,1,positive,positive
deepseek_676,deepseek,3,positive,positive
deepseek_676,deepseek,4,positive,positive
deepseek_676,deepseek,9,positive,positive
deepseek_678,deepseek,0,neutral,neutral
deepseek_678,deepseek,1,neutral,neutral
deepseek_678,deepseek,3,neutral,neutral
deepseek_678,deepseek,4,neutral,neutral
deepseek_678,deepseek,9,neutral,neutral
deepseek_679,deepseek,0,negative,negative
deepseek_679,deepseek,1,negative,negative
deepseek_679,deepseek,3,negative,negative
deepseek_679,deepseek,4,negative,negative
deepseek_679,deepseek,9,negative,negative
deepseek_684,deepseek,0,neutral,positive
deepseek_684,deepseek,1,neutral,positive
deepseek_684,deepseek,3,neutral,positive
deepseek_684,deepseek,4,neutral,positive
deepseek_684,deepseek,9,neutral,positive
deepseek_685,deepseek,0,neutral,neutral
deepseek_685,deepseek,1,neutral,neutral
deepseek_685,deepseek,3,neutral,neutral
deepseek_685,deepseek,4,neutral,neutral
deepseek_685,deepseek,9,neutral,neutral
deepseek_696,deepseek,0,neutral,neutral
deepseek_696,deepseek,1,neutral,neutral
deepseek_696,deepseek,3,neutral,neutral
deepseek_696,deepseek,4,neutral,neutral
deepseek_696,deepseek,9,neutral,neutral
deepseek_710,deepseek,0,positive,positive
deepseek_710,deepseek,1,positive,positive
deepseek_710,deepseek,3,positive,positive
deepseek_710,deepseek,4,positive,positive
deepseek_710,deepseek,9,positive,positive
deepseek_712,deepseek,0,negative,neutral
deepseek_712,deepseek,1,negative,negative
deepseek_712,deepseek,3,negative,negative
deepseek_712,deepseek,4,negative,neutral
deepseek_712,deepseek,9,negative,neutral
deepseek_713,deepseek,0,neutral,positive
deepseek_713,deepseek,1,neutral,neutral
deepseek_713,deepseek,3,neutral,neutral
deepseek_713,deepseek,4,neutral,neutral
deepseek_713,deepseek,9,neutral,neutral
deepseek_714,deepseek,0,negative,positive
deepseek_714,deepseek,1,negative,neutral
deepseek_714,deepseek,3,negative,neutral
deepseek_714,deepseek,4,negative,neutral
deepseek_714,deepseek,9,negative,negative
deepseek_723,deepseek,0,neutral,negative
deepseek_723,deepseek,1,neutral,negative
deepseek_723,deepseek,3,neutral,neutral
deepseek_723,deepseek,4,neutral,negative
deepseek_723,deepseek,9,neutral,negative
deepseek_725,deepseek,0,neutral,negative
deepseek_725,deepseek,1,neutral,negative
deepseek_725,deepseek,3,neutral,neutral
deepseek_725,deepseek,4,neutral,negative
deepseek_725,deepseek,9,neutral,negative
deepseek_726,deepseek,0,neutral,negative
deepseek_726,deepseek,1,neutral,negative
deepseek_726,deepseek,3,neutral,neutral
deepseek_726,deepseek,4,neutral,negative
deepseek_726,deepseek,9,neutral,negative
deepseek_727,deepseek,0,neutral,negative
deepseek_727,deepseek,1,neutral,negative
deepseek_727,deepseek,3,neutral,neutral
deepseek_727,deepseek,4,neutral,neutral
deepseek_727,deepseek,9,neutral,negative
deepseek_730,deepseek,0,positive,positive
deepseek_730,deepseek,1,positive,positive
deepseek_730,deepseek,3,positive,positive
deepseek_730,deepseek,4,positive,positive
deepseek_730,deepseek,9,positive,positive
deepseek_731,deepseek,0,neutral,neutral
deepseek_731,deepseek,1,neutral,neutral
deepseek_731,deepseek,3,neutral,neutral
deepseek_731,deepseek,4,neutral,neutral
deepseek_731,deepseek,9,neutral,negative
deepseek_732,deepseek,0,negative,neutral
deepseek_732,deepseek,1,negative,neutral
deepseek_732,deepseek,3,negative,neutral
deepseek_732,deepseek,4,negative,neutral
deepseek_732,deepseek,9,negative,negative
deepseek_733,deepseek,0,negative,neutral
deepseek_733,deepseek,1,negative,neutral
deepseek_733,deepseek,3,negative,neutral
deepseek_733,deepseek,4,negative,neutral
deepseek_733,deepseek,9,negative,negative
deepseek_747,deepseek,0,neutral,neutral
deepseek_747,deepseek,1,neutral,neutral
deepseek_747,deepseek,3,neutral,neutral
deepseek_747,deepseek,4,neutral,negative
deepseek_747,deepseek,9,neutral,neutral
deepseek_749,deepseek,0,neutral,positive
deepseek_749,deepseek,1,neutral,positive
deepseek_749,deepseek,3,neutral,positive
deepseek_749,deepseek,4,neutral,positive
deepseek_749,deepseek,9,neutral,positive
deepseek_750,deepseek,0,negative,negative
deepseek_750,deepseek,1,negative,negative
deepseek_750,deepseek,3,negative,negative
deepseek_750,deepseek,4,negative,negative
deepseek_750,deepseek,9,negative,negative
deepseek_751,deepseek,0,negative,negative
deepseek_751,deepseek,1,negative,negative
deepseek_751,deepseek,3,negative,negative
deepseek_751,deepseek,4,negative,negative
deepseek_751,deepseek,9,negative,negative
deepseek_752,deepseek,0,negative,negative
deepseek_752,deepseek,1,negative,negative
deepseek_752,deepseek,3,negative,negative
deepseek_752,deepseek,4,negative,negative
deepseek_752,deepseek,9,negative,negative
deepseek_766,deepseek,0,positive,positive
deepseek_766,deepseek,1,positive,positive
deepseek_766,deepseek,3,positive,positive
deepseek_766,deepseek,4,positive,positive
deepseek_766,deepseek,9,positive,positive
deepseek_767,deepseek,0,neutral,neutral
deepseek_767,deepseek,1,neutral,neutral
deepseek_767,deepseek,3,neutral,positive
deepseek_767,deepseek,4,neutral,neutral
deepseek_767,deepseek,9,neutral,neutral
deepseek_768,deepseek,0,positive,neutral
deepseek_768,deepseek,1,positive,neutral
deepseek_768,deepseek,3,positive,neutral
deepseek_768,deepseek,4,positive,neutral
deepseek_768,deepseek,9,positive,neutral
deepseek_769,deepseek,0,neutral,positive
deepseek_769,deepseek,1,neutral,neutral
deepseek_769,deepseek,3,neutral,positive
deepseek_769,deepseek,4,neutral,positive
deepseek_769,deepseek,9,neutral,positive
deepseek_776,deepseek,0,neutral,neutral
deepseek_776,deepseek,1,neutral,negative
deepseek_776,deepseek,3,neutral,neutral
deepseek_776,deepseek,4,neutral,neutral
deepseek_776,deepseek,9,neutral,neutral
deepseek_787,deepseek,0,positive,positive
deepseek_787,deepseek,1,positive,positive
deepseek_787,deepseek,3,positive,positive
deepseek_787,deepseek,4,positive,positive
deepseek_787,deepseek,9,positive,positive
deepseek_792,deepseek,0,negative,negative
deepseek_792,deepseek,1,negative,negative
deepseek_792,deepseek,3,negative,negative
deepseek_792,deepseek,4,negative,negative
deepseek_792,deepseek,9,negative,negative
deepseek_793,deepseek,0,negative,negative
deepseek_793,deepseek,1,negative,negative
deepseek_793,deepseek,3,negative,negative
deepseek_793,deepseek,4,negative,negative
deepseek_793,deepseek,9,negative,negative
deepseek_794,deepseek,0,neutral,neutral
deepseek_794,deepseek,1,neutral,neutral
deepseek_794,deepseek,3,neutral,neutral
deepseek_794,deepseek,4,neutral,neutral
deepseek_794,deepseek,9,neutral,neutral
deepseek_795,deepseek,0,negative,neutral
deepseek_795,deepseek,1,negative,negative
deepseek_795,deepseek,3,negative,neutral
deepseek_795,deepseek,4,negative,neutral
deepseek_795,deepseek,9,negative,negative
deepseek_801,deepseek,0,neutral,neutral
deepseek_801,deepseek,1,neutral,neutral
deepseek_801,deepseek,3,neutral,neutral
deepseek_801,deepseek,4,neutral,neutral
deepseek_801,deepseek,9,neutral,neutral
deepseek_803,deepseek,0,neutral,neutral
deepseek_803,deepseek,1,neutral,neutral
deepseek_803,deepseek,3,neutral,neutral
deepseek_803,deepseek,4,neutral,positive
deepseek_803,deepseek,9,neutral,positive
deepseek_823,deepseek,0,positive,positive
deepseek_823,deepseek,1,positive,positive
deepseek_823,deepseek,3,positive,positive
deepseek_823,deepseek,4,positive,positive
deepseek_823,deepseek,9,positive,positive
deepseek_826,deepseek,0,negative,negative
deepseek_826,deepseek,1,negative,negative
deepseek_826,deepseek,3,negative,negative
deepseek_826,deepseek,4,negative,negative
deepseek_826,deepseek,9,negative,negative
deepseek_845,deepseek,0,neutral,neutral
deepseek_845,deepseek,1,neutral,neutral
deepseek_845,deepseek,3,neutral,neutral
deepseek_845,deepseek,4,neutral,neutral
deepseek_845,deepseek,9,neutral,neutral
deepseek_848,deepseek,0,neutral,neutral
deepseek_848,deepseek,1,neutral,neutral
deepseek_848,deepseek,3,neutral,neutral
deepseek_848,deepseek,4,neutral,neutral
deepseek_848,deepseek,9,neutral,neutral
deepseek_859,deepseek,0,positive,positive
deepseek_859,deepseek,1,positive,positive
deepseek_859,deepseek,3,positive,positive
deepseek_859,deepseek,4,positive,positive
deepseek_859,deepseek,9,positive,positive
deepseek_860,deepseek,0,negative,neutral
deepseek_860,deepseek,1,negative,neutral
deepseek_860,deepseek,3,negative,positive
deepseek_860,deepseek,4,negative,positive
deepseek_860,deepseek,9,negative,neutral
deepseek_865,deepseek,0,neutral,neutral
deepseek_865,deepseek,1,neutral,neutral
deepseek_865,deepseek,3,neutral,positive
deepseek_865,deepseek,4,neutral,neutral
deepseek_865,deepseek,9,neutral,neutral
deepseek_869,deepseek,0,negative,negative
deepseek_869,deepseek,1,negative,negative
deepseek_869,deepseek,3,negative,negative
deepseek_869,deepseek,4,negative,negative
deepseek_869,deepseek,9,negative,negative
deepseek_870,deepseek,0,negative,negative
deepseek_870,deepseek,1,negative,negative
deepseek_870,deepseek,3,negative,negative
deepseek_870,deepseek,4,negative,negative
deepseek_870,deepseek,9,negative,negative
deepseek_871,deepseek,0,negative,negative
deepseek_871,deepseek,1,negative,negative
deepseek_871,deepseek,3,negative,negative
deepseek_871,deepseek,4,negative,negative
deepseek_871,deepseek,9,negative,negative
deepseek_873,deepseek,0,neutral,positive
deepseek_873,deepseek,1,neutral,positive
deepseek_873,deepseek,3,neutral,positive
deepseek_873,deepseek,4,neutral,positive
deepseek_873,deepseek,9,neutral,positive
deepseek_886,deepseek,0,neutral,positive
deepseek_886,deepseek,1,neutral,neutral
deepseek_886,deepseek,3,neutral,neutral
deepseek_886,deepseek,4,neutral,neutral
deepseek_886,deepseek,9,neutral,positive
deepseek_895,deepseek,0,neutral,neutral
deepseek_895,deepseek,1,neutral,neutral
deepseek_895,deepseek,3,neutral,neutral
deepseek_895,deepseek,4,neutral,neutral
deepseek_895,deepseek,9,neutral,neutral
deepseek_896,deepseek,0,neutral,neutral
deepseek_896,deepseek,1,neutral,neutral
deepseek_896,deepseek,3,neutral,neutral
deepseek_896,deepseek,4,neutral,neutral
deepseek_896,deepseek,9,neutral,neutral
deepseek_899,deepseek,0,neutral,neutral
deepseek_899,deepseek,1,neutral,neutral
deepseek_899,deepseek,3,neutral,neutral
deepseek_899,deepseek,4,neutral,neutral
deepseek_899,deepseek,9,neutral,negative
deepseek_900,deepseek,0,positive,positive
deepseek_900,deepseek,1,positive,positive
deepseek_900,deepseek,3,positive,positive
deepseek_900,deepseek,4,positive,positive
deepseek_900,deepseek,9,positive,positive
deepseek_901,deepseek,0,positive,positive
deepseek_901,deepseek,1,positive,positive
deepseek_901,deepseek,3,positive,positive
deepseek_901,deepseek,4,positive,positive
deepseek_901,deepseek,9,positive,positive
deepseek_902,deepseek,0,positive,positive
deepseek_902,deepseek,1,positive,positive
deepseek_902,deepseek,3,positive,positive
deepseek_902,deepseek,4,positive,positive
deepseek_902,deepseek,9,positive,positive
deepseek_903,deepseek,0,positive,positive
deepseek_903,deepseek,1,positive,positive
deepseek_903,deepseek,3,positive,positive
deepseek_903,deepseek,4,positive,positive
deepseek_903,deepseek,9,positive,positive
deepseek_905,deepseek,0,positive,positive
deepseek_905,deepseek,1,positive,positive
deepseek_905,deepseek,3,positive,positive
deepseek_905,deepseek,4,positive,positive
deepseek_905,deepseek,9,positive,positive
deepseek_906,deepseek,0,negative,negative
deepseek_906,deepseek,1,negative,negative
deepseek_906,deepseek,3,negative,negative
deepseek_906,deepseek,4,negative,negative
deepseek_906,deepseek,9,negative,negative
deepseek_908,deepseek,0,negative,negative
deepseek_908,deepseek,1,negative,negative
deepseek_908,deepseek,3,negative,negative
deepseek_908,deepseek,4,negative,negative
deepseek_908,deepseek,9,negative,negative
deepseek_915,deepseek,0,neutral,positive
deepseek_915,deepseek,1,neutral,positive
deepseek_915,deepseek,3,neutral,positive
deepseek_915,deepseek,4,neutral,positive
deepseek_915,deepseek,9,neutral,positive
deepseek_923,deepseek,0,neutral,neutral
deepseek_923,deepseek,1,neutral,neutral
deepseek_923,deepseek,3,neutral,neutral
deepseek_923,deepseek,4,neutral,neutral
deepseek_923,deepseek,9,neutral,neutral
deepseek_932,deepseek,0,negative,negative
deepseek_932,deepseek,1,negative,negative
deepseek_932,deepseek,3,negative,negative
deepseek_932,deepseek,4,negative,negative
deepseek_932,deepseek,9,negative,negative
deepseek_935,deepseek,0,negative,negative
deepseek_935,deepseek,1,negative,negative
deepseek_935,deepseek,3,negative,negative
deepseek_935,deepseek,4,negative,negative
deepseek_935,deepseek,9,negative,negative
deepseek_938,deepseek,0,neutral,neutral
deepseek_938,deepseek,1,neutral,neutral
deepseek_938,deepseek,3,neutral,neutral
deepseek_938,deepseek,4,neutral,positive
deepseek_938,deepseek,9,neutral,neutral
deepseek_940,deepseek,0,neutral,negative
deepseek_940,deepseek,1,neutral,neutral
deepseek_940,deepseek,3,neutral,neutral
deepseek_940,deepseek,4,neutral,neutral
deepseek_940,deepseek,9,neutral,neutral
deepseek_943,deepseek,0,neutral,neutral
deepseek_943,deepseek,1,neutral,neutral
deepseek_943,deepseek,3,neutral,neutral
deepseek_943,deepseek,4,neutral,neutral
deepseek_943,deepseek,9,neutral,neutral
deepseek_950,deepseek,0,positive,positive
deepseek_950,deepseek,1,positive,positive
deepseek_950,deepseek,3,positive,positive
deepseek_950,deepseek,4,positive,positive
deepseek_950,deepseek,9,positive,positive
deepseek_951,deepseek,0,neutral,neutral
deepseek_951,deepseek,1,neutral,neutral
deepseek_951,deepseek,3,neutral,neutral
deepseek_951,deepseek,4,neutral,neutral
deepseek_951,deepseek,9,neutral,positive
deepseek_953,deepseek,0,neutral,neutral
deepseek_953,deepseek,1,neutral,neutral
deepseek_953,deepseek,3,neutral,neutral
deepseek_953,deepseek,4,neutral,neutral
deepseek_953,deepseek,9,neutral,neutral
deepseek_954,deepseek,0,neutral,neutral
deepseek_954,deepseek,1,neutral,neutral
deepseek_954,deepseek,3,neutral,neutral
deepseek_954,deepseek,4,neutral,neutral
deepseek_954,deepseek,9,neutral,neutral
deepseek_956,deepseek,0,positive,positive
deepseek_956,deepseek,1,positive,positive
deepseek_956,deepseek,3,positive,positive
deepseek_956,deepseek,4,positive,positive
deepseek_956,deepseek,9,positive,positive
deepseek_964,deepseek,0,negative,negative
deepseek_964,deepseek,1,negative,negative
deepseek_964,deepseek,3,negative,negative
deepseek_964,deepseek,4,negative,negative
deepseek_964,deepseek,9,negative,negative
deepseek_968,deepseek,0,neutral,positive
deepseek_968,deepseek,1,neutral,positive
deepseek_968,deepseek,3,neutral,positive
deepseek_968,deepseek,4,neutral,positive
deepseek_968,deepseek,9,neutral,positive
deepseek_969,deepseek,0,negative,positive
deepseek_969,deepseek,1,negative,neutral
deepseek_969,deepseek,3,negative,positive
deepseek_969,deepseek,4,negative,neutral
deepseek_969,deepseek,9,negative,neutral
deepseek_970,deepseek,0,positive,positive
deepseek_970,deepseek,1,positive,positive
deepseek_970,deepseek,3,positive,positive
deepseek_970,deepseek,4,positive,positive
deepseek_970,deepseek,9,positive,positive
deepseek_972,deepseek,0,neutral,neutral
deepseek_972,deepseek,1,neutral,neutral
deepseek_972,deepseek,3,neutral,negative
deepseek_972,deepseek,4,neutral,negative
deepseek_972,deepseek,9,neutral,neutral
deepseek_973,deepseek,0,neutral,neutral
deepseek_973,deepseek,1,neutral,neutral
deepseek_973,deepseek,3,neutral,neutral
deepseek_973,deepseek,4,neutral,neutral
deepseek_973,deepseek,9,neutral,neutral
deepseek_974,deepseek,0,neutral,neutral
deepseek_974,deepseek,1,neutral,neutral
deepseek_974,deepseek,3,neutral,neutral
deepseek_974,deepseek,4,neutral,neutral
deepseek_974,deepseek,9,neutral,neutral
deepseek_976,deepseek,0,neutral,neutral
deepseek_976,deepseek,1,neutral,neutral
deepseek_976,deepseek,3,neutral,neutral
deepseek_976,deepseek,4,neutral,neutral
deepseek_976,deepseek,9,neutral,neutral
deepseek_977,deepseek,0,neutral,neutral
deepseek_977,deepseek,1,neutral,neutral
deepseek_977,deepseek,3,neutral,neutral
deepseek_977,deepseek,4,neutral,neutral
deepseek_977,deepseek,9,neutral,neutral
deepseek_978,deepseek,0,neutral,positive
deepseek_978,deepseek,1,neutral,positive
deepseek_978,deepseek,3,neutral,positive
deepseek_978,deepseek,4,neutral,positive
deepseek_978,deepseek,9,neutral,positive
deepseek_980,deepseek,0,neutral,positive
deepseek_980,deepseek,1,neutral,neutral
deepseek_980,deepseek,3,neutral,positive
deepseek_980,deepseek,4,neutral,positive
deepseek_980,deepseek,9,neutral,positive
deepseek_981,deepseek,0,neutral,neutral
deepseek_981,deepseek,1,neutral,positive
deepseek_981,deepseek,3,neutral,neutral
deepseek_981,deepseek,4,neutral,neutral
deepseek_981,deepseek,9,neutral,positive
deepseek_986,deepseek,0,neutral,neutral
deepseek_986,deepseek,1,neutral,positive
deepseek_986,deepseek,3,neutral,neutral
deepseek_986,deepseek,4,neutral,neutral
deepseek_986,deepseek,9,neutral,neutral
deepseek_991,deepseek,0,neutral,neutral
deepseek_991,deepseek,1,neutral,neutral
deepseek_991,deepseek,3,neutral,neutral
deepseek_991,deepseek,4,neutral,neutral
deepseek_991,deepseek,9,neutral,neutral
deepseek_992,deepseek,0,neutral,positive
deepseek_992,deepseek,1,neutral,positive
deepseek_992,deepseek,3,neutral,neutral
deepseek_992,deepseek,4,neutral,positive
deepseek_992,deepseek,9,neutral,neutral
deepseek_994,deepseek,0,neutral,neutral
deepseek_994,deepseek,1,neutral,neutral
deepseek_994,deepseek,3,neutral,neutral
deepseek_994,deepseek,4,neutral,neutral
deepseek_994,deepseek,9,neutral,neutral
deepseek_995,deepseek,0,negative,negative
deepseek_995,deepseek,1,negative,negative
deepseek_995,deepseek,3,negative,negative
deepseek_995,deepseek,4,negative,negative
deepseek_995,deepseek,9,negative,negative
deepseek_998,deepseek,0,neutral,neutral
deepseek_998,deepseek,1,neutral,neutral
deepseek_998,deepseek,3,neutral,neutral
deepseek_998,deepseek,4,neutral,neutral
deepseek_998,deepseek,9,neutral,neutral
deepseek_999,deepseek,0,neutral,neutral
deepseek_999,deepseek,1,neutral,neutral
deepseek_999,deepseek,3,neutral,neutral
deepseek_999,deepseek,4,neutral,neutral
deepseek_999,deepseek,9,neutral,neutral
deepseek_1000,deepseek,0,neutral,neutral
deepseek_1000,deepseek,1,neutral,neutral
deepseek_1000,deepseek,3,neutral,neutral
deepseek_1000,deepseek,4,neutral,neutral
deepseek_1000,deepseek,9,neutral,neutral
deepseek_1001,deepseek,0,positive,positive
deepseek_1001,deepseek,1,positive,positive
deepseek_1001,deepseek,3,positive,positive
deepseek_1001,deepseek,4,positive,positive
deepseek_1001,deepseek,9,positive,positive
deepseek_1009,deepseek,0,neutral,neutral
deepseek_1009,deepseek,1,neutral,neutral
deepseek_1009,deepseek,3,neutral,neutral
deepseek_1009,deepseek,4,neutral,negative
deepseek_1009,deepseek,9,neutral,negative
deepseek_1016,deepseek,0,neutral,neutral
deepseek_1016,deepseek,1,neutral,neutral
deepseek_1016,deepseek,3,neutral,neutral
deepseek_1016,deepseek,4,neutral,neutral
deepseek_1016,deepseek,9,neutral,neutral
deepseek_1018,deepseek,0,positive,positive
deepseek_1018,deepseek,1,positive,positive
deepseek_1018,deepseek,3,positive,positive
deepseek_1018,deepseek,4,positive,positive
deepseek_1018,deepseek,9,positive,positive
deepseek_1019,deepseek,0,positive,positive
deepseek_1019,deepseek,1,positive,positive
deepseek_1019,deepseek,3,positive,positive
deepseek_1019,deepseek,4,positive,positive
deepseek_1019,deepseek,9,positive,positive
deepseek_1025,deepseek,0,positive,positive
deepseek_1025,deepseek,1,positive,positive
deepseek_1025,deepseek,3,positive,positive
deepseek_1025,deepseek,4,positive,positive
deepseek_1025,deepseek,9,positive,positive
deepseek_1027,deepseek,0,neutral,positive
deepseek_1027,deepseek,1,neutral,positive
deepseek_1027,deepseek,3,neutral,positive
deepseek_1027,deepseek,4,neutral,positive
deepseek_1027,deepseek,9,neutral,positive
deepseek_1030,deepseek,0,neutral,negative
deepseek_1030,deepseek,1,neutral,negative
deepseek_1030,deepseek,3,neutral,negative
deepseek_1030,deepseek,4,neutral,negative
deepseek_1030,deepseek,9,neutral,negative
deepseek_1039,deepseek,0,neutral,neutral
deepseek_1039,deepseek,1,neutral,neutral
deepseek_1039,deepseek,3,neutral,neutral
deepseek_1039,deepseek,4,neutral,neutral
deepseek_1039,deepseek,9,neutral,neutral
deepseek_1040,deepseek,0,neutral,neutral
deepseek_1040,deepseek,1,neutral,neutral
deepseek_1040,deepseek,3,neutral,neutral
deepseek_1040,deepseek,4,neutral,neutral
deepseek_1040,deepseek,9,neutral,neutral
deepseek_1054,deepseek,0,neutral,positive
deepseek_1054,deepseek,1,neutral,positive
deepseek_1054,deepseek,3,neutral,positive
deepseek_1054,deepseek,4,neutral,positive
deepseek_1054,deepseek,9,neutral,positive
deepseek_1055,deepseek,0,neutral,neutral
deepseek_1055,deepseek,1,neutral,neutral
deepseek_1055,deepseek,3,neutral,neutral
deepseek_1055,deepseek,4,neutral,neutral
deepseek_1055,deepseek,9,neutral,neutral
deepseek_1063,deepseek,0,positive,positive
deepseek_1063,deepseek,1,positive,positive
deepseek_1063,deepseek,3,positive,positive
deepseek_1063,deepseek,4,positive,positive
deepseek_1063,deepseek,9,positive,positive
deepseek_1071,deepseek,0,neutral,neutral
deepseek_1071,deepseek,1,neutral,neutral
deepseek_1071,deepseek,3,neutral,neutral
deepseek_1071,deepseek,4,neutral,positive
deepseek_1071,deepseek,9,neutral,neutral
deepseek_1073,deepseek,0,positive,positive
deepseek_1073,deepseek,1,positive,positive
deepseek_1073,deepseek,3,positive,positive
deepseek_1073,deepseek,4,positive,positive
deepseek_1073,deepseek,9,positive,positive
deepseek_1074,deepseek,0,positive,neutral
deepseek_1074,deepseek,1,positive,positive
deepseek_1074,deepseek,3,positive,positive
deepseek_1074,deepseek,4,positive,positive
deepseek_1074,deepseek,9,positive,positive
deepseek_1075,deepseek,0,positive,positive
deepseek_1075,deepseek,1,positive,positive
deepseek_1075,deepseek,3,positive,positive
deepseek_1075,deepseek,4,positive,positive
deepseek_1075,deepseek,9,positive,positive
deepseek_1076,deepseek,0,positive,positive
deepseek_1076,deepseek,1,positive,positive
deepseek_1076,deepseek,3,positive,positive
deepseek_1076,deepseek,4,positive,positive
deepseek_1076,deepseek,9,positive,positive
deepseek_1078,deepseek,0,positive,positive
deepseek_1078,deepseek,1,positive,positive
deepseek_1078,deepseek,3,positive,positive
deepseek_1078,deepseek,4,positive,positive
deepseek_1078,deepseek,9,positive,positive
deepseek_1079,deepseek,0,positive,positive
deepseek_1079,deepseek,1,positive,positive
deepseek_1079,deepseek,3,positive,positive
deepseek_1079,deepseek,4,positive,positive
deepseek_1079,deepseek,9,positive,positive
deepseek_1080,deepseek,0,positive,positive
deepseek_1080,deepseek,1,positive,positive
deepseek_1080,deepseek,3,positive,positive
deepseek_1080,deepseek,4,positive,positive
deepseek_1080,deepseek,9,positive,positive
deepseek_1081,deepseek,0,positive,positive
deepseek_1081,deepseek,1,positive,positive
deepseek_1081,deepseek,3,positive,positive
deepseek_1081,deepseek,4,positive,positive
deepseek_1081,deepseek,9,positive,positive
deepseek_1082,deepseek,0,positive,positive
deepseek_1082,deepseek,1,positive,positive
deepseek_1082,deepseek,3,positive,positive
deepseek_1082,deepseek,4,positive,positive
deepseek_1082,deepseek,9,positive,positive
deepseek_1083,deepseek,0,positive,positive
deepseek_1083,deepseek,1,positive,positive
deepseek_1083,deepseek,3,positive,positive
deepseek_1083,deepseek,4,positive,positive
deepseek_1083,deepseek,9,positive,positive
deepseek_1085,deepseek,0,positive,positive
deepseek_1085,deepseek,1,positive,positive
deepseek_1085,deepseek,3,positive,positive
deepseek_1085,deepseek,4,positive,positive
deepseek_1085,deepseek,9,positive,positive
deepseek_1086,deepseek,0,positive,positive
deepseek_1086,deepseek,1,positive,positive
deepseek_1086,deepseek,3,positive,positive
deepseek_1086,deepseek,4,positive,positive
deepseek_1086,deepseek,9,positive,positive
deepseek_1087,deepseek,0,positive,positive
deepseek_1087,deepseek,1,positive,positive
deepseek_1087,deepseek,3,positive,positive
deepseek_1087,deepseek,4,positive,positive
deepseek_1087,deepseek,9,positive,positive
deepseek_1088,deepseek,0,positive,positive
deepseek_1088,deepseek,1,positive,positive
deepseek_1088,deepseek,3,positive,positive
deepseek_1088,deepseek,4,positive,positive
deepseek_1088,deepseek,9,positive,positive
deepseek_1089,deepseek,0,positive,positive
deepseek_1089,deepseek,1,positive,positive
deepseek_1089,deepseek,3,positive,positive
deepseek_1089,deepseek,4,positive,positive
deepseek_1089,deepseek,9,positive,positive
deepseek_1090,deepseek,0,positive,positive
deepseek_1090,deepseek,1,positive,positive
deepseek_1090,deepseek,3,positive,positive
deepseek_1090,deepseek,4,positive,positive
deepseek_1090,deepseek,9,positive,positive
deepseek_1091,deepseek,0,positive,positive
deepseek_1091,deepseek,1,positive,positive
deepseek_1091,deepseek,3,positive,positive
deepseek_1091,deepseek,4,positive,positive
deepseek_1091,deepseek,9,positive,positive
deepseek_1092,deepseek,0,positive,positive
deepseek_1092,deepseek,1,positive,positive
deepseek_1092,deepseek,3,positive,positive
deepseek_1092,deepseek,4,positive,positive
deepseek_1092,deepseek,9,positive,positive
deepseek_1093,deepseek,0,positive,positive
deepseek_1093,deepseek,1,positive,positive
deepseek_1093,deepseek,3,positive,positive
deepseek_1093,deepseek,4,positive,positive
deepseek_1093,deepseek,9,positive,positive
deepseek_1094,deepseek,0,positive,positive
deepseek_1094,deepseek,1,positive,positive
deepseek_1094,deepseek,3,positive,positive
deepseek_1094,deepseek,4,positive,positive
deepseek_1094,deepseek,9,positive,positive
deepseek_1095,deepseek,0,positive,positive
deepseek_1095,deepseek,1,positive,positive
deepseek_1095,deepseek,3,positive,positive
deepseek_1095,deepseek,4,positive,positive
deepseek_1095,deepseek,9,positive,positive
deepseek_1096,deepseek,0,positive,positive
deepseek_1096,deepseek,1,positive,positive
deepseek_1096,deepseek,3,positive,positive
deepseek_1096,deepseek,4,positive,positive
deepseek_1096,deepseek,9,positive,positive
deepseek_1097,deepseek,0,positive,positive
deepseek_1097,deepseek,1,positive,positive
deepseek_1097,deepseek,3,positive,positive
deepseek_1097,deepseek,4,positive,positive
deepseek_1097,deepseek,9,positive,positive
deepseek_1098,deepseek,0,positive,positive
deepseek_1098,deepseek,1,positive,positive
deepseek_1098,deepseek,3,positive,positive
deepseek_1098,deepseek,4,positive,positive
deepseek_1098,deepseek,9,positive,positive
deepseek_1099,deepseek,0,positive,positive
deepseek_1099,deepseek,1,positive,positive
deepseek_1099,deepseek,3,positive,positive
deepseek_1099,deepseek,4,positive,positive
deepseek_1099,deepseek,9,positive,positive
deepseek_1101,deepseek,0,positive,positive
deepseek_1101,deepseek,1,positive,positive
deepseek_1101,deepseek,3,positive,positive
deepseek_1101,deepseek,4,positive,positive
deepseek_1101,deepseek,9,positive,positive
deepseek_1103,deepseek,0,positive,positive
deepseek_1103,deepseek,1,positive,positive
deepseek_1103,deepseek,3,positive,positive
deepseek_1103,deepseek,4,positive,positive
deepseek_1103,deepseek,9,positive,positive
deepseek_1110,deepseek,0,positive,positive
deepseek_1110,deepseek,1,positive,positive
deepseek_1110,deepseek,3,positive,positive
deepseek_1110,deepseek,4,positive,positive
deepseek_1110,deepseek,9,positive,positive
deepseek_1111,deepseek,0,positive,positive
deepseek_1111,deepseek,1,positive,positive
deepseek_1111,deepseek,3,positive,positive
deepseek_1111,deepseek,4,positive,positive
deepseek_1111,deepseek,9,positive,positive
deepseek_1112,deepseek,0,positive,positive
deepseek_1112,deepseek,1,positive,positive
deepseek_1112,deepseek,3,positive,positive
deepseek_1112,deepseek,4,positive,positive
deepseek_1112,deepseek,9,positive,positive
deepseek_1113,deepseek,0,positive,positive
deepseek_1113,deepseek,1,positive,positive
deepseek_1113,deepseek,3,positive,positive
deepseek_1113,deepseek,4,positive,positive
deepseek_1113,deepseek,9,positive,positive
deepseek_1114,deepseek,0,positive,positive
deepseek_1114,deepseek,1,positive,positive
deepseek_1114,deepseek,3,positive,positive
deepseek_1114,deepseek,4,positive,positive
deepseek_1114,deepseek,9,positive,positive
deepseek_1116,deepseek,0,negative,negative
deepseek_1116,deepseek,1,negative,negative
deepseek_1116,deepseek,3,negative,negative
deepseek_1116,deepseek,4,negative,negative
deepseek_1116,deepseek,9,negative,negative
deepseek_1117,deepseek,0,negative,negative
deepseek_1117,deepseek,1,negative,negative
deepseek_1117,deepseek,3,negative,negative
deepseek_1117,deepseek,4,negative,negative
deepseek_1117,deepseek,9,negative,negative
deepseek_1118,deepseek,0,negative,negative
deepseek_1118,deepseek,1,negative,negative
deepseek_1118,deepseek,3,negative,negative
deepseek_1118,deepseek,4,negative,negative
deepseek_1118,deepseek,9,negative,neutral
deepseek_1119,deepseek,0,negative,negative
deepseek_1119,deepseek,1,negative,negative
deepseek_1119,deepseek,3,negative,negative
deepseek_1119,deepseek,4,negative,negative
deepseek_1119,deepseek,9,negative,negative
deepseek_1120,deepseek,0,negative,negative
deepseek_1120,deepseek,1,negative,negative
deepseek_1120,deepseek,3,negative,negative
deepseek_1120,deepseek,4,negative,negative
deepseek_1120,deepseek,9,negative,negative
deepseek_1123,deepseek,0,neutral,neutral
deepseek_1123,deepseek,1,neutral,neutral
deepseek_1123,deepseek,3,neutral,neutral
deepseek_1123,deepseek,4,neutral,neutral
deepseek_1123,deepseek,9,neutral,negative
deepseek_1130,deepseek,0,negative,negative
deepseek_1130,deepseek,1,negative,negative
deepseek_1130,deepseek,3,negative,negative
deepseek_1130,deepseek,4,negative,negative
deepseek_1130,deepseek,9,negative,negative
deepseek_1131,deepseek,0,negative,negative
deepseek_1131,deepseek,1,negative,negative
deepseek_1131,deepseek,3,negative,negative
deepseek_1131,deepseek,4,negative,negative
deepseek_1131,deepseek,9,negative,negative
deepseek_1133,deepseek,0,negative,negative
deepseek_1133,deepseek,1,negative,negative
deepseek_1133,deepseek,3,negative,negative
deepseek_1133,deepseek,4,negative,negative
deepseek_1133,deepseek,9,negative,negative
deepseek_1136,deepseek,0,neutral,positive
deepseek_1136,deepseek,1,neutral,positive
deepseek_1136,deepseek,3,neutral,positive
deepseek_1136,deepseek,4,neutral,positive
deepseek_1136,deepseek,9,neutral,positive
deepseek_1143,deepseek,0,negative,negative
deepseek_1143,deepseek,1,negative,negative
deepseek_1143,deepseek,3,negative,negative
deepseek_1143,deepseek,4,negative,negative
deepseek_1143,deepseek,9,negative,negative
deepseek_1145,deepseek,0,neutral,positive
deepseek_1145,deepseek,1,neutral,positive
deepseek_1145,deepseek,3,neutral,positive
deepseek_1145,deepseek,4,neutral,positive
deepseek_1145,deepseek,9,neutral,positive
deepseek_1149,deepseek,0,neutral,neutral
deepseek_1149,deepseek,1,neutral,neutral
deepseek_1149,deepseek,3,neutral,neutral
deepseek_1149,deepseek,4,neutral,neutral
deepseek_1149,deepseek,9,neutral,negative
deepseek_1150,deepseek,0,neutral,neutral
deepseek_1150,deepseek,1,neutral,neutral
deepseek_1150,deepseek,3,neutral,neutral
deepseek_1150,deepseek,4,neutral,neutral
deepseek_1150,deepseek,9,neutral,negative
deepseek_1151,deepseek,0,negative,neutral
deepseek_1151,deepseek,1,negative,negative
deepseek_1151,deepseek,3,negative,neutral
deepseek_1151,deepseek,4,negative,neutral
deepseek_1151,deepseek,9,negative,negative
deepseek_1152,deepseek,0,positive,positive
deepseek_1152,deepseek,1,positive,positive
deepseek_1152,deepseek,3,positive,positive
deepseek_1152,deepseek,4,positive,positive
deepseek_1152,deepseek,9,positive,positive
deepseek_1153,deepseek,0,positive,positive
deepseek_1153,deepseek,1,positive,positive
deepseek_1153,deepseek,3,positive,positive
deepseek_1153,deepseek,4,positive,positive
deepseek_1153,deepseek,9,positive,positive
deepseek_1154,deepseek,0,negative,negative
deepseek_1154,deepseek,1,negative,neutral
deepseek_1154,deepseek,3,negative,negative
deepseek_1154,deepseek,4,negative,negative
deepseek_1154,deepseek,9,negative,negative
deepseek_1156,deepseek,0,negative,negative
deepseek_1156,deepseek,1,negative,negative
deepseek_1156,deepseek,3,negative,negative
deepseek_1156,deepseek,4,negative,negative
deepseek_1156,deepseek,9,negative,negative
deepseek_1157,deepseek,0,negative,negative
deepseek_1157,deepseek,1,negative,negative
deepseek_1157,deepseek,3,negative,neutral
deepseek_1157,deepseek,4,negative,neutral
deepseek_1157,deepseek,9,negative,negative
deepseek_1160,deepseek,0,neutral,positive
deepseek_1160,deepseek,1,neutral,positive
deepseek_1160,deepseek,3,neutral,positive
deepseek_1160,deepseek,4,neutral,positive
deepseek_1160,deepseek,9,neutral,positive
deepseek_1162,deepseek,0,positive,neutral
deepseek_1162,deepseek,1,positive,neutral
deepseek_1162,deepseek,3,positive,neutral
deepseek_1162,deepseek,4,positive,neutral
deepseek_1162,deepseek,9,positive,neutral
deepseek_1166,deepseek,0,neutral,neutral
deepseek_1166,deepseek,1,neutral,neutral
deepseek_1166,deepseek,3,neutral,neutral
deepseek_1166,deepseek,4,neutral,neutral
deepseek_1166,deepseek,9,neutral,neutral
deepseek_1174,deepseek,0,neutral,positive
deepseek_1174,deepseek,1,neutral,positive
deepseek_1174,deepseek,3,neutral,positive
deepseek_1174,deepseek,4,neutral,positive
deepseek_1174,deepseek,9,neutral,neutral
deepseek_1182,deepseek,0,positive,positive
deepseek_1182,deepseek,1,positive,positive
deepseek_1182,deepseek,3,positive,positive
deepseek_1182,deepseek,4,positive,positive
deepseek_1182,deepseek,9,positive,positive
deepseek_1183,deepseek,0,positive,positive
deepseek_1183,deepseek,1,positive,positive
deepseek_1183,deepseek,3,positive,positive
deepseek_1183,deepseek,4,positive,positive
deepseek_1183,deepseek,9,positive,positive
deepseek_1184,deepseek,0,positive,positive
deepseek_1184,deepseek,1,positive,positive
deepseek_1184,deepseek,3,positive,positive
deepseek_1184,deepseek,4,positive,positive
deepseek_1184,deepseek,9,positive,positive
deepseek_1185,deepseek,0,negative,negative
deepseek_1185,deepseek,1,negative,negative
deepseek_1185,deepseek,3,negative,negative
deepseek_1185,deepseek,4,negative,negative
deepseek_1185,deepseek,9,negative,negative
deepseek_1190,deepseek,0,positive,positive
deepseek_1190,deepseek,1,positive,positive
deepseek_1190,deepseek,3,positive,positive
deepseek_1190,deepseek,4,positive,positive
deepseek_1190,deepseek,9,positive,positive
deepseek_1193,deepseek,0,neutral,negative
deepseek_1193,deepseek,1,neutral,negative
deepseek_1193,deepseek,3,neutral,negative
deepseek_1193,deepseek,4,neutral,neutral
deepseek_1193,deepseek,9,neutral,neutral
deepseek_1214,deepseek,0,positive,positive
deepseek_1214,deepseek,1,positive,positive
deepseek_1214,deepseek,3,positive,positive
deepseek_1214,deepseek,4,positive,positive
deepseek_1214,deepseek,9,positive,positive
deepseek_1215,deepseek,0,neutral,neutral
deepseek_1215,deepseek,1,neutral,neutral
deepseek_1215,deepseek,3,neutral,neutral
deepseek_1215,deepseek,4,neutral,neutral
deepseek_1215,deepseek,9,neutral,neutral
deepseek_1216,deepseek,0,neutral,neutral
deepseek_1216,deepseek,1,neutral,neutral
deepseek_1216,deepseek,3,neutral,neutral
deepseek_1216,deepseek,4,neutral,neutral
deepseek_1216,deepseek,9,neutral,neutral
deepseek_1217,deepseek,0,neutral,neutral
deepseek_1217,deepseek,1,neutral,neutral
deepseek_1217,deepseek,3,neutral,neutral
deepseek_1217,deepseek,4,neutral,neutral
deepseek_1217,deepseek,9,neutral,neutral
deepseek_1218,deepseek,0,neutral,neutral
deepseek_1218,deepseek,1,neutral,neutral
deepseek_1218,deepseek,3,neutral,neutral
deepseek_1218,deepseek,4,neutral,neutral
deepseek_1218,deepseek,9,neutral,neutral
deepseek_1219,deepseek,0,negative,negative
deepseek_1219,deepseek,1,negative,negative
deepseek_1219,deepseek,3,negative,negative
deepseek_1219,deepseek,4,negative,negative
deepseek_1219,deepseek,9,negative,negative
deepseek_1220,deepseek,0,positive,positive
deepseek_1220,deepseek,1,positive,positive
deepseek_1220,deepseek,3,positive,positive
deepseek_1220,deepseek,4,positive,positive
deepseek_1220,deepseek,9,positive,positive
deepseek_1226,deepseek,0,neutral,neutral
deepseek_1226,deepseek,1,neutral,neutral
deepseek_1226,deepseek,3,neutral,neutral
deepseek_1226,deepseek,4,neutral,neutral
deepseek_1226,deepseek,9,neutral,neutral
deepseek_1227,deepseek,0,neutral,neutral
deepseek_1227,deepseek,1,neutral,neutral
deepseek_1227,deepseek,3,neutral,neutral
deepseek_1227,deepseek,4,neutral,neutral
deepseek_1227,deepseek,9,neutral,neutral
deepseek_1228,deepseek,0,neutral,neutral
deepseek_1228,deepseek,1,neutral,neutral
deepseek_1228,deepseek,3,neutral,neutral
deepseek_1228,deepseek,4,neutral,neutral
deepseek_1228,deepseek,9,neutral,neutral
deepseek_1233,deepseek,0,negative,negative
deepseek_1233,deepseek,1,negative,negative
deepseek_1233,deepseek,3,negative,negative
deepseek_1233,deepseek,4,negative,negative
deepseek_1233,deepseek,9,negative,negative
deepseek_1234,deepseek,0,negative,negative
deepseek_1234,deepseek,1,negative,negative
deepseek_1234,deepseek,3,negative,neutral
deepseek_1234,deepseek,4,negative,neutral
deepseek_1234,deepseek,9,negative,neutral
deepseek_1237,deepseek,0,negative,negative
deepseek_1237,deepseek,1,negative,negative
deepseek_1237,deepseek,3,negative,negative
deepseek_1237,deepseek,4,negative,negative
deepseek_1237,deepseek,9,negative,negative
deepseek_1240,deepseek,0,positive,positive
deepseek_1240,deepseek,1,positive,positive
deepseek_1240,deepseek,3,positive,positive
deepseek_1240,deepseek,4,positive,positive
deepseek_1240,deepseek,9,positive,positive
deepseek_1241,deepseek,0,positive,positive
deepseek_1241,deepseek,1,positive,positive
deepseek_1241,deepseek,3,positive,positive
deepseek_1241,deepseek,4,positive,positive
deepseek_1241,deepseek,9,positive,positive
deepseek_1244,deepseek,0,positive,positive
deepseek_1244,deepseek,1,positive,positive
deepseek_1244,deepseek,3,positive,positive
deepseek_1244,deepseek,4,positive,positive
deepseek_1244,deepseek,9,positive,positive
deepseek_1245,deepseek,0,negative,negative
deepseek_1245,deepseek,1,negative,negative
deepseek_1245,deepseek,3,negative,negative
deepseek_1245,deepseek,4,negative,negative
deepseek_1245,deepseek,9,negative,negative
deepseek_1246,deepseek,0,negative,negative
deepseek_1246,deepseek,1,negative,negative
deepseek_1246,deepseek,3,negative,negative
deepseek_1246,deepseek,4,negative,negative
deepseek_1246,deepseek,9,negative,negative
deepseek_1247,deepseek,0,negative,neutral
deepseek_1247,deepseek,1,negative,negative
deepseek_1247,deepseek,3,negative,neutral
deepseek_1247,deepseek,4,negative,neutral
deepseek_1247,deepseek,9,negative,neutral
deepseek_1257,deepseek,0,negative,negative
deepseek_1257,deepseek,1,negative,negative
deepseek_1257,deepseek,3,negative,negative
deepseek_1257,deepseek,4,negative,negative
deepseek_1257,deepseek,9,negative,negative
deepseek_1258,deepseek,0,neutral,neutral
deepseek_1258,deepseek,1,neutral,neutral
deepseek_1258,deepseek,3,neutral,neutral
deepseek_1258,deepseek,4,neutral,negative
deepseek_1258,deepseek,9,neutral,negative
deepseek_1260,deepseek,0,positive,positive
deepseek_1260,deepseek,1,positive,positive
deepseek_1260,deepseek,3,positive,positive
deepseek_1260,deepseek,4,positive,positive
deepseek_1260,deepseek,9,positive,positive
deepseek_1264,deepseek,0,neutral,positive
deepseek_1264,deepseek,1,neutral,positive
deepseek_1264,deepseek,3,neutral,positive
deepseek_1264,deepseek,4,neutral,positive
deepseek_1264,deepseek,9,neutral,positive
deepseek_1270,deepseek,0,positive,positive
deepseek_1270,deepseek,1,positive,positive
deepseek_1270,deepseek,3,positive,positive
deepseek_1270,deepseek,4,positive,positive
deepseek_1270,deepseek,9,positive,positive
deepseek_1271,deepseek,0,positive,positive
deepseek_1271,deepseek,1,positive,positive
deepseek_1271,deepseek,3,positive,positive
deepseek_1271,deepseek,4,positive,positive
deepseek_1271,deepseek,9,positive,positive
deepseek_1272,deepseek,0,positive,positive
deepseek_1272,deepseek,1,positive,positive
deepseek_1272,deepseek,3,positive,positive
deepseek_1272,deepseek,4,positive,positive
deepseek_1272,deepseek,9,positive,positive
deepseek_1273,deepseek,0,positive,positive
deepseek_1273,deepseek,1,positive,positive
deepseek_1273,deepseek,3,positive,positive
deepseek_1273,deepseek,4,positive,positive
deepseek_1273,deepseek,9,positive,positive
deepseek_1277,deepseek,0,positive,positive
deepseek_1277,deepseek,1,positive,positive
deepseek_1277,deepseek,3,positive,neutral
deepseek_1277,deepseek,4,positive,neutral
deepseek_1277,deepseek,9,positive,positive
deepseek_1278,deepseek,0,neutral,neutral
deepseek_1278,deepseek,1,neutral,neutral
deepseek_1278,deepseek,3,neutral,neutral
deepseek_1278,deepseek,4,neutral,neutral
deepseek_1278,deepseek,9,neutral,neutral
deepseek_1285,deepseek,0,positive,positive
deepseek_1285,deepseek,1,positive,positive
deepseek_1285,deepseek,3,positive,positive
deepseek_1285,deepseek,4,positive,positive
deepseek_1285,deepseek,9,positive,positive
deepseek_1291,deepseek,0,negative,negative
deepseek_1291,deepseek,1,negative,negative
deepseek_1291,deepseek,3,negative,neutral
deepseek_1291,deepseek,4,negative,neutral
deepseek_1291,deepseek,9,negative,neutral
deepseek_1292,deepseek,0,negative,neutral
deepseek_1292,deepseek,1,negative,negative
deepseek_1292,deepseek,3,negative,negative
deepseek_1292,deepseek,4,negative,negative
deepseek_1292,deepseek,9,negative,negative
deepseek_1293,deepseek,0,negative,negative
deepseek_1293,deepseek,1,negative,negative
deepseek_1293,deepseek,3,negative,negative
deepseek_1293,deepseek,4,negative,negative
deepseek_1293,deepseek,9,negative,negative
deepseek_1295,deepseek,0,positive,neutral
deepseek_1295,deepseek,1,positive,positive
deepseek_1295,deepseek,3,positive,neutral
deepseek_1295,deepseek,4,positive,neutral
deepseek_1295,deepseek,9,positive,neutral
deepseek_1296,deepseek,0,negative,negative
deepseek_1296,deepseek,1,negative,negative
deepseek_1296,deepseek,3,negative,negative
deepseek_1296,deepseek,4,negative,negative
deepseek_1296,deepseek,9,negative,negative
deepseek_1298,deepseek,0,negative,neutral
deepseek_1298,deepseek,1,negative,neutral
deepseek_1298,deepseek,3,negative,positive
deepseek_1298,deepseek,4,negative,neutral
deepseek_1298,deepseek,9,negative,neutral
deepseek_1299,deepseek,0,negative,neutral
deepseek_1299,deepseek,1,negative,negative
deepseek_1299,deepseek,3,negative,negative
deepseek_1299,deepseek,4,negative,neutral
deepseek_1299,deepseek,9,negative,negative
deepseek_1300,deepseek,0,negative,negative
deepseek_1300,deepseek,1,negative,neutral
deepseek_1300,deepseek,3,negative,negative
deepseek_1300,deepseek,4,negative,negative
deepseek_1300,deepseek,9,negative,negative
deepseek_1301,deepseek,0,negative,negative
deepseek_1301,deepseek,1,negative,negative
deepseek_1301,deepseek,3,negative,negative
deepseek_1301,deepseek,4,negative,negative
deepseek_1301,deepseek,9,negative,negative
deepseek_1302,deepseek,0,negative,negative
deepseek_1302,deepseek,1,negative,negative
deepseek_1302,deepseek,3,negative,negative
deepseek_1302,deepseek,4,negative,negative
deepseek_1302,deepseek,9,negative,negative
deepseek_1303,deepseek,0,negative,negative
deepseek_1303,deepseek,1,negative,negative
deepseek_1303,deepseek,3,negative,negative
deepseek_1303,deepseek,4,negative,negative
deepseek_1303,deepseek,9,negative,negative
deepseek_1304,deepseek,0,negative,negative
deepseek_1304,deepseek,1,negative,negative
deepseek_1304,deepseek,3,negative,negative
deepseek_1304,deepseek,4,negative,negative
deepseek_1304,deepseek,9,negative,negative
deepseek_1305,deepseek,0,negative,negative
deepseek_1305,deepseek,1,negative,negative
deepseek_1305,deepseek,3,negative,negative
deepseek_1305,deepseek,4,negative,negative
deepseek_1305,deepseek,9,negative,negative
deepseek_1323,deepseek,0,neutral,positive
deepseek_1323,deepseek,1,neutral,neutral
deepseek_1323,deepseek,3,neutral,neutral
deepseek_1323,deepseek,4,neutral,positive
deepseek_1323,deepseek,9,neutral,neutral
deepseek_1324,deepseek,0,neutral,positive
deepseek_1324,deepseek,1,neutral,positive
deepseek_1324,deepseek,3,neutral,neutral
deepseek_1324,deepseek,4,neutral,positive
deepseek_1324,deepseek,9,neutral,positive
deepseek_1325,deepseek,0,neutral,positive
deepseek_1325,deepseek,1,neutral,neutral
deepseek_1325,deepseek,3,neutral,positive
deepseek_1325,deepseek,4,neutral,positive
deepseek_1325,deepseek,9,neutral,neutral
deepseek_1330,deepseek,0,negative,negative
deepseek_1330,deepseek,1,negative,negative
deepseek_1330,deepseek,3,negative,negative
deepseek_1330,deepseek,4,negative,negative
deepseek_1330,deepseek,9,negative,negative
deepseek_1331,deepseek,0,negative,neutral
deepseek_1331,deepseek,1,negative,neutral
deepseek_1331,deepseek,3,negative,neutral
deepseek_1331,deepseek,4,negative,negative
deepseek_1331,deepseek,9,negative,negative
deepseek_1332,deepseek,0,negative,negative
deepseek_1332,deepseek,1,negative,negative
deepseek_1332,deepseek,3,negative,negative
deepseek_1332,deepseek,4,negative,negative
deepseek_1332,deepseek,9,negative,negative
deepseek_1333,deepseek,0,negative,negative
deepseek_1333,deepseek,1,negative,negative
deepseek_1333,deepseek,3,negative,negative
deepseek_1333,deepseek,4,negative,negative
deepseek_1333,deepseek,9,negative,negative
deepseek_1335,deepseek,0,negative,negative
deepseek_1335,deepseek,1,negative,negative
deepseek_1335,deepseek,3,negative,negative
deepseek_1335,deepseek,4,negative,negative
deepseek_1335,deepseek,9,negative,negative
deepseek_1343,deepseek,0,negative,negative
deepseek_1343,deepseek,1,negative,negative
deepseek_1343,deepseek,3,negative,negative
deepseek_1343,deepseek,4,negative,negative
deepseek_1343,deepseek,9,negative,negative
deepseek_1344,deepseek,0,positive,positive
deepseek_1344,deepseek,1,positive,positive
deepseek_1344,deepseek,3,positive,positive
deepseek_1344,deepseek,4,positive,positive
deepseek_1344,deepseek,9,positive,positive
deepseek_1346,deepseek,0,positive,positive
deepseek_1346,deepseek,1,positive,positive
deepseek_1346,deepseek,3,positive,positive
deepseek_1346,deepseek,4,positive,positive
deepseek_1346,deepseek,9,positive,positive
deepseek_1347,deepseek,0,positive,positive
deepseek_1347,deepseek,1,positive,positive
deepseek_1347,deepseek,3,positive,positive
deepseek_1347,deepseek,4,positive,positive
deepseek_1347,deepseek,9,positive,positive
deepseek_1351,deepseek,0,positive,neutral
deepseek_1351,deepseek,1,positive,neutral
deepseek_1351,deepseek,3,positive,neutral
deepseek_1351,deepseek,4,positive,neutral
deepseek_1351,deepseek,9,positive,neutral
deepseek_1365,deepseek,0,negative,negative
deepseek_1365,deepseek,1,negative,negative
deepseek_1365,deepseek,3,negative,negative
deepseek_1365,deepseek,4,negative,negative
deepseek_1365,deepseek,9,negative,negative
deepseek_1368,deepseek,0,neutral,neutral
deepseek_1368,deepseek,1,neutral,neutral
deepseek_1368,deepseek,3,neutral,negative
deepseek_1368,deepseek,4,neutral,negative
deepseek_1368,deepseek,9,neutral,neutral
deepseek_1381,deepseek,0,positive,positive
deepseek_1381,deepseek,1,positive,positive
deepseek_1381,deepseek,3,positive,positive
deepseek_1381,deepseek,4,positive,positive
deepseek_1381,deepseek,9,positive,positive
deepseek_1382,deepseek,0,neutral,neutral
deepseek_1382,deepseek,1,neutral,neutral
deepseek_1382,deepseek,3,neutral,neutral
deepseek_1382,deepseek,4,neutral,positive
deepseek_1382,deepseek,9,neutral,neutral
deepseek_1383,deepseek,0,positive,positive
deepseek_1383,deepseek,1,positive,positive
deepseek_1383,deepseek,3,positive,positive
deepseek_1383,deepseek,4,positive,positive
deepseek_1383,deepseek,9,positive,positive
deepseek_1384,deepseek,0,neutral,positive
deepseek_1384,deepseek,1,neutral,positive
deepseek_1384,deepseek,3,neutral,positive
deepseek_1384,deepseek,4,neutral,positive
deepseek_1384,deepseek,9,neutral,positive
deepseek_1395,deepseek,0,negative,negative
deepseek_1395,deepseek,1,negative,negative
deepseek_1395,deepseek,3,negative,negative
deepseek_1395,deepseek,4,negative,negative
deepseek_1395,deepseek,9,negative,negative
deepseek_1396,deepseek,0,negative,negative
deepseek_1396,deepseek,1,negative,negative
deepseek_1396,deepseek,3,negative,negative
deepseek_1396,deepseek,4,negative,negative
deepseek_1396,deepseek,9,negative,negative
deepseek_1398,deepseek,0,negative,negative
deepseek_1398,deepseek,1,negative,negative
deepseek_1398,deepseek,3,negative,negative
deepseek_1398,deepseek,4,negative,negative
deepseek_1398,deepseek,9,negative,negative
deepseek_1399,deepseek,0,negative,negative
deepseek_1399,deepseek,1,negative,negative
deepseek_1399,deepseek,3,negative,neutral
deepseek_1399,deepseek,4,negative,negative
deepseek_1399,deepseek,9,negative,negative
deepseek_1400,deepseek,0,neutral,neutral
deepseek_1400,deepseek,1,neutral,neutral
deepseek_1400,deepseek,3,neutral,neutral
deepseek_1400,deepseek,4,neutral,neutral
deepseek_1400,deepseek,9,neutral,neutral
deepseek_1401,deepseek,0,neutral,neutral
deepseek_1401,deepseek,1,neutral,neutral
deepseek_1401,deepseek,3,neutral,neutral
deepseek_1401,deepseek,4,neutral,neutral
deepseek_1401,deepseek,9,neutral,neutral
deepseek_1422,deepseek,0,positive,positive
deepseek_1422,deepseek,1,positive,positive
deepseek_1422,deepseek,3,positive,positive
deepseek_1422,deepseek,4,positive,positive
deepseek_1422,deepseek,9,positive,positive
deepseek_1423,deepseek,0,positive,positive
deepseek_1423,deepseek,1,positive,positive
deepseek_1423,deepseek,3,positive,positive
deepseek_1423,deepseek,4,positive,positive
deepseek_1423,deepseek,9,positive,positive
deepseek_1424,deepseek,0,positive,positive
deepseek_1424,deepseek,1,positive,positive
deepseek_1424,deepseek,3,positive,positive
deepseek_1424,deepseek,4,positive,positive
deepseek_1424,deepseek,9,positive,positive
deepseek_1425,deepseek,0,positive,positive
deepseek_1425,deepseek,1,positive,positive
deepseek_1425,deepseek,3,positive,neutral
deepseek_1425,deepseek,4,positive,positive
deepseek_1425,deepseek,9,positive,positive
deepseek_1426,deepseek,0,positive,positive
deepseek_1426,deepseek,1,positive,positive
deepseek_1426,deepseek,3,positive,positive
deepseek_1426,deepseek,4,positive,positive
deepseek_1426,deepseek,9,positive,positive
deepseek_1427,deepseek,0,positive,positive
deepseek_1427,deepseek,1,positive,positive
deepseek_1427,deepseek,3,positive,positive
deepseek_1427,deepseek,4,positive,positive
deepseek_1427,deepseek,9,positive,positive
deepseek_1428,deepseek,0,positive,positive
deepseek_1428,deepseek,1,positive,positive
deepseek_1428,deepseek,3,positive,positive
deepseek_1428,deepseek,4,positive,positive
deepseek_1428,deepseek,9,positive,positive
deepseek_1429,deepseek,0,positive,positive
deepseek_1429,deepseek,1,positive,positive
deepseek_1429,deepseek,3,positive,positive
deepseek_1429,deepseek,4,positive,positive
deepseek_1429,deepseek,9,positive,positive
deepseek_1430,deepseek,0,positive,positive
deepseek_1430,deepseek,1,positive,positive
deepseek_1430,deepseek,3,positive,positive
deepseek_1430,deepseek,4,positive,positive
deepseek_1430,deepseek,9,positive,positive
deepseek_1433,deepseek,0,positive,positive
deepseek_1433,deepseek,1,positive,positive
deepseek_1433,deepseek,3,positive,positive
deepseek_1433,deepseek,4,positive,positive
deepseek_1433,deepseek,9,positive,positive
deepseek_1434,deepseek,0,neutral,positive
deepseek_1434,deepseek,1,neutral,positive
deepseek_1434,deepseek,3,neutral,positive
deepseek_1434,deepseek,4,neutral,positive
deepseek_1434,deepseek,9,neutral,positive
deepseek_1435,deepseek,0,neutral,positive
deepseek_1435,deepseek,1,neutral,positive
deepseek_1435,deepseek,3,neutral,positive
deepseek_1435,deepseek,4,neutral,positive
deepseek_1435,deepseek,9,neutral,positive
deepseek_1436,deepseek,0,neutral,neutral
deepseek_1436,deepseek,1,neutral,neutral
deepseek_1436,deepseek,3,neutral,neutral
deepseek_1436,deepseek,4,neutral,neutral
deepseek_1436,deepseek,9,neutral,neutral
deepseek_1437,deepseek,0,neutral,neutral
deepseek_1437,deepseek,1,neutral,negative
deepseek_1437,deepseek,3,neutral,negative
deepseek_1437,deepseek,4,neutral,neutral
deepseek_1437,deepseek,9,neutral,neutral
deepseek_1440,deepseek,0,negative,negative
deepseek_1440,deepseek,1,negative,negative
deepseek_1440,deepseek,3,negative,negative
deepseek_1440,deepseek,4,negative,negative
deepseek_1440,deepseek,9,negative,negative
deepseek_1441,deepseek,0,negative,negative
deepseek_1441,deepseek,1,negative,negative
deepseek_1441,deepseek,3,negative,negative
deepseek_1441,deepseek,4,negative,negative
deepseek_1441,deepseek,9,negative,negative
deepseek_1442,deepseek,0,negative,negative
deepseek_1442,deepseek,1,negative,negative
deepseek_1442,deepseek,3,negative,negative
deepseek_1442,deepseek,4,negative,negative
deepseek_1442,deepseek,9,negative,negative
deepseek_1443,deepseek,0,neutral,neutral
deepseek_1443,deepseek,1,neutral,neutral
deepseek_1443,deepseek,3,neutral,neutral
deepseek_1443,deepseek,4,neutral,neutral
deepseek_1446,deepseek,0,neutral,positive
deepseek_1446,deepseek,1,neutral,positive
deepseek_1446,deepseek,3,neutral,positive
deepseek_1446,deepseek,4,neutral,positive
deepseek_1446,deepseek,9,neutral,positive
deepseek_1448,deepseek,0,positive,positive
deepseek_1448,deepseek,1,positive,positive
deepseek_1448,deepseek,3,positive,positive
deepseek_1448,deepseek,4,positive,positive
deepseek_1448,deepseek,9,positive,positive
deepseek_1454,deepseek,0,positive,neutral
deepseek_1454,deepseek,1,positive,neutral
deepseek_1454,deepseek,3,positive,neutral
deepseek_1454,deepseek,4,positive,neutral
deepseek_1454,deepseek,9,positive,neutral
deepseek_1458,deepseek,0,negative,negative
deepseek_1458,deepseek,1,negative,negative
deepseek_1458,deepseek,3,negative,negative
deepseek_1458,deepseek,4,negative,negative
deepseek_1458,deepseek,9,negative,negative
deepseek_1461,deepseek,0,positive,positive
deepseek_1461,deepseek,1,positive,positive
deepseek_1461,deepseek,3,positive,positive
deepseek_1461,deepseek,4,positive,positive
deepseek_1461,deepseek,9,positive,positive
deepseek_1462,deepseek,0,positive,positive
deepseek_1462,deepseek,1,positive,positive
deepseek_1462,deepseek,3,positive,positive
deepseek_1462,deepseek,4,positive,positive
deepseek_1462,deepseek,9,positive,positive
deepseek_1463,deepseek,0,positive,positive
deepseek_1463,deepseek,1,positive,positive
deepseek_1463,deepseek,3,positive,positive
deepseek_1463,deepseek,4,positive,positive
deepseek_1463,deepseek,9,positive,positive
deepseek_1464,deepseek,0,neutral,positive
deepseek_1464,deepseek,1,neutral,positive
deepseek_1464,deepseek,3,neutral,positive
deepseek_1464,deepseek,4,neutral,neutral
deepseek_1464,deepseek,9,neutral,positive
deepseek_1466,deepseek,0,negative,negative
deepseek_1466,deepseek,1,negative,negative
deepseek_1466,deepseek,3,negative,negative
deepseek_1466,deepseek,4,negative,negative
deepseek_1466,deepseek,9,negative,negative
deepseek_1468,deepseek,0,neutral,negative
deepseek_1468,deepseek,1,neutral,negative
deepseek_1468,deepseek,3,neutral,negative
deepseek_1468,deepseek,4,neutral,negative
deepseek_1468,deepseek,9,neutral,negative
deepseek_1483,deepseek,0,negative,negative
deepseek_1483,deepseek,1,negative,negative
deepseek_1483,deepseek,3,negative,negative
deepseek_1483,deepseek,4,negative,negative
deepseek_1483,deepseek,9,negative,negative
deepseek_1484,deepseek,0,negative,negative
deepseek_1484,deepseek,1,negative,negative
deepseek_1484,deepseek,3,negative,negative
deepseek_1484,deepseek,4,negative,negative
deepseek_1484,deepseek,9,negative,negative
deepseek_1485,deepseek,0,negative,negative
deepseek_1485,deepseek,1,negative,negative
deepseek_1485,deepseek,3,negative,negative
deepseek_1485,deepseek,4,negative,negative
deepseek_1485,deepseek,9,negative,negative
deepseek_1486,deepseek,0,negative,negative
deepseek_1486,deepseek,1,negative,negative
deepseek_1486,deepseek,3,negative,negative
deepseek_1486,deepseek,4,negative,negative
deepseek_1486,deepseek,9,negative,negative
deepseek_1487,deepseek,0,positive,positive
deepseek_1487,deepseek,1,positive,positive
deepseek_1487,deepseek,3,positive,positive
deepseek_1487,deepseek,4,positive,positive
deepseek_1487,deepseek,9,positive,positive
deepseek_1488,deepseek,0,positive,positive
deepseek_1488,deepseek,1,positive,positive
deepseek_1488,deepseek,3,positive,positive
deepseek_1488,deepseek,4,positive,positive
deepseek_1488,deepseek,9,positive,positive
deepseek_1489,deepseek,0,neutral,negative
deepseek_1489,deepseek,1,neutral,negative
deepseek_1489,deepseek,3,neutral,neutral
deepseek_1489,deepseek,4,neutral,negative
deepseek_1489,deepseek,9,neutral,neutral
deepseek_1490,deepseek,0,neutral,neutral
deepseek_1490,deepseek,1,neutral,negative
deepseek_1490,deepseek,3,neutral,neutral
deepseek_1490,deepseek,4,neutral,negative
deepseek_1490,deepseek,9,neutral,neutral
deepseek_1491,deepseek,0,neutral,neutral
deepseek_1491,deepseek,1,neutral,negative
deepseek_1491,deepseek,3,neutral,neutral
deepseek_1491,deepseek,4,neutral,negative
deepseek_1491,deepseek,9,neutral,negative
deepseek_1498,deepseek,0,negative,negative
deepseek_1498,deepseek,1,negative,negative
deepseek_1498,deepseek,3,negative,negative
deepseek_1498,deepseek,4,negative,negative
deepseek_1498,deepseek,9,negative,negative
deepseek_1506,deepseek,0,neutral,neutral
deepseek_1506,deepseek,1,neutral,neutral
deepseek_1506,deepseek,3,neutral,negative
deepseek_1506,deepseek,4,neutral,neutral
deepseek_1506,deepseek,9,neutral,neutral
deepseek_1507,deepseek,0,neutral,neutral
deepseek_1507,deepseek,1,neutral,negative
deepseek_1507,deepseek,3,neutral,negative
deepseek_1507,deepseek,4,neutral,negative
deepseek_1507,deepseek,9,neutral,neutral
deepseek_1508,deepseek,0,neutral,neutral
deepseek_1508,deepseek,1,neutral,positive
deepseek_1508,deepseek,3,neutral,positive
deepseek_1508,deepseek,4,neutral,positive
deepseek_1508,deepseek,9,neutral,neutral
deepseek_1515,deepseek,0,positive,positive
deepseek_1515,deepseek,1,positive,positive
deepseek_1515,deepseek,3,positive,positive
deepseek_1515,deepseek,4,positive,positive
deepseek_1515,deepseek,9,positive,positive
deepseek_1516,deepseek,0,neutral,positive
deepseek_1516,deepseek,1,neutral,positive
deepseek_1516,deepseek,3,neutral,positive
deepseek_1516,deepseek,4,neutral,positive
deepseek_1516,deepseek,9,neutral,positive
deepseek_1517,deepseek,0,positive,positive
deepseek_1517,deepseek,1,positive,positive
deepseek_1517,deepseek,3,positive,positive
deepseek_1517,deepseek,4,positive,positive
deepseek_1517,deepseek,9,positive,positive
deepseek_1520,deepseek,0,positive,positive
deepseek_1520,deepseek,1,positive,positive
deepseek_1520,deepseek,3,positive,positive
deepseek_1520,deepseek,4,positive,positive
deepseek_1520,deepseek,9,positive,positive
deepseek_1525,deepseek,0,positive,positive
deepseek_1525,deepseek,1,positive,positive
deepseek_1525,deepseek,3,positive,positive
deepseek_1525,deepseek,4,positive,positive
deepseek_1525,deepseek,9,positive,positive
deepseek_1527,deepseek,0,neutral,neutral
deepseek_1527,deepseek,1,neutral,neutral
deepseek_1527,deepseek,3,neutral,neutral
deepseek_1527,deepseek,4,neutral,negative
deepseek_1527,deepseek,9,neutral,neutral
deepseek_1528,deepseek,0,neutral,neutral
deepseek_1528,deepseek,1,neutral,negative
deepseek_1528,deepseek,3,neutral,neutral
deepseek_1528,deepseek,4,neutral,negative
deepseek_1528,deepseek,9,neutral,neutral
deepseek_1533,deepseek,0,positive,positive
deepseek_1533,deepseek,1,positive,positive
deepseek_1533,deepseek,3,positive,positive
deepseek_1533,deepseek,4,positive,positive
deepseek_1533,deepseek,9,positive,positive
deepseek_1534,deepseek,0,positive,positive
deepseek_1534,deepseek,1,positive,positive
deepseek_1534,deepseek,3,positive,positive
deepseek_1534,deepseek,4,positive,positive
deepseek_1534,deepseek,9,positive,positive
deepseek_1546,deepseek,0,positive,positive
deepseek_1546,deepseek,1,positive,positive
deepseek_1546,deepseek,3,positive,positive
deepseek_1546,deepseek,4,positive,positive
deepseek_1546,deepseek,9,positive,positive
deepseek_1548,deepseek,0,negative,neutral
deepseek_1548,deepseek,1,negative,neutral
deepseek_1548,deepseek,3,negative,neutral
deepseek_1548,deepseek,4,negative,neutral
deepseek_1548,deepseek,9,negative,negative
deepseek_1549,deepseek,0,neutral,positive
deepseek_1549,deepseek,1,neutral,positive
deepseek_1549,deepseek,3,neutral,positive
deepseek_1549,deepseek,4,neutral,neutral
deepseek_1549,deepseek,9,neutral,neutral
deepseek_1550,deepseek,0,neutral,neutral
deepseek_1550,deepseek,1,neutral,neutral
deepseek_1550,deepseek,3,neutral,neutral
deepseek_1550,deepseek,4,neutral,neutral
deepseek_1550,deepseek,9,neutral,neutral
deepseek_1552,deepseek,0,negative,negative
deepseek_1552,deepseek,1,negative,negative
deepseek_1552,deepseek,3,negative,negative
deepseek_1552,deepseek,4,negative,negative
deepseek_1552,deepseek,9,negative,negative
deepseek_1553,deepseek,0,negative,negative
deepseek_1553,deepseek,1,negative,negative
deepseek_1553,deepseek,3,negative,negative
deepseek_1553,deepseek,4,negative,negative
deepseek_1553,deepseek,9,negative,negative
deepseek_1554,deepseek,0,negative,negative
deepseek_1554,deepseek,1,negative,negative
deepseek_1554,deepseek,3,negative,negative
deepseek_1554,deepseek,4,negative,negative
deepseek_1554,deepseek,9,negative,negative
deepseek_1556,deepseek,0,neutral,neutral
deepseek_1556,deepseek,1,neutral,negative
deepseek_1556,deepseek,3,neutral,negative
deepseek_1556,deepseek,4,neutral,neutral
deepseek_1556,deepseek,9,neutral,negative
deepseek_1559,deepseek,0,neutral,neutral
deepseek_1559,deepseek,1,neutral,negative
deepseek_1559,deepseek,3,neutral,neutral
deepseek_1559,deepseek,4,neutral,negative
deepseek_1559,deepseek,9,neutral,neutral
deepseek_1566,deepseek,0,positive,positive
deepseek_1566,deepseek,1,positive,positive
deepseek_1566,deepseek,3,positive,positive
deepseek_1566,deepseek,4,positive,positive
deepseek_1566,deepseek,9,positive,positive
deepseek_1573,deepseek,0,negative,negative
deepseek_1573,deepseek,1,negative,negative
deepseek_1573,deepseek,3,negative,negative
deepseek_1573,deepseek,4,negative,negative
deepseek_1573,deepseek,9,negative,negative
deepseek_1574,deepseek,0,negative,negative
deepseek_1574,deepseek,1,negative,negative
deepseek_1574,deepseek,3,negative,negative
deepseek_1574,deepseek,4,negative,negative
deepseek_1574,deepseek,9,negative,negative
deepseek_1575,deepseek,0,negative,negative
deepseek_1575,deepseek,1,negative,negative
deepseek_1575,deepseek,3,negative,negative
deepseek_1575,deepseek,4,negative,negative
deepseek_1575,deepseek,9,negative,negative
deepseek_1576,deepseek,0,negative,neutral
deepseek_1576,deepseek,1,negative,negative
deepseek_1576,deepseek,3,negative,negative
deepseek_1576,deepseek,4,negative,neutral
deepseek_1576,deepseek,9,negative,negative
deepseek_1581,deepseek,0,neutral,positive
deepseek_1581,deepseek,1,neutral,neutral
deepseek_1581,deepseek,3,neutral,positive
deepseek_1581,deepseek,4,neutral,positive
deepseek_1581,deepseek,9,neutral,negative
deepseek_1592,deepseek,0,negative,negative
deepseek_1592,deepseek,1,negative,negative
deepseek_1592,deepseek,3,negative,negative
deepseek_1592,deepseek,4,negative,negative
deepseek_1592,deepseek,9,negative,negative
deepseek_1593,deepseek,0,negative,neutral
deepseek_1593,deepseek,1,negative,neutral
deepseek_1593,deepseek,3,negative,neutral
deepseek_1593,deepseek,4,negative,neutral
deepseek_1593,deepseek,9,negative,neutral
deepseek_1594,deepseek,0,negative,negative
deepseek_1594,deepseek,1,negative,negative
deepseek_1594,deepseek,3,negative,negative
deepseek_1594,deepseek,4,negative,negative
deepseek_1594,deepseek,9,negative,negative
deepseek_1595,deepseek,0,negative,negative
deepseek_1595,deepseek,1,negative,negative
deepseek_1595,deepseek,3,negative,negative
deepseek_1595,deepseek,4,negative,negative
deepseek_1595,deepseek,9,negative,negative
deepseek_1596,deepseek,0,negative,negative
deepseek_1596,deepseek,1,negative,negative
deepseek_1596,deepseek,3,negative,negative
deepseek_1596,deepseek,4,negative,negative
deepseek_1596,deepseek,9,negative,negative
deepseek_1597,deepseek,0,negative,negative
deepseek_1597,deepseek,1,negative,negative
deepseek_1597,deepseek,3,negative,negative
deepseek_1597,deepseek,4,negative,negative
deepseek_1597,deepseek,9,negative,negative
deepseek_1598,deepseek,0,neutral,neutral
deepseek_1598,deepseek,1,neutral,neutral
deepseek_1598,deepseek,3,neutral,neutral
deepseek_1598,deepseek,4,neutral,neutral
deepseek_1598,deepseek,9,neutral,neutral
deepseek_1599,deepseek,0,neutral,neutral
deepseek_1599,deepseek,1,neutral,neutral
deepseek_1599,deepseek,3,neutral,neutral
deepseek_1599,deepseek,4,neutral,neutral
deepseek_1599,deepseek,9,neutral,neutral
deepseek_1600,deepseek,0,neutral,neutral
deepseek_1600,deepseek,1,neutral,neutral
deepseek_1600,deepseek,3,neutral,neutral
deepseek_1600,deepseek,4,neutral,neutral
deepseek_1600,deepseek,9,neutral,neutral
deepseek_1601,deepseek,0,neutral,neutral
deepseek_1601,deepseek,1,neutral,neutral
deepseek_1601,deepseek,3,neutral,neutral
deepseek_1601,deepseek,4,neutral,neutral
deepseek_1601,deepseek,9,neutral,neutral
deepseek_1602,deepseek,0,positive,positive
deepseek_1602,deepseek,1,positive,positive
deepseek_1602,deepseek,3,positive,positive
deepseek_1602,deepseek,4,positive,positive
deepseek_1602,deepseek,9,positive,positive
deepseek_1603,deepseek,0,positive,positive
deepseek_1603,deepseek,1,positive,positive
deepseek_1603,deepseek,3,positive,positive
deepseek_1603,deepseek,4,positive,positive
deepseek_1603,deepseek,9,positive,positive
deepseek_1606,deepseek,0,negative,negative
deepseek_1606,deepseek,1,negative,negative
deepseek_1606,deepseek,3,negative,negative
deepseek_1606,deepseek,4,negative,negative
deepseek_1606,deepseek,9,negative,negative
deepseek_1607,deepseek,0,negative,negative
deepseek_1607,deepseek,1,negative,negative
deepseek_1607,deepseek,3,negative,negative
deepseek_1607,deepseek,4,negative,negative
deepseek_1607,deepseek,9,negative,negative
deepseek_1609,deepseek,0,negative,negative
deepseek_1609,deepseek,1,negative,negative
deepseek_1609,deepseek,3,negative,negative
deepseek_1609,deepseek,4,negative,negative
deepseek_1609,deepseek,9,negative,negative
deepseek_1610,deepseek,0,negative,negative
deepseek_1610,deepseek,1,negative,negative
deepseek_1610,deepseek,3,negative,negative
deepseek_1610,deepseek,4,negative,negative
deepseek_1610,deepseek,9,negative,negative
deepseek_1612,deepseek,0,negative,negative
deepseek_1612,deepseek,1,negative,negative
deepseek_1612,deepseek,3,negative,negative
deepseek_1612,deepseek,4,negative,negative
deepseek_1612,deepseek,9,negative,negative
deepseek_1614,deepseek,0,negative,negative
deepseek_1614,deepseek,1,negative,negative
deepseek_1614,deepseek,3,negative,negative
deepseek_1614,deepseek,4,negative,negative
deepseek_1614,deepseek,9,negative,negative
deepseek_1615,deepseek,0,negative,negative
deepseek_1615,deepseek,1,negative,negative
deepseek_1615,deepseek,3,negative,negative
deepseek_1615,deepseek,4,negative,negative
deepseek_1615,deepseek,9,negative,negative
deepseek_1616,deepseek,0,negative,negative
deepseek_1616,deepseek,1,negative,negative
deepseek_1616,deepseek,3,negative,negative
deepseek_1616,deepseek,4,negative,negative
deepseek_1616,deepseek,9,negative,negative
deepseek_1621,deepseek,0,positive,positive
deepseek_1621,deepseek,1,positive,positive
deepseek_1621,deepseek,3,positive,positive
deepseek_1621,deepseek,4,positive,positive
deepseek_1621,deepseek,9,positive,positive
deepseek_1626,deepseek,0,neutral,neutral
deepseek_1626,deepseek,1,neutral,neutral
deepseek_1626,deepseek,3,neutral,neutral
deepseek_1626,deepseek,4,neutral,neutral
deepseek_1626,deepseek,9,neutral,neutral
deepseek_1627,deepseek,0,negative,negative
deepseek_1627,deepseek,1,negative,negative
deepseek_1627,deepseek,3,negative,negative
deepseek_1627,deepseek,4,negative,negative
deepseek_1627,deepseek,9,negative,negative
deepseek_1631,deepseek,0,negative,negative
deepseek_1631,deepseek,1,negative,negative
deepseek_1631,deepseek,3,negative,negative
deepseek_1631,deepseek,4,negative,negative
deepseek_1631,deepseek,9,negative,negative
deepseek_1632,deepseek,0,negative,negative
deepseek_1632,deepseek,1,negative,negative
deepseek_1632,deepseek,3,negative,neutral
deepseek_1632,deepseek,4,negative,negative
deepseek_1632,deepseek,9,negative,negative
deepseek_1633,deepseek,0,positive,positive
deepseek_1633,deepseek,1,positive,positive
deepseek_1633,deepseek,3,positive,positive
deepseek_1633,deepseek,4,positive,positive
deepseek_1633,deepseek,9,positive,positive
deepseek_1635,deepseek,0,positive,positive
deepseek_1635,deepseek,1,positive,positive
deepseek_1635,deepseek,3,positive,positive
deepseek_1635,deepseek,4,positive,positive
deepseek_1635,deepseek,9,positive,positive
deepseek_1636,deepseek,0,positive,positive
deepseek_1636,deepseek,1,positive,positive
deepseek_1636,deepseek,3,positive,positive
deepseek_1636,deepseek,4,positive,positive
deepseek_1636,deepseek,9,positive,positive
deepseek_1637,deepseek,0,positive,positive
deepseek_1637,deepseek,1,positive,positive
deepseek_1637,deepseek,3,positive,positive
deepseek_1637,deepseek,4,positive,positive
deepseek_1637,deepseek,9,positive,positive
deepseek_1651,deepseek,0,neutral,neutral
deepseek_1651,deepseek,1,neutral,neutral
deepseek_1651,deepseek,3,neutral,neutral
deepseek_1651,deepseek,4,neutral,neutral
deepseek_1651,deepseek,9,neutral,neutral
deepseek_1652,deepseek,0,neutral,neutral
deepseek_1652,deepseek,1,neutral,neutral
deepseek_1652,deepseek,3,neutral,neutral
deepseek_1652,deepseek,4,neutral,neutral
deepseek_1652,deepseek,9,neutral,neutral
deepseek_1653,deepseek,0,neutral,neutral
deepseek_1653,deepseek,1,neutral,neutral
deepseek_1653,deepseek,3,neutral,neutral
deepseek_1653,deepseek,4,neutral,neutral
deepseek_1653,deepseek,9,neutral,neutral
deepseek_1654,deepseek,0,neutral,positive
deepseek_1654,deepseek,1,neutral,positive
deepseek_1654,deepseek,3,neutral,positive
deepseek_1654,deepseek,4,neutral,positive
deepseek_1654,deepseek,9,neutral,positive
deepseek_1660,deepseek,0,negative,negative
deepseek_1660,deepseek,1,negative,negative
deepseek_1660,deepseek,3,negative,negative
deepseek_1660,deepseek,4,negative,negative
deepseek_1660,deepseek,9,negative,negative
deepseek_1661,deepseek,0,negative,negative
deepseek_1661,deepseek,1,negative,negative
deepseek_1661,deepseek,3,negative,negative
deepseek_1661,deepseek,4,negative,negative
deepseek_1661,deepseek,9,negative,negative
deepseek_1662,deepseek,0,neutral,neutral
deepseek_1662,deepseek,1,neutral,neutral
deepseek_1662,deepseek,3,neutral,neutral
deepseek_1662,deepseek,4,neutral,positive
deepseek_1662,deepseek,9,neutral,positive
deepseek_1665,deepseek,0,neutral,neutral
deepseek_1665,deepseek,1,neutral,neutral
deepseek_1665,deepseek,3,neutral,neutral
deepseek_1665,deepseek,4,neutral,neutral
deepseek_1665,deepseek,9,neutral,neutral
deepseek_1668,deepseek,0,neutral,neutral
deepseek_1668,deepseek,1,neutral,neutral
deepseek_1668,deepseek,3,neutral,neutral
deepseek_1668,deepseek,4,neutral,neutral
deepseek_1668,deepseek,9,neutral,neutral
deepseek_1671,deepseek,0,neutral,positive
deepseek_1671,deepseek,1,neutral,positive
deepseek_1671,deepseek,3,neutral,positive
deepseek_1671,deepseek,4,neutral,positive
deepseek_1671,deepseek,9,neutral,positive
deepseek_1675,deepseek,0,neutral,neutral
deepseek_1675,deepseek,1,neutral,negative
deepseek_1675,deepseek,3,neutral,neutral
deepseek_1675,deepseek,4,neutral,neutral
deepseek_1675,deepseek,9,neutral,neutral
deepseek_1676,deepseek,0,neutral,neutral
deepseek_1676,deepseek,1,neutral,neutral
deepseek_1676,deepseek,3,neutral,neutral
deepseek_1676,deepseek,4,neutral,neutral
deepseek_1676,deepseek,9,neutral,neutral
deepseek_1679,deepseek,0,neutral,neutral
deepseek_1679,deepseek,1,neutral,neutral
deepseek_1679,deepseek,3,neutral,neutral
deepseek_1679,deepseek,4,neutral,positive
deepseek_1679,deepseek,9,neutral,neutral
deepseek_1681,deepseek,0,neutral,neutral
deepseek_1681,deepseek,1,neutral,neutral
deepseek_1681,deepseek,3,neutral,neutral
deepseek_1681,deepseek,4,neutral,neutral
deepseek_1681,deepseek,9,neutral,neutral
deepseek_1692,deepseek,0,neutral,neutral
deepseek_1692,deepseek,1,neutral,neutral
deepseek_1692,deepseek,3,neutral,neutral
deepseek_1692,deepseek,4,neutral,neutral
deepseek_1692,deepseek,9,neutral,positive
deepseek_1709,deepseek,0,negative,negative
deepseek_1709,deepseek,1,negative,negative
deepseek_1709,deepseek,3,negative,negative
deepseek_1709,deepseek,4,negative,negative
deepseek_1709,deepseek,9,negative,negative
deepseek_1712,deepseek,0,positive,positive
deepseek_1712,deepseek,1,positive,positive
deepseek_1712,deepseek,3,positive,positive
deepseek_1712,deepseek,4,positive,positive
deepseek_1712,deepseek,9,positive,positive
deepseek_1714,deepseek,0,positive,positive
deepseek_1714,deepseek,1,positive,positive
deepseek_1714,deepseek,3,positive,positive
deepseek_1714,deepseek,4,positive,positive
deepseek_1714,deepseek,9,positive,positive
deepseek_1721,deepseek,0,positive,positive
deepseek_1721,deepseek,1,positive,positive
deepseek_1721,deepseek,3,positive,positive
deepseek_1721,deepseek,4,positive,positive
deepseek_1721,deepseek,9,positive,positive
deepseek_1725,deepseek,0,negative,neutral
deepseek_1725,deepseek,1,negative,neutral
deepseek_1725,deepseek,3,negative,neutral
deepseek_1725,deepseek,4,negative,neutral
deepseek_1725,deepseek,9,negative,neutral
deepseek_1726,deepseek,0,neutral,neutral
deepseek_1726,deepseek,1,neutral,neutral
deepseek_1726,deepseek,3,neutral,neutral
deepseek_1726,deepseek,4,neutral,neutral
deepseek_1726,deepseek,9,neutral,neutral
deepseek_1732,deepseek,0,neutral,neutral
deepseek_1732,deepseek,1,neutral,neutral
deepseek_1732,deepseek,3,neutral,neutral
deepseek_1732,deepseek,4,neutral,neutral
deepseek_1732,deepseek,9,neutral,neutral
deepseek_1733,deepseek,0,neutral,neutral
deepseek_1733,deepseek,1,neutral,neutral
deepseek_1733,deepseek,3,neutral,neutral
deepseek_1733,deepseek,4,neutral,positive
deepseek_1733,deepseek,9,neutral,neutral
deepseek_1735,deepseek,0,neutral,positive
deepseek_1735,deepseek,1,neutral,positive
deepseek_1735,deepseek,3,neutral,positive
deepseek_1735,deepseek,4,neutral,positive
deepseek_1735,deepseek,9,neutral,positive
deepseek_1739,deepseek,0,positive,positive
deepseek_1739,deepseek,1,positive,positive
deepseek_1739,deepseek,3,positive,positive
deepseek_1739,deepseek,4,positive,positive
deepseek_1739,deepseek,9,positive,positive
deepseek_1743,deepseek,0,neutral,neutral
deepseek_1743,deepseek,1,neutral,neutral
deepseek_1743,deepseek,3,neutral,neutral
deepseek_1743,deepseek,4,neutral,neutral
deepseek_1743,deepseek,9,neutral,neutral
deepseek_1753,deepseek,0,negative,negative
deepseek_1753,deepseek,1,negative,negative
deepseek_1753,deepseek,3,negative,negative
deepseek_1753,deepseek,4,negative,negative
deepseek_1753,deepseek,9,negative,negative
deepseek_1755,deepseek,0,neutral,neutral
deepseek_1755,deepseek,1,neutral,neutral
deepseek_1755,deepseek,3,neutral,neutral
deepseek_1755,deepseek,4,neutral,neutral
deepseek_1755,deepseek,9,neutral,neutral
deepseek_1756,deepseek,0,positive,positive
deepseek_1756,deepseek,1,positive,positive
deepseek_1756,deepseek,3,positive,positive
deepseek_1756,deepseek,4,positive,positive
deepseek_1756,deepseek,9,positive,positive
deepseek_1757,deepseek,0,neutral,positive
deepseek_1757,deepseek,1,neutral,positive
deepseek_1757,deepseek,3,neutral,neutral
deepseek_1757,deepseek,4,neutral,positive
deepseek_1757,deepseek,9,neutral,positive
deepseek_1758,deepseek,0,positive,positive
deepseek_1758,deepseek,1,positive,positive
deepseek_1758,deepseek,3,positive,positive
deepseek_1758,deepseek,4,positive,positive
deepseek_1758,deepseek,9,positive,positive
deepseek_1759,deepseek,0,positive,positive
deepseek_1759,deepseek,1,positive,positive
deepseek_1759,deepseek,3,positive,positive
deepseek_1759,deepseek,4,positive,positive
deepseek_1759,deepseek,9,positive,positive
deepseek_1760,deepseek,0,neutral,neutral
deepseek_1760,deepseek,1,neutral,positive
deepseek_1760,deepseek,3,neutral,positive
deepseek_1760,deepseek,4,neutral,neutral
deepseek_1760,deepseek,9,neutral,positive
deepseek_1761,deepseek,0,neutral,neutral
deepseek_1761,deepseek,1,neutral,neutral
deepseek_1761,deepseek,3,neutral,neutral
deepseek_1761,deepseek,4,neutral,neutral
deepseek_1761,deepseek,9,neutral,neutral
deepseek_1762,deepseek,0,neutral,neutral
deepseek_1762,deepseek,1,neutral,neutral
deepseek_1762,deepseek,3,neutral,neutral
deepseek_1762,deepseek,4,neutral,neutral
deepseek_1762,deepseek,9,neutral,neutral
deepseek_1763,deepseek,0,neutral,positive
deepseek_1763,deepseek,1,neutral,neutral
deepseek_1763,deepseek,3,neutral,positive
deepseek_1763,deepseek,4,neutral,positive
deepseek_1763,deepseek,9,neutral,positive
deepseek_1764,deepseek,0,positive,positive
deepseek_1764,deepseek,1,positive,positive
deepseek_1764,deepseek,3,positive,positive
deepseek_1764,deepseek,4,positive,positive
deepseek_1764,deepseek,9,positive,positive
deepseek_1765,deepseek,0,positive,positive
deepseek_1765,deepseek,1,positive,positive
deepseek_1765,deepseek,3,positive,positive
deepseek_1765,deepseek,4,positive,neutral
deepseek_1765,deepseek,9,positive,positive
deepseek_1766,deepseek,0,positive,neutral
deepseek_1766,deepseek,1,positive,neutral
deepseek_1766,deepseek,3,positive,neutral
deepseek_1766,deepseek,4,positive,neutral
deepseek_1766,deepseek,9,positive,neutral
deepseek_1767,deepseek,0,neutral,neutral
deepseek_1767,deepseek,1,neutral,neutral
deepseek_1767,deepseek,3,neutral,neutral
deepseek_1767,deepseek,4,neutral,neutral
deepseek_1767,deepseek,9,neutral,neutral
deepseek_1768,deepseek,0,positive,positive
deepseek_1768,deepseek,1,positive,positive
deepseek_1768,deepseek,3,positive,positive
deepseek_1768,deepseek,4,positive,positive
deepseek_1768,deepseek,9,positive,positive
deepseek_1769,deepseek,0,positive,positive
deepseek_1769,deepseek,1,positive,positive
deepseek_1769,deepseek,3,positive,positive
deepseek_1769,deepseek,4,positive,positive
deepseek_1769,deepseek,9,positive,positive
deepseek_1770,deepseek,0,positive,positive
deepseek_1770,deepseek,1,positive,positive
deepseek_1770,deepseek,3,positive,positive
deepseek_1770,deepseek,4,positive,positive
deepseek_1770,deepseek,9,positive,positive
deepseek_1771,deepseek,0,positive,positive
deepseek_1771,deepseek,1,positive,positive
deepseek_1771,deepseek,3,positive,positive
deepseek_1771,deepseek,4,positive,positive
deepseek_1771,deepseek,9,positive,positive
deepseek_1776,deepseek,0,positive,positive
deepseek_1776,deepseek,1,positive,positive
deepseek_1776,deepseek,3,positive,positive
deepseek_1776,deepseek,4,positive,positive
deepseek_1776,deepseek,9,positive,positive
deepseek_1779,deepseek,0,neutral,neutral
deepseek_1779,deepseek,1,neutral,neutral
deepseek_1779,deepseek,3,neutral,neutral
deepseek_1779,deepseek,4,neutral,neutral
deepseek_1779,deepseek,9,neutral,neutral
deepseek_1780,deepseek,0,neutral,neutral
deepseek_1780,deepseek,1,neutral,neutral
deepseek_1780,deepseek,3,neutral,neutral
deepseek_1780,deepseek,4,neutral,neutral
deepseek_1780,deepseek,9,neutral,neutral
deepseek_1782,deepseek,0,neutral,neutral
deepseek_1782,deepseek,1,neutral,neutral
deepseek_1782,deepseek,3,neutral,neutral
deepseek_1782,deepseek,4,neutral,neutral
deepseek_1782,deepseek,9,neutral,neutral
deepseek_1785,deepseek,0,negative,negative
deepseek_1785,deepseek,1,negative,negative
deepseek_1785,deepseek,3,negative,negative
deepseek_1785,deepseek,4,negative,negative
deepseek_1785,deepseek,9,negative,negative
deepseek_1789,deepseek,0,neutral,positive
deepseek_1789,deepseek,1,neutral,positive
deepseek_1789,deepseek,3,neutral,neutral
deepseek_1789,deepseek,4,neutral,positive
deepseek_1789,deepseek,9,neutral,positive
deepseek_1790,deepseek,0,neutral,positive
deepseek_1790,deepseek,1,neutral,positive
deepseek_1790,deepseek,3,neutral,positive
deepseek_1790,deepseek,4,neutral,positive
deepseek_1790,deepseek,9,neutral,neutral
deepseek_1792,deepseek,0,neutral,negative
deepseek_1792,deepseek,1,neutral,negative
deepseek_1792,deepseek,3,neutral,negative
deepseek_1792,deepseek,4,neutral,negative
deepseek_1792,deepseek,9,neutral,negative
deepseek_1796,deepseek,0,positive,positive
deepseek_1796,deepseek,1,positive,positive
deepseek_1796,deepseek,3,positive,positive
deepseek_1796,deepseek,4,positive,positive
deepseek_1796,deepseek,9,positive,positive
deepseek_1800,deepseek,0,positive,positive
deepseek_1800,deepseek,1,positive,positive
deepseek_1800,deepseek,3,positive,positive
deepseek_1800,deepseek,4,positive,positive
deepseek_1800,deepseek,9,positive,positive
deepseek_1802,deepseek,0,negative,negative
deepseek_1802,deepseek,1,negative,negative
deepseek_1802,deepseek,3,negative,negative
deepseek_1802,deepseek,4,negative,negative
deepseek_1802,deepseek,9,negative,negative
deepseek_1805,deepseek,0,negative,negative
deepseek_1805,deepseek,1,negative,negative
deepseek_1805,deepseek,3,negative,negative
deepseek_1805,deepseek,4,negative,negative
deepseek_1805,deepseek,9,negative,negative
deepseek_1806,deepseek,0,negative,negative
deepseek_1806,deepseek,1,negative,negative
deepseek_1806,deepseek,3,negative,negative
deepseek_1806,deepseek,4,negative,neutral
deepseek_1806,deepseek,9,negative,negative
deepseek_1839,deepseek,0,neutral,neutral
deepseek_1839,deepseek,1,neutral,neutral
deepseek_1839,deepseek,3,neutral,neutral
deepseek_1839,deepseek,4,neutral,neutral
deepseek_1839,deepseek,9,neutral,neutral
deepseek_1842,deepseek,0,positive,positive
deepseek_1842,deepseek,1,positive,positive
deepseek_1842,deepseek,3,positive,positive
deepseek_1842,deepseek,4,positive,positive
deepseek_1842,deepseek,9,positive,positive
deepseek_1844,deepseek,0,negative,negative
deepseek_1844,deepseek,1,negative,negative
deepseek_1844,deepseek,3,negative,negative
deepseek_1844,deepseek,4,negative,negative
deepseek_1844,deepseek,9,negative,negative
deepseek_1847,deepseek,0,positive,positive
deepseek_1847,deepseek,1,positive,positive
deepseek_1847,deepseek,3,positive,positive
deepseek_1847,deepseek,4,positive,positive
deepseek_1847,deepseek,9,positive,positive
deepseek_1851,deepseek,0,positive,positive
deepseek_1851,deepseek,1,positive,positive
deepseek_1851,deepseek,3,positive,positive
deepseek_1851,deepseek,4,positive,positive
deepseek_1851,deepseek,9,positive,positive
deepseek_1852,deepseek,0,negative,negative
deepseek_1852,deepseek,1,negative,negative
deepseek_1852,deepseek,3,negative,negative
deepseek_1852,deepseek,4,negative,negative
deepseek_1852,deepseek,9,negative,negative
deepseek_1853,deepseek,0,negative,negative
deepseek_1853,deepseek,1,negative,negative
deepseek_1853,deepseek,3,negative,negative
deepseek_1853,deepseek,4,negative,negative
deepseek_1853,deepseek,9,negative,negative
deepseek_1854,deepseek,0,negative,negative
deepseek_1854,deepseek,1,negative,negative
deepseek_1854,deepseek,3,negative,negative
deepseek_1854,deepseek,4,negative,negative
deepseek_1854,deepseek,9,negative,negative
deepseek_1859,deepseek,0,neutral,positive
deepseek_1859,deepseek,1,neutral,neutral
deepseek_1859,deepseek,3,neutral,neutral
deepseek_1859,deepseek,4,neutral,neutral
deepseek_1859,deepseek,9,neutral,neutral
deepseek_1860,deepseek,0,neutral,neutral
deepseek_1860,deepseek,1,neutral,neutral
deepseek_1860,deepseek,3,neutral,neutral
deepseek_1860,deepseek,4,neutral,neutral
deepseek_1860,deepseek,9,neutral,neutral
deepseek_1861,deepseek,0,neutral,neutral
deepseek_1861,deepseek,1,neutral,neutral
deepseek_1861,deepseek,3,neutral,neutral
deepseek_1861,deepseek,4,neutral,positive
deepseek_1861,deepseek,9,neutral,positive
deepseek_1865,deepseek,0,negative,neutral
deepseek_1865,deepseek,1,negative,neutral
deepseek_1865,deepseek,3,negative,neutral
deepseek_1865,deepseek,4,negative,neutral
deepseek_1865,deepseek,9,negative,neutral
deepseek_1866,deepseek,0,negative,neutral
deepseek_1866,deepseek,1,negative,negative
deepseek_1866,deepseek,3,negative,neutral
deepseek_1866,deepseek,4,negative,positive
deepseek_1866,deepseek,9,negative,neutral
deepseek_1867,deepseek,0,negative,neutral
deepseek_1867,deepseek,1,negative,neutral
deepseek_1867,deepseek,3,negative,neutral
deepseek_1867,deepseek,4,negative,neutral
deepseek_1867,deepseek,9,negative,neutral
deepseek_1875,deepseek,0,positive,positive
deepseek_1875,deepseek,1,positive,positive
deepseek_1875,deepseek,3,positive,positive
deepseek_1875,deepseek,4,positive,positive
deepseek_1875,deepseek,9,positive,positive
deepseek_1876,deepseek,0,positive,positive
deepseek_1876,deepseek,1,positive,positive
deepseek_1876,deepseek,3,positive,positive
deepseek_1876,deepseek,4,positive,positive
deepseek_1876,deepseek,9,positive,positive
deepseek_1877,deepseek,0,neutral,positive
deepseek_1877,deepseek,1,neutral,positive
deepseek_1877,deepseek,3,neutral,positive
deepseek_1877,deepseek,4,neutral,positive
deepseek_1877,deepseek,9,neutral,positive
deepseek_1878,deepseek,0,positive,positive
deepseek_1878,deepseek,1,positive,positive
deepseek_1878,deepseek,3,positive,positive
deepseek_1878,deepseek,4,positive,positive
deepseek_1878,deepseek,9,positive,positive
deepseek_1879,deepseek,0,neutral,positive
deepseek_1879,deepseek,1,neutral,positive
deepseek_1879,deepseek,3,neutral,positive
deepseek_1879,deepseek,4,neutral,positive
deepseek_1879,deepseek,9,neutral,positive
deepseek_1880,deepseek,0,positive,positive
deepseek_1880,deepseek,1,positive,positive
deepseek_1880,deepseek,3,positive,positive
deepseek_1880,deepseek,4,positive,positive
deepseek_1880,deepseek,9,positive,positive
deepseek_1881,deepseek,0,neutral,positive
deepseek_1881,deepseek,1,neutral,positive
deepseek_1881,deepseek,3,neutral,positive
deepseek_1881,deepseek,4,neutral,positive
deepseek_1881,deepseek,9,neutral,positive
deepseek_1899,deepseek,0,positive,positive
deepseek_1899,deepseek,1,positive,positive
deepseek_1899,deepseek,3,positive,positive
deepseek_1899,deepseek,4,positive,positive
deepseek_1899,deepseek,9,positive,positive
deepseek_1919,deepseek,0,neutral,neutral
deepseek_1919,deepseek,1,neutral,neutral
deepseek_1919,deepseek,3,neutral,neutral
deepseek_1919,deepseek,4,neutral,neutral
deepseek_1919,deepseek,9,neutral,neutral
deepseek_1920,deepseek,0,positive,positive
deepseek_1920,deepseek,1,positive,positive
deepseek_1920,deepseek,3,positive,positive
deepseek_1920,deepseek,4,positive,positive
deepseek_1920,deepseek,9,positive,positive
deepseek_1925,deepseek,0,neutral,neutral
deepseek_1925,deepseek,1,neutral,neutral
deepseek_1925,deepseek,3,neutral,neutral
deepseek_1925,deepseek,4,neutral,neutral
deepseek_1925,deepseek,9,neutral,neutral
deepseek_1927,deepseek,0,neutral,positive
deepseek_1927,deepseek,1,neutral,positive
deepseek_1927,deepseek,3,neutral,positive
deepseek_1927,deepseek,4,neutral,positive
deepseek_1927,deepseek,9,neutral,neutral
deepseek_1928,deepseek,0,neutral,neutral
deepseek_1928,deepseek,1,neutral,neutral
deepseek_1928,deepseek,3,neutral,neutral
deepseek_1928,deepseek,4,neutral,neutral
deepseek_1928,deepseek,9,neutral,negative
deepseek_1932,deepseek,0,positive,positive
deepseek_1932,deepseek,1,positive,positive
deepseek_1932,deepseek,3,positive,positive
deepseek_1932,deepseek,4,positive,positive
deepseek_1932,deepseek,9,positive,positive
deepseek_1933,deepseek,0,positive,positive
deepseek_1933,deepseek,1,positive,positive
deepseek_1933,deepseek,3,positive,positive
deepseek_1933,deepseek,4,positive,positive
deepseek_1933,deepseek,9,positive,positive
deepseek_1939,deepseek,0,neutral,neutral
deepseek_1939,deepseek,1,neutral,neutral
deepseek_1939,deepseek,3,neutral,neutral
deepseek_1939,deepseek,4,neutral,neutral
deepseek_1939,deepseek,9,neutral,neutral
deepseek_1940,deepseek,0,positive,positive
deepseek_1940,deepseek,1,positive,positive
deepseek_1940,deepseek,3,positive,positive
deepseek_1940,deepseek,4,positive,positive
deepseek_1940,deepseek,9,positive,positive
deepseek_1943,deepseek,0,positive,positive
deepseek_1943,deepseek,1,positive,positive
deepseek_1943,deepseek,3,positive,positive
deepseek_1943,deepseek,4,positive,positive
deepseek_1943,deepseek,9,positive,positive
deepseek_1944,deepseek,0,positive,positive
deepseek_1944,deepseek,1,positive,positive
deepseek_1944,deepseek,3,positive,positive
deepseek_1944,deepseek,4,positive,positive
deepseek_1944,deepseek,9,positive,positive
deepseek_1945,deepseek,0,positive,positive
deepseek_1945,deepseek,1,positive,positive
deepseek_1945,deepseek,3,positive,positive
deepseek_1945,deepseek,4,positive,positive
deepseek_1945,deepseek,9,positive,positive
deepseek_1946,deepseek,0,neutral,positive
deepseek_1946,deepseek,1,neutral,neutral
deepseek_1946,deepseek,3,neutral,positive
deepseek_1946,deepseek,4,neutral,positive
deepseek_1946,deepseek,9,neutral,neutral
deepseek_1947,deepseek,0,neutral,positive
deepseek_1947,deepseek,1,neutral,neutral
deepseek_1947,deepseek,3,neutral,positive
deepseek_1947,deepseek,4,neutral,positive
deepseek_1947,deepseek,9,neutral,positive
deepseek_1950,deepseek,0,negative,neutral
deepseek_1950,deepseek,1,negative,neutral
deepseek_1950,deepseek,3,negative,neutral
deepseek_1950,deepseek,4,negative,neutral
deepseek_1950,deepseek,9,negative,neutral
deepseek_1953,deepseek,0,neutral,neutral
deepseek_1953,deepseek,1,neutral,neutral
deepseek_1953,deepseek,3,neutral,neutral
deepseek_1953,deepseek,4,neutral,neutral
deepseek_1953,deepseek,9,neutral,neutral
deepseek_1956,deepseek,0,positive,positive
deepseek_1956,deepseek,1,positive,positive
deepseek_1956,deepseek,3,positive,positive
deepseek_1956,deepseek,4,positive,positive
deepseek_1956,deepseek,9,positive,positive
deepseek_1957,deepseek,0,positive,positive
deepseek_1957,deepseek,1,positive,positive
deepseek_1957,deepseek,3,positive,positive
deepseek_1957,deepseek,4,positive,positive
deepseek_1957,deepseek,9,positive,positive
deepseek_1964,deepseek,0,neutral,neutral
deepseek_1964,deepseek,1,neutral,neutral
deepseek_1964,deepseek,3,neutral,neutral
deepseek_1964,deepseek,4,neutral,positive
deepseek_1964,deepseek,9,neutral,neutral
deepseek_1970,deepseek,0,positive,positive
deepseek_1970,deepseek,1,positive,positive
deepseek_1970,deepseek,3,positive,positive
deepseek_1970,deepseek,4,positive,positive
deepseek_1970,deepseek,9,positive,positive
deepseek_1971,deepseek,0,positive,positive
deepseek_1971,deepseek,1,positive,positive
deepseek_1971,deepseek,3,positive,positive
deepseek_1971,deepseek,4,positive,positive
deepseek_1971,deepseek,9,positive,positive
deepseek_1975,deepseek,0,positive,positive
deepseek_1975,deepseek,1,positive,positive
deepseek_1975,deepseek,3,positive,positive
deepseek_1975,deepseek,4,positive,positive
deepseek_1975,deepseek,9,positive,positive
deepseek_1976,deepseek,0,positive,positive
deepseek_1976,deepseek,1,positive,positive
deepseek_1976,deepseek,3,positive,positive
deepseek_1976,deepseek,4,positive,positive
deepseek_1976,deepseek,9,positive,positive
deepseek_1981,deepseek,0,positive,positive
deepseek_1981,deepseek,1,positive,positive
deepseek_1981,deepseek,3,positive,positive
deepseek_1981,deepseek,4,positive,positive
deepseek_1981,deepseek,9,positive,positive
deepseek_1983,deepseek,0,neutral,positive
deepseek_1983,deepseek,1,neutral,positive
deepseek_1983,deepseek,3,neutral,positive
deepseek_1983,deepseek,4,neutral,positive
deepseek_1983,deepseek,9,neutral,neutral
deepseek_1986,deepseek,0,positive,positive
deepseek_1986,deepseek,1,positive,positive
deepseek_1986,deepseek,3,positive,positive
deepseek_1986,deepseek,4,positive,positive
deepseek_1986,deepseek,9,positive,positive
deepseek_1987,deepseek,0,negative,negative
deepseek_1987,deepseek,1,negative,negative
deepseek_1987,deepseek,3,negative,negative
deepseek_1987,deepseek,4,negative,negative
deepseek_1987,deepseek,9,negative,negative
deepseek_1988,deepseek,0,neutral,negative
deepseek_1988,deepseek,1,neutral,negative
deepseek_1988,deepseek,3,neutral,negative
deepseek_1988,deepseek,4,neutral,negative
deepseek_1988,deepseek,9,neutral,negative
deepseek_1989,deepseek,0,neutral,neutral
deepseek_1989,deepseek,1,neutral,neutral
deepseek_1989,deepseek,3,neutral,neutral
deepseek_1989,deepseek,4,neutral,neutral
deepseek_1989,deepseek,9,neutral,neutral
deepseek_1991,deepseek,0,positive,positive
deepseek_1991,deepseek,1,positive,positive
deepseek_1991,deepseek,3,positive,positive
deepseek_1991,deepseek,4,positive,positive
deepseek_1991,deepseek,9,positive,positive
deepseek_1992,deepseek,0,positive,positive
deepseek_1992,deepseek,1,positive,positive
deepseek_1992,deepseek,3,positive,positive
deepseek_1992,deepseek,4,positive,positive
deepseek_1992,deepseek,9,positive,positive
deepseek_1993,deepseek,0,positive,positive
deepseek_1993,deepseek,1,positive,positive
deepseek_1993,deepseek,3,positive,positive
deepseek_1993,deepseek,4,positive,positive
deepseek_1993,deepseek,9,positive,positive
deepseek_2006,deepseek,0,negative,negative
deepseek_2006,deepseek,1,negative,negative
deepseek_2006,deepseek,3,negative,negative
deepseek_2006,deepseek,4,negative,negative
deepseek_2006,deepseek,9,negative,negative
deepseek_2007,deepseek,0,negative,negative
deepseek_2007,deepseek,1,negative,negative
deepseek_2007,deepseek,3,negative,negative
deepseek_2007,deepseek,4,negative,negative
deepseek_2007,deepseek,9,negative,negative
deepseek_2008,deepseek,0,negative,negative
deepseek_2008,deepseek,1,negative,negative
deepseek_2008,deepseek,3,negative,negative
deepseek_2008,deepseek,4,negative,negative
deepseek_2008,deepseek,9,negative,negative
deepseek_2011,deepseek,0,neutral,positive
deepseek_2011,deepseek,1,neutral,positive
deepseek_2011,deepseek,3,neutral,positive
deepseek_2011,deepseek,4,neutral,positive
deepseek_2011,deepseek,9,neutral,positive
deepseek_2013,deepseek,0,positive,positive
deepseek_2013,deepseek,1,positive,positive
deepseek_2013,deepseek,3,positive,positive
deepseek_2013,deepseek,4,positive,positive
deepseek_2013,deepseek,9,positive,positive
deepseek_2017,deepseek,0,negative,negative
deepseek_2017,deepseek,1,negative,negative
deepseek_2017,deepseek,3,negative,negative
deepseek_2017,deepseek,4,negative,negative
deepseek_2017,deepseek,9,negative,negative
deepseek_2019,deepseek,0,positive,positive
deepseek_2019,deepseek,1,positive,positive
deepseek_2019,deepseek,3,positive,positive
deepseek_2019,deepseek,4,positive,positive
deepseek_2019,deepseek,9,positive,positive
deepseek_2021,deepseek,0,positive,positive
deepseek_2021,deepseek,1,positive,positive
deepseek_2021,deepseek,3,positive,positive
deepseek_2021,deepseek,4,positive,positive
deepseek_2021,deepseek,9,positive,positive
deepseek_2022,deepseek,0,positive,positive
deepseek_2022,deepseek,1,positive,positive
deepseek_2022,deepseek,3,positive,positive
deepseek_2022,deepseek,4,positive,positive
deepseek_2022,deepseek,9,positive,positive
deepseek_2027,deepseek,0,neutral,neutral
deepseek_2027,deepseek,1,neutral,neutral
deepseek_2027,deepseek,3,neutral,neutral
deepseek_2027,deepseek,4,neutral,neutral
deepseek_2027,deepseek,9,neutral,neutral
deepseek_2028,deepseek,0,neutral,neutral
deepseek_2028,deepseek,1,neutral,neutral
deepseek_2028,deepseek,3,neutral,neutral
deepseek_2028,deepseek,4,neutral,neutral
deepseek_2028,deepseek,9,neutral,neutral
deepseek_2031,deepseek,0,negative,negative
deepseek_2031,deepseek,1,negative,negative
deepseek_2031,deepseek,3,negative,negative
deepseek_2031,deepseek,4,negative,negative
deepseek_2031,deepseek,9,negative,negative
deepseek_2033,deepseek,0,neutral,positive
deepseek_2033,deepseek,1,neutral,neutral
deepseek_2033,deepseek,3,neutral,positive
deepseek_2033,deepseek,4,neutral,positive
deepseek_2033,deepseek,9,neutral,positive
deepseek_2036,deepseek,0,negative,negative
deepseek_2036,deepseek,1,negative,negative
deepseek_2036,deepseek,3,negative,negative
deepseek_2036,deepseek,4,negative,negative
deepseek_2036,deepseek,9,negative,negative
deepseek_2049,deepseek,0,neutral,neutral
deepseek_2049,deepseek,1,neutral,neutral
deepseek_2049,deepseek,3,neutral,neutral
deepseek_2049,deepseek,4,neutral,neutral
deepseek_2049,deepseek,9,neutral,neutral
deepseek_2052,deepseek,0,positive,positive
deepseek_2052,deepseek,1,positive,positive
deepseek_2052,deepseek,3,positive,positive
deepseek_2052,deepseek,4,positive,positive
deepseek_2052,deepseek,9,positive,positive
deepseek_2054,deepseek,0,positive,positive
deepseek_2054,deepseek,1,positive,positive
deepseek_2054,deepseek,3,positive,positive
deepseek_2054,deepseek,4,positive,positive
deepseek_2054,deepseek,9,positive,positive
deepseek_2059,deepseek,0,neutral,neutral
deepseek_2059,deepseek,1,neutral,neutral
deepseek_2059,deepseek,3,neutral,neutral
deepseek_2059,deepseek,4,neutral,neutral
deepseek_2059,deepseek,9,neutral,neutral
deepseek_2062,deepseek,0,negative,negative
deepseek_2062,deepseek,1,negative,negative
deepseek_2062,deepseek,3,negative,negative
deepseek_2062,deepseek,4,negative,negative
deepseek_2062,deepseek,9,negative,negative
deepseek_2067,deepseek,0,neutral,positive
deepseek_2067,deepseek,1,neutral,positive
deepseek_2067,deepseek,3,neutral,positive
deepseek_2067,deepseek,4,neutral,positive
deepseek_2067,deepseek,9,neutral,positive
deepseek_2069,deepseek,0,positive,positive
deepseek_2069,deepseek,1,positive,positive
deepseek_2069,deepseek,3,positive,positive
deepseek_2069,deepseek,4,positive,positive
deepseek_2069,deepseek,9,positive,positive
deepseek_2070,deepseek,0,positive,positive
deepseek_2070,deepseek,1,positive,positive
deepseek_2070,deepseek,3,positive,positive
deepseek_2070,deepseek,4,positive,positive
deepseek_2070,deepseek,9,positive,positive
deepseek_2071,deepseek,0,positive,positive
deepseek_2071,deepseek,1,positive,positive
deepseek_2071,deepseek,3,positive,positive
deepseek_2071,deepseek,4,positive,positive
deepseek_2071,deepseek,9,positive,positive
deepseek_2074,deepseek,0,neutral,neutral
deepseek_2074,deepseek,1,neutral,neutral
deepseek_2074,deepseek,3,neutral,neutral
deepseek_2074,deepseek,4,neutral,neutral
deepseek_2074,deepseek,9,neutral,negative
deepseek_2076,deepseek,0,neutral,neutral
deepseek_2076,deepseek,1,neutral,neutral
deepseek_2076,deepseek,3,neutral,neutral
deepseek_2076,deepseek,4,neutral,neutral
deepseek_2076,deepseek,9,neutral,neutral
deepseek_2077,deepseek,0,neutral,neutral
deepseek_2077,deepseek,1,neutral,neutral
deepseek_2077,deepseek,3,neutral,positive
deepseek_2077,deepseek,4,neutral,neutral
deepseek_2077,deepseek,9,neutral,neutral
deepseek_2078,deepseek,0,positive,positive
deepseek_2078,deepseek,1,positive,positive
deepseek_2078,deepseek,3,positive,positive
deepseek_2078,deepseek,4,positive,positive
deepseek_2078,deepseek,9,positive,positive
deepseek_2080,deepseek,0,neutral,positive
deepseek_2080,deepseek,1,neutral,positive
deepseek_2080,deepseek,3,neutral,positive
deepseek_2080,deepseek,4,neutral,positive
deepseek_2080,deepseek,9,neutral,positive
deepseek_2084,deepseek,0,neutral,neutral
deepseek_2084,deepseek,1,neutral,neutral
deepseek_2084,deepseek,3,neutral,neutral
deepseek_2084,deepseek,4,neutral,neutral
deepseek_2084,deepseek,9,neutral,neutral
deepseek_2098,deepseek,0,neutral,neutral
deepseek_2098,deepseek,1,neutral,neutral
deepseek_2098,deepseek,3,neutral,neutral
deepseek_2098,deepseek,4,neutral,neutral
deepseek_2098,deepseek,9,neutral,neutral
deepseek_2101,deepseek,0,positive,positive
deepseek_2101,deepseek,1,positive,positive
deepseek_2101,deepseek,3,positive,positive
deepseek_2101,deepseek,4,positive,positive
deepseek_2101,deepseek,9,positive,positive
deepseek_2106,deepseek,0,positive,positive
deepseek_2106,deepseek,1,positive,positive
deepseek_2106,deepseek,3,positive,positive
deepseek_2106,deepseek,4,positive,positive
deepseek_2106,deepseek,9,positive,positive
deepseek_2110,deepseek,0,positive,positive
deepseek_2110,deepseek,1,positive,positive
deepseek_2110,deepseek,3,positive,positive
deepseek_2110,deepseek,4,positive,positive
deepseek_2110,deepseek,9,positive,neutral
deepseek_2112,deepseek,0,positive,positive
deepseek_2112,deepseek,1,positive,positive
deepseek_2112,deepseek,3,positive,positive
deepseek_2112,deepseek,4,positive,positive
deepseek_2112,deepseek,9,positive,positive
deepseek_2113,deepseek,0,negative,negative
deepseek_2113,deepseek,1,negative,negative
deepseek_2113,deepseek,3,negative,negative
deepseek_2113,deepseek,4,negative,negative
deepseek_2113,deepseek,9,negative,negative
deepseek_2114,deepseek,0,negative,negative
deepseek_2114,deepseek,1,negative,negative
deepseek_2114,deepseek,3,negative,negative
deepseek_2114,deepseek,4,negative,negative
deepseek_2114,deepseek,9,negative,negative
deepseek_2115,deepseek,0,negative,negative
deepseek_2115,deepseek,1,negative,negative
deepseek_2115,deepseek,3,negative,negative
deepseek_2115,deepseek,4,negative,negative
deepseek_2115,deepseek,9,negative,negative
deepseek_2116,deepseek,0,neutral,negative
deepseek_2116,deepseek,1,neutral,negative
deepseek_2116,deepseek,3,neutral,negative
deepseek_2116,deepseek,4,neutral,negative
deepseek_2116,deepseek,9,neutral,negative
deepseek_2117,deepseek,0,positive,positive
deepseek_2117,deepseek,1,positive,positive
deepseek_2117,deepseek,3,positive,positive
deepseek_2117,deepseek,4,positive,positive
deepseek_2117,deepseek,9,positive,positive
deepseek_2120,deepseek,0,negative,neutral
deepseek_2120,deepseek,1,negative,negative
deepseek_2120,deepseek,3,negative,negative
deepseek_2120,deepseek,4,negative,neutral
deepseek_2120,deepseek,9,negative,negative
deepseek_2121,deepseek,0,positive,positive
deepseek_2121,deepseek,1,positive,positive
deepseek_2121,deepseek,3,positive,positive
deepseek_2121,deepseek,4,positive,positive
deepseek_2121,deepseek,9,positive,positive
deepseek_2122,deepseek,0,positive,positive
deepseek_2122,deepseek,1,positive,positive
deepseek_2122,deepseek,3,positive,positive
deepseek_2122,deepseek,4,positive,positive
deepseek_2122,deepseek,9,positive,positive
deepseek_2123,deepseek,0,positive,positive
deepseek_2123,deepseek,1,positive,positive
deepseek_2123,deepseek,3,positive,positive
deepseek_2123,deepseek,4,positive,positive
deepseek_2123,deepseek,9,positive,positive
deepseek_2128,deepseek,0,neutral,positive
deepseek_2128,deepseek,1,neutral,neutral
deepseek_2128,deepseek,3,neutral,neutral
deepseek_2128,deepseek,4,neutral,neutral
deepseek_2128,deepseek,9,neutral,neutral
deepseek_2132,deepseek,0,neutral,neutral
deepseek_2132,deepseek,1,neutral,neutral
deepseek_2132,deepseek,3,neutral,neutral
deepseek_2132,deepseek,4,neutral,neutral
deepseek_2132,deepseek,9,neutral,neutral
deepseek_2143,deepseek,0,positive,positive
deepseek_2143,deepseek,1,positive,positive
deepseek_2143,deepseek,3,positive,positive
deepseek_2143,deepseek,4,positive,positive
deepseek_2143,deepseek,9,positive,positive
deepseek_2145,deepseek,0,positive,positive
deepseek_2145,deepseek,1,positive,positive
deepseek_2145,deepseek,3,positive,positive
deepseek_2145,deepseek,4,positive,positive
deepseek_2145,deepseek,9,positive,positive
deepseek_2146,deepseek,0,positive,positive
deepseek_2146,deepseek,1,positive,positive
deepseek_2146,deepseek,3,positive,positive
deepseek_2146,deepseek,4,positive,positive
deepseek_2146,deepseek,9,positive,positive
deepseek_2147,deepseek,0,positive,positive
deepseek_2147,deepseek,1,positive,positive
deepseek_2147,deepseek,3,positive,positive
deepseek_2147,deepseek,4,positive,positive
deepseek_2147,deepseek,9,positive,positive
deepseek_2148,deepseek,0,neutral,neutral
deepseek_2148,deepseek,1,neutral,positive
deepseek_2148,deepseek,3,neutral,positive
deepseek_2148,deepseek,4,neutral,positive
deepseek_2148,deepseek,9,neutral,neutral
deepseek_2164,deepseek,0,positive,positive
deepseek_2164,deepseek,1,positive,positive
deepseek_2164,deepseek,3,positive,positive
deepseek_2164,deepseek,4,positive,positive
deepseek_2164,deepseek,9,positive,positive
deepseek_2165,deepseek,0,neutral,neutral
deepseek_2165,deepseek,1,neutral,negative
deepseek_2165,deepseek,3,neutral,neutral
deepseek_2165,deepseek,4,neutral,neutral
deepseek_2165,deepseek,9,neutral,neutral
deepseek_2167,deepseek,0,positive,positive
deepseek_2167,deepseek,1,positive,positive
deepseek_2167,deepseek,3,positive,positive
deepseek_2167,deepseek,4,positive,positive
deepseek_2167,deepseek,9,positive,positive
deepseek_2174,deepseek,0,positive,positive
deepseek_2174,deepseek,1,positive,positive
deepseek_2174,deepseek,3,positive,positive
deepseek_2174,deepseek,4,positive,positive
deepseek_2174,deepseek,9,positive,positive
deepseek_2175,deepseek,0,positive,positive
deepseek_2175,deepseek,1,positive,positive
deepseek_2175,deepseek,3,positive,positive
deepseek_2175,deepseek,4,positive,positive
deepseek_2175,deepseek,9,positive,positive
deepseek_2180,deepseek,0,neutral,neutral
deepseek_2180,deepseek,1,neutral,neutral
deepseek_2180,deepseek,3,neutral,neutral
deepseek_2180,deepseek,4,neutral,neutral
deepseek_2180,deepseek,9,neutral,neutral
deepseek_2183,deepseek,0,positive,positive
deepseek_2183,deepseek,1,positive,positive
deepseek_2183,deepseek,3,positive,positive
deepseek_2183,deepseek,4,positive,positive
deepseek_2183,deepseek,9,positive,positive
deepseek_2184,deepseek,0,positive,positive
deepseek_2184,deepseek,1,positive,positive
deepseek_2184,deepseek,3,positive,positive
deepseek_2184,deepseek,4,positive,positive
deepseek_2184,deepseek,9,positive,positive
deepseek_2185,deepseek,0,positive,positive
deepseek_2185,deepseek,1,positive,positive
deepseek_2185,deepseek,3,positive,positive
deepseek_2185,deepseek,4,positive,positive
deepseek_2185,deepseek,9,positive,positive
deepseek_2186,deepseek,0,positive,positive
deepseek_2186,deepseek,1,positive,positive
deepseek_2186,deepseek,3,positive,positive
deepseek_2186,deepseek,4,positive,positive
deepseek_2186,deepseek,9,positive,positive
deepseek_2187,deepseek,0,positive,positive
deepseek_2187,deepseek,1,positive,positive
deepseek_2187,deepseek,3,positive,positive
deepseek_2187,deepseek,4,positive,positive
deepseek_2187,deepseek,9,positive,positive
deepseek_2188,deepseek,0,positive,positive
deepseek_2188,deepseek,1,positive,positive
deepseek_2188,deepseek,3,positive,positive
deepseek_2188,deepseek,4,positive,positive
deepseek_2188,deepseek,9,positive,positive
deepseek_2189,deepseek,0,positive,positive
deepseek_2189,deepseek,1,positive,positive
deepseek_2189,deepseek,3,positive,positive
deepseek_2189,deepseek,4,positive,positive
deepseek_2189,deepseek,9,positive,positive
deepseek_2195,deepseek,0,neutral,neutral
deepseek_2195,deepseek,1,neutral,neutral
deepseek_2195,deepseek,3,neutral,positive
deepseek_2195,deepseek,4,neutral,positive
deepseek_2195,deepseek,9,neutral,neutral
deepseek_2197,deepseek,0,positive,positive
deepseek_2197,deepseek,1,positive,positive
deepseek_2197,deepseek,3,positive,positive
deepseek_2197,deepseek,4,positive,positive
deepseek_2197,deepseek,9,positive,positive
deepseek_2202,deepseek,0,neutral,positive
deepseek_2202,deepseek,1,neutral,positive
deepseek_2202,deepseek,3,neutral,positive
deepseek_2202,deepseek,4,neutral,neutral
deepseek_2202,deepseek,9,neutral,positive
deepseek_2206,deepseek,0,negative,negative
deepseek_2206,deepseek,1,negative,negative
deepseek_2206,deepseek,3,negative,negative
deepseek_2206,deepseek,4,negative,negative
deepseek_2206,deepseek,9,negative,negative
deepseek_2208,deepseek,0,neutral,positive
deepseek_2208,deepseek,1,neutral,positive
deepseek_2208,deepseek,3,neutral,positive
deepseek_2208,deepseek,4,neutral,positive
deepseek_2208,deepseek,9,neutral,positive
deepseek_2211,deepseek,0,neutral,neutral
deepseek_2211,deepseek,1,neutral,neutral
deepseek_2211,deepseek,3,neutral,negative
deepseek_2211,deepseek,4,neutral,neutral
deepseek_2211,deepseek,9,neutral,negative
deepseek_2214,deepseek,0,neutral,positive
deepseek_2214,deepseek,1,neutral,positive
deepseek_2214,deepseek,3,neutral,positive
deepseek_2214,deepseek,4,neutral,positive
deepseek_2214,deepseek,9,neutral,positive
deepseek_2216,deepseek,0,neutral,neutral
deepseek_2216,deepseek,1,neutral,neutral
deepseek_2216,deepseek,3,neutral,neutral
deepseek_2216,deepseek,4,neutral,neutral
deepseek_2216,deepseek,9,neutral,neutral
deepseek_2217,deepseek,0,neutral,neutral
deepseek_2217,deepseek,1,neutral,neutral
deepseek_2217,deepseek,3,neutral,neutral
deepseek_2217,deepseek,4,neutral,neutral
deepseek_2217,deepseek,9,neutral,neutral
deepseek_2218,deepseek,0,neutral,negative
deepseek_2218,deepseek,1,neutral,negative
deepseek_2218,deepseek,3,neutral,negative
deepseek_2218,deepseek,4,neutral,negative
deepseek_2218,deepseek,9,neutral,negative
deepseek_2219,deepseek,0,negative,negative
deepseek_2219,deepseek,1,negative,negative
deepseek_2219,deepseek,3,negative,negative
deepseek_2219,deepseek,4,negative,negative
deepseek_2219,deepseek,9,negative,negative
deepseek_2220,deepseek,0,negative,negative
deepseek_2220,deepseek,1,negative,negative
deepseek_2220,deepseek,3,negative,negative
deepseek_2220,deepseek,4,negative,negative
deepseek_2220,deepseek,9,negative,negative
deepseek_2222,deepseek,0,neutral,neutral
deepseek_2222,deepseek,1,neutral,neutral
deepseek_2222,deepseek,3,neutral,neutral
deepseek_2222,deepseek,4,neutral,neutral
deepseek_2222,deepseek,9,neutral,neutral
deepseek_2231,deepseek,0,neutral,neutral
deepseek_2231,deepseek,1,neutral,neutral
deepseek_2231,deepseek,3,neutral,neutral
deepseek_2231,deepseek,4,neutral,neutral
deepseek_2231,deepseek,9,neutral,neutral
deepseek_2236,deepseek,0,neutral,positive
deepseek_2236,deepseek,1,neutral,neutral
deepseek_2236,deepseek,3,neutral,positive
deepseek_2236,deepseek,4,neutral,positive
deepseek_2236,deepseek,9,neutral,positive
deepseek_2237,deepseek,0,positive,positive
deepseek_2237,deepseek,1,positive,positive
deepseek_2237,deepseek,3,positive,positive
deepseek_2237,deepseek,4,positive,positive
deepseek_2237,deepseek,9,positive,positive
deepseek_2238,deepseek,0,positive,positive
deepseek_2238,deepseek,1,positive,positive
deepseek_2238,deepseek,3,positive,positive
deepseek_2238,deepseek,4,positive,positive
deepseek_2238,deepseek,9,positive,positive
deepseek_2240,deepseek,0,neutral,positive
deepseek_2240,deepseek,1,neutral,neutral
deepseek_2240,deepseek,3,neutral,neutral
deepseek_2240,deepseek,4,neutral,positive
deepseek_2240,deepseek,9,neutral,positive
deepseek_2241,deepseek,0,positive,positive
deepseek_2241,deepseek,1,positive,positive
deepseek_2241,deepseek,3,positive,positive
deepseek_2241,deepseek,4,positive,positive
deepseek_2241,deepseek,9,positive,positive
deepseek_2242,deepseek,0,positive,positive
deepseek_2242,deepseek,1,positive,positive
deepseek_2242,deepseek,3,positive,positive
deepseek_2242,deepseek,4,positive,positive
deepseek_2242,deepseek,9,positive,positive
deepseek_2243,deepseek,0,positive,positive
deepseek_2243,deepseek,1,positive,positive
deepseek_2243,deepseek,3,positive,positive
deepseek_2243,deepseek,4,positive,positive
deepseek_2243,deepseek,9,positive,positive
deepseek_2244,deepseek,0,positive,positive
deepseek_2244,deepseek,1,positive,positive
deepseek_2244,deepseek,3,positive,positive
deepseek_2244,deepseek,4,positive,positive
deepseek_2244,deepseek,9,positive,positive
deepseek_2245,deepseek,0,positive,positive
deepseek_2245,deepseek,1,positive,positive
deepseek_2245,deepseek,3,positive,positive
deepseek_2245,deepseek,4,positive,positive
deepseek_2245,deepseek,9,positive,positive
deepseek_2246,deepseek,0,positive,positive
deepseek_2246,deepseek,1,positive,positive
deepseek_2246,deepseek,3,positive,positive
deepseek_2246,deepseek,4,positive,positive
deepseek_2246,deepseek,9,positive,positive
deepseek_2252,deepseek,0,neutral,positive
deepseek_2252,deepseek,1,neutral,positive
deepseek_2252,deepseek,3,neutral,neutral
deepseek_2252,deepseek,4,neutral,positive
deepseek_2252,deepseek,9,neutral,neutral
deepseek_2261,deepseek,0,positive,positive
deepseek_2261,deepseek,1,positive,positive
deepseek_2261,deepseek,3,positive,positive
deepseek_2261,deepseek,4,positive,positive
deepseek_2261,deepseek,9,positive,positive
deepseek_2262,deepseek,0,positive,neutral
deepseek_2262,deepseek,1,positive,neutral
deepseek_2262,deepseek,3,positive,neutral
deepseek_2262,deepseek,4,positive,neutral
deepseek_2262,deepseek,9,positive,neutral
deepseek_2266,deepseek,0,neutral,positive
deepseek_2266,deepseek,1,neutral,positive
deepseek_2266,deepseek,3,neutral,neutral
deepseek_2266,deepseek,4,neutral,positive
deepseek_2266,deepseek,9,neutral,positive
deepseek_2269,deepseek,0,neutral,neutral
deepseek_2269,deepseek,1,neutral,negative
deepseek_2269,deepseek,3,neutral,neutral
deepseek_2269,deepseek,4,neutral,neutral
deepseek_2269,deepseek,9,neutral,neutral
deepseek_2271,deepseek,0,negative,negative
deepseek_2271,deepseek,1,negative,negative
deepseek_2271,deepseek,3,negative,negative
deepseek_2271,deepseek,4,negative,negative
deepseek_2271,deepseek,9,negative,negative
deepseek_2272,deepseek,0,negative,negative
deepseek_2272,deepseek,1,negative,negative
deepseek_2272,deepseek,3,negative,negative
deepseek_2272,deepseek,4,negative,negative
deepseek_2272,deepseek,9,negative,negative
deepseek_2283,deepseek,0,positive,neutral
deepseek_2283,deepseek,1,positive,neutral
deepseek_2283,deepseek,3,positive,positive
deepseek_2283,deepseek,4,positive,neutral
deepseek_2283,deepseek,9,positive,neutral
deepseek_2284,deepseek,0,positive,positive
deepseek_2284,deepseek,1,positive,positive
deepseek_2284,deepseek,3,positive,positive
deepseek_2284,deepseek,4,positive,positive
deepseek_2284,deepseek,9,positive,positive
deepseek_2285,deepseek,0,positive,positive
deepseek_2285,deepseek,1,positive,positive
deepseek_2285,deepseek,3,positive,positive
deepseek_2285,deepseek,4,positive,positive
deepseek_2285,deepseek,9,positive,positive
deepseek_2286,deepseek,0,positive,positive
deepseek_2286,deepseek,1,positive,positive
deepseek_2286,deepseek,3,positive,positive
deepseek_2286,deepseek,4,positive,positive
deepseek_2286,deepseek,9,positive,positive
deepseek_2287,deepseek,0,neutral,neutral
deepseek_2287,deepseek,1,neutral,neutral
deepseek_2287,deepseek,3,neutral,neutral
deepseek_2287,deepseek,4,neutral,neutral
deepseek_2287,deepseek,9,neutral,neutral
deepseek_2289,deepseek,0,neutral,neutral
deepseek_2289,deepseek,1,neutral,neutral
deepseek_2289,deepseek,3,neutral,neutral
deepseek_2289,deepseek,4,neutral,neutral
deepseek_2289,deepseek,9,neutral,neutral
deepseek_2294,deepseek,0,negative,negative
deepseek_2294,deepseek,1,negative,negative
deepseek_2294,deepseek,3,negative,negative
deepseek_2294,deepseek,4,negative,negative
deepseek_2294,deepseek,9,negative,negative
deepseek_2306,deepseek,0,neutral,positive
deepseek_2306,deepseek,1,neutral,positive
deepseek_2306,deepseek,3,neutral,positive
deepseek_2306,deepseek,4,neutral,positive
deepseek_2306,deepseek,9,neutral,positive
deepseek_2307,deepseek,0,neutral,positive
deepseek_2307,deepseek,1,neutral,positive
deepseek_2307,deepseek,3,neutral,positive
deepseek_2307,deepseek,4,neutral,positive
deepseek_2307,deepseek,9,neutral,positive
deepseek_2312,deepseek,0,neutral,positive
deepseek_2312,deepseek,1,neutral,positive
deepseek_2312,deepseek,3,neutral,neutral
deepseek_2312,deepseek,4,neutral,neutral
deepseek_2312,deepseek,9,neutral,neutral
deepseek_2313,deepseek,0,neutral,neutral
deepseek_2313,deepseek,1,neutral,positive
deepseek_2313,deepseek,3,neutral,neutral
deepseek_2313,deepseek,4,neutral,positive
deepseek_2313,deepseek,9,neutral,neutral
deepseek_2314,deepseek,0,neutral,neutral
deepseek_2314,deepseek,1,neutral,neutral
deepseek_2314,deepseek,3,neutral,neutral
deepseek_2314,deepseek,4,neutral,neutral
deepseek_2314,deepseek,9,neutral,neutral
deepseek_2315,deepseek,0,neutral,neutral
deepseek_2315,deepseek,1,neutral,neutral
deepseek_2315,deepseek,3,neutral,neutral
deepseek_2315,deepseek,4,neutral,neutral
deepseek_2315,deepseek,9,neutral,neutral
deepseek_2317,deepseek,0,neutral,neutral
deepseek_2317,deepseek,1,neutral,neutral
deepseek_2317,deepseek,3,neutral,neutral
deepseek_2317,deepseek,4,neutral,neutral
deepseek_2317,deepseek,9,neutral,neutral
deepseek_2327,deepseek,0,neutral,neutral
deepseek_2327,deepseek,1,neutral,neutral
deepseek_2327,deepseek,3,neutral,neutral
deepseek_2327,deepseek,4,neutral,neutral
deepseek_2327,deepseek,9,neutral,neutral
deepseek_2328,deepseek,0,neutral,positive
deepseek_2328,deepseek,1,neutral,neutral
deepseek_2328,deepseek,3,neutral,neutral
deepseek_2328,deepseek,4,neutral,neutral
deepseek_2328,deepseek,9,neutral,neutral
deepseek_2329,deepseek,0,neutral,neutral
deepseek_2329,deepseek,1,neutral,neutral
deepseek_2329,deepseek,3,neutral,neutral
deepseek_2329,deepseek,4,neutral,neutral
deepseek_2329,deepseek,9,neutral,neutral
deepseek_2330,deepseek,0,neutral,neutral
deepseek_2330,deepseek,1,neutral,neutral
deepseek_2330,deepseek,3,neutral,neutral
deepseek_2330,deepseek,4,neutral,neutral
deepseek_2330,deepseek,9,neutral,neutral
deepseek_2333,deepseek,0,positive,positive
deepseek_2333,deepseek,1,positive,positive
deepseek_2333,deepseek,3,positive,positive
deepseek_2333,deepseek,4,positive,positive
deepseek_2333,deepseek,9,positive,positive
deepseek_2335,deepseek,0,positive,positive
deepseek_2335,deepseek,1,positive,positive
deepseek_2335,deepseek,3,positive,positive
deepseek_2335,deepseek,4,positive,positive
deepseek_2335,deepseek,9,positive,positive
deepseek_2336,deepseek,0,positive,positive
deepseek_2336,deepseek,1,positive,positive
deepseek_2336,deepseek,3,positive,positive
deepseek_2336,deepseek,4,positive,positive
deepseek_2336,deepseek,9,positive,positive
deepseek_2369,deepseek,0,negative,negative
deepseek_2369,deepseek,1,negative,negative
deepseek_2369,deepseek,3,negative,negative
deepseek_2369,deepseek,4,negative,negative
deepseek_2369,deepseek,9,negative,negative
deepseek_2370,deepseek,0,negative,negative
deepseek_2370,deepseek,1,negative,negative
deepseek_2370,deepseek,3,negative,negative
deepseek_2370,deepseek,4,negative,negative
deepseek_2370,deepseek,9,negative,negative
claude_1,claude,0,positive,positive
claude_1,claude,1,positive,positive
claude_1,claude,3,positive,positive
claude_1,claude,4,positive,positive
claude_1,claude,9,positive,positive
claude_4,claude,0,neutral,neutral
claude_4,claude,1,neutral,neutral
claude_4,claude,3,neutral,neutral
claude_4,claude,4,neutral,positive
claude_4,claude,9,neutral,neutral
claude_5,claude,0,neutral,positive
claude_5,claude,1,neutral,positive
claude_5,claude,3,neutral,positive
claude_5,claude,4,neutral,positive
claude_5,claude,9,neutral,positive
claude_18,claude,0,neutral,neutral
claude_18,claude,1,neutral,neutral
claude_18,claude,3,neutral,neutral
claude_18,claude,4,neutral,neutral
claude_18,claude,9,neutral,neutral
claude_21,claude,0,neutral,positive
claude_21,claude,1,neutral,positive
claude_21,claude,3,neutral,positive
claude_21,claude,4,neutral,positive
claude_21,claude,9,neutral,positive
claude_22,claude,0,neutral,positive
claude_22,claude,1,neutral,neutral
claude_22,claude,3,neutral,positive
claude_22,claude,4,neutral,positive
claude_22,claude,9,neutral,positive
claude_34,claude,0,neutral,neutral
claude_34,claude,1,neutral,neutral
claude_34,claude,3,neutral,neutral
claude_34,claude,4,neutral,neutral
claude_34,claude,9,neutral,negative
claude_37,claude,0,positive,positive
claude_37,claude,1,positive,positive
claude_37,claude,3,positive,positive
claude_37,claude,4,positive,positive
claude_37,claude,9,positive,positive
claude_38,claude,0,positive,positive
claude_38,claude,1,positive,positive
claude_38,claude,3,positive,positive
claude_38,claude,4,positive,neutral
claude_38,claude,9,positive,positive
claude_39,claude,0,neutral,positive
claude_39,claude,1,neutral,positive
claude_39,claude,3,neutral,positive
claude_39,claude,4,neutral,positive
claude_39,claude,9,neutral,positive
claude_45,claude,0,positive,positive
claude_45,claude,1,positive,positive
claude_45,claude,3,positive,positive
claude_45,claude,4,positive,positive
claude_45,claude,9,positive,positive
claude_49,claude,0,neutral,positive
claude_49,claude,1,neutral,neutral
claude_49,claude,3,neutral,positive
claude_49,claude,4,neutral,neutral
claude_49,claude,9,neutral,neutral
claude_52,claude,0,neutral,negative
claude_52,claude,1,neutral,negative
claude_52,claude,3,neutral,negative
claude_52,claude,4,neutral,negative
claude_52,claude,9,neutral,negative
claude_62,claude,0,positive,positive
claude_62,claude,1,positive,positive
claude_62,claude,3,positive,positive
claude_62,claude,4,positive,positive
claude_62,claude,9,positive,positive
claude_73,claude,0,neutral,positive
claude_73,claude,1,neutral,positive
claude_73,claude,3,neutral,neutral
claude_73,claude,4,neutral,positive
claude_73,claude,9,neutral,positive
claude_74,claude,0,neutral,positive
claude_74,claude,1,neutral,positive
claude_74,claude,3,neutral,positive
claude_74,claude,4,neutral,positive
claude_74,claude,9,neutral,neutral
claude_88,claude,0,negative,negative
claude_88,claude,1,negative,negative
claude_88,claude,3,negative,negative
claude_88,claude,4,negative,negative
claude_88,claude,9,negative,negative
claude_89,claude,0,positive,positive
claude_89,claude,1,positive,positive
claude_89,claude,3,positive,positive
claude_89,claude,4,positive,positive
claude_89,claude,9,positive,positive
claude_118,claude,0,positive,positive
claude_118,claude,1,positive,positive
claude_118,claude,3,positive,positive
claude_118,claude,4,positive,positive
claude_118,claude,9,positive,positive
claude_120,claude,0,neutral,positive
claude_120,claude,1,neutral,positive
claude_120,claude,3,neutral,positive
claude_120,claude,4,neutral,positive
claude_120,claude,9,neutral,positive
claude_122,claude,0,neutral,neutral
claude_122,claude,1,neutral,neutral
claude_122,claude,3,neutral,neutral
claude_122,claude,4,neutral,neutral
claude_122,claude,9,neutral,neutral
claude_123,claude,0,neutral,neutral
claude_123,claude,1,neutral,neutral
claude_123,claude,3,neutral,neutral
claude_123,claude,4,neutral,neutral
claude_123,claude,9,neutral,neutral
claude_124,claude,0,neutral,neutral
claude_124,claude,1,neutral,neutral
claude_124,claude,3,neutral,neutral
claude_124,claude,4,neutral,neutral
claude_124,claude,9,neutral,neutral
claude_125,claude,0,negative,neutral
claude_125,claude,1,negative,neutral
claude_125,claude,3,negative,neutral
claude_125,claude,4,negative,neutral
claude_125,claude,9,negative,neutral
claude_126,claude,0,neutral,neutral
claude_126,claude,1,neutral,neutral
claude_126,claude,3,neutral,neutral
claude_126,claude,4,neutral,neutral
claude_126,claude,9,neutral,neutral
claude_129,claude,0,neutral,positive
claude_129,claude,1,neutral,neutral
claude_129,claude,3,neutral,neutral
claude_129,claude,4,neutral,neutral
claude_129,claude,9,neutral,positive
claude_139,claude,0,positive,positive
claude_139,claude,1,positive,positive
claude_139,claude,3,positive,positive
claude_139,claude,4,positive,positive
claude_139,claude,9,positive,positive
claude_140,claude,0,neutral,neutral
claude_140,claude,1,neutral,neutral
claude_140,claude,3,neutral,neutral
claude_140,claude,4,neutral,neutral
claude_140,claude,9,neutral,neutral
claude_141,claude,0,neutral,neutral
claude_141,claude,1,neutral,neutral
claude_141,claude,3,neutral,positive
claude_141,claude,4,neutral,neutral
claude_141,claude,9,neutral,neutral
claude_142,claude,0,neutral,positive
claude_142,claude,1,neutral,neutral
claude_142,claude,3,neutral,neutral
claude_142,claude,4,neutral,positive
claude_142,claude,9,neutral,neutral
claude_144,claude,0,neutral,positive
claude_144,claude,1,neutral,neutral
claude_144,claude,3,neutral,positive
claude_144,claude,4,neutral,positive
claude_144,claude,9,neutral,positive
claude_145,claude,0,positive,positive
claude_145,claude,1,positive,positive
claude_145,claude,3,positive,positive
claude_145,claude,4,positive,positive
claude_145,claude,9,positive,positive
claude_146,claude,0,positive,positive
claude_146,claude,1,positive,positive
claude_146,claude,3,positive,positive
claude_146,claude,4,positive,positive
claude_146,claude,9,positive,positive
claude_147,claude,0,positive,positive
claude_147,claude,1,positive,positive
claude_147,claude,3,positive,positive
claude_147,claude,4,positive,positive
claude_147,claude,9,positive,positive
claude_148,claude,0,neutral,positive
claude_148,claude,1,neutral,neutral
claude_148,claude,3,neutral,neutral
claude_148,claude,4,neutral,positive
claude_148,claude,9,neutral,positive
claude_149,claude,0,neutral,positive
claude_149,claude,1,neutral,positive
claude_149,claude,3,neutral,neutral
claude_149,claude,4,neutral,positive
claude_149,claude,9,neutral,neutral
claude_151,claude,0,negative,positive
claude_151,claude,1,negative,positive
claude_151,claude,3,negative,positive
claude_151,claude,4,negative,positive
claude_151,claude,9,negative,positive
claude_154,claude,0,neutral,negative
claude_154,claude,1,neutral,negative
claude_154,claude,3,neutral,negative
claude_154,claude,4,neutral,neutral
claude_154,claude,9,neutral,negative
claude_160,claude,0,neutral,neutral
claude_160,claude,1,neutral,neutral
claude_160,claude,3,neutral,neutral
claude_160,claude,4,neutral,neutral
claude_160,claude,9,neutral,neutral
claude_161,claude,0,neutral,neutral
claude_161,claude,1,neutral,neutral
claude_161,claude,3,neutral,neutral
claude_161,claude,4,neutral,neutral
claude_161,claude,9,neutral,negative
claude_162,claude,0,positive,positive
claude_162,claude,1,positive,neutral
claude_162,claude,3,positive,positive
claude_162,claude,4,positive,positive
claude_162,claude,9,positive,neutral
claude_171,claude,0,neutral,positive
claude_171,claude,1,neutral,neutral
claude_171,claude,3,neutral,positive
claude_171,claude,4,neutral,neutral
claude_171,claude,9,neutral,neutral
claude_175,claude,0,neutral,positive
claude_175,claude,1,neutral,neutral
claude_175,claude,3,neutral,positive
claude_175,claude,4,neutral,neutral
claude_175,claude,9,neutral,neutral
claude_217,claude,0,positive,neutral
claude_217,claude,1,positive,positive
claude_217,claude,3,positive,positive
claude_217,claude,4,positive,positive
claude_217,claude,9,positive,neutral
claude_219,claude,0,neutral,positive
claude_219,claude,1,neutral,positive
claude_219,claude,3,neutral,positive
claude_219,claude,4,neutral,positive
claude_219,claude,9,neutral,positive
claude_221,claude,0,positive,positive
claude_221,claude,1,positive,positive
claude_221,claude,3,positive,positive
claude_221,claude,4,positive,positive
claude_221,claude,9,positive,positive
claude_222,claude,0,positive,positive
claude_222,claude,1,positive,positive
claude_222,claude,3,positive,positive
claude_222,claude,4,positive,positive
claude_222,claude,9,positive,positive
claude_223,claude,0,positive,positive
claude_223,claude,1,positive,positive
claude_223,claude,3,positive,positive
claude_223,claude,4,positive,positive
claude_223,claude,9,positive,positive
claude_227,claude,0,negative,negative
claude_227,claude,1,negative,negative
claude_227,claude,3,negative,neutral
claude_227,claude,4,negative,neutral
claude_227,claude,9,negative,neutral
claude_230,claude,0,neutral,positive
claude_230,claude,1,neutral,positive
claude_230,claude,3,neutral,positive
claude_230,claude,4,neutral,positive
claude_230,claude,9,neutral,neutral
claude_232,claude,0,positive,positive
claude_232,claude,1,positive,positive
claude_232,claude,3,positive,positive
claude_232,claude,4,positive,positive
claude_232,claude,9,positive,positive
claude_234,claude,0,positive,positive
claude_234,claude,1,positive,positive
claude_234,claude,3,positive,positive
claude_234,claude,4,positive,positive
claude_234,claude,9,positive,positive
claude_236,claude,0,negative,negative
claude_236,claude,1,negative,negative
claude_236,claude,3,negative,negative
claude_236,claude,4,negative,negative
claude_236,claude,9,negative,negative
claude_237,claude,0,negative,negative
claude_237,claude,1,negative,negative
claude_237,claude,3,negative,negative
claude_237,claude,4,negative,neutral
claude_237,claude,9,negative,neutral
claude_239,claude,0,neutral,positive
claude_239,claude,1,neutral,positive
claude_239,claude,3,neutral,neutral
claude_239,claude,4,neutral,positive
claude_239,claude,9,neutral,positive
claude_245,claude,0,neutral,neutral
claude_245,claude,1,neutral,neutral
claude_245,claude,3,neutral,neutral
claude_245,claude,4,neutral,neutral
claude_245,claude,9,neutral,neutral
claude_246,claude,0,negative,negative
claude_246,claude,1,negative,negative
claude_246,claude,3,negative,negative
claude_246,claude,4,negative,negative
claude_246,claude,9,negative,negative
claude_252,claude,0,positive,positive
claude_252,claude,1,positive,positive
claude_252,claude,3,positive,positive
claude_252,claude,4,positive,positive
claude_252,claude,9,positive,positive
claude_253,claude,0,positive,positive
claude_253,claude,1,positive,positive
claude_253,claude,3,positive,positive
claude_253,claude,4,positive,positive
claude_253,claude,9,positive,positive
claude_255,claude,0,positive,positive
claude_255,claude,1,positive,positive
claude_255,claude,3,positive,positive
claude_255,claude,4,positive,positive
claude_255,claude,9,positive,positive
claude_256,claude,0,neutral,positive
claude_256,claude,1,neutral,positive
claude_256,claude,3,neutral,positive
claude_256,claude,4,neutral,positive
claude_256,claude,9,neutral,positive
claude_259,claude,0,positive,neutral
claude_259,claude,1,positive,neutral
claude_259,claude,3,positive,neutral
claude_259,claude,4,positive,neutral
claude_259,claude,9,positive,neutral
claude_260,claude,0,negative,negative
claude_260,claude,1,negative,neutral
claude_260,claude,3,negative,negative
claude_260,claude,4,negative,negative
claude_260,claude,9,negative,neutral
claude_261,claude,0,positive,positive
claude_261,claude,1,positive,positive
claude_261,claude,3,positive,positive
claude_261,claude,4,positive,positive
claude_261,claude,9,positive,positive
claude_262,claude,0,positive,positive
claude_262,claude,1,positive,positive
claude_262,claude,3,positive,positive
claude_262,claude,4,positive,positive
claude_262,claude,9,positive,positive
claude_270,claude,0,neutral,negative
claude_270,claude,1,neutral,negative
claude_270,claude,3,neutral,negative
claude_270,claude,4,neutral,negative
claude_270,claude,9,neutral,negative
claude_271,claude,0,positive,positive
claude_271,claude,1,positive,positive
claude_271,claude,3,positive,positive
claude_271,claude,4,positive,positive
claude_271,claude,9,positive,positive
claude_272,claude,0,positive,positive
claude_272,claude,1,positive,positive
claude_272,claude,3,positive,positive
claude_272,claude,4,positive,positive
claude_272,claude,9,positive,positive
claude_274,claude,0,neutral,neutral
claude_274,claude,1,neutral,neutral
claude_274,claude,3,neutral,neutral
claude_274,claude,4,neutral,neutral
claude_274,claude,9,neutral,neutral
claude_282,claude,0,positive,positive
claude_282,claude,1,positive,positive
claude_282,claude,3,positive,positive
claude_282,claude,4,positive,positive
claude_282,claude,9,positive,positive
claude_284,claude,0,positive,positive
claude_284,claude,1,positive,positive
claude_284,claude,3,positive,positive
claude_284,claude,4,positive,positive
claude_284,claude,9,positive,positive
claude_285,claude,0,positive,positive
claude_285,claude,1,positive,positive
claude_285,claude,3,positive,positive
claude_285,claude,4,positive,positive
claude_285,claude,9,positive,positive
claude_288,claude,0,positive,positive
claude_288,claude,1,positive,positive
claude_288,claude,3,positive,positive
claude_288,claude,4,positive,positive
claude_288,claude,9,positive,positive
claude_289,claude,0,positive,positive
claude_289,claude,1,positive,positive
claude_289,claude,3,positive,positive
claude_289,claude,4,positive,positive
claude_289,claude,9,positive,positive
claude_290,claude,0,positive,positive
claude_290,claude,1,positive,positive
claude_290,claude,3,positive,positive
claude_290,claude,4,positive,positive
claude_290,claude,9,positive,positive
claude_291,claude,0,positive,positive
claude_291,claude,1,positive,positive
claude_291,claude,3,positive,positive
claude_291,claude,4,positive,positive
claude_291,claude,9,positive,positive
claude_292,claude,0,neutral,positive
claude_292,claude,1,neutral,neutral
claude_292,claude,3,neutral,positive
claude_292,claude,4,neutral,positive
claude_292,claude,9,neutral,neutral
claude_293,claude,0,positive,positive
claude_293,claude,1,positive,neutral
claude_293,claude,3,positive,neutral
claude_293,claude,4,positive,positive
claude_293,claude,9,positive,neutral
claude_295,claude,0,positive,positive
claude_295,claude,1,positive,positive
claude_295,claude,3,positive,positive
claude_295,claude,4,positive,positive
claude_295,claude,9,positive,positive
claude_298,claude,0,positive,positive
claude_298,claude,1,positive,positive
claude_298,claude,3,positive,positive
claude_298,claude,4,positive,positive
claude_298,claude,9,positive,positive
claude_302,claude,0,positive,positive
claude_302,claude,1,positive,positive
claude_302,claude,3,positive,positive
claude_302,claude,4,positive,positive
claude_302,claude,9,positive,positive
claude_303,claude,0,positive,positive
claude_303,claude,1,positive,positive
claude_303,claude,3,positive,positive
claude_303,claude,4,positive,positive
claude_303,claude,9,positive,positive
claude_304,claude,0,positive,positive
claude_304,claude,1,positive,positive
claude_304,claude,3,positive,positive
claude_304,claude,4,positive,positive
claude_304,claude,9,positive,positive
claude_305,claude,0,positive,positive
claude_305,claude,1,positive,positive
claude_305,claude,3,positive,positive
claude_305,claude,4,positive,positive
claude_305,claude,9,positive,positive
claude_307,claude,0,neutral,neutral
claude_307,claude,1,neutral,neutral
claude_307,claude,3,neutral,neutral
claude_307,claude,4,neutral,neutral
claude_307,claude,9,neutral,neutral
claude_308,claude,0,neutral,positive
claude_308,claude,1,neutral,positive
claude_308,claude,3,neutral,positive
claude_308,claude,4,neutral,positive
claude_308,claude,9,neutral,positive
claude_310,claude,0,neutral,neutral
claude_310,claude,1,neutral,positive
claude_310,claude,3,neutral,positive
claude_310,claude,4,neutral,positive
claude_310,claude,9,neutral,neutral
claude_311,claude,0,positive,positive
claude_311,claude,1,positive,positive
claude_311,claude,3,positive,positive
claude_311,claude,4,positive,positive
claude_311,claude,9,positive,positive
claude_312,claude,0,positive,positive
claude_312,claude,1,positive,positive
claude_312,claude,3,positive,positive
claude_312,claude,4,positive,positive
claude_312,claude,9,positive,positive
claude_313,claude,0,neutral,neutral
claude_313,claude,1,neutral,neutral
claude_313,claude,3,neutral,neutral
claude_313,claude,4,neutral,neutral
claude_313,claude,9,neutral,negative
claude_315,claude,0,positive,positive
claude_315,claude,1,positive,positive
claude_315,claude,3,positive,positive
claude_315,claude,4,positive,positive
claude_315,claude,9,positive,positive
claude_316,claude,0,neutral,positive
claude_316,claude,1,neutral,positive
claude_316,claude,3,neutral,positive
claude_316,claude,4,neutral,positive
claude_316,claude,9,neutral,positive
claude_318,claude,0,positive,positive
claude_318,claude,1,positive,positive
claude_318,claude,3,positive,positive
claude_318,claude,4,positive,positive
claude_318,claude,9,positive,positive
claude_320,claude,0,positive,positive
claude_320,claude,1,positive,positive
claude_320,claude,3,positive,positive
claude_320,claude,4,positive,positive
claude_320,claude,9,positive,positive
claude_321,claude,0,positive,positive
claude_321,claude,1,positive,positive
claude_321,claude,3,positive,positive
claude_321,claude,4,positive,positive
claude_321,claude,9,positive,positive
claude_322,claude,0,positive,positive
claude_322,claude,1,positive,positive
claude_322,claude,3,positive,positive
claude_322,claude,4,positive,positive
claude_322,claude,9,positive,positive
claude_323,claude,0,positive,positive
claude_323,claude,1,positive,positive
claude_323,claude,3,positive,positive
claude_323,claude,4,positive,positive
claude_323,claude,9,positive,positive
claude_324,claude,0,positive,positive
claude_324,claude,1,positive,positive
claude_324,claude,3,positive,positive
claude_324,claude,4,positive,positive
claude_324,claude,9,positive,positive
claude_325,claude,0,positive,positive
claude_325,claude,1,positive,positive
claude_325,claude,3,positive,positive
claude_325,claude,4,positive,positive
claude_325,claude,9,positive,positive
claude_326,claude,0,positive,positive
claude_326,claude,1,positive,positive
claude_326,claude,3,positive,positive
claude_326,claude,4,positive,positive
claude_326,claude,9,positive,positive
claude_327,claude,0,positive,positive
claude_327,claude,1,positive,positive
claude_327,claude,3,positive,positive
claude_327,claude,4,positive,positive
claude_327,claude,9,positive,positive
claude_329,claude,0,positive,neutral
claude_329,claude,1,positive,positive
claude_329,claude,3,positive,positive
claude_329,claude,4,positive,positive
claude_329,claude,9,positive,neutral
claude_332,claude,0,neutral,positive
claude_332,claude,1,neutral,neutral
claude_332,claude,3,neutral,positive
claude_332,claude,4,neutral,neutral
claude_332,claude,9,neutral,positive
claude_334,claude,0,positive,positive
claude_334,claude,1,positive,positive
claude_334,claude,3,positive,positive
claude_334,claude,4,positive,positive
claude_334,claude,9,positive,positive
claude_338,claude,0,positive,positive
claude_338,claude,1,positive,positive
claude_338,claude,3,positive,positive
claude_338,claude,4,positive,positive
claude_338,claude,9,positive,positive
claude_339,claude,0,positive,positive
claude_339,claude,1,positive,positive
claude_339,claude,3,positive,positive
claude_339,claude,4,positive,positive
claude_339,claude,9,positive,positive
claude_340,claude,0,positive,positive
claude_340,claude,1,positive,positive
claude_340,claude,3,positive,positive
claude_340,claude,4,positive,positive
claude_340,claude,9,positive,positive
claude_341,claude,0,positive,positive
claude_341,claude,1,positive,positive
claude_341,claude,3,positive,positive
claude_341,claude,4,positive,positive
claude_341,claude,9,positive,positive
claude_342,claude,0,neutral,positive
claude_342,claude,1,neutral,positive
claude_342,claude,3,neutral,positive
claude_342,claude,4,neutral,positive
claude_342,claude,9,neutral,positive
claude_343,claude,0,positive,positive
claude_343,claude,1,positive,positive
claude_343,claude,3,positive,positive
claude_343,claude,4,positive,positive
claude_343,claude,9,positive,positive
claude_344,claude,0,positive,positive
claude_344,claude,1,positive,positive
claude_344,claude,3,positive,positive
claude_344,claude,4,positive,positive
claude_344,claude,9,positive,positive
claude_345,claude,0,positive,positive
claude_345,claude,1,positive,positive
claude_345,claude,3,positive,positive
claude_345,claude,4,positive,positive
claude_345,claude,9,positive,positive
claude_349,claude,0,neutral,neutral
claude_349,claude,1,neutral,neutral
claude_349,claude,3,neutral,neutral
claude_349,claude,4,neutral,neutral
claude_349,claude,9,neutral,neutral
claude_350,claude,0,neutral,neutral
claude_350,claude,1,neutral,neutral
claude_350,claude,3,neutral,neutral
claude_350,claude,4,neutral,neutral
claude_350,claude,9,neutral,neutral
claude_351,claude,0,neutral,neutral
claude_351,claude,1,neutral,neutral
claude_351,claude,3,neutral,neutral
claude_351,claude,4,neutral,neutral
claude_351,claude,9,neutral,neutral
claude_352,claude,0,negative,neutral
claude_352,claude,1,negative,neutral
claude_352,claude,3,negative,neutral
claude_352,claude,4,negative,neutral
claude_352,claude,9,negative,neutral
claude_353,claude,0,neutral,neutral
claude_353,claude,1,neutral,neutral
claude_353,claude,3,neutral,neutral
claude_353,claude,4,neutral,neutral
claude_353,claude,9,neutral,neutral
claude_354,claude,0,neutral,neutral
claude_354,claude,1,neutral,neutral
claude_354,claude,3,neutral,neutral
claude_354,claude,4,neutral,neutral
claude_354,claude,9,neutral,neutral
claude_356,claude,0,positive,positive
claude_356,claude,1,positive,positive
claude_356,claude,3,positive,positive
claude_356,claude,4,positive,positive
claude_356,claude,9,positive,positive
claude_357,claude,0,positive,positive
claude_357,claude,1,positive,positive
claude_357,claude,3,positive,positive
claude_357,claude,4,positive,positive
claude_357,claude,9,positive,positive
claude_362,claude,0,neutral,neutral
claude_362,claude,1,neutral,neutral
claude_362,claude,3,neutral,neutral
claude_362,claude,4,neutral,neutral
claude_362,claude,9,neutral,negative
claude_363,claude,0,negative,negative
claude_363,claude,1,negative,negative
claude_363,claude,3,negative,negative
claude_363,claude,4,negative,negative
claude_363,claude,9,negative,negative
claude_364,claude,0,negative,negative
claude_364,claude,1,negative,negative
claude_364,claude,3,negative,negative
claude_364,claude,4,negative,negative
claude_364,claude,9,negative,negative
claude_365,claude,0,positive,positive
claude_365,claude,1,positive,positive
claude_365,claude,3,positive,positive
claude_365,claude,4,positive,positive
claude_365,claude,9,positive,positive
claude_367,claude,0,positive,positive
claude_367,claude,1,positive,positive
claude_367,claude,3,positive,positive
claude_367,claude,4,positive,positive
claude_367,claude,9,positive,positive
claude_369,claude,0,positive,positive
claude_369,claude,1,positive,positive
claude_369,claude,3,positive,positive
claude_369,claude,4,positive,positive
claude_369,claude,9,positive,positive
claude_374,claude,0,positive,positive
claude_374,claude,1,positive,positive
claude_374,claude,3,positive,positive
claude_374,claude,4,positive,positive
claude_374,claude,9,positive,positive
claude_378,claude,0,neutral,neutral
claude_378,claude,1,neutral,neutral
claude_378,claude,3,neutral,neutral
claude_378,claude,4,neutral,negative
claude_378,claude,9,neutral,negative
claude_379,claude,0,neutral,negative
claude_379,claude,1,neutral,neutral
claude_379,claude,3,neutral,negative
claude_379,claude,4,neutral,negative
claude_379,claude,9,neutral,negative
claude_382,claude,0,neutral,positive
claude_382,claude,1,neutral,neutral
claude_382,claude,3,neutral,neutral
claude_382,claude,4,neutral,positive
claude_382,claude,9,neutral,neutral
claude_383,claude,0,positive,positive
claude_383,claude,1,positive,positive
claude_383,claude,3,positive,positive
claude_383,claude,4,positive,positive
claude_383,claude,9,positive,positive
claude_384,claude,0,neutral,neutral
claude_384,claude,1,neutral,neutral
claude_384,claude,3,neutral,neutral
claude_384,claude,4,neutral,neutral
claude_384,claude,9,neutral,neutral
claude_390,claude,0,neutral,positive
claude_390,claude,1,neutral,neutral
claude_390,claude,3,neutral,neutral
claude_390,claude,4,neutral,neutral
claude_390,claude,9,neutral,neutral
claude_398,claude,0,positive,positive
claude_398,claude,1,positive,positive
claude_398,claude,3,positive,positive
claude_398,claude,4,positive,positive
claude_398,claude,9,positive,positive
claude_399,claude,0,positive,positive
claude_399,claude,1,positive,positive
claude_399,claude,3,positive,positive
claude_399,claude,4,positive,positive
claude_399,claude,9,positive,positive
claude_402,claude,0,positive,positive
claude_402,claude,1,positive,positive
claude_402,claude,3,positive,positive
claude_402,claude,4,positive,positive
claude_402,claude,9,positive,positive
claude_403,claude,0,positive,positive
claude_403,claude,1,positive,positive
claude_403,claude,3,positive,positive
claude_403,claude,4,positive,positive
claude_403,claude,9,positive,neutral
claude_405,claude,0,positive,positive
claude_405,claude,1,positive,positive
claude_405,claude,3,positive,positive
claude_405,claude,4,positive,positive
claude_405,claude,9,positive,positive
claude_408,claude,0,neutral,neutral
claude_408,claude,1,neutral,neutral
claude_408,claude,3,neutral,neutral
claude_408,claude,4,neutral,neutral
claude_408,claude,9,neutral,neutral
claude_409,claude,0,positive,positive
claude_409,claude,1,positive,positive
claude_409,claude,3,positive,positive
claude_409,claude,4,positive,positive
claude_409,claude,9,positive,positive
claude_410,claude,0,negative,neutral
claude_410,claude,1,negative,neutral
claude_410,claude,3,negative,neutral
claude_410,claude,4,negative,negative
claude_410,claude,9,negative,negative
claude_414,claude,0,positive,positive
claude_414,claude,1,positive,positive
claude_414,claude,3,positive,positive
claude_414,claude,4,positive,positive
claude_414,claude,9,positive,positive
claude_415,claude,0,neutral,neutral
claude_415,claude,1,neutral,neutral
claude_415,claude,3,neutral,neutral
claude_415,claude,4,neutral,neutral
claude_415,claude,9,neutral,neutral
claude_424,claude,0,positive,positive
claude_424,claude,1,positive,positive
claude_424,claude,3,positive,positive
claude_424,claude,4,positive,positive
claude_424,claude,9,positive,positive
claude_430,claude,0,neutral,neutral
claude_430,claude,1,neutral,neutral
claude_430,claude,3,neutral,neutral
claude_430,claude,4,neutral,neutral
claude_430,claude,9,neutral,neutral
claude_431,claude,0,neutral,neutral
claude_431,claude,1,neutral,neutral
claude_431,claude,3,neutral,neutral
claude_431,claude,4,neutral,neutral
claude_431,claude,9,neutral,neutral
claude_433,claude,0,neutral,positive
claude_433,claude,1,neutral,positive
claude_433,claude,3,neutral,positive
claude_433,claude,4,neutral,positive
claude_433,claude,9,neutral,positive
claude_434,claude,0,neutral,positive
claude_434,claude,1,neutral,positive
claude_434,claude,3,neutral,positive
claude_434,claude,4,neutral,positive
claude_434,claude,9,neutral,positive
claude_435,claude,0,neutral,positive
claude_435,claude,1,neutral,positive
claude_435,claude,3,neutral,positive
claude_435,claude,4,neutral,positive
claude_435,claude,9,neutral,neutral
claude_436,claude,0,neutral,positive
claude_436,claude,1,neutral,positive
claude_436,claude,3,neutral,neutral
claude_436,claude,4,neutral,positive
claude_436,claude,9,neutral,neutral
claude_437,claude,0,neutral,positive
claude_437,claude,1,neutral,positive
claude_437,claude,3,neutral,positive
claude_437,claude,4,neutral,neutral
claude_437,claude,9,neutral,positive
claude_438,claude,0,neutral,positive
claude_438,claude,1,neutral,positive
claude_438,claude,3,neutral,positive
claude_438,claude,4,neutral,positive
claude_438,claude,9,neutral,neutral
claude_439,claude,0,neutral,positive
claude_439,claude,1,neutral,positive
claude_439,claude,3,neutral,neutral
claude_439,claude,4,neutral,positive
claude_439,claude,9,neutral,positive
claude_440,claude,0,neutral,positive
claude_440,claude,1,neutral,neutral
claude_440,claude,3,neutral,positive
claude_440,claude,4,neutral,positive
claude_440,claude,9,neutral,positive
claude_448,claude,0,neutral,positive
claude_448,claude,1,neutral,positive
claude_448,claude,3,neutral,positive
claude_448,claude,4,neutral,positive
claude_448,claude,9,neutral,positive
claude_461,claude,0,neutral,positive
claude_461,claude,1,neutral,neutral
claude_461,claude,3,neutral,positive
claude_461,claude,4,neutral,positive
claude_461,claude,9,neutral,neutral
claude_483,claude,0,positive,positive
claude_483,claude,1,positive,positive
claude_483,claude,3,positive,positive
claude_483,claude,4,positive,positive
claude_483,claude,9,positive,positive
claude_498,claude,0,positive,positive
claude_498,claude,1,positive,positive
claude_498,claude,3,positive,positive
claude_498,claude,4,positive,positive
claude_498,claude,9,positive,positive
claude_505,claude,0,positive,positive
claude_505,claude,1,positive,positive
claude_505,claude,3,positive,positive
claude_505,claude,4,positive,positive
claude_505,claude,9,positive,positive
claude_506,claude,0,negative,negative
claude_506,claude,1,negative,neutral
claude_506,claude,3,negative,neutral
claude_506,claude,4,negative,negative
claude_506,claude,9,negative,negative
claude_511,claude,0,negative,negative
claude_511,claude,1,negative,negative
claude_511,claude,3,negative,negative
claude_511,claude,4,negative,negative
claude_511,claude,9,negative,negative
claude_513,claude,0,negative,positive
claude_513,claude,1,negative,negative
claude_513,claude,3,negative,positive
claude_513,claude,4,negative,neutral
claude_513,claude,9,negative,positive
claude_514,claude,0,negative,neutral
claude_514,claude,1,negative,neutral
claude_514,claude,3,negative,positive
claude_514,claude,4,negative,positive
claude_514,claude,9,negative,neutral
claude_521,claude,0,neutral,neutral
claude_521,claude,1,neutral,neutral
claude_521,claude,3,neutral,neutral
claude_521,claude,4,neutral,neutral
claude_521,claude,9,neutral,neutral
claude_522,claude,0,neutral,neutral
claude_522,claude,1,neutral,neutral
claude_522,claude,3,neutral,neutral
claude_522,claude,4,neutral,neutral
claude_522,claude,9,neutral,neutral
claude_527,claude,0,negative,negative
claude_527,claude,1,negative,negative
claude_527,claude,3,negative,negative
claude_527,claude,4,negative,negative
claude_527,claude,9,negative,negative
claude_529,claude,0,negative,negative
claude_529,claude,1,negative,negative
claude_529,claude,3,negative,negative
claude_529,claude,4,negative,negative
claude_529,claude,9,negative,negative
claude_534,claude,0,positive,positive
claude_534,claude,1,positive,positive
claude_534,claude,3,positive,positive
claude_534,claude,4,positive,positive
claude_534,claude,9,positive,positive
claude_535,claude,0,neutral,positive
claude_535,claude,1,neutral,positive
claude_535,claude,3,neutral,positive
claude_535,claude,4,neutral,positive
claude_535,claude,9,neutral,positive
claude_536,claude,0,neutral,positive
claude_536,claude,1,neutral,positive
claude_536,claude,3,neutral,positive
claude_536,claude,4,neutral,positive
claude_536,claude,9,neutral,positive
claude_539,claude,0,negative,negative
claude_539,claude,1,negative,negative
claude_539,claude,3,negative,negative
claude_539,claude,4,negative,negative
claude_539,claude,9,negative,negative
claude_543,claude,0,negative,negative
claude_543,claude,1,negative,negative
claude_543,claude,3,negative,negative
claude_543,claude,4,negative,negative
claude_543,claude,9,negative,negative
claude_545,claude,0,negative,negative
claude_545,claude,1,negative,negative
claude_545,claude,3,negative,negative
claude_545,claude,4,negative,negative
claude_545,claude,9,negative,negative
claude_546,claude,0,neutral,neutral
claude_546,claude,1,neutral,neutral
claude_546,claude,3,neutral,neutral
claude_546,claude,4,neutral,neutral
claude_546,claude,9,neutral,neutral
claude_550,claude,0,neutral,positive
claude_550,claude,1,neutral,neutral
claude_550,claude,3,neutral,positive
claude_550,claude,4,neutral,positive
claude_550,claude,9,neutral,neutral
claude_551,claude,0,neutral,neutral
claude_551,claude,1,neutral,neutral
claude_551,claude,3,neutral,neutral
claude_551,claude,4,neutral,neutral
claude_551,claude,9,neutral,neutral
claude_559,claude,0,positive,positive
claude_559,claude,1,positive,positive
claude_559,claude,3,positive,positive
claude_559,claude,4,positive,positive
claude_559,claude,9,positive,positive
claude_582,claude,0,neutral,neutral
claude_582,claude,1,neutral,neutral
claude_582,claude,3,neutral,negative
claude_582,claude,4,neutral,neutral
claude_582,claude,9,neutral,negative
claude_585,claude,0,positive,positive
claude_585,claude,1,positive,positive
claude_585,claude,3,positive,positive
claude_585,claude,4,positive,positive
claude_585,claude,9,positive,positive
claude_595,claude,0,neutral,positive
claude_595,claude,1,neutral,positive
claude_595,claude,3,neutral,positive
claude_595,claude,4,neutral,positive
claude_595,claude,9,neutral,positive
claude_596,claude,0,neutral,positive
claude_596,claude,1,neutral,positive
claude_596,claude,3,neutral,positive
claude_596,claude,4,neutral,positive
claude_596,claude,9,neutral,neutral
claude_609,claude,0,positive,positive
claude_609,claude,1,positive,positive
claude_609,claude,3,positive,positive
claude_609,claude,4,positive,positive
claude_609,claude,9,positive,positive
claude_612,claude,0,neutral,positive
claude_612,claude,1,neutral,positive
claude_612,claude,3,neutral,positive
claude_612,claude,4,neutral,positive
claude_612,claude,9,neutral,positive
claude_613,claude,0,neutral,negative
claude_613,claude,1,neutral,negative
claude_613,claude,3,neutral,neutral
claude_613,claude,4,neutral,negative
claude_613,claude,9,neutral,negative
claude_614,claude,0,neutral,positive
claude_614,claude,1,neutral,positive
claude_614,claude,3,neutral,positive
claude_614,claude,4,neutral,positive
claude_614,claude,9,neutral,neutral
claude_617,claude,0,positive,positive
claude_617,claude,1,positive,positive
claude_617,claude,3,positive,positive
claude_617,claude,4,positive,positive
claude_617,claude,9,positive,positive
claude_627,claude,0,positive,positive
claude_627,claude,1,positive,positive
claude_627,claude,3,positive,positive
claude_627,claude,4,positive,positive
claude_627,claude,9,positive,positive
claude_629,claude,0,neutral,neutral
claude_629,claude,1,neutral,neutral
claude_629,claude,3,neutral,neutral
claude_629,claude,4,neutral,neutral
claude_629,claude,9,neutral,neutral
claude_636,claude,0,neutral,neutral
claude_636,claude,1,neutral,neutral
claude_636,claude,3,neutral,neutral
claude_636,claude,4,neutral,neutral
claude_636,claude,9,neutral,neutral
claude_637,claude,0,neutral,negative
claude_637,claude,1,neutral,neutral
claude_637,claude,3,neutral,neutral
claude_637,claude,4,neutral,neutral
claude_637,claude,9,neutral,neutral
claude_638,claude,0,neutral,neutral
claude_638,claude,1,neutral,neutral
claude_638,claude,3,neutral,neutral
claude_638,claude,4,neutral,neutral
claude_638,claude,9,neutral,negative
claude_639,claude,0,neutral,neutral
claude_639,claude,1,neutral,neutral
claude_639,claude,3,neutral,neutral
claude_639,claude,4,neutral,neutral
claude_639,claude,9,neutral,neutral
claude_640,claude,0,neutral,neutral
claude_640,claude,1,neutral,neutral
claude_640,claude,3,neutral,positive
claude_640,claude,4,neutral,positive
claude_640,claude,9,neutral,positive
claude_641,claude,0,neutral,positive
claude_641,claude,1,neutral,positive
claude_641,claude,3,neutral,neutral
claude_641,claude,4,neutral,neutral
claude_641,claude,9,neutral,neutral
claude_642,claude,0,neutral,positive
claude_642,claude,1,neutral,neutral
claude_642,claude,3,neutral,positive
claude_642,claude,4,neutral,neutral
claude_642,claude,9,neutral,neutral
claude_647,claude,0,neutral,neutral
claude_647,claude,1,neutral,positive
claude_647,claude,3,neutral,positive
claude_647,claude,4,neutral,neutral
claude_647,claude,9,neutral,neutral
claude_653,claude,0,positive,positive
claude_653,claude,1,positive,positive
claude_653,claude,3,positive,positive
claude_653,claude,4,positive,positive
claude_653,claude,9,positive,positive
claude_654,claude,0,positive,positive
claude_654,claude,1,positive,positive
claude_654,claude,3,positive,positive
claude_654,claude,4,positive,positive
claude_654,claude,9,positive,positive
claude_656,claude,0,negative,negative
claude_656,claude,1,negative,negative
claude_656,claude,3,negative,negative
claude_656,claude,4,negative,negative
claude_656,claude,9,negative,negative
claude_665,claude,0,neutral,neutral
claude_665,claude,1,neutral,positive
claude_665,claude,3,neutral,positive
claude_665,claude,4,neutral,positive
claude_665,claude,9,neutral,positive
claude_696,claude,0,positive,positive
claude_696,claude,1,positive,positive
claude_696,claude,3,positive,positive
claude_696,claude,4,positive,positive
claude_696,claude,9,positive,positive
claude_700,claude,0,neutral,neutral
claude_700,claude,1,neutral,neutral
claude_700,claude,3,neutral,neutral
claude_700,claude,4,neutral,neutral
claude_700,claude,9,neutral,neutral
claude_707,claude,0,neutral,neutral
claude_707,claude,1,neutral,neutral
claude_707,claude,3,neutral,neutral
claude_707,claude,4,neutral,neutral
claude_707,claude,9,neutral,neutral
claude_708,claude,0,neutral,neutral
claude_708,claude,1,neutral,neutral
claude_708,claude,3,neutral,neutral
claude_708,claude,4,neutral,positive
claude_708,claude,9,neutral,neutral
claude_709,claude,0,neutral,positive
claude_709,claude,1,neutral,positive
claude_709,claude,3,neutral,neutral
claude_709,claude,4,neutral,neutral
claude_709,claude,9,neutral,neutral
claude_710,claude,0,neutral,neutral
claude_710,claude,1,neutral,neutral
claude_710,claude,3,neutral,neutral
claude_710,claude,4,neutral,neutral
claude_710,claude,9,neutral,neutral
claude_712,claude,0,neutral,neutral
claude_712,claude,1,neutral,neutral
claude_712,claude,3,neutral,positive
claude_712,claude,4,neutral,neutral
claude_712,claude,9,neutral,neutral
claude_713,claude,0,neutral,neutral
claude_713,claude,1,neutral,neutral
claude_713,claude,3,neutral,neutral
claude_713,claude,4,neutral,neutral
claude_713,claude,9,neutral,neutral
claude_716,claude,0,neutral,neutral
claude_716,claude,1,neutral,neutral
claude_716,claude,3,neutral,neutral
claude_716,claude,4,neutral,neutral
claude_716,claude,9,neutral,neutral
claude_718,claude,0,neutral,neutral
claude_718,claude,1,neutral,positive
claude_718,claude,3,neutral,neutral
claude_718,claude,4,neutral,positive
claude_718,claude,9,neutral,neutral
claude_723,claude,0,neutral,positive
claude_723,claude,1,neutral,neutral
claude_723,claude,3,neutral,neutral
claude_723,claude,4,neutral,neutral
claude_723,claude,9,neutral,positive
claude_727,claude,0,positive,positive
claude_727,claude,1,positive,positive
claude_727,claude,3,positive,positive
claude_727,claude,4,positive,positive
claude_727,claude,9,positive,positive
claude_728,claude,0,neutral,positive
claude_728,claude,1,neutral,positive
claude_728,claude,3,neutral,positive
claude_728,claude,4,neutral,positive
claude_728,claude,9,neutral,positive
claude_729,claude,0,neutral,positive
claude_729,claude,1,neutral,positive
claude_729,claude,3,neutral,positive
claude_729,claude,4,neutral,positive
claude_729,claude,9,neutral,positive
claude_730,claude,0,positive,positive
claude_730,claude,1,positive,positive
claude_730,claude,3,positive,positive
claude_730,claude,4,positive,positive
claude_730,claude,9,positive,positive
claude_731,claude,0,positive,positive
claude_731,claude,1,positive,positive
claude_731,claude,3,positive,positive
claude_731,claude,4,positive,positive
claude_731,claude,9,positive,positive
claude_732,claude,0,neutral,neutral
claude_732,claude,1,neutral,neutral
claude_732,claude,3,neutral,neutral
claude_732,claude,4,neutral,neutral
claude_732,claude,9,neutral,neutral
claude_733,claude,0,neutral,neutral
claude_733,claude,1,neutral,neutral
claude_733,claude,3,neutral,neutral
claude_733,claude,4,neutral,neutral
claude_733,claude,9,neutral,neutral
claude_734,claude,0,neutral,neutral
claude_734,claude,1,neutral,neutral
claude_734,claude,3,neutral,neutral
claude_734,claude,4,neutral,neutral
claude_734,claude,9,neutral,neutral
claude_738,claude,0,neutral,neutral
claude_738,claude,1,neutral,neutral
claude_738,claude,3,neutral,neutral
claude_738,claude,4,neutral,neutral
claude_738,claude,9,neutral,neutral
claude_739,claude,0,neutral,neutral
claude_739,claude,1,neutral,neutral
claude_739,claude,3,neutral,neutral
claude_739,claude,4,neutral,neutral
claude_739,claude,9,neutral,neutral
claude_740,claude,0,neutral,positive
claude_740,claude,1,neutral,neutral
claude_740,claude,3,neutral,positive
claude_740,claude,4,neutral,positive
claude_740,claude,9,neutral,neutral
claude_741,claude,0,neutral,positive
claude_741,claude,1,neutral,neutral
claude_741,claude,3,neutral,positive
claude_741,claude,4,neutral,neutral
claude_741,claude,9,neutral,neutral
claude_742,claude,0,neutral,neutral
claude_742,claude,1,neutral,neutral
claude_742,claude,3,neutral,neutral
claude_742,claude,4,neutral,neutral
claude_742,claude,9,neutral,neutral
claude_749,claude,1,positive,positive
claude_749,claude,3,positive,positive
claude_749,claude,4,positive,positive
claude_749,claude,9,positive,positive
claude_752,claude,0,neutral,neutral
claude_752,claude,1,neutral,neutral
claude_752,claude,3,neutral,neutral
claude_752,claude,4,neutral,neutral
claude_752,claude,9,neutral,neutral
claude_753,claude,0,neutral,neutral
claude_753,claude,1,neutral,negative
claude_753,claude,3,neutral,neutral
claude_753,claude,4,neutral,neutral
claude_753,claude,9,neutral,neutral
claude_754,claude,0,positive,neutral
claude_754,claude,1,positive,neutral
claude_754,claude,3,positive,neutral
claude_754,claude,4,positive,neutral
claude_754,claude,9,positive,neutral
claude_755,claude,0,neutral,neutral
claude_755,claude,1,neutral,neutral
claude_755,claude,3,neutral,neutral
claude_755,claude,4,neutral,positive
claude_755,claude,9,neutral,positive
claude_757,claude,0,positive,positive
claude_757,claude,1,positive,neutral
claude_757,claude,3,positive,positive
claude_757,claude,4,positive,neutral
claude_757,claude,9,positive,neutral
claude_758,claude,0,positive,positive
claude_758,claude,1,positive,neutral
claude_758,claude,3,positive,neutral
claude_758,claude,4,positive,neutral
claude_758,claude,9,positive,neutral
claude_759,claude,0,positive,neutral
claude_759,claude,1,positive,positive
claude_759,claude,3,positive,neutral
claude_759,claude,4,positive,neutral
claude_759,claude,9,positive,neutral
claude_760,claude,0,positive,positive
claude_760,claude,1,positive,neutral
claude_760,claude,3,positive,neutral
claude_760,claude,4,positive,neutral
claude_760,claude,9,positive,neutral
claude_761,claude,0,neutral,neutral
claude_761,claude,1,neutral,neutral
claude_761,claude,3,neutral,neutral
claude_761,claude,4,neutral,neutral
claude_761,claude,9,neutral,neutral
claude_762,claude,0,positive,positive
claude_762,claude,1,positive,positive
claude_762,claude,3,positive,positive
claude_762,claude,4,positive,positive
claude_762,claude,9,positive,positive
claude_766,claude,0,positive,positive
claude_766,claude,1,positive,positive
claude_766,claude,3,positive,positive
claude_766,claude,4,positive,positive
claude_766,claude,9,positive,positive
claude_767,claude,0,positive,positive
claude_767,claude,1,positive,positive
claude_767,claude,3,positive,positive
claude_767,claude,4,positive,positive
claude_767,claude,9,positive,positive
claude_769,claude,0,neutral,positive
claude_769,claude,1,neutral,positive
claude_769,claude,3,neutral,positive
claude_769,claude,4,neutral,positive
claude_769,claude,9,neutral,positive
claude_774,claude,0,positive,positive
claude_774,claude,1,positive,positive
claude_774,claude,3,positive,positive
claude_774,claude,4,positive,positive
claude_774,claude,9,positive,positive
claude_775,claude,0,positive,positive
claude_775,claude,1,positive,positive
claude_775,claude,3,positive,positive
claude_775,claude,4,positive,positive
claude_775,claude,9,positive,positive
claude_776,claude,0,positive,positive
claude_776,claude,1,positive,positive
claude_776,claude,3,positive,positive
claude_776,claude,4,positive,positive
claude_776,claude,9,positive,positive
claude_777,claude,0,positive,neutral
claude_777,claude,1,positive,positive
claude_777,claude,3,positive,positive
claude_777,claude,4,positive,positive
claude_777,claude,9,positive,positive
claude_783,claude,0,negative,negative
claude_783,claude,1,negative,negative
claude_783,claude,3,negative,negative
claude_783,claude,4,negative,negative
claude_783,claude,9,negative,negative
claude_795,claude,0,positive,positive
claude_795,claude,1,positive,positive
claude_795,claude,3,positive,positive
claude_795,claude,4,positive,positive
claude_795,claude,9,positive,positive
claude_796,claude,0,positive,positive
claude_796,claude,1,positive,positive
claude_796,claude,3,positive,positive
claude_796,claude,4,positive,positive
claude_796,claude,9,positive,positive
claude_797,claude,0,positive,positive
claude_797,claude,1,positive,positive
claude_797,claude,3,positive,positive
claude_797,claude,4,positive,positive
claude_797,claude,9,positive,positive
claude_798,claude,0,neutral,positive
claude_798,claude,1,neutral,positive
claude_798,claude,3,neutral,positive
claude_798,claude,4,neutral,positive
claude_798,claude,9,neutral,positive
claude_800,claude,0,neutral,neutral
claude_800,claude,1,neutral,neutral
claude_800,claude,3,neutral,neutral
claude_800,claude,4,neutral,neutral
claude_800,claude,9,neutral,neutral
claude_803,claude,0,negative,negative
claude_803,claude,1,negative,negative
claude_803,claude,3,negative,negative
claude_803,claude,4,negative,negative
claude_803,claude,9,negative,negative
claude_804,claude,0,negative,negative
claude_804,claude,1,negative,negative
claude_804,claude,3,negative,negative
claude_804,claude,4,negative,negative
claude_804,claude,9,negative,negative
claude_808,claude,0,positive,positive
claude_808,claude,1,positive,positive
claude_808,claude,3,positive,positive
claude_808,claude,4,positive,positive
claude_808,claude,9,positive,positive
claude_809,claude,0,negative,positive
claude_809,claude,1,negative,positive
claude_809,claude,3,negative,positive
claude_809,claude,4,negative,positive
claude_809,claude,9,negative,positive
claude_830,claude,0,neutral,neutral
claude_830,claude,1,neutral,neutral
claude_830,claude,3,neutral,neutral
claude_830,claude,4,neutral,neutral
claude_830,claude,9,neutral,neutral
claude_841,claude,0,negative,negative
claude_841,claude,1,negative,negative
claude_841,claude,3,negative,negative
claude_841,claude,4,negative,negative
claude_841,claude,9,negative,negative
claude_842,claude,0,negative,negative
claude_842,claude,1,negative,negative
claude_842,claude,3,negative,negative
claude_842,claude,4,negative,negative
claude_842,claude,9,negative,negative
claude_843,claude,0,positive,positive
claude_843,claude,1,positive,positive
claude_843,claude,3,positive,positive
claude_843,claude,4,positive,positive
claude_843,claude,9,positive,positive
claude_852,claude,0,positive,positive
claude_852,claude,1,positive,positive
claude_852,claude,3,positive,positive
claude_852,claude,4,positive,positive
claude_852,claude,9,positive,positive
claude_853,claude,0,neutral,positive
claude_853,claude,1,neutral,positive
claude_853,claude,3,neutral,positive
claude_853,claude,4,neutral,positive
claude_853,claude,9,neutral,positive
claude_866,claude,0,negative,neutral
claude_866,claude,1,negative,neutral
claude_866,claude,3,negative,neutral
claude_866,claude,4,negative,neutral
claude_866,claude,9,negative,neutral
claude_867,claude,0,negative,neutral
claude_867,claude,1,negative,negative
claude_867,claude,3,negative,negative
claude_867,claude,4,negative,neutral
claude_867,claude,9,negative,negative
claude_868,claude,0,negative,negative
claude_868,claude,1,negative,neutral
claude_868,claude,3,negative,neutral
claude_868,claude,4,negative,negative
claude_868,claude,9,negative,neutral
claude_869,claude,0,negative,neutral
claude_869,claude,1,negative,negative
claude_869,claude,3,negative,neutral
claude_869,claude,4,negative,negative
claude_869,claude,9,negative,negative
claude_873,claude,0,neutral,neutral
claude_873,claude,1,neutral,neutral
claude_873,claude,3,neutral,neutral
claude_873,claude,4,neutral,positive
claude_873,claude,9,neutral,neutral
claude_874,claude,0,neutral,neutral
claude_874,claude,1,neutral,neutral
claude_874,claude,3,neutral,neutral
claude_874,claude,4,neutral,neutral
claude_874,claude,9,neutral,neutral
claude_880,claude,0,negative,negative
claude_880,claude,1,negative,negative
claude_880,claude,3,negative,negative
claude_880,claude,4,negative,negative
claude_880,claude,9,negative,negative
claude_881,claude,0,negative,negative
claude_881,claude,1,negative,negative
claude_881,claude,3,negative,negative
claude_881,claude,4,negative,negative
claude_881,claude,9,negative,negative
claude_884,claude,0,positive,positive
claude_884,claude,1,positive,positive
claude_884,claude,3,positive,positive
claude_884,claude,4,positive,positive
claude_884,claude,9,positive,positive
claude_885,claude,0,positive,positive
claude_885,claude,1,positive,positive
claude_885,claude,3,positive,positive
claude_885,claude,4,positive,positive
claude_885,claude,9,positive,positive
claude_886,claude,0,positive,positive
claude_886,claude,1,positive,positive
claude_886,claude,3,positive,positive
claude_886,claude,4,positive,positive
claude_886,claude,9,positive,positive
claude_887,claude,0,positive,positive
claude_887,claude,1,positive,positive
claude_887,claude,3,positive,positive
claude_887,claude,4,positive,positive
claude_887,claude,9,positive,positive
claude_888,claude,0,positive,positive
claude_888,claude,1,positive,positive
claude_888,claude,3,positive,positive
claude_888,claude,4,positive,positive
claude_888,claude,9,positive,positive
claude_889,claude,0,positive,positive
claude_889,claude,1,positive,positive
claude_889,claude,3,positive,positive
claude_889,claude,4,positive,positive
claude_889,claude,9,positive,positive
claude_890,claude,0,neutral,positive
claude_890,claude,1,neutral,positive
claude_890,claude,3,neutral,positive
claude_890,claude,4,neutral,positive
claude_890,claude,9,neutral,positive
claude_891,claude,0,negative,negative
claude_891,claude,1,negative,negative
claude_891,claude,3,negative,negative
claude_891,claude,4,negative,negative
claude_891,claude,9,negative,negative
claude_892,claude,0,negative,negative
claude_892,claude,1,negative,negative
claude_892,claude,3,negative,negative
claude_892,claude,4,negative,negative
claude_892,claude,9,negative,negative
claude_893,claude,0,negative,negative
claude_893,claude,1,negative,negative
claude_893,claude,3,negative,negative
claude_893,claude,4,negative,negative
claude_893,claude,9,negative,negative
claude_894,claude,0,positive,neutral
claude_894,claude,1,positive,neutral
claude_894,claude,3,positive,positive
claude_894,claude,4,positive,positive
claude_894,claude,9,positive,positive
claude_895,claude,0,positive,positive
claude_895,claude,1,positive,positive
claude_895,claude,3,positive,positive
claude_895,claude,4,positive,positive
claude_895,claude,9,positive,positive
claude_901,claude,0,neutral,neutral
claude_901,claude,1,neutral,neutral
claude_901,claude,3,neutral,neutral
claude_901,claude,4,neutral,positive
claude_901,claude,9,neutral,neutral
claude_902,claude,0,neutral,neutral
claude_902,claude,1,neutral,neutral
claude_902,claude,3,neutral,neutral
claude_902,claude,4,neutral,neutral
claude_902,claude,9,neutral,neutral
claude_903,claude,0,neutral,neutral
claude_903,claude,1,neutral,neutral
claude_903,claude,3,neutral,neutral
claude_903,claude,4,neutral,neutral
claude_903,claude,9,neutral,neutral
claude_907,claude,0,neutral,positive
claude_907,claude,1,neutral,positive
claude_907,claude,3,neutral,positive
claude_907,claude,4,neutral,positive
claude_907,claude,9,neutral,positive
claude_908,claude,0,positive,positive
claude_908,claude,1,positive,positive
claude_908,claude,3,positive,positive
claude_908,claude,4,positive,positive
claude_908,claude,9,positive,positive
claude_911,claude,0,neutral,neutral
claude_911,claude,1,neutral,positive
claude_911,claude,3,neutral,neutral
claude_911,claude,4,neutral,positive
claude_911,claude,9,neutral,negative
claude_912,claude,0,positive,positive
claude_912,claude,1,positive,positive
claude_912,claude,3,positive,positive
claude_912,claude,4,positive,positive
claude_912,claude,9,positive,positive
claude_917,claude,0,positive,positive
claude_917,claude,1,positive,positive
claude_917,claude,3,positive,positive
claude_917,claude,4,positive,positive
claude_917,claude,9,positive,positive
claude_918,claude,0,positive,positive
claude_918,claude,1,positive,positive
claude_918,claude,3,positive,positive
claude_918,claude,4,positive,positive
claude_918,claude,9,positive,positive
claude_919,claude,0,positive,positive
claude_919,claude,1,positive,positive
claude_919,claude,3,positive,positive
claude_919,claude,4,positive,positive
claude_919,claude,9,positive,positive
claude_920,claude,0,neutral,neutral
claude_920,claude,1,neutral,neutral
claude_920,claude,3,neutral,neutral
claude_920,claude,4,neutral,neutral
claude_920,claude,9,neutral,neutral
claude_921,claude,0,positive,positive
claude_921,claude,1,positive,positive
claude_921,claude,3,positive,positive
claude_921,claude,4,positive,positive
claude_921,claude,9,positive,positive
claude_922,claude,0,neutral,neutral
claude_922,claude,1,neutral,neutral
claude_922,claude,3,neutral,neutral
claude_922,claude,4,neutral,neutral
claude_922,claude,9,neutral,neutral
claude_923,claude,0,positive,positive
claude_923,claude,1,positive,positive
claude_923,claude,3,positive,positive
claude_923,claude,4,positive,positive
claude_923,claude,9,positive,positive
claude_924,claude,0,neutral,positive
claude_924,claude,1,neutral,positive
claude_924,claude,3,neutral,positive
claude_924,claude,4,neutral,positive
claude_924,claude,9,neutral,positive
claude_925,claude,0,negative,negative
claude_925,claude,1,negative,negative
claude_925,claude,3,negative,negative
claude_925,claude,4,negative,negative
claude_925,claude,9,negative,negative
claude_926,claude,0,negative,negative
claude_926,claude,1,negative,negative
claude_926,claude,3,negative,negative
claude_926,claude,4,negative,negative
claude_926,claude,9,negative,negative
claude_928,claude,0,neutral,neutral
claude_928,claude,1,neutral,positive
claude_928,claude,3,neutral,positive
claude_928,claude,4,neutral,neutral
claude_928,claude,9,neutral,neutral
claude_929,claude,0,positive,positive
claude_929,claude,1,positive,positive
claude_929,claude,3,positive,positive
claude_929,claude,4,positive,positive
claude_929,claude,9,positive,positive
claude_930,claude,0,positive,positive
claude_930,claude,1,positive,positive
claude_930,claude,3,positive,positive
claude_930,claude,4,positive,positive
claude_930,claude,9,positive,positive
claude_932,claude,0,positive,positive
claude_932,claude,1,positive,positive
claude_932,claude,3,positive,positive
claude_932,claude,4,positive,positive
claude_932,claude,9,positive,positive
claude_933,claude,0,positive,positive
claude_933,claude,1,positive,positive
claude_933,claude,3,positive,positive
claude_933,claude,4,positive,positive
claude_933,claude,9,positive,positive
claude_935,claude,0,positive,positive
claude_935,claude,1,positive,positive
claude_935,claude,3,positive,positive
claude_935,claude,4,positive,positive
claude_935,claude,9,positive,positive
claude_957,claude,0,positive,positive
claude_957,claude,1,positive,positive
claude_957,claude,3,positive,positive
claude_957,claude,4,positive,positive
claude_957,claude,9,positive,positive
claude_958,claude,0,positive,positive
claude_958,claude,1,positive,positive
claude_958,claude,3,positive,positive
claude_958,claude,4,positive,positive
claude_958,claude,9,positive,positive
claude_962,claude,0,neutral,negative
claude_962,claude,1,neutral,negative
claude_962,claude,3,neutral,negative
claude_962,claude,4,neutral,neutral
claude_962,claude,9,neutral,negative
claude_963,claude,0,neutral,positive
claude_963,claude,1,neutral,positive
claude_963,claude,3,neutral,positive
claude_963,claude,4,neutral,positive
claude_963,claude,9,neutral,positive
claude_965,claude,0,negative,neutral
claude_965,claude,1,negative,neutral
claude_965,claude,3,negative,positive
claude_965,claude,4,negative,neutral
claude_965,claude,9,negative,positive
claude_974,claude,0,positive,positive
claude_974,claude,1,positive,positive
claude_974,claude,3,positive,positive
claude_974,claude,4,positive,positive
claude_974,claude,9,positive,positive
claude_975,claude,0,positive,positive
claude_975,claude,1,positive,positive
claude_975,claude,3,positive,positive
claude_975,claude,4,positive,positive
claude_975,claude,9,positive,positive
claude_976,claude,0,positive,positive
claude_976,claude,1,positive,positive
claude_976,claude,3,positive,positive
claude_976,claude,4,positive,positive
claude_976,claude,9,positive,positive
claude_977,claude,0,positive,positive
claude_977,claude,1,positive,positive
claude_977,claude,3,positive,positive
claude_977,claude,4,positive,positive
claude_977,claude,9,positive,positive
claude_978,claude,0,neutral,positive
claude_978,claude,1,neutral,positive
claude_978,claude,3,neutral,positive
claude_978,claude,4,neutral,positive
claude_978,claude,9,neutral,positive
claude_979,claude,0,positive,positive
claude_979,claude,1,positive,positive
claude_979,claude,3,positive,positive
claude_979,claude,4,positive,positive
claude_979,claude,9,positive,positive
claude_985,claude,0,neutral,neutral
claude_985,claude,1,neutral,neutral
claude_985,claude,3,neutral,neutral
claude_985,claude,4,neutral,neutral
claude_985,claude,9,neutral,neutral
claude_987,claude,0,negative,neutral
claude_987,claude,1,negative,neutral
claude_987,claude,3,negative,negative
claude_987,claude,4,negative,negative
claude_987,claude,9,negative,neutral
claude_991,claude,0,neutral,neutral
claude_991,claude,1,neutral,neutral
claude_991,claude,3,neutral,neutral
claude_991,claude,4,neutral,neutral
claude_991,claude,9,neutral,neutral
claude_1001,claude,0,neutral,neutral
claude_1001,claude,1,neutral,neutral
claude_1001,claude,3,neutral,neutral
claude_1001,claude,4,neutral,neutral
claude_1001,claude,9,neutral,neutral
claude_1002,claude,0,negative,negative
claude_1002,claude,1,negative,negative
claude_1002,claude,3,negative,negative
claude_1002,claude,4,negative,negative
claude_1002,claude,9,negative,negative
claude_1005,claude,0,positive,positive
claude_1005,claude,1,positive,positive
claude_1005,claude,3,positive,positive
claude_1005,claude,4,positive,positive
claude_1005,claude,9,positive,positive
claude_1024,claude,0,neutral,neutral
claude_1024,claude,1,neutral,neutral
claude_1024,claude,3,neutral,neutral
claude_1024,claude,4,neutral,neutral
claude_1024,claude,9,neutral,neutral
claude_1027,claude,0,positive,positive
claude_1027,claude,1,positive,positive
claude_1027,claude,3,positive,positive
claude_1027,claude,4,positive,positive
claude_1027,claude,9,positive,positive
claude_1029,claude,0,positive,positive
claude_1029,claude,1,positive,positive
claude_1029,claude,3,positive,positive
claude_1029,claude,4,positive,positive
claude_1029,claude,9,positive,positive
claude_1030,claude,0,positive,positive
claude_1030,claude,1,positive,positive
claude_1030,claude,3,positive,positive
claude_1030,claude,4,positive,positive
claude_1030,claude,9,positive,positive
claude_1042,claude,0,positive,positive
claude_1042,claude,1,positive,positive
claude_1042,claude,3,positive,positive
claude_1042,claude,4,positive,positive
claude_1042,claude,9,positive,positive
claude_1052,claude,0,positive,positive
claude_1052,claude,1,positive,positive
claude_1052,claude,3,positive,positive
claude_1052,claude,4,positive,positive
claude_1052,claude,9,positive,positive
claude_1070,claude,0,positive,positive
claude_1070,claude,1,positive,positive
claude_1070,claude,3,positive,positive
claude_1070,claude,4,positive,positive
claude_1070,claude,9,positive,positive
claude_1072,claude,0,neutral,neutral
claude_1072,claude,1,neutral,neutral
claude_1072,claude,3,neutral,neutral
claude_1072,claude,4,neutral,neutral
claude_1072,claude,9,neutral,neutral
claude_1077,claude,0,negative,negative
claude_1077,claude,1,negative,negative
claude_1077,claude,3,negative,neutral
claude_1077,claude,4,negative,negative
claude_1077,claude,9,negative,negative
claude_1079,claude,0,neutral,neutral
claude_1079,claude,1,neutral,negative
claude_1079,claude,3,neutral,neutral
claude_1079,claude,4,neutral,negative
claude_1079,claude,9,neutral,neutral
claude_1080,claude,0,neutral,negative
claude_1080,claude,1,neutral,negative
claude_1080,claude,3,neutral,neutral
claude_1080,claude,4,neutral,negative
claude_1080,claude,9,neutral,negative
claude_1082,claude,0,positive,positive
claude_1082,claude,1,positive,positive
claude_1082,claude,3,positive,positive
claude_1082,claude,4,positive,positive
claude_1082,claude,9,positive,positive
claude_1083,claude,0,positive,positive
claude_1083,claude,1,positive,positive
claude_1083,claude,3,positive,positive
claude_1083,claude,4,positive,positive
claude_1083,claude,9,positive,positive
claude_1084,claude,0,positive,positive
claude_1084,claude,1,positive,positive
claude_1084,claude,3,positive,positive
claude_1084,claude,4,positive,positive
claude_1084,claude,9,positive,positive
claude_1086,claude,0,negative,negative
claude_1086,claude,1,negative,negative
claude_1086,claude,3,negative,negative
claude_1086,claude,4,negative,negative
claude_1086,claude,9,negative,negative
claude_1088,claude,0,negative,negative
claude_1088,claude,1,negative,negative
claude_1088,claude,3,negative,negative
claude_1088,claude,4,negative,negative
claude_1088,claude,9,negative,negative
claude_1089,claude,0,negative,negative
claude_1089,claude,1,negative,negative
claude_1089,claude,3,negative,negative
claude_1089,claude,4,negative,negative
claude_1089,claude,9,negative,negative
claude_1090,claude,0,negative,negative
claude_1090,claude,1,negative,negative
claude_1090,claude,3,negative,negative
claude_1090,claude,4,negative,negative
claude_1090,claude,9,negative,negative
claude_1091,claude,0,negative,negative
claude_1091,claude,1,negative,negative
claude_1091,claude,3,negative,negative
claude_1091,claude,4,negative,negative
claude_1091,claude,9,negative,negative
claude_1092,claude,0,neutral,neutral
claude_1092,claude,1,neutral,neutral
claude_1092,claude,3,neutral,neutral
claude_1092,claude,4,neutral,neutral
claude_1092,claude,9,neutral,neutral
claude_1093,claude,0,neutral,neutral
claude_1093,claude,1,neutral,positive
claude_1093,claude,3,neutral,neutral
claude_1093,claude,4,neutral,positive
claude_1093,claude,9,neutral,neutral
claude_1094,claude,0,neutral,positive
claude_1094,claude,1,neutral,positive
claude_1094,claude,3,neutral,positive
claude_1094,claude,4,neutral,positive
claude_1094,claude,9,neutral,positive
claude_1095,claude,0,neutral,positive
claude_1095,claude,1,neutral,positive
claude_1095,claude,3,neutral,positive
claude_1095,claude,4,neutral,positive
claude_1095,claude,9,neutral,positive
claude_1099,claude,0,neutral,neutral
claude_1099,claude,1,neutral,neutral
claude_1099,claude,3,neutral,neutral
claude_1099,claude,4,neutral,neutral
claude_1099,claude,9,neutral,neutral
claude_1100,claude,0,neutral,negative
claude_1100,claude,1,neutral,negative
claude_1100,claude,3,neutral,negative
claude_1100,claude,4,neutral,negative
claude_1100,claude,9,neutral,negative
claude_1102,claude,0,negative,negative
claude_1102,claude,1,negative,negative
claude_1102,claude,3,negative,negative
claude_1102,claude,4,negative,negative
claude_1102,claude,9,negative,negative
claude_1103,claude,0,negative,negative
claude_1103,claude,1,negative,negative
claude_1103,claude,3,negative,negative
claude_1103,claude,4,negative,negative
claude_1103,claude,9,negative,negative
claude_1107,claude,0,neutral,neutral
claude_1107,claude,1,neutral,neutral
claude_1107,claude,3,neutral,neutral
claude_1107,claude,4,neutral,neutral
claude_1107,claude,9,neutral,neutral
claude_1108,claude,0,neutral,neutral
claude_1108,claude,1,neutral,neutral
claude_1108,claude,3,neutral,neutral
claude_1108,claude,4,neutral,neutral
claude_1108,claude,9,neutral,neutral
claude_1113,claude,0,positive,positive
claude_1113,claude,1,positive,positive
claude_1113,claude,3,positive,positive
claude_1113,claude,4,positive,positive
claude_1113,claude,9,positive,positive
claude_1114,claude,0,neutral,neutral
claude_1114,claude,1,neutral,neutral
claude_1114,claude,3,neutral,neutral
claude_1114,claude,4,neutral,neutral
claude_1114,claude,9,neutral,neutral
claude_1115,claude,0,positive,positive
claude_1115,claude,1,positive,positive
claude_1115,claude,3,positive,positive
claude_1115,claude,4,positive,positive
claude_1115,claude,9,positive,positive
claude_1116,claude,0,positive,positive
claude_1116,claude,1,positive,positive
claude_1116,claude,3,positive,positive
claude_1116,claude,4,positive,positive
claude_1116,claude,9,positive,positive
claude_1117,claude,0,positive,positive
claude_1117,claude,1,positive,positive
claude_1117,claude,3,positive,positive
claude_1117,claude,4,positive,positive
claude_1117,claude,9,positive,positive
claude_1118,claude,0,positive,positive
claude_1118,claude,1,positive,positive
claude_1118,claude,3,positive,positive
claude_1118,claude,4,positive,positive
claude_1118,claude,9,positive,positive
claude_1119,claude,0,positive,positive
claude_1119,claude,1,positive,positive
claude_1119,claude,3,positive,positive
claude_1119,claude,4,positive,positive
claude_1119,claude,9,positive,positive
claude_1121,claude,0,positive,positive
claude_1121,claude,1,positive,positive
claude_1121,claude,3,positive,positive
claude_1121,claude,4,positive,positive
claude_1121,claude,9,positive,positive
claude_1127,claude,0,positive,positive
claude_1127,claude,1,positive,positive
claude_1127,claude,3,positive,positive
claude_1127,claude,4,positive,positive
claude_1127,claude,9,positive,positive
claude_1139,claude,0,positive,positive
claude_1139,claude,1,positive,positive
claude_1139,claude,3,positive,positive
claude_1139,claude,4,positive,positive
claude_1139,claude,9,positive,positive
claude_1145,claude,0,neutral,neutral
claude_1145,claude,1,neutral,neutral
claude_1145,claude,3,neutral,neutral
claude_1145,claude,4,neutral,neutral
claude_1145,claude,9,neutral,neutral
claude_1148,claude,0,neutral,positive
claude_1148,claude,1,neutral,positive
claude_1148,claude,3,neutral,positive
claude_1148,claude,4,neutral,positive
claude_1148,claude,9,neutral,positive
claude_1162,claude,0,neutral,neutral
claude_1162,claude,1,neutral,neutral
claude_1162,claude,3,neutral,neutral
claude_1162,claude,4,neutral,neutral
claude_1162,claude,9,neutral,neutral
claude_1165,claude,0,neutral,neutral
claude_1165,claude,1,neutral,neutral
claude_1165,claude,3,neutral,neutral
claude_1165,claude,4,neutral,neutral
claude_1165,claude,9,neutral,negative
claude_1168,claude,0,neutral,neutral
claude_1168,claude,1,neutral,neutral
claude_1168,claude,3,neutral,neutral
claude_1168,claude,4,neutral,neutral
claude_1168,claude,9,neutral,neutral
claude_1171,claude,0,negative,negative
claude_1171,claude,1,negative,negative
claude_1171,claude,3,negative,negative
claude_1171,claude,4,negative,negative
claude_1171,claude,9,negative,negative
claude_1177,claude,0,positive,positive
claude_1177,claude,1,positive,positive
claude_1177,claude,3,positive,positive
claude_1177,claude,4,positive,positive
claude_1177,claude,9,positive,positive
claude_1178,claude,0,positive,positive
claude_1178,claude,1,positive,positive
claude_1178,claude,3,positive,positive
claude_1178,claude,4,positive,positive
claude_1178,claude,9,positive,positive
claude_1179,claude,0,positive,positive
claude_1179,claude,1,positive,positive
claude_1179,claude,3,positive,positive
claude_1179,claude,4,positive,positive
claude_1179,claude,9,positive,positive
claude_1183,claude,0,neutral,neutral
claude_1183,claude,1,neutral,neutral
claude_1183,claude,3,neutral,neutral
claude_1183,claude,4,neutral,neutral
claude_1183,claude,9,neutral,neutral
claude_1186,claude,0,neutral,neutral
claude_1186,claude,1,neutral,neutral
claude_1186,claude,3,neutral,neutral
claude_1186,claude,4,neutral,neutral
claude_1186,claude,9,neutral,neutral
claude_1190,claude,0,neutral,neutral
claude_1190,claude,1,neutral,neutral
claude_1190,claude,3,neutral,neutral
claude_1190,claude,4,neutral,neutral
claude_1190,claude,9,neutral,neutral
claude_1196,claude,0,neutral,neutral
claude_1196,claude,1,neutral,neutral
claude_1196,claude,3,neutral,neutral
claude_1196,claude,4,neutral,neutral
claude_1196,claude,9,neutral,neutral
claude_1198,claude,0,neutral,neutral
claude_1198,claude,1,neutral,neutral
claude_1198,claude,3,neutral,neutral
claude_1198,claude,4,neutral,neutral
claude_1198,claude,9,neutral,neutral
claude_1205,claude,0,neutral,neutral
claude_1205,claude,1,neutral,neutral
claude_1205,claude,3,neutral,neutral
claude_1205,claude,4,neutral,neutral
claude_1205,claude,9,neutral,neutral
claude_1206,claude,0,neutral,positive
claude_1206,claude,1,neutral,positive
claude_1206,claude,3,neutral,positive
claude_1206,claude,4,neutral,positive
claude_1206,claude,9,neutral,neutral
claude_1236,claude,0,neutral,neutral
claude_1236,claude,1,neutral,neutral
claude_1236,claude,3,neutral,neutral
claude_1236,claude,4,neutral,neutral
claude_1236,claude,9,neutral,neutral
claude_1238,claude,0,neutral,neutral
claude_1238,claude,1,neutral,neutral
claude_1238,claude,3,neutral,neutral
claude_1238,claude,4,neutral,neutral
claude_1238,claude,9,neutral,neutral
claude_1263,claude,0,neutral,neutral
claude_1263,claude,1,neutral,neutral
claude_1263,claude,3,neutral,neutral
claude_1263,claude,4,neutral,neutral
claude_1263,claude,9,neutral,neutral
claude_1272,claude,0,positive,positive
claude_1272,claude,1,positive,positive
claude_1272,claude,3,positive,positive
claude_1272,claude,4,positive,positive
claude_1272,claude,9,positive,positive
claude_1274,claude,0,positive,positive
claude_1274,claude,1,positive,positive
claude_1274,claude,3,positive,positive
claude_1274,claude,4,positive,positive
claude_1274,claude,9,positive,positive
claude_1278,claude,0,neutral,neutral
claude_1278,claude,1,neutral,neutral
claude_1278,claude,3,neutral,neutral
claude_1278,claude,4,neutral,neutral
claude_1278,claude,9,neutral,neutral
claude_1305,claude,0,negative,negative
claude_1305,claude,1,negative,neutral
claude_1305,claude,3,negative,negative
claude_1305,claude,4,negative,neutral
claude_1305,claude,9,negative,neutral
claude_1306,claude,0,positive,positive
claude_1306,claude,1,positive,positive
claude_1306,claude,3,positive,positive
claude_1306,claude,4,positive,positive
claude_1306,claude,9,positive,positive
claude_1316,claude,0,neutral,neutral
claude_1316,claude,1,neutral,neutral
claude_1316,claude,3,neutral,neutral
claude_1316,claude,4,neutral,neutral
claude_1316,claude,9,neutral,neutral
claude_1367,claude,0,neutral,neutral
claude_1367,claude,1,neutral,negative
claude_1367,claude,3,neutral,negative
claude_1367,claude,4,neutral,neutral
claude_1367,claude,9,neutral,neutral
claude_1368,claude,0,neutral,neutral
claude_1368,claude,1,neutral,neutral
claude_1368,claude,3,neutral,neutral
claude_1368,claude,4,neutral,neutral
claude_1368,claude,9,neutral,neutral
claude_1376,claude,0,neutral,neutral
claude_1376,claude,1,neutral,neutral
claude_1376,claude,3,neutral,neutral
claude_1376,claude,4,neutral,neutral
claude_1376,claude,9,neutral,neutral
claude_1389,claude,0,neutral,neutral
claude_1389,claude,1,neutral,neutral
claude_1389,claude,3,neutral,neutral
claude_1389,claude,4,neutral,positive
claude_1389,claude,9,neutral,neutral
claude_1391,claude,0,positive,positive
claude_1391,claude,1,positive,positive
claude_1391,claude,3,positive,positive
claude_1391,claude,4,positive,positive
claude_1391,claude,9,positive,positive
claude_1393,claude,0,neutral,neutral
claude_1393,claude,1,neutral,positive
claude_1393,claude,3,neutral,positive
claude_1393,claude,4,neutral,neutral
claude_1393,claude,9,neutral,neutral
claude_1394,claude,0,neutral,neutral
claude_1394,claude,1,neutral,neutral
claude_1394,claude,3,neutral,positive
claude_1394,claude,4,neutral,neutral
claude_1394,claude,9,neutral,neutral
claude_1395,claude,0,negative,negative
claude_1395,claude,1,negative,negative
claude_1395,claude,3,negative,negative
claude_1395,claude,4,negative,negative
claude_1395,claude,9,negative,negative
claude_1398,claude,0,neutral,neutral
claude_1398,claude,1,neutral,neutral
claude_1398,claude,3,neutral,neutral
claude_1398,claude,4,neutral,neutral
claude_1398,claude,9,neutral,neutral
claude_1406,claude,0,neutral,neutral
claude_1406,claude,1,neutral,neutral
claude_1406,claude,3,neutral,neutral
claude_1406,claude,4,neutral,neutral
claude_1406,claude,9,neutral,neutral
claude_1423,claude,0,neutral,neutral
claude_1423,claude,1,neutral,neutral
claude_1423,claude,3,neutral,neutral
claude_1423,claude,4,neutral,neutral
claude_1423,claude,9,neutral,neutral
claude_1425,claude,0,positive,positive
claude_1425,claude,1,positive,positive
claude_1425,claude,3,positive,positive
claude_1425,claude,4,positive,positive
claude_1425,claude,9,positive,positive
claude_1430,claude,0,neutral,neutral
claude_1430,claude,1,neutral,neutral
claude_1430,claude,3,neutral,neutral
claude_1430,claude,4,neutral,neutral
claude_1430,claude,9,neutral,neutral
claude_1440,claude,0,neutral,positive
claude_1440,claude,1,neutral,positive
claude_1440,claude,3,neutral,positive
claude_1440,claude,4,neutral,positive
claude_1440,claude,9,neutral,positive
claude_1441,claude,0,neutral,positive
claude_1441,claude,1,neutral,positive
claude_1441,claude,3,neutral,positive
claude_1441,claude,4,neutral,positive
claude_1441,claude,9,neutral,positive
claude_1459,claude,0,neutral,neutral
claude_1459,claude,1,neutral,positive
claude_1459,claude,3,neutral,neutral
claude_1459,claude,4,neutral,neutral
claude_1459,claude,9,neutral,neutral
claude_1466,claude,0,negative,negative
claude_1466,claude,1,negative,negative
claude_1466,claude,3,negative,negative
claude_1466,claude,4,negative,negative
claude_1466,claude,9,negative,negative
claude_1472,claude,0,negative,negative
claude_1472,claude,1,negative,negative
claude_1472,claude,3,negative,negative
claude_1472,claude,4,negative,negative
claude_1472,claude,9,negative,negative
claude_1473,claude,0,negative,negative
claude_1473,claude,1,negative,negative
claude_1473,claude,3,negative,negative
claude_1473,claude,4,negative,negative
claude_1473,claude,9,negative,negative
claude_1474,claude,0,negative,negative
claude_1474,claude,1,negative,negative
claude_1474,claude,3,negative,negative
claude_1474,claude,4,negative,negative
claude_1474,claude,9,negative,negative
claude_1476,claude,0,negative,negative
claude_1476,claude,1,negative,negative
claude_1476,claude,3,negative,negative
claude_1476,claude,4,negative,negative
claude_1476,claude,9,negative,negative
claude_1482,claude,0,negative,negative
claude_1482,claude,1,negative,negative
claude_1482,claude,3,negative,negative
claude_1482,claude,4,negative,negative
claude_1482,claude,9,negative,negative
claude_1483,claude,0,negative,negative
claude_1483,claude,1,negative,negative
claude_1483,claude,3,negative,negative
claude_1483,claude,4,negative,negative
claude_1483,claude,9,negative,negative
claude_1489,claude,0,positive,positive
claude_1489,claude,1,positive,positive
claude_1489,claude,3,positive,positive
claude_1489,claude,4,positive,positive
claude_1489,claude,9,positive,positive
claude_1490,claude,0,neutral,positive
claude_1490,claude,1,neutral,positive
claude_1490,claude,3,neutral,positive
claude_1490,claude,4,neutral,positive
claude_1490,claude,9,neutral,positive
claude_1502,claude,0,neutral,neutral
claude_1502,claude,1,neutral,neutral
claude_1502,claude,3,neutral,neutral
claude_1502,claude,4,neutral,neutral
claude_1502,claude,9,neutral,neutral
claude_1516,claude,0,neutral,neutral
claude_1516,claude,1,neutral,neutral
claude_1516,claude,3,neutral,neutral
claude_1516,claude,4,neutral,neutral
claude_1516,claude,9,neutral,neutral
claude_1521,claude,0,positive,positive
claude_1521,claude,1,positive,positive
claude_1521,claude,3,positive,positive
claude_1521,claude,4,positive,positive
claude_1521,claude,9,positive,positive
claude_1522,claude,0,positive,positive
claude_1522,claude,1,positive,positive
claude_1522,claude,3,positive,positive
claude_1522,claude,4,positive,positive
claude_1522,claude,9,positive,positive
claude_1523,claude,0,positive,positive
claude_1523,claude,1,positive,positive
claude_1523,claude,3,positive,positive
claude_1523,claude,4,positive,positive
claude_1523,claude,9,positive,positive
claude_1525,claude,0,positive,positive
claude_1525,claude,1,positive,positive
claude_1525,claude,3,positive,positive
claude_1525,claude,4,positive,positive
claude_1525,claude,9,positive,positive
claude_1526,claude,0,neutral,positive
claude_1526,claude,1,neutral,positive
claude_1526,claude,3,neutral,positive
claude_1526,claude,4,neutral,positive
claude_1526,claude,9,neutral,positive
claude_1529,claude,0,neutral,neutral
claude_1529,claude,1,neutral,neutral
claude_1529,claude,3,neutral,positive
claude_1529,claude,4,neutral,neutral
claude_1529,claude,9,neutral,positive
claude_1530,claude,0,neutral,positive
claude_1530,claude,1,neutral,positive
claude_1530,claude,3,neutral,positive
claude_1530,claude,4,neutral,positive
claude_1530,claude,9,neutral,positive
claude_1536,claude,0,neutral,negative
claude_1536,claude,1,neutral,neutral
claude_1536,claude,3,neutral,neutral
claude_1536,claude,4,neutral,neutral
claude_1536,claude,9,neutral,neutral
claude_1537,claude,0,neutral,neutral
claude_1537,claude,1,neutral,neutral
claude_1537,claude,3,neutral,neutral
claude_1537,claude,4,neutral,neutral
claude_1537,claude,9,neutral,neutral
claude_1539,claude,0,negative,neutral
claude_1539,claude,1,negative,negative
claude_1539,claude,3,negative,neutral
claude_1539,claude,4,negative,neutral
claude_1539,claude,9,negative,negative
claude_1540,claude,0,negative,negative
claude_1540,claude,1,negative,neutral
claude_1540,claude,3,negative,negative
claude_1540,claude,4,negative,neutral
claude_1540,claude,9,negative,neutral
claude_1542,claude,0,positive,positive
claude_1542,claude,1,positive,positive
claude_1542,claude,3,positive,positive
claude_1542,claude,4,positive,positive
claude_1542,claude,9,positive,positive
claude_1543,claude,0,positive,positive
claude_1543,claude,1,positive,positive
claude_1543,claude,3,positive,positive
claude_1543,claude,4,positive,positive
claude_1543,claude,9,positive,positive
claude_1544,claude,0,neutral,positive
claude_1544,claude,1,neutral,positive
claude_1544,claude,3,neutral,neutral
claude_1544,claude,4,neutral,positive
claude_1544,claude,9,neutral,negative
claude_1545,claude,0,positive,positive
claude_1545,claude,1,positive,positive
claude_1545,claude,3,positive,positive
claude_1545,claude,4,positive,positive
claude_1545,claude,9,positive,positive
claude_1553,claude,0,negative,negative
claude_1553,claude,1,negative,negative
claude_1553,claude,3,negative,negative
claude_1553,claude,4,negative,negative
claude_1553,claude,9,negative,negative
claude_1562,claude,0,neutral,positive
claude_1562,claude,1,neutral,positive
claude_1562,claude,3,neutral,positive
claude_1562,claude,4,neutral,positive
claude_1562,claude,9,neutral,positive
claude_1563,claude,0,positive,positive
claude_1563,claude,1,positive,neutral
claude_1563,claude,3,positive,neutral
claude_1563,claude,4,positive,positive
claude_1563,claude,9,positive,positive
claude_1565,claude,0,neutral,neutral
claude_1565,claude,1,neutral,neutral
claude_1565,claude,3,neutral,neutral
claude_1565,claude,4,neutral,neutral
claude_1565,claude,9,neutral,neutral
claude_1566,claude,0,neutral,neutral
claude_1566,claude,1,neutral,neutral
claude_1566,claude,3,neutral,neutral
claude_1566,claude,4,neutral,neutral
claude_1566,claude,9,neutral,neutral
claude_1569,claude,0,neutral,positive
claude_1569,claude,1,neutral,positive
claude_1569,claude,3,neutral,positive
claude_1569,claude,4,neutral,positive
claude_1569,claude,9,neutral,positive
claude_1570,claude,0,neutral,positive
claude_1570,claude,1,neutral,positive
claude_1570,claude,3,neutral,positive
claude_1570,claude,4,neutral,positive
claude_1570,claude,9,neutral,positive
claude_1571,claude,0,neutral,positive
claude_1571,claude,1,neutral,positive
claude_1571,claude,3,neutral,positive
claude_1571,claude,4,neutral,positive
claude_1571,claude,9,neutral,positive
claude_1572,claude,0,positive,positive
claude_1572,claude,1,positive,positive
claude_1572,claude,3,positive,positive
claude_1572,claude,4,positive,positive
claude_1572,claude,9,positive,positive
claude_1574,claude,0,neutral,positive
claude_1574,claude,1,neutral,positive
claude_1574,claude,3,neutral,positive
claude_1574,claude,4,neutral,neutral
claude_1574,claude,9,neutral,neutral
claude_1575,claude,0,neutral,positive
claude_1575,claude,1,neutral,positive
claude_1575,claude,3,neutral,positive
claude_1575,claude,4,neutral,positive
claude_1575,claude,9,neutral,neutral
claude_1577,claude,0,neutral,positive
claude_1577,claude,1,neutral,positive
claude_1577,claude,3,neutral,positive
claude_1577,claude,4,neutral,neutral
claude_1577,claude,9,neutral,neutral
claude_1578,claude,0,neutral,positive
claude_1578,claude,1,neutral,neutral
claude_1578,claude,3,neutral,positive
claude_1578,claude,4,neutral,neutral
claude_1578,claude,9,neutral,positive
claude_1589,claude,0,neutral,positive
claude_1589,claude,1,neutral,positive
claude_1589,claude,3,neutral,positive
claude_1589,claude,4,neutral,neutral
claude_1589,claude,9,neutral,positive
claude_1590,claude,0,neutral,neutral
claude_1590,claude,1,neutral,neutral
claude_1590,claude,3,neutral,neutral
claude_1590,claude,4,neutral,positive
claude_1590,claude,9,neutral,neutral
claude_1595,claude,0,positive,positive
claude_1595,claude,1,positive,positive
claude_1595,claude,3,positive,positive
claude_1595,claude,4,positive,positive
claude_1595,claude,9,positive,positive
claude_1596,claude,0,positive,positive
claude_1596,claude,1,positive,positive
claude_1596,claude,3,positive,positive
claude_1596,claude,4,positive,positive
claude_1596,claude,9,positive,positive
claude_1597,claude,0,positive,positive
claude_1597,claude,1,positive,positive
claude_1597,claude,3,positive,positive
claude_1597,claude,4,positive,positive
claude_1597,claude,9,positive,positive
claude_1598,claude,0,positive,positive
claude_1598,claude,1,positive,positive
claude_1598,claude,3,positive,positive
claude_1598,claude,4,positive,positive
claude_1598,claude,9,positive,positive
claude_1599,claude,0,positive,positive
claude_1599,claude,1,positive,positive
claude_1599,claude,3,positive,positive
claude_1599,claude,4,positive,positive
claude_1599,claude,9,positive,positive
claude_1600,claude,0,positive,positive
claude_1600,claude,1,positive,positive
claude_1600,claude,3,positive,positive
claude_1600,claude,4,positive,positive
claude_1600,claude,9,positive,positive
claude_1601,claude,0,positive,positive
claude_1601,claude,1,positive,positive
claude_1601,claude,3,positive,positive
claude_1601,claude,4,positive,positive
claude_1601,claude,9,positive,positive
claude_1602,claude,0,neutral,neutral
claude_1602,claude,1,neutral,neutral
claude_1602,claude,3,neutral,neutral
claude_1602,claude,4,neutral,neutral
claude_1602,claude,9,neutral,neutral
claude_1603,claude,0,positive,positive
claude_1603,claude,1,positive,positive
claude_1603,claude,3,positive,positive
claude_1603,claude,4,positive,positive
claude_1603,claude,9,positive,positive
claude_1604,claude,0,neutral,neutral
claude_1604,claude,1,neutral,neutral
claude_1604,claude,3,neutral,neutral
claude_1604,claude,4,neutral,neutral
claude_1604,claude,9,neutral,neutral
claude_1606,claude,0,positive,positive
claude_1606,claude,1,positive,positive
claude_1606,claude,3,positive,positive
claude_1606,claude,4,positive,positive
claude_1606,claude,9,positive,positive
claude_1607,claude,0,negative,negative
claude_1607,claude,1,negative,negative
claude_1607,claude,3,negative,negative
claude_1607,claude,4,negative,negative
claude_1607,claude,9,negative,negative
claude_1610,claude,0,neutral,neutral
claude_1610,claude,1,neutral,neutral
claude_1610,claude,3,neutral,neutral
claude_1610,claude,4,neutral,neutral
claude_1610,claude,9,neutral,neutral
claude_1612,claude,0,neutral,positive
claude_1612,claude,1,neutral,neutral
claude_1612,claude,3,neutral,neutral
claude_1612,claude,4,neutral,neutral
claude_1612,claude,9,neutral,neutral
claude_1613,claude,0,positive,positive
claude_1613,claude,1,positive,positive
claude_1613,claude,3,positive,positive
claude_1613,claude,4,positive,positive
claude_1613,claude,9,positive,positive
claude_1614,claude,0,positive,positive
claude_1614,claude,1,positive,positive
claude_1614,claude,3,positive,positive
claude_1614,claude,4,positive,positive
claude_1614,claude,9,positive,positive
claude_1627,claude,0,neutral,neutral
claude_1627,claude,1,neutral,neutral
claude_1627,claude,3,neutral,neutral
claude_1627,claude,4,neutral,neutral
claude_1627,claude,9,neutral,neutral
claude_1629,claude,0,neutral,neutral
claude_1629,claude,1,neutral,neutral
claude_1629,claude,3,neutral,neutral
claude_1629,claude,4,neutral,neutral
claude_1629,claude,9,neutral,neutral
claude_1630,claude,0,neutral,neutral
claude_1630,claude,1,neutral,neutral
claude_1630,claude,3,neutral,neutral
claude_1630,claude,4,neutral,neutral
claude_1630,claude,9,neutral,neutral
claude_1631,claude,0,neutral,neutral
claude_1631,claude,1,neutral,neutral
claude_1631,claude,3,neutral,neutral
claude_1631,claude,4,neutral,neutral
claude_1631,claude,9,neutral,neutral
claude_1633,claude,0,neutral,neutral
claude_1633,claude,1,neutral,negative
claude_1633,claude,3,neutral,neutral
claude_1633,claude,4,neutral,neutral
claude_1633,claude,9,neutral,neutral
claude_1637,claude,0,neutral,positive
claude_1637,claude,1,neutral,neutral
claude_1637,claude,3,neutral,neutral
claude_1637,claude,4,neutral,neutral
claude_1637,claude,9,neutral,neutral
claude_1638,claude,0,neutral,positive
claude_1638,claude,1,neutral,positive
claude_1638,claude,3,neutral,positive
claude_1638,claude,4,neutral,positive
claude_1638,claude,9,neutral,positive
claude_1639,claude,0,positive,positive
claude_1639,claude,1,positive,positive
claude_1639,claude,3,positive,positive
claude_1639,claude,4,positive,positive
claude_1639,claude,9,positive,positive
claude_1640,claude,0,positive,positive
claude_1640,claude,1,positive,positive
claude_1640,claude,3,positive,positive
claude_1640,claude,4,positive,positive
claude_1640,claude,9,positive,positive
claude_1641,claude,0,neutral,neutral
claude_1641,claude,1,neutral,neutral
claude_1641,claude,3,neutral,neutral
claude_1641,claude,4,neutral,neutral
claude_1641,claude,9,neutral,neutral
claude_1649,claude,0,neutral,neutral
claude_1649,claude,1,neutral,neutral
claude_1649,claude,3,neutral,neutral
claude_1649,claude,4,neutral,neutral
claude_1649,claude,9,neutral,neutral
claude_1662,claude,0,neutral,neutral
claude_1662,claude,1,neutral,neutral
claude_1662,claude,3,neutral,neutral
claude_1662,claude,4,neutral,neutral
claude_1662,claude,9,neutral,neutral
claude_1666,claude,0,negative,positive
claude_1666,claude,1,negative,positive
claude_1666,claude,3,negative,positive
claude_1666,claude,4,negative,positive
claude_1666,claude,9,negative,positive
claude_1667,claude,0,neutral,positive
claude_1667,claude,1,neutral,positive
claude_1667,claude,3,neutral,positive
claude_1667,claude,4,neutral,positive
claude_1667,claude,9,neutral,positive
claude_1672,claude,0,positive,positive
claude_1672,claude,1,positive,positive
claude_1672,claude,3,positive,positive
claude_1672,claude,4,positive,positive
claude_1672,claude,9,positive,positive
claude_1677,claude,0,neutral,neutral
claude_1677,claude,1,neutral,neutral
claude_1677,claude,3,neutral,negative
claude_1677,claude,4,neutral,neutral
claude_1677,claude,9,neutral,neutral
claude_1678,claude,0,neutral,positive
claude_1678,claude,1,neutral,neutral
claude_1678,claude,3,neutral,neutral
claude_1678,claude,4,neutral,neutral
claude_1678,claude,9,neutral,neutral
claude_1681,claude,0,neutral,neutral
claude_1681,claude,1,neutral,positive
claude_1681,claude,3,neutral,positive
claude_1681,claude,4,neutral,neutral
claude_1681,claude,9,neutral,neutral
claude_1682,claude,0,positive,neutral
claude_1682,claude,1,positive,neutral
claude_1682,claude,3,positive,negative
claude_1682,claude,4,positive,neutral
claude_1682,claude,9,positive,neutral
claude_1683,claude,0,positive,neutral
claude_1683,claude,1,positive,neutral
claude_1683,claude,3,positive,neutral
claude_1683,claude,4,positive,neutral
claude_1683,claude,9,positive,neutral
claude_1684,claude,0,neutral,neutral
claude_1684,claude,1,neutral,neutral
claude_1684,claude,3,neutral,neutral
claude_1684,claude,4,neutral,neutral
claude_1684,claude,9,neutral,neutral
claude_1685,claude,0,neutral,neutral
claude_1685,claude,1,neutral,neutral
claude_1685,claude,3,neutral,neutral
claude_1685,claude,4,neutral,neutral
claude_1685,claude,9,neutral,neutral
claude_1686,claude,0,neutral,neutral
claude_1686,claude,1,neutral,neutral
claude_1686,claude,3,neutral,neutral
claude_1686,claude,4,neutral,neutral
claude_1686,claude,9,neutral,neutral
claude_1690,claude,0,negative,negative
claude_1690,claude,1,negative,negative
claude_1690,claude,3,negative,negative
claude_1690,claude,4,negative,negative
claude_1690,claude,9,negative,negative
claude_1691,claude,0,negative,negative
claude_1691,claude,1,negative,negative
claude_1691,claude,3,negative,negative
claude_1691,claude,4,negative,negative
claude_1691,claude,9,negative,negative
claude_1692,claude,0,positive,positive
claude_1692,claude,1,positive,positive
claude_1692,claude,3,positive,positive
claude_1692,claude,4,positive,positive
claude_1692,claude,9,positive,positive
claude_1693,claude,0,negative,negative
claude_1693,claude,1,negative,negative
claude_1693,claude,3,negative,negative
claude_1693,claude,4,negative,negative
claude_1693,claude,9,negative,negative
claude_1697,claude,0,neutral,positive
claude_1697,claude,1,neutral,positive
claude_1697,claude,3,neutral,neutral
claude_1697,claude,4,neutral,positive
claude_1697,claude,9,neutral,positive
claude_1698,claude,0,positive,positive
claude_1698,claude,1,positive,positive
claude_1698,claude,3,positive,positive
claude_1698,claude,4,positive,positive
claude_1698,claude,9,positive,positive
claude_1701,claude,0,neutral,neutral
claude_1701,claude,1,neutral,neutral
claude_1701,claude,3,neutral,neutral
claude_1701,claude,4,neutral,neutral
claude_1701,claude,9,neutral,neutral
claude_1705,claude,0,neutral,neutral
claude_1705,claude,1,neutral,neutral
claude_1705,claude,3,neutral,neutral
claude_1705,claude,4,neutral,neutral
claude_1705,claude,9,neutral,negative
claude_1706,claude,0,neutral,neutral
claude_1706,claude,1,neutral,negative
claude_1706,claude,3,neutral,neutral
claude_1706,claude,4,neutral,negative
claude_1706,claude,9,neutral,neutral
claude_1715,claude,0,negative,negative
claude_1715,claude,1,negative,negative
claude_1715,claude,3,negative,negative
claude_1715,claude,4,negative,negative
claude_1715,claude,9,negative,negative
claude_1716,claude,0,negative,negative
claude_1716,claude,1,negative,negative
claude_1716,claude,3,negative,negative
claude_1716,claude,4,negative,negative
claude_1716,claude,9,negative,negative
claude_1717,claude,0,negative,negative
claude_1717,claude,1,negative,negative
claude_1717,claude,3,negative,negative
claude_1717,claude,4,negative,negative
claude_1717,claude,9,negative,negative
claude_1718,claude,0,negative,negative
claude_1718,claude,1,negative,negative
claude_1718,claude,3,negative,negative
claude_1718,claude,4,negative,negative
claude_1718,claude,9,negative,negative
claude_1724,claude,0,positive,positive
claude_1724,claude,1,positive,positive
claude_1724,claude,3,positive,positive
claude_1724,claude,4,positive,positive
claude_1724,claude,9,positive,positive
claude_1725,claude,0,positive,positive
claude_1725,claude,1,positive,positive
claude_1725,claude,3,positive,positive
claude_1725,claude,4,positive,positive
claude_1725,claude,9,positive,positive
claude_1727,claude,0,positive,positive
claude_1727,claude,1,positive,positive
claude_1727,claude,3,positive,positive
claude_1727,claude,4,positive,positive
claude_1727,claude,9,positive,positive
claude_1728,claude,0,positive,positive
claude_1728,claude,1,positive,positive
claude_1728,claude,3,positive,positive
claude_1728,claude,4,positive,positive
claude_1728,claude,9,positive,positive
claude_1730,claude,0,positive,positive
claude_1730,claude,1,positive,positive
claude_1730,claude,3,positive,positive
claude_1730,claude,4,positive,positive
claude_1730,claude,9,positive,positive
claude_1732,claude,0,neutral,neutral
claude_1732,claude,1,neutral,neutral
claude_1732,claude,3,neutral,neutral
claude_1732,claude,4,neutral,neutral
claude_1732,claude,9,neutral,neutral
claude_1733,claude,0,neutral,neutral
claude_1733,claude,1,neutral,neutral
claude_1733,claude,3,neutral,neutral
claude_1733,claude,4,neutral,neutral
claude_1733,claude,9,neutral,neutral
claude_1734,claude,0,positive,positive
claude_1734,claude,1,positive,positive
claude_1734,claude,3,positive,positive
claude_1734,claude,4,positive,positive
claude_1734,claude,9,positive,positive
claude_1735,claude,0,positive,positive
claude_1735,claude,1,positive,positive
claude_1735,claude,3,positive,positive
claude_1735,claude,4,positive,positive
claude_1735,claude,9,positive,positive
claude_1740,claude,0,neutral,positive
claude_1740,claude,1,neutral,positive
claude_1740,claude,3,neutral,positive
claude_1740,claude,4,neutral,positive
claude_1740,claude,9,neutral,positive
claude_1742,claude,0,neutral,negative
claude_1742,claude,1,neutral,neutral
claude_1742,claude,3,neutral,negative
claude_1742,claude,4,neutral,neutral
claude_1742,claude,9,neutral,neutral
claude_1743,claude,0,neutral,neutral
claude_1743,claude,1,neutral,negative
claude_1743,claude,3,neutral,neutral
claude_1743,claude,4,neutral,negative
claude_1743,claude,9,neutral,negative
claude_1744,claude,0,neutral,neutral
claude_1744,claude,1,neutral,neutral
claude_1744,claude,3,neutral,neutral
claude_1744,claude,4,neutral,neutral
claude_1744,claude,9,neutral,neutral
claude_1747,claude,0,neutral,neutral
claude_1747,claude,1,neutral,positive
claude_1747,claude,3,neutral,positive
claude_1747,claude,4,neutral,positive
claude_1747,claude,9,neutral,positive
claude_1748,claude,0,neutral,positive
claude_1748,claude,1,neutral,neutral
claude_1748,claude,3,neutral,positive
claude_1748,claude,4,neutral,positive
claude_1748,claude,9,neutral,neutral
claude_1750,claude,0,neutral,neutral
claude_1750,claude,1,neutral,neutral
claude_1750,claude,3,neutral,neutral
claude_1750,claude,4,neutral,neutral
claude_1750,claude,9,neutral,neutral
claude_1757,claude,0,neutral,neutral
claude_1757,claude,1,neutral,neutral
claude_1757,claude,3,neutral,neutral
claude_1757,claude,4,neutral,neutral
claude_1757,claude,9,neutral,neutral
claude_1758,claude,0,neutral,neutral
claude_1758,claude,1,neutral,neutral
claude_1758,claude,3,neutral,neutral
claude_1758,claude,4,neutral,neutral
claude_1758,claude,9,neutral,neutral
claude_1760,claude,0,negative,neutral
claude_1760,claude,1,negative,negative
claude_1760,claude,3,negative,negative
claude_1760,claude,4,negative,negative
claude_1760,claude,9,negative,negative
claude_1761,claude,0,negative,negative
claude_1761,claude,1,negative,negative
claude_1761,claude,3,negative,negative
claude_1761,claude,4,negative,negative
claude_1761,claude,9,negative,negative
claude_1762,claude,0,negative,neutral
claude_1762,claude,1,negative,negative
claude_1762,claude,3,negative,negative
claude_1762,claude,4,negative,negative
claude_1762,claude,9,negative,negative
claude_1763,claude,0,neutral,neutral
claude_1763,claude,1,neutral,neutral
claude_1763,claude,3,neutral,neutral
claude_1763,claude,4,neutral,negative
claude_1763,claude,9,neutral,neutral
claude_1777,claude,0,negative,neutral
claude_1777,claude,1,negative,negative
claude_1777,claude,3,negative,negative
claude_1777,claude,4,negative,negative
claude_1777,claude,9,negative,negative
claude_1785,claude,0,neutral,neutral
claude_1785,claude,1,neutral,positive
claude_1785,claude,3,neutral,positive
claude_1785,claude,4,neutral,positive
claude_1785,claude,9,neutral,neutral
claude_1786,claude,0,positive,positive
claude_1786,claude,1,positive,positive
claude_1786,claude,3,positive,positive
claude_1786,claude,4,positive,positive
claude_1786,claude,9,positive,positive
claude_1789,claude,0,positive,positive
claude_1789,claude,1,positive,positive
claude_1789,claude,3,positive,positive
claude_1789,claude,4,positive,positive
claude_1789,claude,9,positive,positive
claude_1797,claude,0,neutral,positive
claude_1797,claude,1,neutral,positive
claude_1797,claude,3,neutral,positive
claude_1797,claude,4,neutral,positive
claude_1797,claude,9,neutral,positive
claude_1799,claude,0,neutral,neutral
claude_1799,claude,1,neutral,neutral
claude_1799,claude,3,neutral,neutral
claude_1799,claude,4,neutral,neutral
claude_1800,claude,0,neutral,neutral
claude_1800,claude,1,neutral,neutral
claude_1800,claude,3,neutral,neutral
claude_1800,claude,9,neutral,neutral
claude_1801,claude,0,neutral,neutral
claude_1801,claude,1,neutral,neutral
claude_1801,claude,3,neutral,neutral
claude_1801,claude,4,neutral,neutral
claude_1803,claude,4,neutral,positive
claude_1805,claude,1,neutral,neutral
claude_1805,claude,3,neutral,positive
claude_1805,claude,4,neutral,neutral
claude_1805,claude,9,neutral,positive
claude_1810,claude,3,positive,positive
claude_1810,claude,4,positive,positive
claude_1810,claude,9,positive,positive
claude_1821,claude,0,positive,positive
claude_1821,claude,1,positive,positive
claude_1821,claude,3,positive,positive
claude_1821,claude,4,positive,positive
claude_1821,claude,9,positive,positive
claude_1822,claude,0,positive,positive
claude_1822,claude,1,positive,positive
claude_1822,claude,3,positive,positive
claude_1822,claude,4,positive,positive
claude_1822,claude,9,positive,positive
claude_1823,claude,0,positive,positive
claude_1823,claude,1,positive,positive
claude_1823,claude,3,positive,positive
claude_1823,claude,4,positive,positive
claude_1823,claude,9,positive,positive
claude_1824,claude,0,positive,positive
claude_1824,claude,1,positive,positive
claude_1824,claude,3,positive,positive
claude_1824,claude,4,positive,positive
claude_1824,claude,9,positive,positive
claude_1838,claude,0,neutral,positive
claude_1838,claude,1,neutral,neutral
claude_1838,claude,3,neutral,positive
claude_1838,claude,4,neutral,positive
claude_1838,claude,9,neutral,neutral
claude_1847,claude,0,neutral,neutral
claude_1847,claude,1,neutral,neutral
claude_1847,claude,3,neutral,neutral
claude_1847,claude,4,neutral,neutral
claude_1847,claude,9,neutral,neutral
claude_1848,claude,0,neutral,neutral
claude_1848,claude,1,neutral,neutral
claude_1848,claude,3,neutral,neutral
claude_1848,claude,4,neutral,neutral
claude_1848,claude,9,neutral,neutral
claude_1851,claude,0,negative,negative
claude_1851,claude,1,negative,negative
claude_1851,claude,3,negative,negative
claude_1851,claude,4,negative,negative
claude_1851,claude,9,negative,negative
claude_1852,claude,0,negative,negative
claude_1852,claude,1,negative,negative
claude_1852,claude,3,negative,negative
claude_1852,claude,4,negative,negative
claude_1852,claude,9,negative,negative
claude_1853,claude,0,negative,negative
claude_1853,claude,1,negative,negative
claude_1853,claude,3,negative,negative
claude_1853,claude,4,negative,negative
claude_1853,claude,9,negative,negative
claude_1854,claude,0,neutral,negative
claude_1854,claude,1,neutral,negative
claude_1854,claude,3,neutral,negative
claude_1854,claude,4,neutral,negative
claude_1854,claude,9,neutral,negative
claude_1856,claude,0,negative,negative
claude_1856,claude,1,negative,negative
claude_1856,claude,3,negative,negative
claude_1856,claude,4,negative,negative
claude_1856,claude,9,negative,negative
claude_1857,claude,0,positive,positive
claude_1857,claude,1,positive,neutral
claude_1857,claude,3,positive,positive
claude_1857,claude,4,positive,positive
claude_1857,claude,9,positive,positive
llama_27,llama,0,neutral,neutral
llama_27,llama,1,neutral,neutral
llama_27,llama,3,neutral,neutral
llama_27,llama,4,neutral,positive
llama_27,llama,9,neutral,neutral
llama_129,llama,0,neutral,neutral
llama_129,llama,1,neutral,neutral
llama_129,llama,3,neutral,neutral
llama_129,llama,4,neutral,neutral
llama_129,llama,9,neutral,neutral
llama_2676,llama,0,positive,positive
llama_2676,llama,1,positive,positive
llama_2676,llama,3,positive,positive
llama_2676,llama,4,positive,positive
llama_2676,llama,9,positive,positive
llama_2677,llama,0,positive,positive
llama_2677,llama,1,positive,positive
llama_2677,llama,3,positive,positive
llama_2677,llama,4,positive,positive
llama_2677,llama,9,positive,positive
llama_2678,llama,0,positive,positive
llama_2678,llama,1,positive,positive
llama_2678,llama,3,positive,positive
llama_2678,llama,4,positive,positive
llama_2678,llama,9,positive,positive
llama_2679,llama,0,positive,neutral
llama_2679,llama,1,positive,neutral
llama_2679,llama,3,positive,neutral
llama_2679,llama,4,positive,neutral
llama_2679,llama,9,positive,neutral
llama_2680,llama,0,positive,positive
llama_2680,llama,1,positive,positive
llama_2680,llama,3,positive,positive
llama_2680,llama,4,positive,positive
llama_2680,llama,9,positive,positive
llama_2935,llama,0,neutral,neutral
llama_2935,llama,1,neutral,neutral
llama_2935,llama,3,neutral,neutral
llama_2935,llama,4,neutral,neutral
llama_2935,llama,9,neutral,neutral
llama_3601,llama,0,negative,negative
llama_3601,llama,1,negative,negative
llama_3601,llama,3,negative,negative
llama_3601,llama,4,negative,negative
llama_3601,llama,9,negative,negative
llama_3615,llama,0,neutral,positive
llama_3615,llama,1,neutral,positive
llama_3615,llama,3,neutral,neutral
llama_3615,llama,4,neutral,positive
llama_3615,llama,9,neutral,positive
llama_3676,llama,0,neutral,neutral
llama_3676,llama,1,neutral,neutral
llama_3676,llama,3,neutral,neutral
llama_3676,llama,4,neutral,neutral
llama_3676,llama,9,neutral,neutral
llama_4016,llama,0,neutral,positive
llama_4016,llama,1,neutral,neutral
llama_4016,llama,3,neutral,positive
llama_4016,llama,4,neutral,neutral
llama_4016,llama,9,neutral,neutral
llama_4335,llama,0,neutral,positive
llama_4335,llama,1,neutral,positive
llama_4335,llama,3,neutral,positive
llama_4335,llama,4,neutral,positive
llama_4335,llama,9,neutral,positive
llama_4336,llama,0,neutral,positive
llama_4336,llama,1,neutral,positive
llama_4336,llama,3,neutral,positive
llama_4336,llama,4,neutral,positive
llama_4336,llama,9,neutral,positive
llama_4361,llama,0,negative,negative
llama_4361,llama,1,negative,negative
llama_4361,llama,3,negative,negative
llama_4361,llama,4,negative,negative
llama_4361,llama,9,negative,negative
llama_4376,llama,0,neutral,positive
llama_4376,llama,1,neutral,positive
llama_4376,llama,3,neutral,positive
llama_4376,llama,4,neutral,positive
llama_4376,llama,9,neutral,positive
llama_4377,llama,0,positive,positive
llama_4377,llama,1,positive,positive
llama_4377,llama,3,positive,positive
llama_4377,llama,4,positive,positive
llama_4377,llama,9,positive,positive
llama_4381,llama,0,neutral,negative
llama_4381,llama,1,neutral,negative
llama_4381,llama,3,neutral,neutral
llama_4381,llama,4,neutral,negative
llama_4381,llama,9,neutral,negative
llama_4412,llama,0,negative,negative
llama_4412,llama,1,negative,negative
llama_4412,llama,3,negative,negative
llama_4412,llama,4,negative,negative
llama_4412,llama,9,negative,negative
llama_4415,llama,0,negative,negative
llama_4415,llama,1,negative,negative
llama_4415,llama,3,negative,negative
llama_4415,llama,4,negative,negative
llama_4415,llama,9,negative,negative
llama_4445,llama,0,neutral,positive
llama_4445,llama,1,neutral,positive
llama_4445,llama,3,neutral,positive
llama_4445,llama,4,neutral,positive
llama_4445,llama,9,neutral,positive
llama_4446,llama,0,positive,positive
llama_4446,llama,1,positive,positive
llama_4446,llama,3,positive,positive
llama_4446,llama,4,positive,positive
llama_4446,llama,9,positive,positive
llama_4563,llama,0,neutral,neutral
llama_4563,llama,1,neutral,neutral
llama_4563,llama,3,neutral,neutral
llama_4563,llama,4,neutral,neutral
llama_4563,llama,9,neutral,neutral
llama_4564,llama,0,neutral,neutral
llama_4564,llama,1,neutral,neutral
llama_4564,llama,3,neutral,neutral
llama_4564,llama,4,neutral,neutral
llama_4564,llama,9,neutral,neutral
llama_4565,llama,0,neutral,neutral
llama_4565,llama,1,neutral,neutral
llama_4565,llama,3,neutral,neutral
llama_4565,llama,4,neutral,neutral
llama_4565,llama,9,neutral,neutral
llama_4571,llama,0,positive,positive
llama_4571,llama,1,positive,positive
llama_4571,llama,3,positive,positive
llama_4571,llama,4,positive,positive
llama_4571,llama,9,positive,positive
llama_4578,llama,0,neutral,neutral
llama_4578,llama,1,neutral,neutral
llama_4578,llama,3,neutral,neutral
llama_4578,llama,4,neutral,neutral
llama_4578,llama,9,neutral,neutral
llama_4581,llama,0,negative,negative
llama_4581,llama,1,negative,negative
llama_4581,llama,3,negative,negative
llama_4581,llama,4,negative,negative
llama_4581,llama,9,negative,negative
llama_4585,llama,0,neutral,neutral
llama_4585,llama,1,neutral,neutral
llama_4585,llama,3,neutral,neutral
llama_4585,llama,4,neutral,neutral
llama_4585,llama,9,neutral,neutral
llama_4586,llama,0,neutral,neutral
llama_4586,llama,1,neutral,neutral
llama_4586,llama,3,neutral,neutral
llama_4586,llama,4,neutral,neutral
llama_4586,llama,9,neutral,neutral
llama_4590,llama,0,neutral,neutral
llama_4590,llama,1,neutral,neutral
llama_4590,llama,3,neutral,neutral
llama_4590,llama,4,neutral,neutral
llama_4590,llama,9,neutral,neutral
llama_4599,llama,0,negative,neutral
llama_4599,llama,1,negative,neutral
llama_4599,llama,3,negative,neutral
llama_4599,llama,4,negative,neutral
llama_4599,llama,9,negative,neutral
llama_4653,llama,0,positive,positive
llama_4653,llama,1,positive,positive
llama_4653,llama,3,positive,positive
llama_4653,llama,4,positive,positive
llama_4653,llama,9,positive,positive
llama_4655,llama,0,positive,positive
llama_4655,llama,1,positive,positive
llama_4655,llama,3,positive,positive
llama_4655,llama,4,positive,positive
llama_4655,llama,9,positive,positive
llama_4679,llama,0,neutral,positive
llama_4679,llama,1,neutral,positive
llama_4679,llama,3,neutral,positive
llama_4679,llama,4,neutral,neutral
llama_4679,llama,9,neutral,positive
llama_4693,llama,0,positive,positive
llama_4693,llama,1,positive,positive
llama_4693,llama,3,positive,positive
llama_4693,llama,4,positive,positive
llama_4693,llama,9,positive,positive
llama_4713,llama,0,positive,positive
llama_4713,llama,1,positive,positive
llama_4713,llama,3,positive,positive
llama_4713,llama,4,positive,positive
llama_4713,llama,9,positive,positive
llama_5647,llama,0,positive,positive
llama_5647,llama,1,positive,positive
llama_5647,llama,3,positive,positive
llama_5647,llama,4,positive,positive
llama_5647,llama,9,positive,positive
llama_5649,llama,0,positive,positive
llama_5649,llama,1,positive,positive
llama_5649,llama,3,positive,positive
llama_5649,llama,4,positive,positive
llama_5649,llama,9,positive,positive
llama_5650,llama,0,positive,positive
llama_5650,llama,1,positive,positive
llama_5650,llama,3,positive,positive
llama_5650,llama,4,positive,positive
llama_5650,llama,9,positive,positive
llama_5652,llama,0,positive,positive
llama_5652,llama,1,positive,positive
llama_5652,llama,3,positive,positive
llama_5652,llama,4,positive,positive
llama_5652,llama,9,positive,positive
llama_5653,llama,0,neutral,neutral
llama_5653,llama,1,neutral,neutral
llama_5653,llama,3,neutral,neutral
llama_5653,llama,4,neutral,neutral
llama_5653,llama,9,neutral,neutral
llama_5654,llama,0,positive,positive
llama_5654,llama,1,positive,positive
llama_5654,llama,3,positive,positive
llama_5654,llama,4,positive,positive
llama_5654,llama,9,positive,positive
llama_5669,llama,0,positive,positive
llama_5669,llama,1,positive,positive
llama_5669,llama,3,positive,positive
llama_5669,llama,4,positive,positive
llama_5669,llama,9,positive,positive
llama_5673,llama,0,neutral,positive
llama_5673,llama,1,neutral,neutral
llama_5673,llama,3,neutral,positive
llama_5673,llama,4,neutral,neutral
llama_5673,llama,9,neutral,neutral
llama_5674,llama,0,neutral,neutral
llama_5674,llama,1,neutral,neutral
llama_5674,llama,3,neutral,neutral
llama_5674,llama,4,neutral,positive
llama_5674,llama,9,neutral,neutral
llama_5716,llama,0,positive,positive
llama_5716,llama,1,positive,positive
llama_5716,llama,3,positive,positive
llama_5716,llama,4,positive,positive
llama_5716,llama,9,positive,positive
llama_5717,llama,0,neutral,neutral
llama_5717,llama,1,neutral,neutral
llama_5717,llama,3,neutral,neutral
llama_5717,llama,4,neutral,neutral
llama_5717,llama,9,neutral,neutral
llama_5725,llama,0,neutral,neutral
llama_5725,llama,1,neutral,neutral
llama_5725,llama,3,neutral,neutral
llama_5725,llama,4,neutral,neutral
llama_5725,llama,9,neutral,neutral
llama_5755,llama,0,positive,positive
llama_5755,llama,1,positive,positive
llama_5755,llama,3,positive,positive
llama_5755,llama,4,positive,positive
llama_5755,llama,9,positive,positive
llama_5756,llama,0,positive,positive
llama_5756,llama,1,positive,positive
llama_5756,llama,3,positive,positive
llama_5756,llama,4,positive,positive
llama_5756,llama,9,positive,positive
llama_5757,llama,0,positive,positive
llama_5757,llama,1,positive,positive
llama_5757,llama,3,positive,positive
llama_5757,llama,4,positive,positive
llama_5757,llama,9,positive,positive
llama_5758,llama,0,positive,positive
llama_5758,llama,1,positive,positive
llama_5758,llama,3,positive,positive
llama_5758,llama,4,positive,positive
llama_5758,llama,9,positive,positive
llama_5761,llama,0,positive,positive
llama_5761,llama,1,positive,positive
llama_5761,llama,3,positive,positive
llama_5761,llama,4,positive,positive
llama_5761,llama,9,positive,positive
llama_5796,llama,0,positive,positive
llama_5796,llama,1,positive,positive
llama_5796,llama,3,positive,positive
llama_5796,llama,4,positive,positive
llama_5796,llama,9,positive,positive
llama_5797,llama,0,positive,positive
llama_5797,llama,1,positive,positive
llama_5797,llama,3,positive,positive
llama_5797,llama,4,positive,positive
llama_5797,llama,9,positive,positive
llama_5798,llama,0,neutral,positive
llama_5798,llama,1,neutral,positive
llama_5798,llama,3,neutral,positive
llama_5798,llama,4,neutral,positive
llama_5798,llama,9,neutral,positive
llama_5799,llama,0,neutral,positive
llama_5799,llama,1,neutral,positive
llama_5799,llama,3,neutral,positive
llama_5799,llama,4,neutral,positive
llama_5799,llama,9,neutral,positive
llama_5800,llama,0,neutral,positive
llama_5800,llama,1,neutral,positive
llama_5800,llama,3,neutral,positive
llama_5800,llama,4,neutral,positive
llama_5800,llama,9,neutral,positive
llama_5801,llama,0,neutral,positive
llama_5801,llama,1,neutral,positive
llama_5801,llama,3,neutral,positive
llama_5801,llama,4,neutral,positive
llama_5801,llama,9,neutral,positive
llama_5987,llama,0,negative,negative
llama_5987,llama,1,negative,negative
llama_5987,llama,3,negative,negative
llama_5987,llama,4,negative,negative
llama_5987,llama,9,negative,negative
llama_5988,llama,0,negative,negative
llama_5988,llama,1,negative,negative
llama_5988,llama,3,negative,negative
llama_5988,llama,4,negative,negative
llama_5988,llama,9,negative,negative
llama_5991,llama,0,negative,negative
llama_5991,llama,1,negative,negative
llama_5991,llama,3,negative,negative
llama_5991,llama,4,negative,negative
llama_5991,llama,9,negative,negative
llama_5994,llama,0,negative,negative
llama_5994,llama,1,negative,neutral
llama_5994,llama,3,negative,negative
llama_5994,llama,4,negative,negative
llama_5994,llama,9,negative,negative
llama_6019,llama,0,negative,positive
llama_6019,llama,1,negative,positive
llama_6019,llama,3,negative,positive
llama_6019,llama,4,negative,positive
llama_6019,llama,9,negative,positive
llama_6020,llama,0,negative,negative
llama_6020,llama,1,negative,negative
llama_6020,llama,3,negative,negative
llama_6020,llama,4,negative,negative
llama_6020,llama,9,negative,negative
llama_6132,llama,0,negative,negative
llama_6132,llama,1,negative,neutral
llama_6132,llama,3,negative,neutral
llama_6132,llama,4,negative,neutral
llama_6132,llama,9,negative,negative
llama_6306,llama,0,neutral,neutral
llama_6306,llama,1,neutral,neutral
llama_6306,llama,3,neutral,neutral
llama_6306,llama,4,neutral,neutral
llama_6306,llama,9,neutral,neutral
llama_6309,llama,0,neutral,positive
llama_6309,llama,1,neutral,neutral
llama_6309,llama,3,neutral,neutral
llama_6309,llama,4,neutral,neutral
llama_6309,llama,9,neutral,positive
llama_6317,llama,0,positive,positive
llama_6317,llama,1,positive,positive
llama_6317,llama,3,positive,positive
llama_6317,llama,4,positive,positive
llama_6317,llama,9,positive,positive
llama_6504,llama,0,positive,positive
llama_6504,llama,1,positive,positive
llama_6504,llama,3,positive,positive
llama_6504,llama,4,positive,positive
llama_6504,llama,9,positive,positive
llama_6505,llama,0,positive,positive
llama_6505,llama,1,positive,positive
llama_6505,llama,3,positive,positive
llama_6505,llama,4,positive,positive
llama_6505,llama,9,positive,positive
llama_6506,llama,0,positive,positive
llama_6506,llama,1,positive,positive
llama_6506,llama,3,positive,positive
llama_6506,llama,4,positive,positive
llama_6506,llama,9,positive,positive
llama_6515,llama,0,neutral,neutral
llama_6515,llama,1,neutral,neutral
llama_6515,llama,3,neutral,neutral
llama_6515,llama,4,neutral,neutral
llama_6515,llama,9,neutral,neutral
llama_6517,llama,0,neutral,neutral
llama_6517,llama,1,neutral,neutral
llama_6517,llama,3,neutral,neutral
llama_6517,llama,4,neutral,neutral
llama_6517,llama,9,neutral,neutral
llama_6521,llama,0,neutral,neutral
llama_6521,llama,1,neutral,neutral
llama_6521,llama,3,neutral,neutral
llama_6521,llama,4,neutral,negative
llama_6521,llama,9,neutral,neutral
llama_6522,llama,0,neutral,neutral
llama_6522,llama,1,neutral,neutral
llama_6522,llama,3,neutral,neutral
llama_6522,llama,4,neutral,positive
llama_6522,llama,9,neutral,neutral
llama_6523,llama,0,neutral,positive
llama_6523,llama,1,neutral,positive
llama_6523,llama,3,neutral,positive
llama_6523,llama,4,neutral,positive
llama_6523,llama,9,neutral,positive
llama_6527,llama,0,neutral,neutral
llama_6527,llama,1,neutral,neutral
llama_6527,llama,3,neutral,neutral
llama_6527,llama,4,neutral,neutral
llama_6527,llama,9,neutral,neutral
llama_6529,llama,0,neutral,neutral
llama_6529,llama,1,neutral,neutral
llama_6529,llama,3,neutral,neutral
llama_6529,llama,4,neutral,neutral
llama_6529,llama,9,neutral,neutral
llama_6530,llama,0,neutral,neutral
llama_6530,llama,1,neutral,neutral
llama_6530,llama,3,neutral,neutral
llama_6530,llama,4,neutral,neutral
llama_6530,llama,9,neutral,neutral
llama_6533,llama,0,neutral,neutral
llama_6533,llama,1,neutral,neutral
llama_6533,llama,3,neutral,neutral
llama_6533,llama,4,neutral,neutral
llama_6533,llama,9,neutral,neutral
llama_6534,llama,0,neutral,positive
llama_6534,llama,1,neutral,neutral
llama_6534,llama,3,neutral,neutral
llama_6534,llama,4,neutral,positive
llama_6534,llama,9,neutral,positive
llama_6535,llama,0,neutral,neutral
llama_6535,llama,1,neutral,neutral
llama_6535,llama,3,neutral,neutral
llama_6535,llama,4,neutral,neutral
llama_6535,llama,9,neutral,neutral
llama_6536,llama,0,positive,positive
llama_6536,llama,1,positive,positive
llama_6536,llama,3,positive,positive
llama_6536,llama,4,positive,positive
llama_6536,llama,9,positive,positive
llama_6538,llama,0,neutral,positive
llama_6538,llama,1,neutral,positive
llama_6538,llama,3,neutral,positive
llama_6538,llama,4,neutral,positive
llama_6538,llama,9,neutral,positive
llama_6541,llama,0,neutral,neutral
llama_6541,llama,1,neutral,neutral
llama_6541,llama,3,neutral,neutral
llama_6541,llama,4,neutral,neutral
llama_6541,llama,9,neutral,neutral
llama_6546,llama,0,neutral,positive
llama_6546,llama,1,neutral,positive
llama_6546,llama,3,neutral,positive
llama_6546,llama,4,neutral,positive
llama_6546,llama,9,neutral,positive
llama_6549,llama,0,neutral,neutral
llama_6549,llama,1,neutral,neutral
llama_6549,llama,3,neutral,neutral
llama_6549,llama,4,neutral,neutral
llama_6549,llama,9,neutral,neutral
llama_6595,llama,0,positive,positive
llama_6595,llama,1,positive,positive
llama_6595,llama,3,positive,positive
llama_6595,llama,4,positive,positive
llama_6595,llama,9,positive,positive
llama_6596,llama,0,neutral,negative
llama_6596,llama,1,neutral,neutral
llama_6596,llama,3,neutral,negative
llama_6596,llama,4,neutral,negative
llama_6596,llama,9,neutral,neutral
llama_6597,llama,0,neutral,neutral
llama_6597,llama,1,neutral,neutral
llama_6597,llama,3,neutral,neutral
llama_6597,llama,4,neutral,neutral
llama_6597,llama,9,neutral,negative
llama_6598,llama,0,neutral,positive
llama_6598,llama,1,neutral,positive
llama_6598,llama,3,neutral,positive
llama_6598,llama,4,neutral,positive
llama_6598,llama,9,neutral,neutral
llama_6631,llama,0,neutral,neutral
llama_6631,llama,1,neutral,neutral
llama_6631,llama,3,neutral,positive
llama_6631,llama,4,neutral,neutral
llama_6631,llama,9,neutral,neutral
llama_6633,llama,0,neutral,positive
llama_6633,llama,1,neutral,positive
llama_6633,llama,3,neutral,positive
llama_6633,llama,4,neutral,positive
llama_6633,llama,9,neutral,positive
llama_6641,llama,0,neutral,positive
llama_6641,llama,1,neutral,positive
llama_6641,llama,3,neutral,positive
llama_6641,llama,4,neutral,positive
llama_6641,llama,9,neutral,positive
llama_6642,llama,0,neutral,positive
llama_6642,llama,1,neutral,positive
llama_6642,llama,3,neutral,positive
llama_6642,llama,4,neutral,positive
llama_6642,llama,9,neutral,positive
llama_6662,llama,0,neutral,positive
llama_6662,llama,1,neutral,neutral
llama_6662,llama,3,neutral,positive
llama_6662,llama,4,neutral,neutral
llama_6662,llama,9,neutral,neutral
llama_6663,llama,0,neutral,neutral
llama_6663,llama,1,neutral,positive
llama_6663,llama,3,neutral,positive
llama_6663,llama,4,neutral,positive
llama_6663,llama,9,neutral,neutral
llama_6664,llama,0,neutral,neutral
llama_6664,llama,1,neutral,neutral
llama_6664,llama,3,neutral,positive
llama_6664,llama,4,neutral,neutral
llama_6664,llama,9,neutral,neutral
llama_6665,llama,0,neutral,neutral
llama_6665,llama,1,neutral,neutral
llama_6665,llama,3,neutral,positive
llama_6665,llama,4,neutral,positive
llama_6665,llama,9,neutral,positive
llama_6666,llama,0,neutral,neutral
llama_6666,llama,1,neutral,negative
llama_6666,llama,3,neutral,neutral
llama_6666,llama,4,neutral,neutral
llama_6666,llama,9,neutral,neutral
llama_6667,llama,0,neutral,positive
llama_6667,llama,1,neutral,neutral
llama_6667,llama,3,neutral,neutral
llama_6667,llama,4,neutral,neutral
llama_6667,llama,9,neutral,neutral
llama_6668,llama,0,neutral,positive
llama_6668,llama,1,neutral,neutral
llama_6668,llama,3,neutral,positive
llama_6668,llama,4,neutral,neutral
llama_6668,llama,9,neutral,positive
llama_6669,llama,0,neutral,positive
llama_6669,llama,1,neutral,neutral
llama_6669,llama,3,neutral,positive
llama_6669,llama,4,neutral,neutral
llama_6669,llama,9,neutral,positive
llama_6670,llama,0,neutral,neutral
llama_6670,llama,1,neutral,neutral
llama_6670,llama,3,neutral,neutral
llama_6670,llama,4,neutral,neutral
llama_6670,llama,9,neutral,neutral
llama_6671,llama,0,neutral,positive
llama_6671,llama,1,neutral,neutral
llama_6671,llama,3,neutral,positive
llama_6671,llama,4,neutral,neutral
llama_6671,llama,9,neutral,positive
llama_6696,llama,0,positive,positive
llama_6696,llama,1,positive,positive
llama_6696,llama,3,positive,positive
llama_6696,llama,4,positive,positive
llama_6696,llama,9,positive,positive
llama_6697,llama,0,positive,positive
llama_6697,llama,1,positive,positive
llama_6697,llama,3,positive,positive
llama_6697,llama,4,positive,positive
llama_6697,llama,9,positive,positive
llama_6698,llama,0,positive,positive
llama_6698,llama,1,positive,positive
llama_6698,llama,3,positive,positive
llama_6698,llama,4,positive,positive
llama_6698,llama,9,positive,positive
llama_6699,llama,0,positive,positive
llama_6699,llama,1,positive,positive
llama_6699,llama,3,positive,positive
llama_6699,llama,4,positive,positive
llama_6699,llama,9,positive,positive
llama_6700,llama,0,positive,positive
llama_6700,llama,1,positive,positive
llama_6700,llama,3,positive,positive
llama_6700,llama,4,positive,positive
llama_6700,llama,9,positive,positive
llama_6707,llama,0,neutral,neutral
llama_6707,llama,1,neutral,neutral
llama_6707,llama,3,neutral,positive
llama_6707,llama,4,neutral,neutral
llama_6707,llama,9,neutral,neutral
llama_6713,llama,0,neutral,positive
llama_6713,llama,1,neutral,positive
llama_6713,llama,3,neutral,positive
llama_6713,llama,4,neutral,positive
llama_6713,llama,9,neutral,positive
llama_6716,llama,0,neutral,neutral
llama_6716,llama,1,neutral,neutral
llama_6716,llama,3,neutral,neutral
llama_6716,llama,4,neutral,neutral
llama_6716,llama,9,neutral,neutral
llama_6717,llama,0,neutral,neutral
llama_6717,llama,1,neutral,neutral
llama_6717,llama,3,neutral,neutral
llama_6717,llama,4,neutral,neutral
llama_6717,llama,9,neutral,negative
llama_6718,llama,0,neutral,neutral
llama_6718,llama,1,neutral,neutral
llama_6718,llama,3,neutral,neutral
llama_6718,llama,4,neutral,neutral
llama_6718,llama,9,neutral,negative
llama_6726,llama,0,positive,positive
llama_6726,llama,1,positive,positive
llama_6726,llama,3,positive,positive
llama_6726,llama,4,positive,positive
llama_6726,llama,9,positive,positive
llama_6731,llama,0,neutral,neutral
llama_6731,llama,1,neutral,neutral
llama_6731,llama,3,neutral,neutral
llama_6731,llama,4,neutral,neutral
llama_6731,llama,9,neutral,neutral
llama_6740,llama,0,neutral,neutral
llama_6740,llama,1,neutral,neutral
llama_6740,llama,3,neutral,neutral
llama_6740,llama,4,neutral,neutral
llama_6740,llama,9,neutral,neutral
llama_6750,llama,0,neutral,neutral
llama_6750,llama,1,neutral,neutral
llama_6750,llama,3,neutral,neutral
llama_6750,llama,4,neutral,neutral
llama_6750,llama,9,neutral,neutral
llama_6756,llama,0,positive,positive
llama_6756,llama,1,positive,positive
llama_6756,llama,3,positive,positive
llama_6756,llama,4,positive,positive
llama_6756,llama,9,positive,positive
llama_6758,llama,0,neutral,neutral
llama_6758,llama,1,neutral,neutral
llama_6758,llama,3,neutral,neutral
llama_6758,llama,4,neutral,neutral
llama_6758,llama,9,neutral,neutral
llama_6765,llama,0,neutral,neutral
llama_6765,llama,1,neutral,neutral
llama_6765,llama,3,neutral,positive
llama_6765,llama,4,neutral,neutral
llama_6765,llama,9,neutral,neutral
llama_6785,llama,0,positive,positive
llama_6785,llama,1,positive,positive
llama_6785,llama,3,positive,positive
llama_6785,llama,4,positive,positive
llama_6785,llama,9,positive,positive
llama_6810,llama,0,positive,positive
llama_6810,llama,1,positive,positive
llama_6810,llama,3,positive,neutral
llama_6810,llama,4,positive,neutral
llama_6810,llama,9,positive,neutral
llama_6815,llama,0,neutral,neutral
llama_6815,llama,1,neutral,neutral
llama_6815,llama,3,neutral,positive
llama_6815,llama,4,neutral,neutral
llama_6815,llama,9,neutral,neutral
llama_6832,llama,0,neutral,neutral
llama_6832,llama,1,neutral,neutral
llama_6832,llama,3,neutral,neutral
llama_6832,llama,4,neutral,neutral
llama_6832,llama,9,neutral,neutral
llama_7163,llama,0,neutral,neutral
llama_7163,llama,1,neutral,neutral
llama_7163,llama,3,neutral,neutral
llama_7163,llama,4,neutral,neutral
llama_7163,llama,9,neutral,neutral
llama_7224,llama,0,neutral,neutral
llama_7224,llama,1,neutral,neutral
llama_7224,llama,3,neutral,neutral
llama_7224,llama,4,neutral,neutral
llama_7224,llama,9,neutral,neutral
llama_7225,llama,0,neutral,neutral
llama_7225,llama,1,neutral,neutral
llama_7225,llama,3,neutral,neutral
llama_7225,llama,4,neutral,neutral
llama_7225,llama,9,neutral,neutral
llama_7226,llama,0,neutral,neutral
llama_7226,llama,1,neutral,neutral
llama_7226,llama,3,neutral,neutral
llama_7226,llama,4,neutral,neutral
llama_7226,llama,9,neutral,neutral
llama_7230,llama,0,neutral,neutral
llama_7230,llama,1,neutral,neutral
llama_7230,llama,3,neutral,neutral
llama_7230,llama,4,neutral,neutral
llama_7230,llama,9,neutral,neutral
llama_7249,llama,0,neutral,neutral
llama_7249,llama,1,neutral,neutral
llama_7249,llama,3,neutral,neutral
llama_7249,llama,4,neutral,neutral
llama_7249,llama,9,neutral,neutral
llama_7323,llama,0,neutral,neutral
llama_7323,llama,1,neutral,neutral
llama_7323,llama,3,neutral,neutral
llama_7323,llama,4,neutral,neutral
llama_7323,llama,9,neutral,neutral
llama_7398,llama,0,neutral,neutral
llama_7398,llama,1,neutral,neutral
llama_7398,llama,3,neutral,neutral
llama_7398,llama,4,neutral,neutral
llama_7398,llama,9,neutral,neutral
llama_7404,llama,0,neutral,neutral
llama_7404,llama,1,neutral,neutral
llama_7404,llama,3,neutral,neutral
llama_7404,llama,4,neutral,neutral
llama_7404,llama,9,neutral,neutral
llama_7417,llama,0,neutral,neutral
llama_7417,llama,1,neutral,neutral
llama_7417,llama,3,neutral,neutral
llama_7417,llama,4,neutral,neutral
llama_7417,llama,9,neutral,neutral
llama_7418,llama,0,neutral,neutral
llama_7418,llama,1,neutral,neutral
llama_7418,llama,3,neutral,neutral
llama_7418,llama,4,neutral,neutral
llama_7418,llama,9,neutral,neutral
llama_7419,llama,0,neutral,neutral
llama_7419,llama,1,neutral,neutral
llama_7419,llama,3,neutral,neutral
llama_7419,llama,4,neutral,neutral
llama_7419,llama,9,neutral,neutral
llama_7426,llama,0,neutral,neutral
llama_7426,llama,1,neutral,neutral
llama_7426,llama,3,neutral,neutral
llama_7426,llama,4,neutral,neutral
llama_7426,llama,9,neutral,neutral
llama_7636,llama,0,neutral,neutral
llama_7636,llama,1,neutral,neutral
llama_7636,llama,3,neutral,neutral
llama_7636,llama,4,neutral,neutral
llama_7636,llama,9,neutral,neutral
llama_7637,llama,0,neutral,neutral
llama_7637,llama,1,neutral,neutral
llama_7637,llama,3,neutral,neutral
llama_7637,llama,4,neutral,neutral
llama_7637,llama,9,neutral,neutral
llama_7671,llama,0,positive,neutral
llama_7671,llama,1,positive,neutral
llama_7671,llama,3,positive,neutral
llama_7671,llama,4,positive,neutral
llama_7671,llama,9,positive,neutral
llama_7784,llama,0,neutral,neutral
llama_7784,llama,1,neutral,neutral
llama_7784,llama,3,neutral,neutral
llama_7784,llama,4,neutral,neutral
llama_7784,llama,9,neutral,neutral
llama_7785,llama,0,neutral,neutral
llama_7785,llama,1,neutral,neutral
llama_7785,llama,3,neutral,neutral
llama_7785,llama,4,neutral,neutral
llama_7785,llama,9,neutral,neutral
llama_7786,llama,0,neutral,neutral
llama_7786,llama,1,neutral,neutral
llama_7786,llama,3,neutral,neutral
llama_7786,llama,4,neutral,neutral
llama_7786,llama,9,neutral,neutral
llama_7787,llama,0,neutral,neutral
llama_7787,llama,1,neutral,neutral
llama_7787,llama,3,neutral,neutral
llama_7787,llama,4,neutral,neutral
llama_7787,llama,9,neutral,neutral
llama_7793,llama,0,negative,neutral
llama_7793,llama,1,negative,neutral
llama_7793,llama,3,negative,neutral
llama_7793,llama,4,negative,negative
llama_7793,llama,9,negative,negative
llama_7794,llama,0,negative,neutral
llama_7794,llama,1,negative,neutral
llama_7794,llama,3,negative,neutral
llama_7794,llama,4,negative,neutral
llama_7794,llama,9,negative,negative
llama_7801,llama,0,neutral,neutral
llama_7801,llama,1,neutral,neutral
llama_7801,llama,3,neutral,neutral
llama_7801,llama,4,neutral,neutral
llama_7801,llama,9,neutral,neutral
llama_8674,llama,0,neutral,neutral
llama_8674,llama,1,neutral,neutral
llama_8674,llama,3,neutral,neutral
llama_8674,llama,4,neutral,neutral
llama_8674,llama,9,neutral,neutral
llama_8675,llama,0,neutral,neutral
llama_8675,llama,1,neutral,neutral
llama_8675,llama,3,neutral,neutral
llama_8675,llama,4,neutral,neutral
llama_8675,llama,9,neutral,neutral
llama_8722,llama,0,neutral,neutral
llama_8722,llama,1,neutral,positive
llama_8722,llama,3,neutral,neutral
llama_8722,llama,4,neutral,neutral
llama_8722,llama,9,neutral,neutral
llama_8776,llama,0,neutral,neutral
llama_8776,llama,1,neutral,neutral
llama_8776,llama,3,neutral,neutral
llama_8776,llama,4,neutral,neutral
llama_8776,llama,9,neutral,neutral
llama_8932,llama,0,neutral,neutral
llama_8932,llama,1,neutral,neutral
llama_8932,llama,3,neutral,neutral
llama_8932,llama,4,neutral,neutral
llama_8932,llama,9,neutral,neutral
llama_9484,llama,0,neutral,neutral
llama_9484,llama,1,neutral,neutral
llama_9484,llama,3,neutral,neutral
llama_9484,llama,4,neutral,neutral
llama_9484,llama,9,neutral,neutral
llama_10495,llama,0,neutral,neutral
llama_10495,llama,1,neutral,neutral
llama_10495,llama,3,neutral,positive
llama_10495,llama,4,neutral,neutral
llama_10495,llama,9,neutral,neutral
llama_10496,llama,0,neutral,neutral
llama_10496,llama,1,neutral,neutral
llama_10496,llama,3,neutral,neutral
llama_10496,llama,4,neutral,neutral
llama_10496,llama,9,neutral,neutral
llama_10788,llama,0,neutral,neutral
llama_10788,llama,1,neutral,neutral
llama_10788,llama,3,neutral,neutral
llama_10788,llama,4,neutral,neutral
llama_10788,llama,9,neutral,neutral
llama_10789,llama,0,neutral,neutral
llama_10789,llama,1,neutral,neutral
llama_10789,llama,3,neutral,neutral
llama_10789,llama,4,neutral,neutral
llama_10789,llama,9,neutral,neutral
llama_10977,llama,0,neutral,negative
llama_10977,llama,1,neutral,neutral
llama_10977,llama,3,neutral,neutral
llama_10977,llama,4,neutral,neutral
llama_10977,llama,9,neutral,neutral
llama_13100,llama,0,negative,negative
llama_13100,llama,1,negative,negative
llama_13100,llama,3,negative,negative
llama_13100,llama,4,negative,negative
llama_13100,llama,9,negative,positive
llama_13124,llama,0,neutral,neutral
llama_13124,llama,1,neutral,neutral
llama_13124,llama,3,neutral,neutral
llama_13124,llama,4,neutral,neutral
llama_13124,llama,9,neutral,neutral
llama_13125,llama,0,neutral,neutral
llama_13125,llama,1,neutral,neutral
llama_13125,llama,3,neutral,neutral
llama_13125,llama,4,neutral,neutral
llama_13125,llama,9,neutral,neutral
llama_13385,llama,0,neutral,neutral
llama_13385,llama,1,neutral,neutral
llama_13385,llama,3,neutral,neutral
llama_13385,llama,4,neutral,neutral
llama_13385,llama,9,neutral,neutral
llama_13850,llama,0,positive,positive
llama_13850,llama,1,positive,positive
llama_13850,llama,3,positive,positive
llama_13850,llama,4,positive,positive
llama_13850,llama,9,positive,positive
llama_14358,llama,0,neutral,neutral
llama_14358,llama,1,neutral,negative
llama_14358,llama,3,neutral,negative
llama_14358,llama,4,neutral,negative
llama_14358,llama,9,neutral,neutral
llama_14362,llama,0,negative,negative
llama_14362,llama,1,negative,negative
llama_14362,llama,3,negative,negative
llama_14362,llama,4,negative,negative
llama_14362,llama,9,negative,negative
llama_14363,llama,0,negative,negative
llama_14363,llama,1,negative,negative
llama_14363,llama,3,negative,negative
llama_14363,llama,4,negative,negative
llama_14363,llama,9,negative,negative
llama_14364,llama,0,negative,negative
llama_14364,llama,1,negative,negative
llama_14364,llama,3,negative,negative
llama_14364,llama,4,negative,negative
llama_14364,llama,9,negative,negative
llama_14365,llama,0,positive,positive
llama_14365,llama,1,positive,positive
llama_14365,llama,3,positive,positive
llama_14365,llama,4,positive,positive
llama_14365,llama,9,positive,positive
llama_14369,llama,0,negative,negative
llama_14369,llama,1,negative,negative
llama_14369,llama,3,negative,negative
llama_14369,llama,4,negative,negative
llama_14369,llama,9,negative,negative
llama_14372,llama,0,negative,negative
llama_14372,llama,1,negative,negative
llama_14372,llama,3,negative,negative
llama_14372,llama,4,negative,negative
llama_14372,llama,9,negative,negative
llama_14373,llama,0,negative,negative
llama_14373,llama,1,negative,negative
llama_14373,llama,3,negative,negative
llama_14373,llama,4,negative,negative
llama_14373,llama,9,negative,negative
llama_14374,llama,0,negative,negative
llama_14374,llama,1,negative,negative
llama_14374,llama,3,negative,negative
llama_14374,llama,4,negative,negative
llama_14374,llama,9,negative,negative
llama_14375,llama,0,negative,negative
llama_14375,llama,1,negative,negative
llama_14375,llama,3,negative,negative
llama_14375,llama,4,negative,negative
llama_14375,llama,9,negative,negative
llama_14376,llama,0,negative,negative
llama_14376,llama,1,negative,negative
llama_14376,llama,3,negative,negative
llama_14376,llama,4,negative,negative
llama_14376,llama,9,negative,negative
llama_14429,llama,0,neutral,neutral
llama_14429,llama,1,neutral,neutral
llama_14429,llama,3,neutral,neutral
llama_14429,llama,4,neutral,neutral
llama_14429,llama,9,neutral,neutral
llama_14435,llama,0,positive,positive
llama_14435,llama,1,positive,positive
llama_14435,llama,3,positive,positive
llama_14435,llama,4,positive,positive
llama_14435,llama,9,positive,positive
llama_14437,llama,0,positive,positive
llama_14437,llama,1,positive,positive
llama_14437,llama,3,positive,positive
llama_14437,llama,4,positive,positive
llama_14437,llama,9,positive,positive
llama_14439,llama,0,neutral,positive
llama_14439,llama,1,neutral,neutral
llama_14439,llama,3,neutral,positive
llama_14439,llama,4,neutral,positive
llama_14439,llama,9,neutral,positive
llama_14442,llama,0,neutral,neutral
llama_14442,llama,1,neutral,neutral
llama_14442,llama,3,neutral,neutral
llama_14442,llama,4,neutral,neutral
llama_14442,llama,9,neutral,neutral
llama_14455,llama,0,positive,positive
llama_14455,llama,1,positive,positive
llama_14455,llama,3,positive,positive
llama_14455,llama,4,positive,positive
llama_14455,llama,9,positive,positive
llama_14464,llama,0,neutral,neutral
llama_14464,llama,1,neutral,neutral
llama_14464,llama,3,neutral,neutral
llama_14464,llama,4,neutral,neutral
llama_14464,llama,9,neutral,neutral
llama_14514,llama,0,neutral,neutral
llama_14514,llama,1,neutral,neutral
llama_14514,llama,3,neutral,neutral
llama_14514,llama,4,neutral,neutral
llama_14514,llama,9,neutral,neutral
llama_14792,llama,0,neutral,neutral
llama_14792,llama,1,neutral,neutral
llama_14792,llama,3,neutral,neutral
llama_14792,llama,4,neutral,neutral
llama_14792,llama,9,neutral,neutral
llama_14799,llama,0,neutral,neutral
llama_14799,llama,1,neutral,neutral
llama_14799,llama,3,neutral,neutral
llama_14799,llama,4,neutral,neutral
llama_14799,llama,9,neutral,neutral
llama_14846,llama,0,neutral,neutral
llama_14846,llama,1,neutral,neutral
llama_14846,llama,3,neutral,neutral
llama_14846,llama,4,neutral,neutral
llama_14846,llama,9,neutral,positive
llama_15174,llama,0,neutral,neutral
llama_15174,llama,1,neutral,neutral
llama_15174,llama,3,neutral,neutral
llama_15174,llama,4,neutral,neutral
llama_15174,llama,9,neutral,neutral
llama_15185,llama,0,positive,neutral
llama_15185,llama,1,positive,positive
llama_15185,llama,3,positive,positive
llama_15185,llama,4,positive,positive
llama_15185,llama,9,positive,positive
llama_15186,llama,0,positive,neutral
llama_15186,llama,1,positive,neutral
llama_15186,llama,3,positive,neutral
llama_15186,llama,4,positive,neutral
llama_15186,llama,9,positive,neutral
llama_15187,llama,0,positive,neutral
llama_15187,llama,1,positive,neutral
llama_15187,llama,3,positive,neutral
llama_15187,llama,4,positive,neutral
llama_15187,llama,9,positive,neutral
llama_15188,llama,0,positive,neutral
llama_15188,llama,1,positive,neutral
llama_15188,llama,3,positive,neutral
llama_15188,llama,4,positive,neutral
llama_15188,llama,9,positive,neutral
llama_15194,llama,0,neutral,neutral
llama_15194,llama,1,neutral,neutral
llama_15194,llama,3,neutral,neutral
llama_15194,llama,4,neutral,neutral
llama_15194,llama,9,neutral,neutral
llama_15202,llama,0,positive,neutral
llama_15202,llama,1,positive,positive
llama_15202,llama,3,positive,positive
llama_15202,llama,4,positive,positive
llama_15202,llama,9,positive,positive
llama_15224,llama,0,positive,positive
llama_15224,llama,1,positive,positive
llama_15224,llama,3,positive,positive
llama_15224,llama,4,positive,positive
llama_15224,llama,9,positive,positive
llama_15225,llama,0,neutral,neutral
llama_15225,llama,1,neutral,neutral
llama_15225,llama,3,neutral,neutral
llama_15225,llama,4,neutral,neutral
llama_15225,llama,9,neutral,neutral
llama_15226,llama,0,positive,neutral
llama_15226,llama,1,positive,neutral
llama_15226,llama,3,positive,neutral
llama_15226,llama,4,positive,neutral
llama_15226,llama,9,positive,neutral
llama_15227,llama,0,positive,neutral
llama_15227,llama,1,positive,neutral
llama_15227,llama,3,positive,neutral
llama_15227,llama,4,positive,neutral
llama_15227,llama,9,positive,neutral
llama_15228,llama,0,neutral,neutral
llama_15228,llama,1,neutral,neutral
llama_15228,llama,3,neutral,neutral
llama_15228,llama,4,neutral,neutral
llama_15228,llama,9,neutral,neutral
llama_15229,llama,0,positive,neutral
llama_15229,llama,1,positive,neutral
llama_15229,llama,3,positive,neutral
llama_15229,llama,4,positive,neutral
llama_15229,llama,9,positive,neutral
llama_15230,llama,0,positive,neutral
llama_15230,llama,1,positive,neutral
llama_15230,llama,3,positive,positive
llama_15230,llama,4,positive,neutral
llama_15230,llama,9,positive,neutral
llama_15239,llama,0,neutral,neutral
llama_15239,llama,1,neutral,neutral
llama_15239,llama,3,neutral,neutral
llama_15239,llama,4,neutral,neutral
llama_15239,llama,9,neutral,neutral
llama_15245,llama,0,positive,positive
llama_15245,llama,1,positive,positive
llama_15245,llama,3,positive,positive
llama_15245,llama,4,positive,positive
llama_15245,llama,9,positive,positive
llama_15250,llama,0,neutral,neutral
llama_15250,llama,1,neutral,neutral
llama_15250,llama,3,neutral,neutral
llama_15250,llama,4,neutral,neutral
llama_16568,llama,0,neutral,neutral
llama_16568,llama,1,neutral,neutral
llama_16568,llama,3,neutral,neutral
llama_16568,llama,4,neutral,neutral
llama_16568,llama,9,neutral,neutral
llama_16634,llama,0,positive,positive
llama_16634,llama,1,positive,positive
llama_16634,llama,3,positive,positive
llama_16634,llama,4,positive,positive
llama_16634,llama,9,positive,positive
llama_16636,llama,0,positive,neutral
llama_16636,llama,1,positive,positive
llama_16636,llama,3,positive,positive
llama_16636,llama,4,positive,positive
llama_16636,llama,9,positive,neutral
llama_16637,llama,0,positive,positive
llama_16637,llama,1,positive,positive
llama_16637,llama,3,positive,neutral
llama_16637,llama,4,positive,neutral
llama_16637,llama,9,positive,positive
llama_16638,llama,0,positive,neutral
llama_16638,llama,1,positive,neutral
llama_16638,llama,3,positive,positive
llama_16638,llama,4,positive,positive
llama_16638,llama,9,positive,positive
llama_16639,llama,0,positive,positive
llama_16639,llama,1,positive,positive
llama_16639,llama,3,positive,neutral
llama_16639,llama,4,positive,neutral
llama_16639,llama,9,positive,positive
llama_16640,llama,0,positive,positive
llama_16640,llama,1,positive,positive
llama_16640,llama,3,positive,positive
llama_16640,llama,4,positive,positive
llama_16640,llama,9,positive,positive
llama_16641,llama,0,positive,neutral
llama_16641,llama,1,positive,neutral
llama_16641,llama,3,positive,positive
llama_16641,llama,4,positive,positive
llama_16641,llama,9,positive,positive
llama_16643,llama,0,positive,positive
llama_16643,llama,1,positive,positive
llama_16643,llama,3,positive,positive
llama_16643,llama,4,positive,positive
llama_16643,llama,9,positive,neutral
llama_16648,llama,0,neutral,neutral
llama_16648,llama,1,neutral,neutral
llama_16648,llama,3,neutral,neutral
llama_16648,llama,4,neutral,neutral
llama_16648,llama,9,neutral,neutral
llama_16658,llama,0,neutral,neutral
llama_16658,llama,1,neutral,neutral
llama_16658,llama,3,neutral,neutral
llama_16658,llama,4,neutral,neutral
llama_16658,llama,9,neutral,neutral
llama_16661,llama,0,neutral,neutral
llama_16661,llama,1,neutral,neutral
llama_16661,llama,3,neutral,neutral
llama_16661,llama,4,neutral,neutral
llama_16661,llama,9,neutral,neutral
llama_16678,llama,0,neutral,neutral
llama_16678,llama,1,neutral,neutral
llama_16678,llama,3,neutral,neutral
llama_16678,llama,4,neutral,neutral
llama_16678,llama,9,neutral,positive
llama_16687,llama,0,positive,positive
llama_16687,llama,1,positive,positive
llama_16687,llama,3,positive,positive
llama_16687,llama,4,positive,positive
llama_16687,llama,9,positive,positive
llama_16688,llama,0,neutral,positive
llama_16688,llama,1,neutral,positive
llama_16688,llama,3,neutral,positive
llama_16688,llama,4,neutral,positive
llama_16688,llama,9,neutral,positive
llama_16689,llama,0,positive,positive
llama_16689,llama,1,positive,positive
llama_16689,llama,3,positive,positive
llama_16689,llama,4,positive,positive
llama_16692,llama,0,neutral,neutral
llama_16692,llama,1,neutral,neutral
llama_16692,llama,3,neutral,neutral
llama_16692,llama,4,neutral,neutral
llama_16692,llama,9,neutral,neutral
llama_16697,llama,0,neutral,neutral
llama_16697,llama,1,neutral,neutral
llama_16697,llama,3,neutral,neutral
llama_16697,llama,4,neutral,neutral
llama_16697,llama,9,neutral,neutral
llama_16698,llama,0,neutral,neutral
llama_16698,llama,1,neutral,neutral
llama_16698,llama,3,neutral,neutral
llama_16698,llama,4,neutral,neutral
llama_16698,llama,9,neutral,neutral
llama_16709,llama,0,neutral,neutral
llama_16709,llama,1,neutral,neutral
llama_16709,llama,3,neutral,neutral
llama_16709,llama,4,neutral,neutral
llama_16709,llama,9,neutral,neutral
llama_16720,llama,0,positive,positive
llama_16720,llama,1,positive,positive
llama_16720,llama,3,positive,neutral
llama_16720,llama,4,positive,neutral
llama_16720,llama,9,positive,positive
llama_16731,llama,0,neutral,positive
llama_16731,llama,1,neutral,positive
llama_16731,llama,3,neutral,positive
llama_16731,llama,4,neutral,positive
llama_16731,llama,9,neutral,positive
llama_16734,llama,0,positive,positive
llama_16734,llama,1,positive,positive
llama_16734,llama,3,positive,positive
llama_16734,llama,4,positive,positive
llama_16734,llama,9,positive,positive
llama_16747,llama,0,neutral,neutral
llama_16747,llama,1,neutral,neutral
llama_16747,llama,3,neutral,neutral
llama_16747,llama,4,neutral,neutral
llama_16747,llama,9,neutral,neutral
llama_16751,llama,0,neutral,neutral
llama_16751,llama,1,neutral,neutral
llama_16751,llama,3,neutral,neutral
llama_16751,llama,4,neutral,neutral
llama_16751,llama,9,neutral,neutral
llama_16752,llama,0,neutral,positive
llama_16752,llama,1,neutral,positive
llama_16752,llama,3,neutral,positive
llama_16752,llama,4,neutral,positive
llama_16752,llama,9,neutral,positive
llama_16759,llama,0,negative,negative
llama_16759,llama,1,negative,negative
llama_16759,llama,3,negative,negative
llama_16759,llama,4,negative,negative
llama_16759,llama,9,negative,negative
llama_16789,llama,0,positive,positive
llama_16789,llama,1,positive,positive
llama_16789,llama,3,positive,positive
llama_16789,llama,4,positive,positive
llama_16789,llama,9,positive,positive
llama_16821,llama,0,neutral,negative
llama_16821,llama,1,neutral,negative
llama_16821,llama,3,neutral,negative
llama_16821,llama,4,neutral,negative
llama_16821,llama,9,neutral,negative
llama_16822,llama,0,neutral,negative
llama_16822,llama,1,neutral,negative
llama_16822,llama,3,neutral,negative
llama_16822,llama,4,neutral,negative
llama_16822,llama,9,neutral,negative
llama_16826,llama,0,neutral,neutral
llama_16826,llama,1,neutral,neutral
llama_16826,llama,3,neutral,neutral
llama_16826,llama,4,neutral,neutral
llama_16826,llama,9,neutral,neutral
llama_16838,llama,0,neutral,positive
llama_16838,llama,1,neutral,neutral
llama_16838,llama,3,neutral,neutral
llama_16838,llama,4,neutral,neutral
llama_16838,llama,9,neutral,neutral
llama_16844,llama,0,neutral,neutral
llama_16844,llama,1,neutral,neutral
llama_16844,llama,3,neutral,neutral
llama_16844,llama,4,neutral,neutral
llama_16844,llama,9,neutral,neutral
llama_16848,llama,0,positive,positive
llama_16848,llama,1,positive,positive
llama_16848,llama,3,positive,positive
llama_16848,llama,4,positive,positive
llama_16848,llama,9,positive,positive
llama_16852,llama,0,negative,positive
llama_16852,llama,1,negative,positive
llama_16852,llama,3,negative,positive
llama_16852,llama,4,negative,positive
llama_16852,llama,9,negative,positive
llama_16853,llama,0,negative,neutral
llama_16853,llama,1,negative,positive
llama_16853,llama,3,negative,positive
llama_16853,llama,4,negative,neutral
llama_16853,llama,9,negative,positive
llama_16860,llama,0,neutral,neutral
llama_16860,llama,1,neutral,neutral
llama_16860,llama,3,neutral,neutral
llama_16860,llama,4,neutral,neutral
llama_16860,llama,9,neutral,neutral
llama_16869,llama,0,neutral,neutral
llama_16869,llama,1,neutral,neutral
llama_16869,llama,3,neutral,neutral
llama_16869,llama,4,neutral,neutral
llama_16869,llama,9,neutral,neutral
llama_16877,llama,0,neutral,neutral
llama_16877,llama,1,neutral,neutral
llama_16877,llama,3,neutral,neutral
llama_16877,llama,4,neutral,neutral
llama_16877,llama,9,neutral,neutral
llama_16891,llama,0,neutral,neutral
llama_16891,llama,1,neutral,neutral
llama_16891,llama,3,neutral,neutral
llama_16891,llama,4,neutral,neutral
llama_16891,llama,9,neutral,neutral
llama_16894,llama,0,negative,negative
llama_16894,llama,1,negative,negative
llama_16894,llama,3,negative,negative
llama_16894,llama,4,negative,negative
llama_16894,llama,9,negative,negative
llama_16898,llama,0,negative,negative
llama_16898,llama,1,negative,negative
llama_16898,llama,3,negative,negative
llama_16898,llama,4,negative,negative
llama_16898,llama,9,negative,negative
llama_16899,llama,0,negative,negative
llama_16899,llama,1,negative,negative
llama_16899,llama,3,negative,negative
llama_16899,llama,4,negative,negative
llama_16899,llama,9,negative,negative
llama_16900,llama,0,negative,negative
llama_16900,llama,1,negative,negative
llama_16900,llama,3,negative,negative
llama_16900,llama,4,negative,negative
llama_16900,llama,9,negative,negative
llama_16901,llama,0,neutral,neutral
llama_16901,llama,1,neutral,neutral
llama_16901,llama,3,neutral,neutral
llama_16901,llama,4,neutral,neutral
llama_16901,llama,9,neutral,neutral
llama_16923,llama,0,negative,negative
llama_16923,llama,1,negative,negative
llama_16923,llama,3,negative,negative
llama_16923,llama,4,negative,negative
llama_16923,llama,9,negative,negative
llama_16926,llama,0,negative,negative
llama_16926,llama,1,negative,negative
llama_16926,llama,3,negative,negative
llama_16926,llama,4,negative,negative
llama_16926,llama,9,negative,negative
llama_16930,llama,0,neutral,neutral
llama_16930,llama,1,neutral,neutral
llama_16930,llama,3,neutral,neutral
llama_16930,llama,4,neutral,neutral
llama_16930,llama,9,neutral,neutral
llama_16939,llama,0,negative,negative
llama_16939,llama,1,negative,negative
llama_16939,llama,3,negative,negative
llama_16939,llama,4,negative,negative
llama_16939,llama,9,negative,negative
llama_16940,llama,0,negative,negative
llama_16940,llama,1,negative,negative
llama_16940,llama,3,negative,negative
llama_16940,llama,4,negative,negative
llama_16940,llama,9,negative,negative
llama_16953,llama,0,neutral,neutral
llama_16953,llama,1,neutral,neutral
llama_16953,llama,3,neutral,neutral
llama_16953,llama,4,neutral,neutral
llama_16953,llama,9,neutral,neutral
llama_16960,llama,0,neutral,neutral
llama_16960,llama,1,neutral,neutral
llama_16960,llama,3,neutral,neutral
llama_16960,llama,4,neutral,neutral
llama_16960,llama,9,neutral,neutral
llama_16963,llama,0,positive,neutral
llama_16963,llama,1,positive,neutral
llama_16963,llama,3,positive,neutral
llama_16963,llama,4,positive,neutral
llama_16963,llama,9,positive,neutral
llama_16964,llama,0,neutral,neutral
llama_16964,llama,1,neutral,neutral
llama_16964,llama,3,neutral,neutral
llama_16964,llama,4,neutral,neutral
llama_16964,llama,9,neutral,neutral
llama_16981,llama,0,neutral,positive
llama_16981,llama,1,neutral,neutral
llama_16981,llama,3,neutral,neutral
llama_16981,llama,4,neutral,positive
llama_16981,llama,9,neutral,positive
llama_16983,llama,0,neutral,neutral
llama_16983,llama,1,neutral,neutral
llama_16983,llama,3,neutral,neutral
llama_16983,llama,4,neutral,neutral
llama_16983,llama,9,neutral,neutral
llama_16988,llama,0,positive,positive
llama_16988,llama,1,positive,positive
llama_16988,llama,3,positive,positive
llama_16988,llama,4,positive,positive
llama_16988,llama,9,positive,positive
llama_16989,llama,0,positive,positive
llama_16989,llama,1,positive,positive
llama_16989,llama,3,positive,positive
llama_16989,llama,4,positive,positive
llama_16989,llama,9,positive,positive
llama_17005,llama,0,positive,neutral
llama_17005,llama,1,positive,neutral
llama_17005,llama,3,positive,positive
llama_17005,llama,4,positive,positive
llama_17005,llama,9,positive,neutral
llama_17006,llama,0,neutral,neutral
llama_17006,llama,1,neutral,positive
llama_17006,llama,3,neutral,neutral
llama_17006,llama,4,neutral,positive
llama_17006,llama,9,neutral,neutral
llama_17007,llama,0,neutral,neutral
llama_17007,llama,1,neutral,neutral
llama_17007,llama,3,neutral,neutral
llama_17007,llama,4,neutral,neutral
llama_17007,llama,9,neutral,neutral
llama_17027,llama,0,neutral,neutral
llama_17027,llama,1,neutral,neutral
llama_17027,llama,3,neutral,neutral
llama_17027,llama,4,neutral,neutral
llama_17027,llama,9,neutral,neutral
llama_17064,llama,0,neutral,neutral
llama_17064,llama,1,neutral,neutral
llama_17064,llama,3,neutral,neutral
llama_17064,llama,4,neutral,neutral
llama_17064,llama,9,neutral,neutral
llama_17069,llama,0,neutral,neutral
llama_17069,llama,1,neutral,neutral
llama_17069,llama,3,neutral,positive
llama_17069,llama,4,neutral,neutral
llama_17069,llama,9,neutral,neutral
llama_17073,llama,0,neutral,neutral
llama_17073,llama,1,neutral,neutral
llama_17073,llama,3,neutral,neutral
llama_17073,llama,4,neutral,neutral
llama_17073,llama,9,neutral,neutral
llama_17077,llama,0,negative,negative
llama_17077,llama,1,negative,negative
llama_17077,llama,3,negative,negative
llama_17077,llama,4,negative,negative
llama_17077,llama,9,negative,negative
llama_17078,llama,0,negative,negative
llama_17078,llama,1,negative,negative
llama_17078,llama,3,negative,negative
llama_17078,llama,4,negative,negative
llama_17078,llama,9,negative,negative
llama_17085,llama,0,positive,positive
llama_17085,llama,1,positive,positive
llama_17085,llama,3,positive,positive
llama_17085,llama,9,positive,positive
llama_17086,llama,0,positive,positive
llama_17086,llama,1,positive,positive
llama_17086,llama,3,positive,positive
llama_17086,llama,4,positive,positive
llama_17086,llama,9,positive,positive
llama_17087,llama,0,positive,positive
llama_17087,llama,1,positive,positive
llama_17087,llama,3,positive,positive
llama_17087,llama,4,positive,positive
llama_17087,llama,9,positive,positive
llama_17092,llama,0,neutral,neutral
llama_17092,llama,1,neutral,neutral
llama_17092,llama,3,neutral,neutral
llama_17092,llama,4,neutral,neutral
llama_17092,llama,9,neutral,neutral
llama_17108,llama,0,negative,negative
llama_17108,llama,1,negative,negative
llama_17108,llama,3,negative,negative
llama_17108,llama,4,negative,negative
llama_17108,llama,9,negative,negative
llama_17111,llama,0,neutral,positive
llama_17111,llama,1,neutral,neutral
llama_17111,llama,3,neutral,neutral
llama_17111,llama,4,neutral,neutral
llama_17111,llama,9,neutral,neutral
llama_17120,llama,0,negative,negative
llama_17120,llama,1,negative,negative
llama_17120,llama,3,negative,negative
llama_17120,llama,4,negative,negative
llama_17120,llama,9,negative,negative
llama_17133,llama,0,positive,positive
llama_17133,llama,1,positive,positive
llama_17133,llama,3,positive,positive
llama_17133,llama,4,positive,positive
llama_17133,llama,9,positive,positive
llama_17134,llama,0,negative,neutral
llama_17134,llama,1,negative,neutral
llama_17134,llama,3,negative,neutral
llama_17134,llama,4,negative,neutral
llama_17134,llama,9,negative,neutral
llama_17144,llama,0,negative,positive
llama_17144,llama,1,negative,positive
llama_17144,llama,3,negative,positive
llama_17144,llama,4,negative,neutral
llama_17144,llama,9,negative,positive
llama_17147,llama,0,neutral,positive
llama_17147,llama,1,neutral,positive
llama_17147,llama,3,neutral,positive
llama_17147,llama,4,neutral,positive
llama_17147,llama,9,neutral,positive
llama_17148,llama,0,positive,positive
llama_17148,llama,1,positive,positive
llama_17148,llama,3,positive,positive
llama_17148,llama,4,positive,positive
llama_17148,llama,9,positive,positive
llama_17151,llama,0,positive,positive
llama_17151,llama,1,positive,positive
llama_17151,llama,3,positive,positive
llama_17151,llama,4,positive,positive
llama_17151,llama,9,positive,positive
llama_17423,llama,0,positive,positive
llama_17423,llama,1,positive,positive
llama_17423,llama,3,positive,positive
llama_17423,llama,4,positive,positive
llama_17423,llama,9,positive,positive
llama_17433,llama,0,neutral,neutral
llama_17433,llama,1,neutral,positive
llama_17433,llama,3,neutral,positive
llama_17433,llama,4,neutral,positive
llama_17433,llama,9,neutral,positive
llama_17434,llama,0,neutral,neutral
llama_17434,llama,1,neutral,neutral
llama_17434,llama,3,neutral,neutral
llama_17434,llama,4,neutral,neutral
llama_17434,llama,9,neutral,neutral
llama_17448,llama,0,negative,neutral
llama_17448,llama,1,negative,neutral
llama_17448,llama,3,negative,neutral
llama_17448,llama,4,negative,neutral
llama_17448,llama,9,negative,neutral
llama_17449,llama,0,negative,neutral
llama_17449,llama,1,negative,negative
llama_17449,llama,3,negative,negative
llama_17449,llama,4,negative,negative
llama_17449,llama,9,negative,neutral
llama_17450,llama,0,neutral,neutral
llama_17450,llama,1,neutral,neutral
llama_17450,llama,3,neutral,neutral
llama_17450,llama,4,neutral,neutral
llama_17450,llama,9,neutral,neutral
llama_17453,llama,0,neutral,neutral
llama_17453,llama,1,neutral,negative
llama_17453,llama,3,neutral,negative
llama_17453,llama,4,neutral,negative
llama_17453,llama,9,neutral,negative
llama_17454,llama,0,neutral,neutral
llama_17454,llama,1,neutral,neutral
llama_17454,llama,3,neutral,negative
llama_17454,llama,4,neutral,negative
llama_17454,llama,9,neutral,neutral
llama_17458,llama,0,negative,negative
llama_17458,llama,1,negative,negative
llama_17458,llama,3,negative,negative
llama_17458,llama,4,negative,negative
llama_17458,llama,9,negative,negative
llama_17463,llama,0,neutral,negative
llama_17463,llama,1,neutral,neutral
llama_17463,llama,3,neutral,negative
llama_17463,llama,4,neutral,neutral
llama_17463,llama,9,neutral,negative
llama_17473,llama,0,negative,negative
llama_17473,llama,1,negative,negative
llama_17473,llama,3,negative,negative
llama_17473,llama,4,negative,negative
llama_17473,llama,9,negative,negative
llama_17476,llama,0,negative,negative
llama_17476,llama,1,negative,negative
llama_17476,llama,3,negative,negative
llama_17476,llama,4,negative,negative
llama_17476,llama,9,negative,negative
llama_17493,llama,0,neutral,positive
llama_17493,llama,1,neutral,positive
llama_17493,llama,3,neutral,positive
llama_17493,llama,4,neutral,neutral
llama_17493,llama,9,neutral,positive
llama_17500,llama,0,neutral,neutral
llama_17500,llama,1,neutral,neutral
llama_17500,llama,3,neutral,neutral
llama_17500,llama,4,neutral,neutral
llama_17500,llama,9,neutral,neutral
llama_17501,llama,0,negative,negative
llama_17501,llama,1,negative,negative
llama_17501,llama,3,negative,negative
llama_17501,llama,4,negative,negative
llama_17501,llama,9,negative,negative
llama_17502,llama,0,negative,negative
llama_17502,llama,1,negative,negative
llama_17502,llama,3,negative,negative
llama_17502,llama,4,negative,negative
llama_17502,llama,9,negative,negative
llama_17503,llama,0,negative,negative
llama_17503,llama,1,negative,negative
llama_17503,llama,3,negative,negative
llama_17503,llama,4,negative,negative
llama_17503,llama,9,negative,negative
llama_17504,llama,0,negative,negative
llama_17504,llama,1,negative,negative
llama_17504,llama,3,negative,negative
llama_17504,llama,4,negative,negative
llama_17504,llama,9,negative,negative
llama_17505,llama,0,negative,negative
llama_17505,llama,1,negative,negative
llama_17505,llama,3,negative,negative
llama_17505,llama,4,negative,negative
llama_17505,llama,9,negative,negative
llama_17506,llama,0,negative,negative
llama_17506,llama,1,negative,negative
llama_17506,llama,3,negative,negative
llama_17506,llama,4,negative,negative
llama_17506,llama,9,negative,negative
llama_17540,llama,0,neutral,neutral
llama_17540,llama,1,neutral,neutral
llama_17540,llama,3,neutral,neutral
llama_17540,llama,4,neutral,neutral
llama_17540,llama,9,neutral,neutral
llama_17552,llama,0,neutral,negative
llama_17552,llama,1,neutral,positive
llama_17552,llama,3,neutral,positive
llama_17552,llama,4,neutral,positive
llama_17552,llama,9,neutral,positive
llama_17787,llama,0,neutral,neutral
llama_17787,llama,1,neutral,neutral
llama_17787,llama,3,neutral,neutral
llama_17787,llama,4,neutral,neutral
llama_17787,llama,9,neutral,neutral
llama_18032,llama,0,positive,positive
llama_18032,llama,1,positive,positive
llama_18032,llama,3,positive,positive
llama_18032,llama,4,positive,neutral
llama_18032,llama,9,positive,positive
llama_18035,llama,0,positive,neutral
llama_18035,llama,1,positive,neutral
llama_18035,llama,3,positive,neutral
llama_18035,llama,4,positive,neutral
llama_18035,llama,9,positive,neutral
llama_18037,llama,0,positive,neutral
llama_18037,llama,1,positive,neutral
llama_18037,llama,3,positive,neutral
llama_18037,llama,4,positive,neutral
llama_18037,llama,9,positive,neutral
llama_18165,llama,0,neutral,neutral
llama_18165,llama,1,neutral,neutral
llama_18165,llama,3,neutral,neutral
llama_18165,llama,4,neutral,neutral
llama_18165,llama,9,neutral,neutral
llama_18182,llama,0,neutral,neutral
llama_18182,llama,1,neutral,neutral
llama_18182,llama,3,neutral,neutral
llama_18182,llama,4,neutral,neutral
llama_18182,llama,9,neutral,neutral
llama_18183,llama,0,positive,neutral
llama_18183,llama,1,positive,neutral
llama_18183,llama,3,positive,neutral
llama_18183,llama,4,positive,neutral
llama_18183,llama,9,positive,neutral
llama_18188,llama,0,neutral,neutral
llama_18188,llama,1,neutral,neutral
llama_18188,llama,3,neutral,neutral
llama_18188,llama,4,neutral,neutral
llama_18188,llama,9,neutral,neutral
llama_18189,llama,0,positive,neutral
llama_18189,llama,1,positive,neutral
llama_18189,llama,3,positive,neutral
llama_18189,llama,4,positive,neutral
llama_18189,llama,9,positive,neutral
llama_18190,llama,0,positive,neutral
llama_18190,llama,1,positive,neutral
llama_18190,llama,3,positive,neutral
llama_18190,llama,4,positive,neutral
llama_18190,llama,9,positive,neutral
llama_18191,llama,0,positive,neutral
llama_18191,llama,1,positive,neutral
llama_18191,llama,3,positive,neutral
llama_18191,llama,4,positive,neutral
llama_18191,llama,9,positive,neutral
llama_19276,llama,0,neutral,neutral
llama_19276,llama,1,neutral,neutral
llama_19276,llama,3,neutral,neutral
llama_19276,llama,4,neutral,neutral
llama_19276,llama,9,neutral,neutral
llama_19799,llama,0,neutral,neutral
llama_19799,llama,1,neutral,neutral
llama_19799,llama,3,neutral,neutral
llama_19799,llama,4,neutral,neutral
llama_19799,llama,9,neutral,neutral
llama_20441,llama,0,neutral,neutral
llama_20441,llama,1,neutral,neutral
llama_20441,llama,3,neutral,neutral
llama_20441,llama,4,neutral,neutral
llama_20441,llama,9,neutral,neutral
llama_20595,llama,0,neutral,neutral
llama_20595,llama,1,neutral,neutral
llama_20595,llama,3,neutral,neutral
llama_20595,llama,4,neutral,neutral
llama_20595,llama,9,neutral,neutral
llama_20702,llama,0,neutral,positive
llama_20702,llama,1,neutral,positive
llama_20702,llama,3,neutral,positive
llama_20702,llama,4,neutral,positive
llama_20702,llama,9,neutral,positive
llama_20854,llama,0,neutral,neutral
llama_20854,llama,1,neutral,neutral
llama_20854,llama,3,neutral,neutral
llama_20854,llama,4,neutral,neutral
llama_20854,llama,9,neutral,neutral
llama_21180,llama,0,neutral,positive
llama_21180,llama,1,neutral,positive
llama_21180,llama,3,neutral,positive
llama_21180,llama,4,neutral,neutral
llama_21180,llama,9,neutral,positive
llama_21221,llama,0,positive,positive
llama_21221,llama,1,positive,positive
llama_21221,llama,3,positive,positive
llama_21221,llama,4,positive,neutral
llama_21221,llama,9,positive,positive
llama_21222,llama,0,positive,positive
llama_21222,llama,1,positive,positive
llama_21222,llama,3,positive,neutral
llama_21222,llama,4,positive,neutral
llama_21222,llama,9,positive,positive
llama_21223,llama,0,positive,positive
llama_21223,llama,1,positive,positive
llama_21223,llama,3,positive,neutral
llama_21223,llama,4,positive,positive
llama_21223,llama,9,positive,positive
llama_21224,llama,0,positive,neutral
llama_21224,llama,1,positive,positive
llama_21224,llama,3,positive,neutral
llama_21224,llama,4,positive,positive
llama_21224,llama,9,positive,positive
llama_21225,llama,0,positive,positive
llama_21225,llama,1,positive,positive
llama_21225,llama,3,positive,positive
llama_21225,llama,4,positive,positive
llama_21225,llama,9,positive,neutral
llama_21226,llama,0,positive,positive
llama_21226,llama,1,positive,positive
llama_21226,llama,3,positive,neutral
llama_21226,llama,4,positive,positive
llama_21226,llama,9,positive,positive
llama_21227,llama,0,positive,neutral
llama_21227,llama,1,positive,positive
llama_21227,llama,3,positive,neutral
llama_21227,llama,4,positive,neutral
llama_21227,llama,9,positive,neutral
llama_21364,llama,0,neutral,neutral
llama_21364,llama,1,neutral,neutral
llama_21364,llama,3,neutral,neutral
llama_21364,llama,4,neutral,neutral
llama_21364,llama,9,neutral,neutral
llama_21433,llama,0,neutral,neutral
llama_21433,llama,1,neutral,neutral
llama_21433,llama,3,neutral,neutral
llama_21433,llama,4,neutral,neutral
llama_21433,llama,9,neutral,neutral
llama_21863,llama,0,neutral,neutral
llama_21863,llama,1,neutral,neutral
llama_21863,llama,3,neutral,neutral
llama_21863,llama,4,neutral,neutral
llama_21863,llama,9,neutral,neutral
llama_22044,llama,0,neutral,positive
llama_22044,llama,1,neutral,positive
llama_22044,llama,3,neutral,neutral
llama_22044,llama,4,neutral,neutral
llama_22044,llama,9,neutral,neutral
llama_22045,llama,0,neutral,positive
llama_22045,llama,1,neutral,positive
llama_22045,llama,3,neutral,neutral
llama_22045,llama,4,neutral,positive
llama_22045,llama,9,neutral,neutral
llama_22046,llama,0,positive,neutral
llama_22046,llama,1,positive,positive
llama_22046,llama,3,positive,positive
llama_22046,llama,4,positive,neutral
llama_22046,llama,9,positive,positive
llama_22047,llama,0,neutral,neutral
llama_22047,llama,1,neutral,neutral
llama_22047,llama,3,neutral,neutral
llama_22047,llama,4,neutral,neutral
llama_22047,llama,9,neutral,neutral
llama_22048,llama,0,positive,neutral
llama_22048,llama,1,positive,neutral
llama_22048,llama,3,positive,neutral
llama_22048,llama,4,positive,positive
llama_22048,llama,9,positive,neutral
llama_22051,llama,0,neutral,neutral
llama_22051,llama,1,neutral,neutral
llama_22051,llama,3,neutral,neutral
llama_22051,llama,4,neutral,neutral
llama_22051,llama,9,neutral,neutral
llama_22052,llama,0,neutral,neutral
llama_22052,llama,1,neutral,neutral
llama_22052,llama,3,neutral,neutral
llama_22052,llama,4,neutral,neutral
llama_22052,llama,9,neutral,neutral
llama_22059,llama,0,positive,positive
llama_22059,llama,1,positive,neutral
llama_22059,llama,3,positive,neutral
llama_22059,llama,4,positive,positive
llama_22059,llama,9,positive,neutral
llama_22063,llama,0,neutral,neutral
llama_22063,llama,1,neutral,neutral
llama_22063,llama,3,neutral,neutral
llama_22063,llama,4,neutral,neutral
llama_22063,llama,9,neutral,neutral
llama_22066,llama,0,neutral,positive
llama_22066,llama,1,neutral,positive
llama_22066,llama,3,neutral,positive
llama_22066,llama,4,neutral,positive
llama_22066,llama,9,neutral,positive
llama_22067,llama,0,neutral,neutral
llama_22067,llama,1,neutral,neutral
llama_22067,llama,3,neutral,neutral
llama_22067,llama,4,neutral,neutral
llama_22067,llama,9,neutral,neutral
llama_22074,llama,0,neutral,neutral
llama_22074,llama,1,neutral,neutral
llama_22074,llama,3,neutral,neutral
llama_22074,llama,4,neutral,neutral
llama_22074,llama,9,neutral,neutral
llama_22076,llama,0,positive,positive
llama_22076,llama,1,positive,positive
llama_22076,llama,3,positive,neutral
llama_22076,llama,4,positive,positive
llama_22076,llama,9,positive,neutral
llama_22077,llama,0,neutral,neutral
llama_22077,llama,1,neutral,neutral
llama_22077,llama,3,neutral,neutral
llama_22077,llama,4,neutral,neutral
llama_22077,llama,9,neutral,neutral
llama_22089,llama,0,neutral,negative
llama_22089,llama,1,neutral,negative
llama_22089,llama,3,neutral,negative
llama_22089,llama,4,neutral,neutral
llama_22089,llama,9,neutral,negative
llama_22118,llama,0,neutral,neutral
llama_22118,llama,1,neutral,neutral
llama_22118,llama,3,neutral,positive
llama_22118,llama,4,neutral,neutral
llama_22118,llama,9,neutral,neutral
llama_22119,llama,0,neutral,neutral
llama_22119,llama,1,neutral,neutral
llama_22119,llama,3,neutral,neutral
llama_22119,llama,4,neutral,neutral
llama_22119,llama,9,neutral,neutral
llama_22126,llama,0,positive,positive
llama_22126,llama,1,positive,positive
llama_22126,llama,3,positive,positive
llama_22126,llama,4,positive,positive
llama_22126,llama,9,positive,positive
llama_22127,llama,0,positive,positive
llama_22127,llama,1,positive,positive
llama_22127,llama,3,positive,positive
llama_22127,llama,4,positive,positive
llama_22127,llama,9,positive,positive
llama_22128,llama,0,positive,positive
llama_22128,llama,1,positive,positive
llama_22128,llama,3,positive,positive
llama_22128,llama,4,positive,positive
llama_22128,llama,9,positive,positive
llama_22129,llama,0,positive,positive
llama_22129,llama,1,positive,positive
llama_22129,llama,3,positive,positive
llama_22129,llama,4,positive,positive
llama_22129,llama,9,positive,positive
llama_22130,llama,0,positive,positive
llama_22130,llama,1,positive,positive
llama_22130,llama,3,positive,positive
llama_22130,llama,4,positive,positive
llama_22130,llama,9,positive,positive
llama_22149,llama,0,positive,neutral
llama_22149,llama,1,positive,positive
llama_22149,llama,3,positive,positive
llama_22149,llama,4,positive,positive
llama_22149,llama,9,positive,positive
llama_22150,llama,0,neutral,neutral
llama_22150,llama,1,neutral,neutral
llama_22150,llama,3,neutral,neutral
llama_22150,llama,4,neutral,neutral
llama_22150,llama,9,neutral,neutral
llama_22152,llama,0,neutral,neutral
llama_22152,llama,1,neutral,neutral
llama_22152,llama,3,neutral,neutral
llama_22152,llama,4,neutral,positive
llama_22152,llama,9,neutral,neutral
llama_22156,llama,0,neutral,neutral
llama_22156,llama,1,neutral,neutral
llama_22156,llama,3,neutral,positive
llama_22156,llama,4,neutral,neutral
llama_22156,llama,9,neutral,positive
llama_22158,llama,0,neutral,neutral
llama_22158,llama,1,neutral,neutral
llama_22158,llama,3,neutral,positive
llama_22158,llama,4,neutral,neutral
llama_22158,llama,9,neutral,positive
llama_22159,llama,0,negative,neutral
llama_22159,llama,1,negative,positive
llama_22159,llama,3,negative,neutral
llama_22159,llama,4,negative,positive
llama_22159,llama,9,negative,neutral
llama_22160,llama,0,neutral,neutral
llama_22160,llama,1,neutral,neutral
llama_22160,llama,3,neutral,positive
llama_22160,llama,4,neutral,positive
llama_22160,llama,9,neutral,neutral
llama_22164,llama,0,neutral,neutral
llama_22164,llama,1,neutral,neutral
llama_22164,llama,3,neutral,neutral
llama_22164,llama,4,neutral,neutral
llama_22164,llama,9,neutral,neutral
llama_22172,llama,0,neutral,neutral
llama_22172,llama,1,neutral,neutral
llama_22172,llama,3,neutral,neutral
llama_22172,llama,4,neutral,neutral
llama_22172,llama,9,neutral,neutral
llama_22174,llama,0,neutral,positive
llama_22174,llama,1,neutral,positive
llama_22174,llama,3,neutral,positive
llama_22174,llama,4,neutral,positive
llama_22174,llama,9,neutral,neutral
llama_22176,llama,0,positive,positive
llama_22176,llama,1,positive,positive
llama_22176,llama,3,positive,positive
llama_22176,llama,4,positive,positive
llama_22176,llama,9,positive,positive
llama_22177,llama,0,neutral,positive
llama_22177,llama,1,neutral,positive
llama_22177,llama,3,neutral,positive
llama_22177,llama,4,neutral,positive
llama_22177,llama,9,neutral,positive
llama_22178,llama,0,positive,positive
llama_22178,llama,1,positive,positive
llama_22178,llama,3,positive,positive
llama_22178,llama,4,positive,positive
llama_22178,llama,9,positive,positive
llama_22181,llama,0,neutral,positive
llama_22181,llama,1,neutral,neutral
llama_22181,llama,3,neutral,neutral
llama_22181,llama,4,neutral,neutral
llama_22181,llama,9,neutral,positive
llama_22182,llama,0,positive,positive
llama_22182,llama,1,positive,positive
llama_22182,llama,3,positive,positive
llama_22182,llama,4,positive,positive
llama_22182,llama,9,positive,positive
llama_22183,llama,0,positive,positive
llama_22183,llama,1,positive,positive
llama_22183,llama,3,positive,positive
llama_22183,llama,4,positive,positive
llama_22183,llama,9,positive,positive
llama_22184,llama,0,positive,positive
llama_22184,llama,1,positive,positive
llama_22184,llama,3,positive,positive
llama_22184,llama,4,positive,positive
llama_22184,llama,9,positive,positive
llama_22185,llama,0,positive,positive
llama_22185,llama,1,positive,positive
llama_22185,llama,3,positive,positive
llama_22185,llama,4,positive,positive
llama_22185,llama,9,positive,positive
llama_22186,llama,0,positive,positive
llama_22186,llama,1,positive,positive
llama_22186,llama,3,positive,positive
llama_22186,llama,4,positive,positive
llama_22186,llama,9,positive,positive
llama_22187,llama,0,positive,positive
llama_22187,llama,1,positive,positive
llama_22187,llama,3,positive,positive
llama_22187,llama,4,positive,positive
llama_22187,llama,9,positive,positive
llama_22188,llama,0,positive,positive
llama_22188,llama,1,positive,positive
llama_22188,llama,3,positive,positive
llama_22188,llama,4,positive,positive
llama_22188,llama,9,positive,positive
llama_22193,llama,0,positive,positive
llama_22193,llama,1,positive,positive
llama_22193,llama,3,positive,positive
llama_22193,llama,4,positive,positive
llama_22193,llama,9,positive,positive
llama_22194,llama,0,positive,positive
llama_22194,llama,1,positive,positive
llama_22194,llama,3,positive,positive
llama_22194,llama,4,positive,positive
llama_22194,llama,9,positive,positive
llama_22196,llama,0,positive,positive
llama_22196,llama,1,positive,positive
llama_22196,llama,3,positive,positive
llama_22196,llama,4,positive,positive
llama_22196,llama,9,positive,positive
llama_22197,llama,0,positive,positive
llama_22197,llama,1,positive,positive
llama_22197,llama,3,positive,positive
llama_22197,llama,4,positive,positive
llama_22197,llama,9,positive,positive
llama_22198,llama,0,neutral,neutral
llama_22198,llama,1,neutral,positive
llama_22198,llama,3,neutral,neutral
llama_22198,llama,4,neutral,neutral
llama_22198,llama,9,neutral,positive
llama_22199,llama,0,neutral,positive
llama_22199,llama,1,neutral,positive
llama_22199,llama,3,neutral,positive
llama_22199,llama,4,neutral,positive
llama_22199,llama,9,neutral,positive
llama_22200,llama,0,neutral,neutral
llama_22200,llama,1,neutral,neutral
llama_22200,llama,3,neutral,neutral
llama_22200,llama,4,neutral,neutral
llama_22200,llama,9,neutral,neutral
llama_22201,llama,0,positive,positive
llama_22201,llama,1,positive,positive
llama_22201,llama,3,positive,positive
llama_22201,llama,4,positive,positive
llama_22201,llama,9,positive,positive
llama_22204,llama,0,negative,negative
llama_22204,llama,1,negative,neutral
llama_22204,llama,3,negative,negative
llama_22204,llama,4,negative,negative
llama_22204,llama,9,negative,negative
llama_22205,llama,0,neutral,neutral
llama_22205,llama,1,neutral,neutral
llama_22205,llama,3,neutral,neutral
llama_22205,llama,4,neutral,neutral
llama_22205,llama,9,neutral,neutral
llama_22206,llama,0,neutral,neutral
llama_22206,llama,1,neutral,neutral
llama_22206,llama,3,neutral,neutral
llama_22206,llama,4,neutral,negative
llama_22206,llama,9,neutral,neutral
llama_22208,llama,0,neutral,neutral
llama_22208,llama,1,neutral,neutral
llama_22208,llama,3,neutral,neutral
llama_22208,llama,4,neutral,neutral
llama_22208,llama,9,neutral,neutral
llama_22210,llama,0,neutral,neutral
llama_22210,llama,1,neutral,neutral
llama_22210,llama,3,neutral,neutral
llama_22210,llama,4,neutral,neutral
llama_22210,llama,9,neutral,neutral
llama_22218,llama,0,neutral,positive
llama_22218,llama,1,neutral,positive
llama_22218,llama,3,neutral,positive
llama_22218,llama,4,neutral,positive
llama_22218,llama,9,neutral,positive
llama_22230,llama,0,negative,negative
llama_22230,llama,1,negative,negative
llama_22230,llama,3,negative,negative
llama_22230,llama,4,negative,negative
llama_22230,llama,9,negative,negative
llama_22259,llama,0,neutral,neutral
llama_22259,llama,1,neutral,neutral
llama_22259,llama,3,neutral,neutral
llama_22259,llama,4,neutral,neutral
llama_22259,llama,9,neutral,neutral
llama_22294,llama,0,neutral,neutral
llama_22294,llama,1,neutral,neutral
llama_22294,llama,3,neutral,positive
llama_22294,llama,4,neutral,neutral
llama_22294,llama,9,neutral,positive
llama_22303,llama,0,neutral,neutral
llama_22303,llama,1,neutral,neutral
llama_22303,llama,3,neutral,neutral
llama_22303,llama,4,neutral,neutral
llama_22303,llama,9,neutral,neutral
llama_22314,llama,0,negative,negative
llama_22314,llama,1,negative,negative
llama_22314,llama,3,negative,negative
llama_22314,llama,4,negative,negative
llama_22314,llama,9,negative,negative
llama_22316,llama,0,negative,negative
llama_22316,llama,1,negative,negative
llama_22316,llama,3,negative,negative
llama_22316,llama,4,negative,negative
llama_22316,llama,9,negative,negative
llama_22321,llama,0,neutral,negative
llama_22321,llama,1,neutral,negative
llama_22321,llama,3,neutral,negative
llama_22321,llama,4,neutral,negative
llama_22321,llama,9,neutral,negative
llama_22322,llama,0,neutral,negative
llama_22322,llama,1,neutral,negative
llama_22322,llama,3,neutral,negative
llama_22322,llama,4,neutral,negative
llama_22322,llama,9,neutral,negative
llama_22323,llama,0,neutral,negative
llama_22323,llama,1,neutral,negative
llama_22323,llama,3,neutral,negative
llama_22323,llama,4,neutral,negative
llama_22323,llama,9,neutral,negative
llama_22335,llama,0,negative,negative
llama_22335,llama,1,negative,neutral
llama_22335,llama,3,negative,neutral
llama_22335,llama,4,negative,neutral
llama_22335,llama,9,negative,neutral
llama_22336,llama,0,negative,neutral
llama_22336,llama,1,negative,positive
llama_22336,llama,3,negative,positive
llama_22336,llama,4,negative,neutral
llama_22336,llama,9,negative,neutral
llama_22350,llama,0,negative,neutral
llama_22350,llama,1,negative,neutral
llama_22350,llama,3,negative,neutral
llama_22350,llama,4,negative,neutral
llama_22350,llama,9,negative,neutral
llama_22351,llama,0,negative,neutral
llama_22351,llama,1,negative,neutral
llama_22351,llama,3,negative,neutral
llama_22351,llama,4,negative,neutral
llama_22351,llama,9,negative,neutral
llama_22370,llama,0,negative,negative
llama_22370,llama,1,negative,negative
llama_22370,llama,3,negative,negative
llama_22370,llama,4,negative,negative
llama_22370,llama,9,negative,negative
llama_22371,llama,0,negative,negative
llama_22371,llama,1,negative,negative
llama_22371,llama,3,negative,negative
llama_22371,llama,4,negative,negative
llama_22371,llama,9,negative,negative
llama_22373,llama,0,negative,negative
llama_22373,llama,1,negative,negative
llama_22373,llama,3,negative,negative
llama_22373,llama,4,negative,negative
llama_22373,llama,9,negative,negative
llama_22374,llama,0,negative,negative
llama_22374,llama,1,negative,negative
llama_22374,llama,3,negative,negative
llama_22374,llama,4,negative,negative
llama_22374,llama,9,negative,negative
llama_22376,llama,0,negative,negative
llama_22376,llama,1,negative,negative
llama_22376,llama,3,negative,negative
llama_22376,llama,4,negative,negative
llama_22376,llama,9,negative,negative
llama_22377,llama,0,negative,negative
llama_22377,llama,1,negative,negative
llama_22377,llama,3,negative,negative
llama_22377,llama,4,negative,negative
llama_22377,llama,9,negative,negative
llama_22378,llama,0,negative,neutral
llama_22378,llama,1,negative,neutral
llama_22378,llama,3,negative,neutral
llama_22378,llama,4,negative,neutral
llama_22378,llama,9,negative,neutral
llama_22380,llama,0,neutral,neutral
llama_22380,llama,1,neutral,neutral
llama_22380,llama,3,neutral,neutral
llama_22380,llama,4,neutral,neutral
llama_22380,llama,9,neutral,neutral
llama_22381,llama,0,positive,positive
llama_22381,llama,1,positive,positive
llama_22381,llama,3,positive,positive
llama_22381,llama,4,positive,positive
llama_22381,llama,9,positive,positive
llama_22382,llama,0,neutral,neutral
llama_22382,llama,1,neutral,neutral
llama_22382,llama,3,neutral,neutral
llama_22382,llama,4,neutral,neutral
llama_22382,llama,9,neutral,neutral
llama_22385,llama,0,neutral,neutral
llama_22385,llama,1,neutral,neutral
llama_22385,llama,3,neutral,neutral
llama_22385,llama,4,neutral,neutral
llama_22385,llama,9,neutral,neutral
llama_22396,llama,0,neutral,neutral
llama_22396,llama,1,neutral,neutral
llama_22396,llama,3,neutral,neutral
llama_22396,llama,4,neutral,neutral
llama_22396,llama,9,neutral,neutral
llama_22400,llama,0,neutral,positive
llama_22400,llama,1,neutral,positive
llama_22400,llama,3,neutral,positive
llama_22400,llama,4,neutral,positive
llama_22400,llama,9,neutral,positive
llama_22401,llama,0,neutral,positive
llama_22401,llama,1,neutral,positive
llama_22401,llama,3,neutral,positive
llama_22401,llama,4,neutral,neutral
llama_22401,llama,9,neutral,neutral
llama_22402,llama,0,neutral,positive
llama_22402,llama,1,neutral,positive
llama_22402,llama,3,neutral,positive
llama_22402,llama,4,neutral,neutral
llama_22402,llama,9,neutral,neutral
llama_22403,llama,0,neutral,neutral
llama_22403,llama,1,neutral,positive
llama_22403,llama,3,neutral,neutral
llama_22403,llama,4,neutral,neutral
llama_22403,llama,9,neutral,positive
llama_22415,llama,0,neutral,neutral
llama_22415,llama,1,neutral,neutral
llama_22415,llama,3,neutral,neutral
llama_22415,llama,4,neutral,neutral
llama_22415,llama,9,neutral,neutral
llama_22416,llama,0,neutral,neutral
llama_22416,llama,1,neutral,neutral
llama_22416,llama,3,neutral,neutral
llama_22416,llama,4,neutral,neutral
llama_22416,llama,9,neutral,neutral
llama_22417,llama,0,neutral,neutral
llama_22417,llama,1,neutral,neutral
llama_22417,llama,3,neutral,neutral
llama_22417,llama,4,neutral,neutral
llama_22417,llama,9,neutral,neutral
llama_22419,llama,0,neutral,neutral
llama_22419,llama,1,neutral,neutral
llama_22419,llama,3,neutral,neutral
llama_22419,llama,4,neutral,negative
llama_22419,llama,9,neutral,negative
llama_22420,llama,0,neutral,neutral
llama_22420,llama,1,neutral,negative
llama_22420,llama,3,neutral,neutral
llama_22420,llama,4,neutral,negative
llama_22420,llama,9,neutral,negative
llama_22421,llama,0,neutral,neutral
llama_22421,llama,1,neutral,neutral
llama_22421,llama,3,neutral,neutral
llama_22421,llama,4,neutral,neutral
llama_22421,llama,9,neutral,neutral
llama_22422,llama,0,neutral,neutral
llama_22422,llama,1,neutral,neutral
llama_22422,llama,3,neutral,neutral
llama_22422,llama,4,neutral,neutral
llama_22422,llama,9,neutral,neutral
llama_22432,llama,0,positive,positive
llama_22432,llama,1,positive,positive
llama_22432,llama,3,positive,positive
llama_22432,llama,4,positive,positive
llama_22432,llama,9,positive,positive
llama_22436,llama,0,neutral,neutral
llama_22436,llama,1,neutral,neutral
llama_22436,llama,3,neutral,neutral
llama_22436,llama,4,neutral,neutral
llama_22436,llama,9,neutral,neutral
llama_22437,llama,0,positive,positive
llama_22437,llama,1,positive,positive
llama_22437,llama,3,positive,positive
llama_22437,llama,4,positive,positive
llama_22437,llama,9,positive,positive
llama_22438,llama,0,positive,positive
llama_22438,llama,1,positive,positive
llama_22438,llama,3,positive,positive
llama_22438,llama,4,positive,positive
llama_22438,llama,9,positive,positive
llama_22444,llama,0,neutral,positive
llama_22444,llama,1,neutral,neutral
llama_22444,llama,3,neutral,neutral
llama_22444,llama,4,neutral,neutral
llama_22444,llama,9,neutral,neutral
llama_22447,llama,0,neutral,neutral
llama_22447,llama,1,neutral,neutral
llama_22447,llama,3,neutral,neutral
llama_22447,llama,4,neutral,negative
llama_22447,llama,9,neutral,neutral
llama_22448,llama,0,neutral,neutral
llama_22448,llama,1,neutral,neutral
llama_22448,llama,3,neutral,neutral
llama_22448,llama,4,neutral,neutral
llama_22448,llama,9,neutral,negative
llama_22457,llama,0,neutral,positive
llama_22457,llama,1,neutral,positive
llama_22457,llama,3,neutral,positive
llama_22457,llama,4,neutral,positive
llama_22457,llama,9,neutral,positive
llama_22458,llama,0,neutral,neutral
llama_22458,llama,1,neutral,negative
llama_22458,llama,3,neutral,neutral
llama_22458,llama,4,neutral,neutral
llama_22458,llama,9,neutral,negative
llama_22459,llama,0,neutral,neutral
llama_22459,llama,1,neutral,neutral
llama_22459,llama,3,neutral,neutral
llama_22459,llama,4,neutral,neutral
llama_22459,llama,9,neutral,negative
llama_22460,llama,0,neutral,neutral
llama_22460,llama,1,neutral,neutral
llama_22460,llama,3,neutral,neutral
llama_22460,llama,4,neutral,neutral
llama_22460,llama,9,neutral,negative
llama_22462,llama,0,neutral,neutral
llama_22462,llama,1,neutral,neutral
llama_22462,llama,3,neutral,neutral
llama_22462,llama,4,neutral,neutral
llama_22462,llama,9,neutral,negative
llama_22463,llama,0,neutral,neutral
llama_22463,llama,1,neutral,neutral
llama_22463,llama,3,neutral,neutral
llama_22463,llama,4,neutral,neutral
llama_22463,llama,9,neutral,neutral
llama_22464,llama,0,neutral,neutral
llama_22464,llama,1,neutral,neutral
llama_22464,llama,3,neutral,neutral
llama_22464,llama,4,neutral,neutral
llama_22464,llama,9,neutral,negative
llama_22515,llama,0,neutral,positive
llama_22515,llama,1,neutral,neutral
llama_22515,llama,3,neutral,positive
llama_22515,llama,4,neutral,positive
llama_22515,llama,9,neutral,neutral
llama_22522,llama,0,neutral,neutral
llama_22522,llama,1,neutral,neutral
llama_22522,llama,3,neutral,neutral
llama_22522,llama,4,neutral,neutral
llama_22522,llama,9,neutral,neutral
llama_22527,llama,0,positive,positive
llama_22527,llama,1,positive,positive
llama_22527,llama,3,positive,neutral
llama_22527,llama,4,positive,neutral
llama_22527,llama,9,positive,positive
llama_22530,llama,0,negative,negative
llama_22530,llama,1,negative,negative
llama_22530,llama,3,negative,negative
llama_22530,llama,4,negative,negative
llama_22530,llama,9,negative,negative
llama_22531,llama,0,negative,negative
llama_22531,llama,1,negative,negative
llama_22531,llama,3,negative,negative
llama_22531,llama,4,negative,negative
llama_22531,llama,9,negative,negative
llama_22532,llama,0,negative,negative
llama_22532,llama,1,negative,negative
llama_22532,llama,3,negative,negative
llama_22532,llama,4,negative,negative
llama_22532,llama,9,negative,negative
llama_22533,llama,0,negative,negative
llama_22533,llama,1,negative,negative
llama_22533,llama,3,negative,negative
llama_22533,llama,4,negative,negative
llama_22533,llama,9,negative,negative
llama_22748,llama,0,positive,positive
llama_22748,llama,1,positive,positive
llama_22748,llama,3,positive,positive
llama_22748,llama,4,positive,positive
llama_22748,llama,9,positive,positive
llama_22762,llama,0,negative,negative
llama_22762,llama,1,negative,negative
llama_22762,llama,3,negative,negative
llama_22762,llama,4,negative,negative
llama_22762,llama,9,negative,negative
llama_22823,llama,0,positive,positive
llama_22823,llama,1,positive,positive
llama_22823,llama,3,positive,positive
llama_22823,llama,4,positive,positive
llama_22823,llama,9,positive,positive
llama_22825,llama,0,positive,positive
llama_22825,llama,1,positive,positive
llama_22825,llama,3,positive,positive
llama_22825,llama,4,positive,positive
llama_22825,llama,9,positive,positive
llama_22829,llama,0,neutral,neutral
llama_22829,llama,1,neutral,neutral
llama_22829,llama,3,neutral,neutral
llama_22829,llama,4,neutral,neutral
llama_22829,llama,9,neutral,neutral
llama_22835,llama,0,neutral,neutral
llama_22835,llama,1,neutral,neutral
llama_22835,llama,3,neutral,neutral
llama_22835,llama,4,neutral,neutral
llama_22835,llama,9,neutral,neutral
llama_22849,llama,0,positive,positive
llama_22849,llama,1,positive,positive
llama_22849,llama,3,positive,positive
llama_22849,llama,4,positive,positive
llama_22849,llama,9,positive,positive
llama_22892,llama,0,neutral,neutral
llama_22892,llama,1,neutral,neutral
llama_22892,llama,3,neutral,neutral
llama_22892,llama,4,neutral,neutral
llama_22892,llama,9,neutral,neutral
llama_22894,llama,0,neutral,neutral
llama_22894,llama,1,neutral,neutral
llama_22894,llama,3,neutral,neutral
llama_22894,llama,4,neutral,negative
llama_22894,llama,9,neutral,neutral
llama_22895,llama,0,neutral,neutral
llama_22895,llama,1,neutral,neutral
llama_22895,llama,3,neutral,neutral
llama_22895,llama,4,neutral,neutral
llama_22895,llama,9,neutral,neutral
llama_22896,llama,0,neutral,neutral
llama_22896,llama,1,neutral,neutral
llama_22896,llama,3,neutral,neutral
llama_22896,llama,4,neutral,neutral
llama_22896,llama,9,neutral,negative
llama_22897,llama,0,neutral,neutral
llama_22897,llama,1,neutral,neutral
llama_22897,llama,3,neutral,neutral
llama_22897,llama,4,neutral,neutral
llama_22897,llama,9,neutral,negative
llama_22898,llama,0,neutral,neutral
llama_22898,llama,1,neutral,neutral
llama_22898,llama,3,neutral,neutral
llama_22898,llama,4,neutral,neutral
llama_22898,llama,9,neutral,neutral
llama_22899,llama,0,neutral,neutral
llama_22899,llama,1,neutral,neutral
llama_22899,llama,3,neutral,neutral
llama_22899,llama,4,neutral,neutral
llama_22899,llama,9,neutral,neutral
llama_22900,llama,0,neutral,neutral
llama_22900,llama,1,neutral,neutral
llama_22900,llama,3,neutral,neutral
llama_22900,llama,4,neutral,neutral
llama_22900,llama,9,neutral,neutral
llama_22901,llama,0,neutral,neutral
llama_22901,llama,1,neutral,neutral
llama_22901,llama,3,neutral,neutral
llama_22901,llama,4,neutral,neutral
llama_22901,llama,9,neutral,neutral
llama_22902,llama,0,neutral,neutral
llama_22902,llama,1,neutral,neutral
llama_22902,llama,3,neutral,neutral
llama_22902,llama,4,neutral,neutral
llama_22902,llama,9,neutral,neutral
llama_22903,llama,0,neutral,neutral
llama_22903,llama,1,neutral,neutral
llama_22903,llama,3,neutral,neutral
llama_22903,llama,4,neutral,neutral
llama_22903,llama,9,neutral,neutral
llama_22904,llama,0,neutral,neutral
llama_22904,llama,1,neutral,neutral
llama_22904,llama,3,neutral,neutral
llama_22904,llama,4,neutral,neutral
llama_22904,llama,9,neutral,neutral
llama_22905,llama,0,neutral,neutral
llama_22905,llama,1,neutral,neutral
llama_22905,llama,3,neutral,neutral
llama_22905,llama,4,neutral,neutral
llama_22905,llama,9,neutral,neutral
llama_22906,llama,0,neutral,neutral
llama_22906,llama,1,neutral,neutral
llama_22906,llama,3,neutral,neutral
llama_22906,llama,4,neutral,neutral
llama_22906,llama,9,neutral,neutral
llama_22907,llama,0,neutral,neutral
llama_22907,llama,1,neutral,neutral
llama_22907,llama,3,neutral,neutral
llama_22907,llama,4,neutral,neutral
llama_22907,llama,9,neutral,neutral
llama_22908,llama,0,neutral,neutral
llama_22908,llama,1,neutral,neutral
llama_22908,llama,3,neutral,neutral
llama_22908,llama,4,neutral,neutral
llama_22908,llama,9,neutral,neutral
llama_22909,llama,0,neutral,neutral
llama_22909,llama,1,neutral,neutral
llama_22909,llama,3,neutral,neutral
llama_22909,llama,4,neutral,neutral
llama_22909,llama,9,neutral,neutral
llama_22919,llama,0,neutral,neutral
llama_22919,llama,1,neutral,neutral
llama_22919,llama,3,neutral,neutral
llama_22919,llama,4,neutral,neutral
llama_22919,llama,9,neutral,neutral
llama_22930,llama,0,neutral,neutral
llama_22930,llama,1,neutral,neutral
llama_22930,llama,3,neutral,neutral
llama_22930,llama,4,neutral,neutral
llama_22930,llama,9,neutral,neutral
llama_22949,llama,0,neutral,neutral
llama_22949,llama,1,neutral,neutral
llama_22949,llama,3,neutral,neutral
llama_22949,llama,4,neutral,neutral
llama_22949,llama,9,neutral,neutral
llama_22950,llama,0,neutral,positive
llama_22950,llama,1,neutral,neutral
llama_22950,llama,3,neutral,neutral
llama_22950,llama,4,neutral,neutral
llama_22950,llama,9,neutral,neutral
llama_23024,llama,0,neutral,neutral
llama_23024,llama,1,neutral,neutral
llama_23024,llama,3,neutral,neutral
llama_23024,llama,4,neutral,neutral
llama_23024,llama,9,neutral,neutral
llama_23362,llama,0,neutral,neutral
llama_23362,llama,1,neutral,neutral
llama_23362,llama,3,neutral,neutral
llama_23362,llama,4,neutral,neutral
llama_23362,llama,9,neutral,neutral
llama_23463,llama,0,neutral,positive
llama_23463,llama,1,neutral,neutral
llama_23463,llama,3,neutral,neutral
llama_23463,llama,4,neutral,neutral
llama_23463,llama,9,neutral,neutral
llama_23509,llama,0,positive,positive
llama_23509,llama,1,positive,positive
llama_23509,llama,3,positive,positive
llama_23509,llama,4,positive,positive
llama_23509,llama,9,positive,positive
llama_23510,llama,0,positive,positive
llama_23510,llama,1,positive,neutral
llama_23510,llama,3,positive,neutral
llama_23510,llama,4,positive,neutral
llama_23510,llama,9,positive,neutral
llama_23511,llama,0,positive,positive
llama_23511,llama,1,positive,neutral
llama_23511,llama,3,positive,neutral
llama_23511,llama,4,positive,neutral
llama_23511,llama,9,positive,positive
llama_23512,llama,0,positive,neutral
llama_23512,llama,1,positive,neutral
llama_23512,llama,3,positive,positive
llama_23512,llama,4,positive,neutral
llama_23512,llama,9,positive,positive
llama_23513,llama,0,neutral,positive
llama_23513,llama,1,neutral,neutral
llama_23513,llama,3,neutral,neutral
llama_23513,llama,4,neutral,positive
llama_23513,llama,9,neutral,positive
llama_23514,llama,0,positive,positive
llama_23514,llama,1,positive,neutral
llama_23514,llama,3,positive,neutral
llama_23514,llama,4,positive,neutral
llama_23514,llama,9,positive,positive
llama_23515,llama,0,positive,positive
llama_23515,llama,1,positive,positive
llama_23515,llama,3,positive,neutral
llama_23515,llama,4,positive,positive
llama_23515,llama,9,positive,positive
llama_23524,llama,0,neutral,neutral
llama_23524,llama,1,neutral,neutral
llama_23524,llama,3,neutral,neutral
llama_23524,llama,4,neutral,neutral
llama_23524,llama,9,neutral,neutral
llama_23525,llama,0,neutral,neutral
llama_23525,llama,1,neutral,neutral
llama_23525,llama,3,neutral,neutral
llama_23525,llama,4,neutral,neutral
llama_23525,llama,9,neutral,neutral
llama_23526,llama,0,neutral,neutral
llama_23526,llama,1,neutral,neutral
llama_23526,llama,3,neutral,neutral
llama_23526,llama,4,neutral,neutral
llama_23526,llama,9,neutral,neutral
llama_23563,llama,0,positive,positive
llama_23563,llama,1,positive,positive
llama_23563,llama,3,positive,positive
llama_23563,llama,4,positive,neutral
llama_23563,llama,9,positive,positive
llama_23564,llama,0,positive,neutral
llama_23564,llama,1,positive,neutral
llama_23564,llama,3,positive,positive
llama_23564,llama,4,positive,neutral
llama_23564,llama,9,positive,positive
llama_23565,llama,0,positive,neutral
llama_23565,llama,1,positive,neutral
llama_23565,llama,3,positive,neutral
llama_23565,llama,4,positive,neutral
llama_23565,llama,9,positive,neutral
llama_23812,llama,0,positive,positive
llama_23812,llama,1,positive,positive
llama_23812,llama,3,positive,positive
llama_23812,llama,4,positive,positive
llama_23812,llama,9,positive,positive
